timestamp,date,hour,minute,zone,pir_motion,ultrasonic_cm,accel_x,accel_y,accel_z,ir_entry,ir_exit,activity_label,is_office_hours,is_anomaly
2026-01-01 07:00:00,2026-01-01,7,0,classroom_B,0,321.5,0.056,-0.093,9.713,0,0,idle,0,0
2026-01-01 07:05:00,2026-01-01,7,5,classroom_B,0,389.9,-0.094,-0.069,9.79,0,0,idle,0,0
2026-01-01 07:10:00,2026-01-01,7,10,classroom_B,0,352.6,0.015,0.006,9.78,0,0,idle,0,0
2026-01-01 07:15:00,2026-01-01,7,15,library,0,222.7,0.047,-0.0,9.777,0,0,idle,0,0
2026-01-01 07:20:00,2026-01-01,7,20,lab,0,355.0,0.041,-0.057,9.822,0,0,idle,0,0
2026-01-01 07:25:00,2026-01-01,7,25,entrance,0,227.1,-0.085,-0.065,9.843,0,0,idle,0,0
2026-01-01 07:30:00,2026-01-01,7,30,library,0,393.5,0.097,0.034,9.842,0,0,idle,0,0
2026-01-01 07:35:00,2026-01-01,7,35,classroom_A,0,378.3,0.07,0.042,9.885,0,0,idle,0,0
2026-01-01 07:40:00,2026-01-01,7,40,lab,0,301.8,-0.076,-0.06,9.728,0,0,idle,0,0
2026-01-01 07:45:00,2026-01-01,7,45,lab,1,59.9,0.061,0.01,9.822,1,0,idle,0,1
2026-01-01 07:50:00,2026-01-01,7,50,entrance,0,353.8,0.065,-0.085,9.894,0,0,idle,0,0
2026-01-01 07:55:00,2026-01-01,7,55,library,0,336.0,-0.031,0.076,9.856,0,0,idle,0,0
2026-01-01 08:00:00,2026-01-01,8,0,classroom_B,1,97.0,0.082,-0.089,9.725,0,0,idle,1,0
2026-01-01 08:05:00,2026-01-01,8,5,entrance,0,245.1,0.089,0.004,9.757,0,0,idle,1,0
2026-01-01 08:10:00,2026-01-01,8,10,library,1,67.2,-0.075,-0.039,9.807,0,0,idle,1,0
2026-01-01 08:15:00,2026-01-01,8,15,entrance,1,69.3,0.021,0.069,9.813,0,1,idle,1,0
2026-01-01 08:20:00,2026-01-01,8,20,library,0,354.2,-0.047,-0.058,9.814,0,0,idle,1,0
2026-01-01 08:25:00,2026-01-01,8,25,classroom_B,1,54.8,-0.042,0.091,9.797,0,0,idle,1,0
2026-01-01 08:30:00,2026-01-01,8,30,classroom_B,1,72.0,-0.338,-0.142,9.021,0,0,walking,1,0
2026-01-01 08:35:00,2026-01-01,8,35,lab,0,226.2,-0.026,0.012,9.764,0,0,idle,1,0
2026-01-01 08:40:00,2026-01-01,8,40,classroom_A,1,50.5,-1.798,1.782,10.592,0,0,sitting,1,0
2026-01-01 08:45:00,2026-01-01,8,45,library,0,386.8,0.044,-0.062,9.732,0,0,idle,1,0
2026-01-01 08:50:00,2026-01-01,8,50,entrance,1,89.1,-0.082,-0.021,9.791,0,0,idle,1,0
2026-01-01 08:55:00,2026-01-01,8,55,classroom_B,1,54.5,0.031,-0.006,9.807,0,0,idle,1,0
2026-01-01 09:00:00,2026-01-01,9,0,classroom_A,0,352.8,-0.027,-0.02,9.814,0,0,idle,1,0
2026-01-01 09:05:00,2026-01-01,9,5,classroom_A,1,36.0,-0.01,0.01,9.865,0,0,idle,1,0
2026-01-01 09:10:00,2026-01-01,9,10,classroom_A,0,278.8,0.059,-0.032,9.888,0,0,idle,1,0
2026-01-01 09:15:00,2026-01-01,9,15,library,1,55.8,-0.091,-0.073,9.767,0,0,idle,1,0
2026-01-01 09:20:00,2026-01-01,9,20,library,0,228.0,0.086,-0.036,9.779,0,0,idle,1,0
2026-01-01 09:25:00,2026-01-01,9,25,library,0,259.8,-0.033,0.066,9.806,0,0,idle,1,0
2026-01-01 09:30:00,2026-01-01,9,30,entrance,1,83.4,0.035,0.096,9.817,0,0,idle,1,0
2026-01-01 09:35:00,2026-01-01,9,35,library,1,33.9,0.094,0.016,9.746,1,0,idle,1,0
2026-01-01 09:40:00,2026-01-01,9,40,entrance,1,65.8,-0.07,0.036,9.706,0,0,idle,1,0
2026-01-01 09:45:00,2026-01-01,9,45,entrance,1,47.7,-0.059,0.0,9.822,0,0,idle,1,0
2026-01-01 09:50:00,2026-01-01,9,50,lab,0,303.7,0.012,0.1,9.796,0,0,idle,1,0
2026-01-01 09:55:00,2026-01-01,9,55,classroom_B,1,25.6,-0.032,-0.029,9.854,0,0,idle,1,0
2026-01-01 10:00:00,2026-01-01,10,0,lab,1,27.3,0.232,-1.101,10.919,0,0,standing,1,0
2026-01-01 10:05:00,2026-01-01,10,5,lab,1,41.4,0.059,-0.045,9.724,0,0,idle,1,0
2026-01-01 10:10:00,2026-01-01,10,10,entrance,0,390.9,0.061,-0.042,9.758,0,0,idle,1,0
2026-01-01 10:15:00,2026-01-01,10,15,library,1,49.8,-0.084,-1.192,9.616,0,0,running,1,0
2026-01-01 10:20:00,2026-01-01,10,20,classroom_A,0,247.9,-0.09,0.081,9.745,0,0,idle,1,0
2026-01-01 10:25:00,2026-01-01,10,25,lab,1,47.2,-0.08,0.054,9.701,0,0,idle,1,0
2026-01-01 10:30:00,2026-01-01,10,30,entrance,1,89.3,0.03,0.051,9.757,0,1,idle,1,0
2026-01-01 10:35:00,2026-01-01,10,35,entrance,1,30.9,0.07,-0.093,9.884,0,0,idle,1,0
2026-01-01 10:40:00,2026-01-01,10,40,classroom_B,0,279.4,-0.001,0.087,9.892,0,0,idle,1,0
2026-01-01 10:45:00,2026-01-01,10,45,classroom_B,0,201.9,0.014,-0.079,9.897,0,0,idle,1,0
2026-01-01 10:50:00,2026-01-01,10,50,classroom_B,1,67.7,0.078,-0.073,9.801,0,0,idle,1,0
2026-01-01 10:55:00,2026-01-01,10,55,library,1,51.3,-1.255,0.946,10.372,0,0,running,1,0
2026-01-01 11:00:00,2026-01-01,11,0,entrance,0,379.4,0.065,0.003,9.717,0,0,idle,1,0
2026-01-01 11:05:00,2026-01-01,11,5,classroom_B,1,22.7,-0.05,-0.048,9.747,0,0,idle,1,0
2026-01-01 11:10:00,2026-01-01,11,10,library,1,61.6,-0.562,-1.055,10.003,0,0,sitting,1,0
2026-01-01 11:15:00,2026-01-01,11,15,classroom_B,0,377.6,0.054,0.038,9.828,0,0,idle,1,0
2026-01-01 11:20:00,2026-01-01,11,20,lab,1,29.9,-0.004,-0.009,9.898,0,0,idle,1,0
2026-01-01 11:25:00,2026-01-01,11,25,library,0,360.4,0.065,0.052,9.836,0,0,idle,1,0
2026-01-01 11:30:00,2026-01-01,11,30,library,0,216.4,-0.011,0.041,9.716,0,0,idle,1,0
2026-01-01 11:35:00,2026-01-01,11,35,classroom_A,1,84.6,-0.06,0.007,9.733,0,0,idle,1,0
2026-01-01 11:40:00,2026-01-01,11,40,classroom_A,0,297.8,0.08,-0.011,9.711,0,0,idle,1,0
2026-01-01 11:45:00,2026-01-01,11,45,classroom_A,1,51.1,-0.15,1.228,10.17,0,1,sitting,1,0
2026-01-01 11:50:00,2026-01-01,11,50,entrance,1,14.1,-0.087,0.099,9.887,1,0,idle,1,0
2026-01-01 11:55:00,2026-01-01,11,55,lab,1,26.2,0.566,0.917,10.891,0,0,standing,1,0
2026-01-01 12:00:00,2026-01-01,12,0,library,1,71.4,0.008,0.031,9.77,0,0,idle,1,0
2026-01-01 12:05:00,2026-01-01,12,5,lab,1,98.1,0.051,0.096,9.793,0,0,idle,1,0
2026-01-01 12:10:00,2026-01-01,12,10,entrance,0,249.5,-0.031,-0.045,9.887,0,0,idle,1,0
2026-01-01 12:15:00,2026-01-01,12,15,lab,1,69.4,0.087,0.078,9.748,1,0,idle,1,0
2026-01-01 12:20:00,2026-01-01,12,20,classroom_A,1,73.3,0.962,-0.391,8.703,0,0,walking,1,0
2026-01-01 12:25:00,2026-01-01,12,25,classroom_B,1,36.0,0.046,-0.036,9.82,0,0,idle,1,0
2026-01-01 12:30:00,2026-01-01,12,30,library,0,397.1,0.004,-0.017,9.755,0,0,idle,1,0
2026-01-01 12:35:00,2026-01-01,12,35,lab,0,375.9,0.082,0.025,9.785,0,0,idle,1,0
2026-01-01 12:40:00,2026-01-01,12,40,classroom_A,1,41.0,-0.024,0.005,9.839,0,0,idle,1,0
2026-01-01 12:45:00,2026-01-01,12,45,lab,0,294.7,0.07,-0.04,9.842,0,0,idle,1,0
2026-01-01 12:50:00,2026-01-01,12,50,classroom_A,0,312.5,0.094,0.011,9.727,0,0,idle,1,0
2026-01-01 12:55:00,2026-01-01,12,55,library,1,39.7,-0.201,-0.516,9.607,1,0,walking,1,0
2026-01-01 13:00:00,2026-01-01,13,0,classroom_B,1,88.6,1.047,0.897,9.677,0,0,sitting,1,0
2026-01-01 13:05:00,2026-01-01,13,5,lab,0,203.1,0.087,0.092,9.723,0,0,idle,1,0
2026-01-01 13:10:00,2026-01-01,13,10,classroom_B,0,339.1,0.041,-0.021,9.748,0,0,idle,1,0
2026-01-01 13:15:00,2026-01-01,13,15,library,0,276.1,0.007,-0.028,9.752,0,0,idle,1,0
2026-01-01 13:20:00,2026-01-01,13,20,classroom_B,0,293.2,0.061,0.044,9.852,0,0,idle,1,0
2026-01-01 13:25:00,2026-01-01,13,25,classroom_A,0,274.1,-0.017,0.013,9.744,0,0,idle,1,0
2026-01-01 13:30:00,2026-01-01,13,30,classroom_A,1,59.8,0.044,-0.041,9.739,0,0,idle,1,0
2026-01-01 13:35:00,2026-01-01,13,35,classroom_A,1,68.9,-0.049,0.064,9.893,0,0,idle,1,0
2026-01-01 13:40:00,2026-01-01,13,40,library,0,270.4,-0.072,0.009,9.737,0,0,idle,1,0
2026-01-01 13:45:00,2026-01-01,13,45,entrance,0,391.4,0.005,0.068,9.715,0,0,idle,1,0
2026-01-01 13:50:00,2026-01-01,13,50,entrance,0,282.5,0.069,-0.054,9.841,0,0,idle,1,0
2026-01-01 13:55:00,2026-01-01,13,55,lab,1,51.0,0.551,1.736,10.738,1,0,sitting,1,0
2026-01-01 14:00:00,2026-01-01,14,0,entrance,1,57.6,1.91,-1.931,10.439,0,0,sitting,1,0
2026-01-01 14:05:00,2026-01-01,14,5,classroom_B,0,304.9,-0.052,0.024,9.75,0,0,idle,1,0
2026-01-01 14:10:00,2026-01-01,14,10,entrance,1,45.7,-0.019,0.013,9.898,0,0,idle,1,0
2026-01-01 14:15:00,2026-01-01,14,15,classroom_A,1,87.2,-0.081,-0.024,9.811,1,1,idle,1,0
2026-01-01 14:20:00,2026-01-01,14,20,classroom_A,1,86.1,-0.034,0.095,9.895,0,0,idle,1,0
2026-01-01 14:25:00,2026-01-01,14,25,library,1,88.1,-0.005,-0.091,9.715,0,0,idle,1,0
2026-01-01 14:30:00,2026-01-01,14,30,entrance,1,26.1,-0.097,-0.059,9.729,0,0,idle,1,0
2026-01-01 14:35:00,2026-01-01,14,35,entrance,1,60.8,0.07,0.035,9.808,0,0,idle,1,0
2026-01-01 14:40:00,2026-01-01,14,40,classroom_B,1,97.7,-0.252,1.355,9.022,0,0,running,1,0
2026-01-01 14:45:00,2026-01-01,14,45,lab,1,34.6,-0.002,-0.029,9.888,0,0,idle,1,0
2026-01-01 14:50:00,2026-01-01,14,50,lab,1,65.7,0.043,-0.084,9.731,0,0,idle,1,0
2026-01-01 14:55:00,2026-01-01,14,55,library,1,19.6,-0.767,-0.56,8.809,1,0,walking,1,0
2026-01-01 15:00:00,2026-01-01,15,0,lab,1,46.7,-0.584,-1.628,9.794,0,1,standing,1,0
2026-01-01 15:05:00,2026-01-01,15,5,classroom_A,1,17.6,0.081,0.096,9.814,0,0,idle,1,0
2026-01-01 15:10:00,2026-01-01,15,10,lab,1,34.2,-1.331,-0.896,8.899,0,0,walking,1,0
2026-01-01 15:15:00,2026-01-01,15,15,lab,1,27.6,-0.781,1.795,8.997,0,0,running,1,0
2026-01-01 15:20:00,2026-01-01,15,20,classroom_B,1,83.4,0.095,-0.073,9.764,0,0,idle,1,0
2026-01-01 15:25:00,2026-01-01,15,25,classroom_B,1,45.8,0.047,0.027,9.894,0,0,idle,1,0
2026-01-01 15:30:00,2026-01-01,15,30,library,0,278.6,-0.077,0.013,9.818,0,0,idle,1,0
2026-01-01 15:35:00,2026-01-01,15,35,lab,1,79.1,0.909,1.772,8.629,0,1,standing,1,0
2026-01-01 15:40:00,2026-01-01,15,40,library,1,22.5,-0.049,-0.069,9.785,0,0,idle,1,0
2026-01-01 15:45:00,2026-01-01,15,45,library,1,46.1,0.084,0.038,9.809,0,0,idle,1,0
2026-01-01 15:50:00,2026-01-01,15,50,lab,1,92.3,-1.007,0.659,8.499,1,0,running,1,0
2026-01-01 15:55:00,2026-01-01,15,55,classroom_A,0,266.3,0.059,-0.079,9.72,0,0,idle,1,0
2026-01-01 16:00:00,2026-01-01,16,0,library,1,56.7,0.015,-0.011,9.778,0,0,idle,1,0
2026-01-01 16:05:00,2026-01-01,16,5,classroom_B,1,99.8,-0.041,0.084,9.717,0,0,idle,1,0
2026-01-01 16:10:00,2026-01-01,16,10,entrance,1,51.0,-0.068,-0.095,9.314,0,0,sitting,1,0
2026-01-01 16:15:00,2026-01-01,16,15,library,1,40.9,1.2,1.72,10.221,0,0,running,1,0
2026-01-01 16:20:00,2026-01-01,16,20,classroom_A,1,51.6,0.026,-0.063,9.831,0,0,idle,1,0
2026-01-01 16:25:00,2026-01-01,16,25,library,1,48.7,-1.141,-0.887,10.111,0,0,walking,1,0
2026-01-01 16:30:00,2026-01-01,16,30,library,1,39.3,-0.048,0.073,9.806,0,0,idle,1,0
2026-01-01 16:35:00,2026-01-01,16,35,library,1,20.3,-0.008,-0.065,9.835,0,0,idle,1,0
2026-01-01 16:40:00,2026-01-01,16,40,library,1,22.1,-0.778,-1.268,10.08,0,0,running,1,0
2026-01-01 16:45:00,2026-01-01,16,45,classroom_A,1,26.7,0.039,0.029,9.9,0,0,idle,1,0
2026-01-01 16:50:00,2026-01-01,16,50,library,1,85.8,0.073,0.09,9.797,0,0,idle,1,0
2026-01-01 16:55:00,2026-01-01,16,55,classroom_A,1,54.5,-0.017,0.068,9.798,1,1,idle,1,0
2026-01-01 17:00:00,2026-01-01,17,0,entrance,1,34.7,-0.066,-0.009,9.849,0,0,idle,1,0
2026-01-01 17:05:00,2026-01-01,17,5,classroom_A,1,34.1,0.098,0.008,9.851,0,0,idle,1,0
2026-01-01 17:10:00,2026-01-01,17,10,entrance,0,220.5,0.066,0.05,9.76,0,0,idle,1,0
2026-01-01 17:15:00,2026-01-01,17,15,library,1,41.4,-0.012,0.099,9.855,0,0,idle,1,0
2026-01-01 17:20:00,2026-01-01,17,20,library,1,87.5,-0.014,0.023,9.857,0,0,idle,1,0
2026-01-01 17:25:00,2026-01-01,17,25,entrance,1,35.3,-0.035,0.041,9.758,0,0,idle,1,0
2026-01-01 17:30:00,2026-01-01,17,30,classroom_A,1,77.5,-0.088,-0.045,9.831,0,0,idle,1,0
2026-01-01 17:35:00,2026-01-01,17,35,library,0,365.7,0.052,0.035,9.798,0,0,idle,1,0
2026-01-01 17:40:00,2026-01-01,17,40,classroom_B,1,66.5,-0.085,0.059,9.854,0,0,idle,1,0
2026-01-01 17:45:00,2026-01-01,17,45,classroom_B,1,53.9,0.074,0.069,9.719,0,0,idle,1,0
2026-01-01 17:50:00,2026-01-01,17,50,lab,0,359.1,-0.02,0.094,9.865,0,0,idle,1,0
2026-01-01 17:55:00,2026-01-01,17,55,entrance,1,84.6,0.016,0.013,9.797,0,0,idle,1,0
2026-01-01 18:00:00,2026-01-01,18,0,lab,1,66.4,-0.097,0.086,9.732,0,0,idle,0,1
2026-01-01 18:05:00,2026-01-01,18,5,classroom_B,0,337.7,-0.074,0.03,9.732,0,0,idle,0,0
2026-01-01 18:10:00,2026-01-01,18,10,entrance,0,272.1,-0.084,0.033,9.83,0,0,idle,0,0
2026-01-01 18:15:00,2026-01-01,18,15,entrance,0,261.1,0.04,-0.053,9.831,0,0,idle,0,0
2026-01-01 18:20:00,2026-01-01,18,20,lab,1,52.9,-1.095,0.72,8.028,0,0,standing,0,1
2026-01-01 18:25:00,2026-01-01,18,25,entrance,0,295.5,-0.054,-0.082,9.861,0,0,idle,0,0
2026-01-01 18:30:00,2026-01-01,18,30,classroom_A,0,376.2,-0.073,0.055,9.851,0,0,idle,0,0
2026-01-01 18:35:00,2026-01-01,18,35,classroom_A,0,335.4,-0.086,0.013,9.822,0,0,idle,0,0
2026-01-01 18:40:00,2026-01-01,18,40,lab,0,344.5,0.026,-0.07,9.782,0,0,idle,0,0
2026-01-01 18:45:00,2026-01-01,18,45,lab,0,217.3,-0.08,0.05,9.818,0,0,idle,0,0
2026-01-01 18:50:00,2026-01-01,18,50,classroom_A,0,285.9,0.058,-0.05,9.829,0,0,idle,0,0
2026-01-01 18:55:00,2026-01-01,18,55,classroom_B,0,320.0,0.022,0.056,9.838,0,0,idle,0,0
2026-01-01 19:00:00,2026-01-01,19,0,classroom_A,0,321.4,-0.062,-0.022,9.829,0,0,idle,0,0
2026-01-01 19:05:00,2026-01-01,19,5,entrance,0,222.5,-0.0,0.019,9.806,0,0,idle,0,0
2026-01-01 19:10:00,2026-01-01,19,10,classroom_B,0,386.8,-0.074,0.072,9.814,0,0,idle,0,0
2026-01-01 19:15:00,2026-01-01,19,15,library,0,234.6,-0.006,0.097,9.715,0,0,idle,0,0
2026-01-01 19:20:00,2026-01-01,19,20,library,0,252.4,-0.092,-0.088,9.858,0,0,idle,0,0
2026-01-01 19:25:00,2026-01-01,19,25,library,0,342.5,0.053,-0.015,9.78,0,0,idle,0,0
2026-01-01 19:30:00,2026-01-01,19,30,classroom_A,0,230.5,-0.083,-0.084,9.884,0,0,idle,0,0
2026-01-01 19:35:00,2026-01-01,19,35,entrance,0,278.1,0.027,0.067,9.836,0,0,idle,0,0
2026-01-01 19:40:00,2026-01-01,19,40,lab,0,287.5,0.091,-0.052,9.749,0,0,idle,0,0
2026-01-01 19:45:00,2026-01-01,19,45,classroom_A,0,322.5,-0.089,0.033,9.832,0,0,idle,0,0
2026-01-01 19:50:00,2026-01-01,19,50,library,0,341.6,0.04,-0.067,9.891,0,0,idle,0,0
2026-01-01 19:55:00,2026-01-01,19,55,classroom_B,0,364.5,-0.048,-0.026,9.85,0,0,idle,0,0
2026-01-01 20:00:00,2026-01-01,20,0,library,0,223.6,0.08,-0.033,9.786,0,0,idle,0,0
2026-01-01 20:05:00,2026-01-01,20,5,classroom_B,0,342.5,0.015,-0.085,9.791,0,0,idle,0,0
2026-01-01 20:10:00,2026-01-01,20,10,library,0,371.9,-0.067,-0.069,9.855,0,0,idle,0,0
2026-01-01 20:15:00,2026-01-01,20,15,entrance,0,223.1,0.048,-0.099,9.872,0,0,idle,0,0
2026-01-01 20:20:00,2026-01-01,20,20,entrance,0,294.4,-0.023,-0.07,9.886,0,0,idle,0,0
2026-01-01 20:25:00,2026-01-01,20,25,lab,0,382.8,0.048,-0.016,9.764,0,0,idle,0,0
2026-01-01 20:30:00,2026-01-01,20,30,entrance,0,264.0,0.065,0.014,9.724,0,0,idle,0,0
2026-01-01 20:35:00,2026-01-01,20,35,lab,0,360.9,0.096,0.091,9.714,0,0,idle,0,0
2026-01-01 20:40:00,2026-01-01,20,40,classroom_B,0,354.7,-0.038,-0.083,9.791,0,0,idle,0,0
2026-01-01 20:45:00,2026-01-01,20,45,library,0,312.8,-0.039,0.025,9.793,0,0,idle,0,0
2026-01-01 20:50:00,2026-01-01,20,50,classroom_A,0,399.6,0.055,0.046,9.809,0,0,idle,0,0
2026-01-01 20:55:00,2026-01-01,20,55,entrance,0,386.5,-0.095,0.008,9.827,0,0,idle,0,0
2026-01-01 21:00:00,2026-01-01,21,0,entrance,0,200.3,0.031,0.07,9.845,0,0,idle,0,0
2026-01-01 21:05:00,2026-01-01,21,5,classroom_A,0,396.6,-0.016,0.092,9.895,0,0,idle,0,0
2026-01-01 21:10:00,2026-01-01,21,10,classroom_B,0,218.6,0.084,0.079,9.804,0,0,idle,0,0
2026-01-01 21:15:00,2026-01-01,21,15,lab,0,349.6,0.016,0.001,9.827,0,0,idle,0,0
2026-01-01 21:20:00,2026-01-01,21,20,classroom_B,0,313.6,-0.013,0.093,9.747,0,0,idle,0,0
2026-01-01 21:25:00,2026-01-01,21,25,lab,0,385.2,-0.021,0.066,9.765,0,0,idle,0,0
2026-01-01 21:30:00,2026-01-01,21,30,classroom_A,0,214.9,-0.059,0.056,9.817,0,0,idle,0,0
2026-01-01 21:35:00,2026-01-01,21,35,classroom_A,0,289.9,-0.037,-0.076,9.772,0,0,idle,0,0
2026-01-01 21:40:00,2026-01-01,21,40,classroom_B,0,292.7,0.07,-0.082,9.862,0,0,idle,0,0
2026-01-01 21:45:00,2026-01-01,21,45,entrance,0,339.4,-0.092,0.067,9.766,0,0,idle,0,0
2026-01-01 21:50:00,2026-01-01,21,50,classroom_A,0,393.7,-0.021,-0.09,9.76,0,0,idle,0,0
2026-01-01 21:55:00,2026-01-01,21,55,entrance,1,46.4,0.05,-0.05,9.792,0,0,idle,0,1
2026-01-04 07:00:00,2026-01-04,7,0,entrance,0,356.2,-0.056,-0.06,9.78,0,0,idle,0,0
2026-01-04 07:05:00,2026-01-04,7,5,lab,0,251.8,0.063,-0.096,9.713,0,0,idle,0,0
2026-01-04 07:10:00,2026-01-04,7,10,lab,0,218.4,0.069,0.062,9.725,0,0,idle,0,0
2026-01-04 07:15:00,2026-01-04,7,15,lab,0,384.8,-0.013,0.045,9.799,0,0,idle,0,0
2026-01-04 07:20:00,2026-01-04,7,20,classroom_A,0,234.6,-0.057,-0.063,9.756,0,0,idle,0,0
2026-01-04 07:25:00,2026-01-04,7,25,lab,1,65.7,-0.82,-0.352,9.652,1,0,walking,0,1
2026-01-04 07:30:00,2026-01-04,7,30,entrance,0,376.9,0.005,0.026,9.86,0,0,idle,0,0
2026-01-04 07:35:00,2026-01-04,7,35,library,0,356.4,-0.028,0.009,9.797,0,0,idle,0,0
2026-01-04 07:40:00,2026-01-04,7,40,classroom_B,0,277.7,-0.064,-0.036,9.744,0,0,idle,0,0
2026-01-04 07:45:00,2026-01-04,7,45,classroom_A,0,398.3,0.006,0.053,9.9,0,0,idle,0,0
2026-01-04 07:50:00,2026-01-04,7,50,entrance,0,331.4,-0.047,0.063,9.883,0,0,idle,0,0
2026-01-04 07:55:00,2026-01-04,7,55,classroom_A,0,389.6,0.015,0.097,9.778,0,0,idle,0,0
2026-01-04 08:00:00,2026-01-04,8,0,library,1,63.3,0.04,0.083,9.706,0,0,idle,1,0
2026-01-04 08:05:00,2026-01-04,8,5,entrance,1,95.4,0.062,0.094,9.808,0,1,idle,1,0
2026-01-04 08:10:00,2026-01-04,8,10,classroom_B,1,29.7,-0.1,0.084,9.74,1,0,idle,1,0
2026-01-04 08:15:00,2026-01-04,8,15,lab,1,23.3,-0.072,-0.078,9.805,0,1,idle,1,0
2026-01-04 08:20:00,2026-01-04,8,20,classroom_B,1,40.3,0.095,0.046,9.787,0,0,idle,1,0
2026-01-04 08:25:00,2026-01-04,8,25,classroom_B,1,97.2,0.086,0.057,9.745,0,0,idle,1,0
2026-01-04 08:30:00,2026-01-04,8,30,library,0,258.9,-0.064,-0.1,9.84,0,0,idle,1,0
2026-01-04 08:35:00,2026-01-04,8,35,library,1,99.5,-0.094,0.02,9.884,0,0,idle,1,0
2026-01-04 08:40:00,2026-01-04,8,40,classroom_B,1,54.7,-0.084,-0.031,9.764,0,0,idle,1,0
2026-01-04 08:45:00,2026-01-04,8,45,lab,1,33.9,-1.729,-0.973,8.324,1,0,walking,1,0
2026-01-04 08:50:00,2026-01-04,8,50,entrance,0,376.9,-0.001,-0.024,9.809,0,0,idle,1,0
2026-01-04 08:55:00,2026-01-04,8,55,lab,0,357.7,0.016,0.052,9.745,0,0,idle,1,0
2026-01-04 09:00:00,2026-01-04,9,0,entrance,1,86.1,-0.725,1.807,8.223,0,0,walking,1,0
2026-01-04 09:05:00,2026-01-04,9,5,library,1,90.8,0.376,0.455,9.448,0,0,walking,1,0
2026-01-04 09:10:00,2026-01-04,9,10,library,0,231.4,-0.08,-0.059,9.738,0,0,idle,1,0
2026-01-04 09:15:00,2026-01-04,9,15,entrance,0,346.0,-0.047,-0.044,9.748,0,0,idle,1,0
2026-01-04 09:20:00,2026-01-04,9,20,lab,1,59.5,-0.089,-0.099,9.718,0,0,idle,1,0
2026-01-04 09:25:00,2026-01-04,9,25,classroom_B,1,12.3,-0.833,-1.672,10.531,0,0,standing,1,0
2026-01-04 09:30:00,2026-01-04,9,30,classroom_B,1,59.0,1.542,-0.522,9.337,0,0,standing,1,0
2026-01-04 09:35:00,2026-01-04,9,35,classroom_A,1,23.6,-0.081,0.034,9.862,0,0,idle,1,0
2026-01-04 09:40:00,2026-01-04,9,40,lab,1,85.7,-0.016,0.007,9.873,0,0,idle,1,0
2026-01-04 09:45:00,2026-01-04,9,45,classroom_A,1,45.5,-0.093,0.014,9.803,0,0,idle,1,0
2026-01-04 09:50:00,2026-01-04,9,50,lab,1,78.1,1.937,1.889,10.425,1,1,walking,1,0
2026-01-04 09:55:00,2026-01-04,9,55,library,1,84.0,0.38,-0.721,10.181,1,0,walking,1,0
2026-01-04 10:00:00,2026-01-04,10,0,lab,1,34.9,0.075,0.057,9.825,0,0,idle,1,0
2026-01-04 10:05:00,2026-01-04,10,5,library,1,61.0,0.093,-0.08,9.721,0,0,idle,1,0
2026-01-04 10:10:00,2026-01-04,10,10,lab,0,375.6,-0.047,0.031,9.814,0,0,idle,1,0
2026-01-04 10:15:00,2026-01-04,10,15,lab,1,34.8,0.435,0.775,8.116,0,1,standing,1,0
2026-01-04 10:20:00,2026-01-04,10,20,classroom_B,0,379.4,-0.096,0.063,9.761,0,0,idle,1,0
2026-01-04 10:25:00,2026-01-04,10,25,classroom_B,0,371.6,0.037,0.094,9.746,0,0,idle,1,0
2026-01-04 10:30:00,2026-01-04,10,30,entrance,0,288.6,0.065,-0.046,9.783,0,0,idle,1,0
2026-01-04 10:35:00,2026-01-04,10,35,classroom_A,1,29.0,0.048,0.052,9.873,0,0,idle,1,0
2026-01-04 10:40:00,2026-01-04,10,40,classroom_A,1,73.9,0.056,0.005,9.814,0,0,idle,1,0
2026-01-04 10:45:00,2026-01-04,10,45,classroom_B,0,249.9,-0.009,0.084,9.841,0,0,idle,1,0
2026-01-04 10:50:00,2026-01-04,10,50,lab,1,51.8,0.085,0.036,9.748,0,0,idle,1,0
2026-01-04 10:55:00,2026-01-04,10,55,library,1,41.5,1.578,0.996,10.067,1,1,standing,1,0
2026-01-04 11:00:00,2026-01-04,11,0,lab,0,242.9,-0.056,-0.055,9.741,0,0,idle,1,0
2026-01-04 11:05:00,2026-01-04,11,5,classroom_A,1,87.8,0.036,-0.005,9.726,0,0,idle,1,0
2026-01-04 11:10:00,2026-01-04,11,10,classroom_B,1,82.5,0.093,0.029,9.785,0,0,idle,1,0
2026-01-04 11:15:00,2026-01-04,11,15,classroom_B,1,37.2,0.025,0.017,9.701,0,0,idle,1,0
2026-01-04 11:20:00,2026-01-04,11,20,classroom_B,1,63.4,0.738,-0.073,9.009,0,0,standing,1,0
2026-01-04 11:25:00,2026-01-04,11,25,library,1,95.7,-0.062,0.003,9.748,1,0,idle,1,0
2026-01-04 11:30:00,2026-01-04,11,30,library,1,38.8,-1.898,-0.011,8.887,0,0,sitting,1,0
2026-01-04 11:35:00,2026-01-04,11,35,library,0,314.4,-0.062,0.045,9.744,0,0,idle,1,0
2026-01-04 11:40:00,2026-01-04,11,40,classroom_B,1,52.8,-0.028,-0.04,9.734,0,0,idle,1,0
2026-01-04 11:45:00,2026-01-04,11,45,classroom_A,1,21.5,1.233,1.052,8.549,0,0,standing,1,0
2026-01-04 11:50:00,2026-01-04,11,50,classroom_B,0,261.4,0.058,-0.034,9.752,0,0,idle,1,0
2026-01-04 11:55:00,2026-01-04,11,55,lab,1,20.6,0.538,0.321,9.862,0,0,sitting,1,0
2026-01-04 12:00:00,2026-01-04,12,0,lab,1,47.2,-0.07,0.098,9.769,0,0,idle,1,0
2026-01-04 12:05:00,2026-01-04,12,5,classroom_B,1,87.6,-1.677,-0.669,10.96,0,1,standing,1,0
2026-01-04 12:10:00,2026-01-04,12,10,lab,1,79.6,-0.068,0.057,9.856,1,0,idle,1,0
2026-01-04 12:15:00,2026-01-04,12,15,library,1,96.9,-0.092,-0.06,9.775,1,0,idle,1,0
2026-01-04 12:20:00,2026-01-04,12,20,library,1,70.9,-0.05,0.039,9.769,1,0,idle,1,0
2026-01-04 12:25:00,2026-01-04,12,25,classroom_A,1,15.9,1.794,-0.176,9.561,0,0,running,1,0
2026-01-04 12:30:00,2026-01-04,12,30,classroom_A,1,91.1,-0.062,0.09,9.884,0,0,idle,1,0
2026-01-04 12:35:00,2026-01-04,12,35,library,1,12.0,-0.075,0.042,9.858,0,0,idle,1,0
2026-01-04 12:40:00,2026-01-04,12,40,library,1,63.5,-1.568,1.344,8.145,0,0,walking,1,0
2026-01-04 12:45:00,2026-01-04,12,45,library,1,73.2,0.743,-1.963,9.263,0,0,walking,1,0
2026-01-04 12:50:00,2026-01-04,12,50,classroom_B,0,283.8,0.08,0.002,9.824,0,0,idle,1,0
2026-01-04 12:55:00,2026-01-04,12,55,classroom_A,1,19.6,-1.201,-0.948,9.569,0,0,walking,1,0
2026-01-04 13:00:00,2026-01-04,13,0,lab,1,54.7,1.732,-0.678,8.008,0,0,walking,1,0
2026-01-04 13:05:00,2026-01-04,13,5,classroom_B,1,18.1,0.045,-0.08,9.751,0,0,idle,1,0
2026-01-04 13:10:00,2026-01-04,13,10,entrance,1,14.5,0.075,0.07,9.772,0,0,idle,1,0
2026-01-04 13:15:00,2026-01-04,13,15,classroom_B,1,78.2,1.408,0.653,8.512,0,0,standing,1,0
2026-01-04 13:20:00,2026-01-04,13,20,lab,0,218.6,0.063,-0.063,9.78,0,0,idle,1,0
2026-01-04 13:25:00,2026-01-04,13,25,entrance,1,44.7,0.06,0.03,9.859,1,0,idle,1,0
2026-01-04 13:30:00,2026-01-04,13,30,library,0,368.9,-0.079,0.082,9.797,0,0,idle,1,0
2026-01-04 13:35:00,2026-01-04,13,35,classroom_A,1,26.3,-0.028,-0.094,9.837,0,0,idle,1,0
2026-01-04 13:40:00,2026-01-04,13,40,library,1,53.9,-0.012,-0.087,9.831,1,0,idle,1,0
2026-01-04 13:45:00,2026-01-04,13,45,classroom_B,0,315.3,0.013,0.096,9.834,0,0,idle,1,0
2026-01-04 13:50:00,2026-01-04,13,50,classroom_A,1,71.9,-0.013,0.045,9.796,0,0,idle,1,0
2026-01-04 13:55:00,2026-01-04,13,55,classroom_A,0,311.7,0.098,-0.089,9.829,0,0,idle,1,0
2026-01-04 14:00:00,2026-01-04,14,0,library,1,52.2,-0.067,0.05,9.764,0,0,idle,1,0
2026-01-04 14:05:00,2026-01-04,14,5,lab,1,67.9,-0.053,-0.008,9.86,0,0,idle,1,0
2026-01-04 14:10:00,2026-01-04,14,10,library,1,98.3,-0.096,-0.019,9.707,0,0,idle,1,0
2026-01-04 14:15:00,2026-01-04,14,15,lab,0,327.5,0.078,0.012,9.831,0,0,idle,1,0
2026-01-04 14:20:00,2026-01-04,14,20,library,0,272.7,-0.089,-0.055,9.791,0,0,idle,1,0
2026-01-04 14:25:00,2026-01-04,14,25,entrance,0,320.0,0.043,-0.027,9.791,0,0,idle,1,0
2026-01-04 14:30:00,2026-01-04,14,30,classroom_B,0,244.3,-0.032,0.066,9.893,0,0,idle,1,0
2026-01-04 14:35:00,2026-01-04,14,35,classroom_A,1,43.7,1.588,-0.03,10.466,1,0,sitting,1,0
2026-01-04 14:40:00,2026-01-04,14,40,library,1,86.7,1.298,-1.238,9.014,1,0,sitting,1,0
2026-01-04 14:45:00,2026-01-04,14,45,library,1,90.3,0.018,0.001,9.893,1,0,idle,1,0
2026-01-04 14:50:00,2026-01-04,14,50,classroom_A,0,367.8,-0.003,0.002,9.884,0,0,idle,1,0
2026-01-04 14:55:00,2026-01-04,14,55,lab,1,25.6,-0.079,0.032,9.821,0,0,idle,1,0
2026-01-04 15:00:00,2026-01-04,15,0,classroom_B,0,383.2,0.052,-0.045,9.893,0,0,idle,1,0
2026-01-04 15:05:00,2026-01-04,15,5,library,1,22.0,0.04,0.05,9.76,0,0,idle,1,0
2026-01-04 15:10:00,2026-01-04,15,10,classroom_A,1,28.1,-0.042,-0.031,9.834,0,0,idle,1,0
2026-01-04 15:15:00,2026-01-04,15,15,lab,1,72.5,-0.077,-0.03,9.796,0,0,idle,1,0
2026-01-04 15:20:00,2026-01-04,15,20,entrance,1,90.4,0.075,-0.016,9.703,1,0,idle,1,0
2026-01-04 15:25:00,2026-01-04,15,25,classroom_B,1,28.0,-0.068,-0.043,9.75,0,0,idle,1,0
2026-01-04 15:30:00,2026-01-04,15,30,library,1,58.7,-0.009,0.023,9.835,0,0,idle,1,0
2026-01-04 15:35:00,2026-01-04,15,35,classroom_B,1,56.0,0.039,0.039,9.709,0,0,idle,1,0
2026-01-04 15:40:00,2026-01-04,15,40,lab,0,210.8,0.049,-0.059,9.874,0,0,idle,1,0
2026-01-04 15:45:00,2026-01-04,15,45,library,0,382.3,0.041,0.03,9.851,0,0,idle,1,0
2026-01-04 15:50:00,2026-01-04,15,50,entrance,0,239.3,0.045,-0.061,9.79,0,0,idle,1,0
2026-01-04 15:55:00,2026-01-04,15,55,classroom_B,1,25.6,-0.025,-0.014,9.811,1,0,idle,1,0
2026-01-04 16:00:00,2026-01-04,16,0,classroom_B,1,52.0,-0.092,0.086,9.819,0,0,idle,1,0
2026-01-04 16:05:00,2026-01-04,16,5,library,1,61.5,0.057,-0.036,9.744,0,1,idle,1,0
2026-01-04 16:10:00,2026-01-04,16,10,library,1,58.9,-0.03,0.077,9.833,0,0,idle,1,0
2026-01-04 16:15:00,2026-01-04,16,15,library,1,99.7,0.096,-0.098,9.834,0,0,idle,1,0
2026-01-04 16:20:00,2026-01-04,16,20,entrance,0,248.8,-0.092,0.077,9.776,0,0,idle,1,0
2026-01-04 16:25:00,2026-01-04,16,25,classroom_A,1,58.6,1.645,1.288,9.125,0,1,running,1,0
2026-01-04 16:30:00,2026-01-04,16,30,classroom_A,1,17.4,1.887,1.093,9.6,0,0,walking,1,0
2026-01-04 16:35:00,2026-01-04,16,35,lab,0,284.8,-0.079,0.008,9.841,0,0,idle,1,0
2026-01-04 16:40:00,2026-01-04,16,40,classroom_B,1,94.6,-0.069,-0.008,9.766,1,1,idle,1,0
2026-01-04 16:45:00,2026-01-04,16,45,entrance,1,61.7,-0.965,-0.448,9.891,0,0,sitting,1,0
2026-01-04 16:50:00,2026-01-04,16,50,entrance,1,67.7,0.051,0.017,9.84,1,0,idle,1,0
2026-01-04 16:55:00,2026-01-04,16,55,classroom_A,1,71.7,-0.044,0.085,9.776,0,1,idle,1,0
2026-01-04 17:00:00,2026-01-04,17,0,classroom_B,1,22.3,0.059,0.009,9.892,1,0,idle,1,0
2026-01-04 17:05:00,2026-01-04,17,5,library,0,202.2,0.075,-0.072,9.708,0,0,idle,1,0
2026-01-04 17:10:00,2026-01-04,17,10,library,1,58.3,-0.039,0.05,9.881,0,0,idle,1,0
2026-01-04 17:15:00,2026-01-04,17,15,library,1,26.6,-0.049,-0.077,9.834,0,1,idle,1,0
2026-01-04 17:20:00,2026-01-04,17,20,classroom_A,1,59.5,-1.731,-1.607,10.177,0,0,sitting,1,0
2026-01-04 17:25:00,2026-01-04,17,25,library,1,65.8,-0.036,-0.01,9.823,0,0,idle,1,0
2026-01-04 17:30:00,2026-01-04,17,30,classroom_B,1,82.7,-0.066,-0.037,9.857,0,0,idle,1,0
2026-01-04 17:35:00,2026-01-04,17,35,classroom_B,0,226.9,0.047,0.076,9.793,0,0,idle,1,0
2026-01-04 17:40:00,2026-01-04,17,40,classroom_B,0,297.4,-0.078,0.029,9.716,0,0,idle,1,0
2026-01-04 17:45:00,2026-01-04,17,45,entrance,0,228.0,0.008,-0.047,9.877,0,0,idle,1,0
2026-01-04 17:50:00,2026-01-04,17,50,library,0,378.4,0.07,0.026,9.863,0,0,idle,1,0
2026-01-04 17:55:00,2026-01-04,17,55,classroom_B,1,63.1,0.01,0.009,9.9,0,0,idle,1,0
2026-01-04 18:00:00,2026-01-04,18,0,library,0,378.3,0.018,0.071,9.727,0,0,idle,0,0
2026-01-04 18:05:00,2026-01-04,18,5,library,0,279.4,0.0,0.033,9.87,0,0,idle,0,0
2026-01-04 18:10:00,2026-01-04,18,10,library,0,351.4,-0.072,-0.068,9.813,0,0,idle,0,0
2026-01-04 18:15:00,2026-01-04,18,15,classroom_A,0,393.5,0.047,-0.003,9.772,0,0,idle,0,0
2026-01-04 18:20:00,2026-01-04,18,20,library,0,246.3,-0.047,-0.053,9.834,0,0,idle,0,0
2026-01-04 18:25:00,2026-01-04,18,25,classroom_B,0,272.3,-0.006,-0.009,9.709,0,0,idle,0,0
2026-01-04 18:30:00,2026-01-04,18,30,library,0,393.7,0.027,-0.045,9.848,0,0,idle,0,0
2026-01-04 18:35:00,2026-01-04,18,35,entrance,0,234.8,0.031,-0.027,9.831,0,0,idle,0,0
2026-01-04 18:40:00,2026-01-04,18,40,classroom_B,0,275.3,0.081,0.003,9.771,0,0,idle,0,0
2026-01-04 18:45:00,2026-01-04,18,45,classroom_A,0,296.4,0.021,0.0,9.728,0,0,idle,0,0
2026-01-04 18:50:00,2026-01-04,18,50,library,0,302.9,-0.044,-0.07,9.731,0,0,idle,0,0
2026-01-04 18:55:00,2026-01-04,18,55,lab,0,223.7,-0.054,0.062,9.844,0,0,idle,0,0
2026-01-04 19:00:00,2026-01-04,19,0,classroom_A,0,295.8,0.018,0.029,9.782,0,0,idle,0,0
2026-01-04 19:05:00,2026-01-04,19,5,library,1,61.6,0.518,-1.843,9.717,0,0,walking,0,1
2026-01-04 19:10:00,2026-01-04,19,10,classroom_B,0,319.9,0.013,-0.096,9.844,0,0,idle,0,0
2026-01-04 19:15:00,2026-01-04,19,15,classroom_A,0,243.3,0.021,-0.006,9.796,0,0,idle,0,0
2026-01-04 19:20:00,2026-01-04,19,20,library,0,320.2,0.059,0.064,9.736,0,0,idle,0,0
2026-01-04 19:25:00,2026-01-04,19,25,classroom_A,0,344.8,-0.031,-0.009,9.818,0,0,idle,0,0
2026-01-04 19:30:00,2026-01-04,19,30,lab,0,226.4,-0.097,0.005,9.882,0,0,idle,0,0
2026-01-04 19:35:00,2026-01-04,19,35,library,0,321.1,-0.065,0.08,9.82,0,0,idle,0,0
2026-01-04 19:40:00,2026-01-04,19,40,entrance,0,223.5,-0.004,-0.074,9.821,0,0,idle,0,0
2026-01-04 19:45:00,2026-01-04,19,45,entrance,0,355.0,0.03,0.004,9.774,0,0,idle,0,0
2026-01-04 19:50:00,2026-01-04,19,50,classroom_B,0,285.8,0.088,-0.004,9.854,0,0,idle,0,0
2026-01-04 19:55:00,2026-01-04,19,55,classroom_A,0,348.3,0.052,0.039,9.72,0,0,idle,0,0
2026-01-04 20:00:00,2026-01-04,20,0,library,0,353.2,0.082,-0.083,9.82,0,0,idle,0,0
2026-01-04 20:05:00,2026-01-04,20,5,entrance,0,237.8,0.042,0.058,9.816,0,0,idle,0,0
2026-01-04 20:10:00,2026-01-04,20,10,entrance,0,275.0,-0.059,0.061,9.782,0,0,idle,0,0
2026-01-04 20:15:00,2026-01-04,20,15,classroom_B,0,330.3,-0.049,0.071,9.785,0,0,idle,0,0
2026-01-04 20:20:00,2026-01-04,20,20,library,0,398.4,-0.021,-0.059,9.81,0,0,idle,0,0
2026-01-04 20:25:00,2026-01-04,20,25,classroom_B,0,274.0,0.011,-0.049,9.761,0,0,idle,0,0
2026-01-04 20:30:00,2026-01-04,20,30,classroom_A,0,279.6,-0.072,0.073,9.724,0,0,idle,0,0
2026-01-04 20:35:00,2026-01-04,20,35,classroom_B,0,339.9,-0.068,-0.057,9.78,0,0,idle,0,0
2026-01-04 20:40:00,2026-01-04,20,40,entrance,0,322.8,0.037,-0.09,9.778,0,0,idle,0,0
2026-01-04 20:45:00,2026-01-04,20,45,classroom_B,0,364.7,-0.006,0.02,9.718,0,0,idle,0,0
2026-01-04 20:50:00,2026-01-04,20,50,library,0,216.0,-0.092,-0.023,9.897,0,0,idle,0,0
2026-01-04 20:55:00,2026-01-04,20,55,classroom_A,0,257.3,0.093,-0.089,9.855,0,0,idle,0,0
2026-01-04 21:00:00,2026-01-04,21,0,classroom_B,0,287.8,-0.06,0.031,9.861,0,0,idle,0,0
2026-01-04 21:05:00,2026-01-04,21,5,entrance,0,356.8,0.002,0.04,9.823,0,0,idle,0,0
2026-01-04 21:10:00,2026-01-04,21,10,lab,0,331.0,0.095,-0.083,9.755,0,0,idle,0,0
2026-01-04 21:15:00,2026-01-04,21,15,entrance,0,279.0,0.017,0.004,9.847,0,0,idle,0,0
2026-01-04 21:20:00,2026-01-04,21,20,classroom_B,0,309.9,0.045,0.012,9.817,0,0,idle,0,0
2026-01-04 21:25:00,2026-01-04,21,25,library,0,255.3,0.021,-0.061,9.886,0,0,idle,0,0
2026-01-04 21:30:00,2026-01-04,21,30,classroom_B,1,25.8,0.012,0.001,9.768,1,0,idle,0,1
2026-01-04 21:35:00,2026-01-04,21,35,library,0,362.6,0.015,0.039,9.893,0,0,idle,0,0
2026-01-04 21:40:00,2026-01-04,21,40,library,0,248.7,-0.032,0.055,9.836,0,0,idle,0,0
2026-01-04 21:45:00,2026-01-04,21,45,classroom_A,0,296.4,-0.048,-0.023,9.858,0,0,idle,0,0
2026-01-04 21:50:00,2026-01-04,21,50,entrance,0,246.0,-0.037,0.091,9.803,0,0,idle,0,0
2026-01-04 21:55:00,2026-01-04,21,55,classroom_B,0,252.7,-0.043,-0.02,9.85,0,0,idle,0,0
2026-01-05 07:00:00,2026-01-05,7,0,classroom_B,0,386.3,-0.005,-0.029,9.879,0,0,idle,0,0
2026-01-05 07:05:00,2026-01-05,7,5,classroom_A,0,349.2,0.086,-0.062,9.847,0,0,idle,0,0
2026-01-05 07:10:00,2026-01-05,7,10,library,0,374.5,-0.059,-0.059,9.75,0,0,idle,0,0
2026-01-05 07:15:00,2026-01-05,7,15,lab,0,355.8,-0.076,-0.084,9.891,0,0,idle,0,0
2026-01-05 07:20:00,2026-01-05,7,20,library,0,352.8,0.008,-0.092,9.796,0,0,idle,0,0
2026-01-05 07:25:00,2026-01-05,7,25,classroom_A,0,379.6,0.076,0.015,9.755,0,0,idle,0,0
2026-01-05 07:30:00,2026-01-05,7,30,entrance,0,383.2,-0.044,-0.056,9.815,0,0,idle,0,0
2026-01-05 07:35:00,2026-01-05,7,35,classroom_A,0,284.6,0.088,-0.093,9.769,0,0,idle,0,0
2026-01-05 07:40:00,2026-01-05,7,40,classroom_A,0,224.1,0.004,-0.037,9.702,0,0,idle,0,0
2026-01-05 07:45:00,2026-01-05,7,45,classroom_B,0,220.1,-0.028,0.072,9.737,0,0,idle,0,0
2026-01-05 07:50:00,2026-01-05,7,50,classroom_A,0,294.3,0.023,-0.027,9.8,0,0,idle,0,0
2026-01-05 07:55:00,2026-01-05,7,55,library,0,350.4,-0.027,-0.02,9.79,0,0,idle,0,0
2026-01-05 08:00:00,2026-01-05,8,0,classroom_A,1,61.8,-1.601,-0.92,8.707,0,0,sitting,1,0
2026-01-05 08:05:00,2026-01-05,8,5,lab,1,10.9,-0.073,0.079,9.826,0,0,idle,1,0
2026-01-05 08:10:00,2026-01-05,8,10,entrance,1,60.6,-0.02,0.038,9.712,0,0,idle,1,0
2026-01-05 08:15:00,2026-01-05,8,15,library,1,40.1,0.012,0.086,9.752,1,0,idle,1,0
2026-01-05 08:20:00,2026-01-05,8,20,lab,1,61.8,-0.065,0.056,9.771,0,0,idle,1,0
2026-01-05 08:25:00,2026-01-05,8,25,classroom_A,0,276.2,-0.043,0.026,9.729,0,0,idle,1,0
2026-01-05 08:30:00,2026-01-05,8,30,classroom_B,1,93.6,0.022,-0.019,9.881,1,0,idle,1,0
2026-01-05 08:35:00,2026-01-05,8,35,lab,1,36.2,0.579,-0.915,9.335,0,0,standing,1,0
2026-01-05 08:40:00,2026-01-05,8,40,entrance,1,26.5,0.911,0.648,10.821,0,0,walking,1,0
2026-01-05 08:45:00,2026-01-05,8,45,classroom_A,1,89.1,-0.095,-0.021,9.853,1,0,idle,1,0
2026-01-05 08:50:00,2026-01-05,8,50,classroom_A,1,93.8,-0.054,0.048,9.789,1,0,idle,1,0
2026-01-05 08:55:00,2026-01-05,8,55,lab,1,69.7,-0.035,-0.005,9.895,0,0,idle,1,0
2026-01-05 09:00:00,2026-01-05,9,0,library,1,95.4,0.018,-0.009,9.85,0,0,idle,1,0
2026-01-05 09:05:00,2026-01-05,9,5,entrance,1,41.2,0.061,-0.012,9.773,0,0,idle,1,0
2026-01-05 09:10:00,2026-01-05,9,10,entrance,1,78.2,-0.853,0.14,10.063,0,0,sitting,1,0
2026-01-05 09:15:00,2026-01-05,9,15,classroom_A,0,359.6,0.019,0.059,9.81,0,0,idle,1,0
2026-01-05 09:20:00,2026-01-05,9,20,lab,1,60.4,-0.067,0.047,9.778,0,0,idle,1,0
2026-01-05 09:25:00,2026-01-05,9,25,classroom_B,1,56.5,0.023,0.039,9.754,0,0,idle,1,0
2026-01-05 09:30:00,2026-01-05,9,30,classroom_B,1,86.8,-0.842,0.548,9.853,0,0,standing,1,0
2026-01-05 09:35:00,2026-01-05,9,35,classroom_A,1,14.5,-0.063,-0.08,9.754,0,0,idle,1,0
2026-01-05 09:40:00,2026-01-05,9,40,classroom_B,1,11.3,-0.319,1.143,9.495,0,0,standing,1,0
2026-01-05 09:45:00,2026-01-05,9,45,lab,1,77.6,-0.934,-0.43,9.63,0,0,walking,1,0
2026-01-05 09:50:00,2026-01-05,9,50,lab,0,224.4,0.054,-0.05,9.854,0,0,idle,1,0
2026-01-05 09:55:00,2026-01-05,9,55,classroom_B,1,99.5,0.941,-1.624,9.998,0,0,walking,1,0
2026-01-05 10:00:00,2026-01-05,10,0,entrance,0,231.7,0.046,0.049,9.81,0,0,idle,1,0
2026-01-05 10:05:00,2026-01-05,10,5,entrance,1,67.5,1.55,1.455,8.653,0,0,walking,1,0
2026-01-05 10:10:00,2026-01-05,10,10,entrance,1,34.8,1.157,-1.964,8.126,0,0,sitting,1,0
2026-01-05 10:15:00,2026-01-05,10,15,classroom_A,1,55.0,-0.032,0.094,9.852,1,0,idle,1,0
2026-01-05 10:20:00,2026-01-05,10,20,classroom_B,0,358.3,-0.075,-0.053,9.896,0,0,idle,1,0
2026-01-05 10:25:00,2026-01-05,10,25,classroom_A,0,287.7,-0.061,0.038,9.772,0,0,idle,1,0
2026-01-05 10:30:00,2026-01-05,10,30,classroom_B,1,13.6,0.012,0.009,9.798,0,0,idle,1,0
2026-01-05 10:35:00,2026-01-05,10,35,entrance,0,255.1,0.066,0.083,9.811,0,0,idle,1,0
2026-01-05 10:40:00,2026-01-05,10,40,entrance,1,50.4,0.008,-0.009,9.855,0,0,idle,1,0
2026-01-05 10:45:00,2026-01-05,10,45,lab,1,42.8,-0.036,-0.087,9.893,0,0,idle,1,0
2026-01-05 10:50:00,2026-01-05,10,50,entrance,0,230.8,-0.043,-0.018,9.764,0,0,idle,1,0
2026-01-05 10:55:00,2026-01-05,10,55,library,1,16.0,-0.074,0.075,9.74,0,1,idle,1,0
2026-01-05 11:00:00,2026-01-05,11,0,entrance,1,45.0,0.025,0.018,9.71,0,0,idle,1,0
2026-01-05 11:05:00,2026-01-05,11,5,entrance,0,241.7,-0.002,0.078,9.716,0,0,idle,1,0
2026-01-05 11:10:00,2026-01-05,11,10,entrance,1,76.9,0.064,0.059,9.712,0,0,idle,1,0
2026-01-05 11:15:00,2026-01-05,11,15,classroom_A,0,215.6,-0.057,0.004,9.72,0,0,idle,1,0
2026-01-05 11:20:00,2026-01-05,11,20,entrance,1,27.1,-0.05,0.025,9.736,0,0,idle,1,0
2026-01-05 11:25:00,2026-01-05,11,25,entrance,0,315.3,0.035,0.041,9.785,0,0,idle,1,0
2026-01-05 11:30:00,2026-01-05,11,30,classroom_B,1,26.2,-0.032,-0.068,9.9,0,0,idle,1,0
2026-01-05 11:35:00,2026-01-05,11,35,library,1,99.7,-0.018,0.027,9.865,0,0,idle,1,0
2026-01-05 11:40:00,2026-01-05,11,40,classroom_B,1,78.9,-0.049,0.092,9.789,0,0,idle,1,0
2026-01-05 11:45:00,2026-01-05,11,45,classroom_B,1,56.6,-0.04,-0.04,9.744,0,1,idle,1,0
2026-01-05 11:50:00,2026-01-05,11,50,lab,0,302.3,0.014,0.014,9.719,0,0,idle,1,0
2026-01-05 11:55:00,2026-01-05,11,55,classroom_A,1,22.5,0.016,-0.053,9.862,1,0,idle,1,0
2026-01-05 12:00:00,2026-01-05,12,0,library,0,344.7,0.059,-0.065,9.865,0,0,idle,1,0
2026-01-05 12:05:00,2026-01-05,12,5,lab,0,219.1,0.028,-0.093,9.862,0,0,idle,1,0
2026-01-05 12:10:00,2026-01-05,12,10,classroom_A,1,15.0,-0.03,0.063,9.783,0,0,idle,1,0
2026-01-05 12:15:00,2026-01-05,12,15,entrance,0,369.9,0.086,0.027,9.826,0,0,idle,1,0
2026-01-05 12:20:00,2026-01-05,12,20,lab,1,13.7,-0.07,0.0,9.744,1,0,idle,1,0
2026-01-05 12:25:00,2026-01-05,12,25,lab,0,350.6,0.015,-0.082,9.786,0,0,idle,1,0
2026-01-05 12:30:00,2026-01-05,12,30,classroom_A,1,40.3,0.049,0.01,9.753,0,0,idle,1,0
2026-01-05 12:35:00,2026-01-05,12,35,library,0,296.2,-0.06,-0.021,9.814,0,0,idle,1,0
2026-01-05 12:40:00,2026-01-05,12,40,lab,1,76.2,-1.713,1.107,8.97,1,0,running,1,0
2026-01-05 12:45:00,2026-01-05,12,45,lab,1,27.1,0.031,0.054,9.734,0,0,idle,1,0
2026-01-05 12:50:00,2026-01-05,12,50,entrance,1,49.6,-0.053,0.037,9.731,0,1,idle,1,0
2026-01-05 12:55:00,2026-01-05,12,55,classroom_B,1,65.9,1.33,-0.849,9.03,0,0,walking,1,0
2026-01-05 13:00:00,2026-01-05,13,0,lab,1,58.4,0.093,-0.965,9.449,0,0,walking,1,0
2026-01-05 13:05:00,2026-01-05,13,5,entrance,1,69.7,-1.319,-0.864,10.368,0,0,running,1,0
2026-01-05 13:10:00,2026-01-05,13,10,lab,1,69.4,0.083,-0.028,9.722,0,0,idle,1,0
2026-01-05 13:15:00,2026-01-05,13,15,library,1,44.3,-0.08,-0.037,9.873,0,0,idle,1,0
2026-01-05 13:20:00,2026-01-05,13,20,classroom_B,0,312.1,0.042,-0.092,9.884,0,0,idle,1,0
2026-01-05 13:25:00,2026-01-05,13,25,classroom_B,1,45.4,-0.613,-0.592,9.876,0,0,walking,1,0
2026-01-05 13:30:00,2026-01-05,13,30,entrance,0,325.2,0.076,0.078,9.863,0,0,idle,1,0
2026-01-05 13:35:00,2026-01-05,13,35,classroom_A,0,389.8,-0.055,-0.032,9.779,0,0,idle,1,0
2026-01-05 13:40:00,2026-01-05,13,40,classroom_B,1,44.4,0.022,0.025,9.745,0,0,idle,1,0
2026-01-05 13:45:00,2026-01-05,13,45,library,0,265.9,0.008,-0.059,9.728,0,0,idle,1,0
2026-01-05 13:50:00,2026-01-05,13,50,classroom_A,1,28.2,0.754,1.595,10.729,0,0,sitting,1,0
2026-01-05 13:55:00,2026-01-05,13,55,entrance,1,60.8,-1.729,0.132,10.158,0,0,walking,1,0
2026-01-05 14:00:00,2026-01-05,14,0,classroom_B,0,376.0,-0.017,-0.018,9.789,0,0,idle,1,0
2026-01-05 14:05:00,2026-01-05,14,5,classroom_A,1,26.9,-1.895,1.944,9.851,0,0,running,1,0
2026-01-05 14:10:00,2026-01-05,14,10,lab,1,12.3,1.119,-1.464,10.538,0,0,sitting,1,0
2026-01-05 14:15:00,2026-01-05,14,15,classroom_A,1,22.4,-1.871,1.058,8.045,0,0,standing,1,0
2026-01-05 14:20:00,2026-01-05,14,20,lab,0,213.2,0.085,0.097,9.873,0,0,idle,1,0
2026-01-05 14:25:00,2026-01-05,14,25,lab,1,88.0,-0.014,0.055,9.822,0,0,idle,1,0
2026-01-05 14:30:00,2026-01-05,14,30,entrance,1,76.8,0.005,0.075,9.857,0,0,idle,1,0
2026-01-05 14:35:00,2026-01-05,14,35,lab,0,249.1,0.008,0.097,9.708,0,0,idle,1,0
2026-01-05 14:40:00,2026-01-05,14,40,library,1,66.8,-0.835,-0.408,8.914,0,0,standing,1,0
2026-01-05 14:45:00,2026-01-05,14,45,entrance,0,338.0,0.081,-0.007,9.829,0,0,idle,1,0
2026-01-05 14:50:00,2026-01-05,14,50,classroom_A,0,222.6,0.056,0.088,9.839,0,0,idle,1,0
2026-01-05 14:55:00,2026-01-05,14,55,classroom_A,1,39.1,-0.185,1.586,10.687,1,0,sitting,1,0
2026-01-05 15:00:00,2026-01-05,15,0,library,0,224.7,-0.077,-0.01,9.773,0,0,idle,1,0
2026-01-05 15:05:00,2026-01-05,15,5,library,0,345.4,0.095,0.022,9.732,0,0,idle,1,0
2026-01-05 15:10:00,2026-01-05,15,10,entrance,1,79.1,0.013,0.032,9.73,0,0,idle,1,0
2026-01-05 15:15:00,2026-01-05,15,15,library,1,37.9,-0.011,0.025,9.724,1,0,idle,1,0
2026-01-05 15:20:00,2026-01-05,15,20,library,0,202.4,-0.0,-0.0,9.861,0,0,idle,1,0
2026-01-05 15:25:00,2026-01-05,15,25,entrance,0,247.6,0.018,-0.005,9.782,0,0,idle,1,0
2026-01-05 15:30:00,2026-01-05,15,30,entrance,1,10.6,-0.044,0.026,9.864,0,0,idle,1,0
2026-01-05 15:35:00,2026-01-05,15,35,lab,1,13.3,0.033,0.068,9.76,0,1,idle,1,0
2026-01-05 15:40:00,2026-01-05,15,40,library,0,232.3,-0.043,0.032,9.84,0,0,idle,1,0
2026-01-05 15:45:00,2026-01-05,15,45,entrance,0,235.5,-0.009,0.016,9.886,0,0,idle,1,0
2026-01-05 15:50:00,2026-01-05,15,50,library,0,264.6,0.08,0.064,9.852,0,0,idle,1,0
2026-01-05 15:55:00,2026-01-05,15,55,entrance,1,52.4,1.438,-0.683,9.241,0,0,walking,1,0
2026-01-05 16:00:00,2026-01-05,16,0,lab,1,98.1,-0.082,0.045,9.821,0,0,idle,1,0
2026-01-05 16:05:00,2026-01-05,16,5,lab,1,38.5,0.099,-0.029,9.726,0,0,idle,1,0
2026-01-05 16:10:00,2026-01-05,16,10,entrance,1,26.2,0.042,0.096,9.7,1,0,idle,1,0
2026-01-05 16:15:00,2026-01-05,16,15,classroom_B,0,241.5,0.023,-0.017,9.709,0,0,idle,1,0
2026-01-05 16:20:00,2026-01-05,16,20,entrance,1,67.4,-1.195,-0.873,10.371,0,0,standing,1,0
2026-01-05 16:25:00,2026-01-05,16,25,lab,1,40.0,0.014,0.092,9.866,0,0,idle,1,0
2026-01-05 16:30:00,2026-01-05,16,30,library,0,359.5,0.029,-0.004,9.825,0,0,idle,1,0
2026-01-05 16:35:00,2026-01-05,16,35,library,0,292.5,0.063,0.086,9.711,0,0,idle,1,0
2026-01-05 16:40:00,2026-01-05,16,40,classroom_B,1,75.2,0.007,-0.058,9.837,0,0,idle,1,0
2026-01-05 16:45:00,2026-01-05,16,45,classroom_A,1,23.4,-0.032,-0.025,9.807,0,0,idle,1,0
2026-01-05 16:50:00,2026-01-05,16,50,classroom_A,1,87.8,0.041,-0.037,9.706,0,0,idle,1,0
2026-01-05 16:55:00,2026-01-05,16,55,entrance,1,84.7,0.005,-0.065,9.775,1,0,idle,1,0
2026-01-05 17:00:00,2026-01-05,17,0,classroom_B,1,12.2,0.0,-0.062,9.885,0,0,idle,1,0
2026-01-05 17:05:00,2026-01-05,17,5,library,1,88.5,0.088,0.035,9.727,0,0,idle,1,0
2026-01-05 17:10:00,2026-01-05,17,10,classroom_B,1,38.0,1.392,1.488,9.0,1,0,walking,1,0
2026-01-05 17:15:00,2026-01-05,17,15,entrance,1,78.3,-0.058,-0.06,9.757,0,0,idle,1,0
2026-01-05 17:20:00,2026-01-05,17,20,classroom_A,1,24.2,1.833,0.239,8.307,0,0,running,1,0
2026-01-05 17:25:00,2026-01-05,17,25,classroom_B,0,360.8,0.015,-0.066,9.762,0,0,idle,1,0
2026-01-05 17:30:00,2026-01-05,17,30,library,1,14.6,1.613,-1.798,9.151,0,0,walking,1,0
2026-01-05 17:35:00,2026-01-05,17,35,classroom_B,0,325.9,0.038,-0.011,9.771,0,0,idle,1,0
2026-01-05 17:40:00,2026-01-05,17,40,lab,0,342.6,0.034,0.007,9.895,0,0,idle,1,0
2026-01-05 17:45:00,2026-01-05,17,45,lab,1,18.4,0.04,-0.081,9.762,0,0,idle,1,0
2026-01-05 17:50:00,2026-01-05,17,50,classroom_B,1,30.1,0.023,0.083,9.778,0,0,idle,1,0
2026-01-05 17:55:00,2026-01-05,17,55,classroom_A,1,12.7,-0.03,-0.008,9.734,0,0,idle,1,0
2026-01-05 18:00:00,2026-01-05,18,0,entrance,0,281.1,0.043,-0.079,9.811,0,0,idle,0,0
2026-01-05 18:05:00,2026-01-05,18,5,library,0,306.5,-0.02,-0.017,9.824,0,0,idle,0,0
2026-01-05 18:10:00,2026-01-05,18,10,lab,0,296.5,-0.087,-0.058,9.839,0,0,idle,0,0
2026-01-05 18:15:00,2026-01-05,18,15,entrance,0,287.1,0.057,0.009,9.747,0,0,idle,0,0
2026-01-05 18:20:00,2026-01-05,18,20,classroom_B,0,342.4,0.067,-0.077,9.819,0,0,idle,0,0
2026-01-05 18:25:00,2026-01-05,18,25,entrance,0,364.4,-0.065,0.091,9.714,0,0,idle,0,0
2026-01-05 18:30:00,2026-01-05,18,30,entrance,0,319.3,0.064,-0.035,9.829,0,0,idle,0,0
2026-01-05 18:35:00,2026-01-05,18,35,entrance,0,363.4,0.077,0.081,9.827,0,0,idle,0,0
2026-01-05 18:40:00,2026-01-05,18,40,lab,0,332.2,-0.009,-0.042,9.823,0,0,idle,0,0
2026-01-05 18:45:00,2026-01-05,18,45,classroom_B,0,336.3,-0.037,0.014,9.883,0,0,idle,0,0
2026-01-05 18:50:00,2026-01-05,18,50,library,0,387.3,0.044,0.083,9.898,0,0,idle,0,0
2026-01-05 18:55:00,2026-01-05,18,55,library,1,98.8,-0.074,-0.041,9.774,0,1,idle,0,1
2026-01-05 19:00:00,2026-01-05,19,0,library,0,271.8,0.072,0.073,9.747,0,0,idle,0,0
2026-01-05 19:05:00,2026-01-05,19,5,classroom_A,0,263.6,-0.023,-0.024,9.809,0,0,idle,0,0
2026-01-05 19:10:00,2026-01-05,19,10,classroom_A,0,237.6,-0.023,0.085,9.868,0,0,idle,0,0
2026-01-05 19:15:00,2026-01-05,19,15,classroom_A,0,374.5,-0.075,-0.098,9.83,0,0,idle,0,0
2026-01-05 19:20:00,2026-01-05,19,20,lab,0,297.3,-0.013,0.098,9.717,0,0,idle,0,0
2026-01-05 19:25:00,2026-01-05,19,25,lab,0,378.7,0.039,0.086,9.825,0,0,idle,0,0
2026-01-05 19:30:00,2026-01-05,19,30,library,0,310.4,-0.01,-0.029,9.737,0,0,idle,0,0
2026-01-05 19:35:00,2026-01-05,19,35,entrance,1,54.8,0.042,-0.046,9.885,0,1,idle,0,1
2026-01-05 19:40:00,2026-01-05,19,40,classroom_A,0,341.0,-0.077,-0.004,9.838,0,0,idle,0,0
2026-01-05 19:45:00,2026-01-05,19,45,library,0,305.3,0.072,0.05,9.756,0,0,idle,0,0
2026-01-05 19:50:00,2026-01-05,19,50,entrance,0,378.0,-0.082,-0.006,9.848,0,0,idle,0,0
2026-01-05 19:55:00,2026-01-05,19,55,library,0,307.8,0.016,0.023,9.881,0,0,idle,0,0
2026-01-05 20:00:00,2026-01-05,20,0,lab,0,293.8,0.003,-0.006,9.847,0,0,idle,0,0
2026-01-05 20:05:00,2026-01-05,20,5,library,0,395.6,-0.041,-0.066,9.839,0,0,idle,0,0
2026-01-05 20:10:00,2026-01-05,20,10,classroom_A,0,345.4,0.013,-0.088,9.795,0,0,idle,0,0
2026-01-05 20:15:00,2026-01-05,20,15,lab,0,331.3,-0.042,0.047,9.705,0,0,idle,0,0
2026-01-05 20:20:00,2026-01-05,20,20,classroom_B,0,301.1,0.07,-0.044,9.727,0,0,idle,0,0
2026-01-05 20:25:00,2026-01-05,20,25,classroom_A,0,251.4,0.048,0.021,9.882,0,0,idle,0,0
2026-01-05 20:30:00,2026-01-05,20,30,classroom_A,0,274.0,-0.065,0.057,9.747,0,0,idle,0,0
2026-01-05 20:35:00,2026-01-05,20,35,classroom_A,0,372.4,-0.031,-0.083,9.729,0,0,idle,0,0
2026-01-05 20:40:00,2026-01-05,20,40,classroom_A,0,350.6,-0.017,-0.023,9.832,0,0,idle,0,0
2026-01-05 20:45:00,2026-01-05,20,45,entrance,0,346.9,-0.031,0.028,9.851,0,0,idle,0,0
2026-01-05 20:50:00,2026-01-05,20,50,library,0,292.8,-0.005,-0.005,9.89,0,0,idle,0,0
2026-01-05 20:55:00,2026-01-05,20,55,lab,0,336.7,-0.022,-0.047,9.806,0,0,idle,0,0
2026-01-05 21:00:00,2026-01-05,21,0,classroom_B,1,93.5,0.036,0.092,9.837,1,0,idle,0,1
2026-01-05 21:05:00,2026-01-05,21,5,classroom_B,0,286.4,0.084,0.072,9.767,0,0,idle,0,0
2026-01-05 21:10:00,2026-01-05,21,10,classroom_A,0,251.1,0.017,-0.008,9.835,0,0,idle,0,0
2026-01-05 21:15:00,2026-01-05,21,15,classroom_A,0,317.7,-0.061,-0.033,9.838,0,0,idle,0,0
2026-01-05 21:20:00,2026-01-05,21,20,library,0,202.1,-0.098,-0.086,9.782,0,0,idle,0,0
2026-01-05 21:25:00,2026-01-05,21,25,entrance,0,289.2,-0.056,-0.043,9.739,0,0,idle,0,0
2026-01-05 21:30:00,2026-01-05,21,30,library,0,211.4,0.019,0.079,9.743,0,0,idle,0,0
2026-01-05 21:35:00,2026-01-05,21,35,library,0,341.6,-0.076,0.071,9.726,0,0,idle,0,0
2026-01-05 21:40:00,2026-01-05,21,40,entrance,0,237.0,-0.078,-0.063,9.759,0,0,idle,0,0
2026-01-05 21:45:00,2026-01-05,21,45,classroom_B,0,384.5,-0.045,-0.015,9.881,0,0,idle,0,0
2026-01-05 21:50:00,2026-01-05,21,50,entrance,0,356.1,-0.045,-0.088,9.778,0,0,idle,0,0
2026-01-05 21:55:00,2026-01-05,21,55,classroom_A,0,362.6,-0.064,-0.086,9.896,0,0,idle,0,0
2026-01-06 07:00:00,2026-01-06,7,0,classroom_A,0,235.7,-0.002,-0.071,9.854,0,0,idle,0,0
2026-01-06 07:05:00,2026-01-06,7,5,entrance,0,221.2,-0.012,-0.048,9.707,0,0,idle,0,0
2026-01-06 07:10:00,2026-01-06,7,10,entrance,0,250.1,-0.011,0.079,9.73,0,0,idle,0,0
2026-01-06 07:15:00,2026-01-06,7,15,library,0,332.9,-0.047,0.04,9.881,0,0,idle,0,0
2026-01-06 07:20:00,2026-01-06,7,20,classroom_A,1,73.7,-0.004,-0.019,9.846,0,1,idle,0,1
2026-01-06 07:25:00,2026-01-06,7,25,lab,1,95.9,-0.004,0.013,9.887,0,0,idle,0,1
2026-01-06 07:30:00,2026-01-06,7,30,classroom_B,0,399.4,0.029,-0.027,9.871,0,0,idle,0,0
2026-01-06 07:35:00,2026-01-06,7,35,entrance,0,291.9,0.053,0.03,9.735,0,0,idle,0,0
2026-01-06 07:40:00,2026-01-06,7,40,classroom_B,0,332.1,-0.04,-0.022,9.721,0,0,idle,0,0
2026-01-06 07:45:00,2026-01-06,7,45,entrance,0,377.0,-0.012,-0.062,9.707,0,0,idle,0,0
2026-01-06 07:50:00,2026-01-06,7,50,classroom_B,0,318.6,-0.002,-0.087,9.808,0,0,idle,0,0
2026-01-06 07:55:00,2026-01-06,7,55,classroom_B,0,393.0,0.062,0.093,9.703,0,0,idle,0,0
2026-01-06 08:00:00,2026-01-06,8,0,library,1,80.9,-1.527,1.228,10.002,0,0,sitting,1,0
2026-01-06 08:05:00,2026-01-06,8,5,entrance,1,62.1,-0.093,-0.072,9.831,0,0,idle,1,0
2026-01-06 08:10:00,2026-01-06,8,10,library,1,68.4,0.531,1.619,10.462,0,0,walking,1,0
2026-01-06 08:15:00,2026-01-06,8,15,lab,1,83.6,0.38,0.463,8.189,0,0,walking,1,0
2026-01-06 08:20:00,2026-01-06,8,20,classroom_B,1,97.8,-0.073,0.067,9.859,0,0,idle,1,0
2026-01-06 08:25:00,2026-01-06,8,25,classroom_A,1,34.7,-0.066,-0.026,9.733,0,0,idle,1,0
2026-01-06 08:30:00,2026-01-06,8,30,entrance,1,86.3,0.056,-0.097,9.797,1,0,idle,1,0
2026-01-06 08:35:00,2026-01-06,8,35,lab,0,318.7,-0.043,0.039,9.858,0,0,idle,1,0
2026-01-06 08:40:00,2026-01-06,8,40,classroom_A,1,28.6,0.005,-0.018,9.888,0,1,idle,1,0
2026-01-06 08:45:00,2026-01-06,8,45,lab,0,322.4,-0.082,0.065,9.76,0,0,idle,1,0
2026-01-06 08:50:00,2026-01-06,8,50,classroom_A,1,31.2,0.121,-1.617,9.086,0,0,running,1,0
2026-01-06 08:55:00,2026-01-06,8,55,entrance,1,27.4,0.037,0.094,9.795,0,0,idle,1,0
2026-01-06 09:00:00,2026-01-06,9,0,library,1,42.8,-0.994,0.467,10.67,1,0,sitting,1,0
2026-01-06 09:05:00,2026-01-06,9,5,classroom_A,1,80.7,-0.077,0.079,9.844,0,0,idle,1,0
2026-01-06 09:10:00,2026-01-06,9,10,classroom_A,0,379.7,-0.054,-0.078,9.746,0,0,idle,1,0
2026-01-06 09:15:00,2026-01-06,9,15,lab,0,374.0,-0.025,-0.056,9.794,0,0,idle,1,0
2026-01-06 09:20:00,2026-01-06,9,20,classroom_B,1,49.2,0.438,-1.288,9.12,0,0,sitting,1,0
2026-01-06 09:25:00,2026-01-06,9,25,classroom_B,1,21.4,-0.088,-0.073,9.87,0,0,idle,1,0
2026-01-06 09:30:00,2026-01-06,9,30,entrance,1,36.6,1.178,1.811,10.717,0,0,running,1,0
2026-01-06 09:35:00,2026-01-06,9,35,classroom_A,1,57.0,-0.057,-0.005,9.793,1,0,idle,1,0
2026-01-06 09:40:00,2026-01-06,9,40,lab,1,49.1,1.71,1.785,10.741,0,1,walking,1,0
2026-01-06 09:45:00,2026-01-06,9,45,entrance,0,300.8,-0.015,-0.021,9.862,0,0,idle,1,0
2026-01-06 09:50:00,2026-01-06,9,50,entrance,1,31.6,-0.098,0.046,9.89,1,0,idle,1,0
2026-01-06 09:55:00,2026-01-06,9,55,lab,1,70.2,-0.163,0.282,9.751,0,0,sitting,1,0
2026-01-06 10:00:00,2026-01-06,10,0,library,1,88.4,0.041,-0.1,9.825,0,0,idle,1,0
2026-01-06 10:05:00,2026-01-06,10,5,entrance,1,48.3,1.784,0.17,10.383,0,0,walking,1,0
2026-01-06 10:10:00,2026-01-06,10,10,library,1,91.9,-0.09,-0.023,9.793,1,0,idle,1,0
2026-01-06 10:15:00,2026-01-06,10,15,library,0,312.2,0.055,-0.072,9.767,0,0,idle,1,0
2026-01-06 10:20:00,2026-01-06,10,20,classroom_B,1,53.1,0.016,0.092,9.742,0,0,idle,1,0
2026-01-06 10:25:00,2026-01-06,10,25,lab,0,300.7,-0.015,-0.089,9.775,0,0,idle,1,0
2026-01-06 10:30:00,2026-01-06,10,30,entrance,1,57.4,0.839,0.713,9.599,0,0,standing,1,0
2026-01-06 10:35:00,2026-01-06,10,35,classroom_A,1,89.6,-0.437,-1.285,10.875,1,0,walking,1,0
2026-01-06 10:40:00,2026-01-06,10,40,classroom_B,1,88.7,0.025,-0.041,9.894,0,0,idle,1,0
2026-01-06 10:45:00,2026-01-06,10,45,classroom_B,1,76.4,-1.244,-1.912,10.406,0,0,running,1,0
2026-01-06 10:50:00,2026-01-06,10,50,classroom_B,1,80.8,0.033,0.006,9.81,0,0,idle,1,0
2026-01-06 10:55:00,2026-01-06,10,55,classroom_A,1,33.4,0.094,0.054,9.709,0,0,idle,1,0
2026-01-06 11:00:00,2026-01-06,11,0,classroom_A,1,24.5,-0.064,-0.065,9.842,0,0,idle,1,0
2026-01-06 11:05:00,2026-01-06,11,5,classroom_B,1,13.7,-0.075,-0.048,9.737,0,1,idle,1,0
2026-01-06 11:10:00,2026-01-06,11,10,entrance,0,229.6,-0.01,0.095,9.807,0,0,idle,1,0
2026-01-06 11:15:00,2026-01-06,11,15,classroom_B,0,280.9,-0.0,-0.071,9.792,0,0,idle,1,0
2026-01-06 11:20:00,2026-01-06,11,20,library,1,97.3,0.001,0.029,9.759,0,0,idle,1,0
2026-01-06 11:25:00,2026-01-06,11,25,library,1,82.0,0.084,-0.032,9.722,0,1,idle,1,0
2026-01-06 11:30:00,2026-01-06,11,30,library,1,12.2,-0.056,-0.029,9.765,0,0,idle,1,0
2026-01-06 11:35:00,2026-01-06,11,35,lab,1,94.2,-1.91,0.154,9.336,0,0,walking,1,0
2026-01-06 11:40:00,2026-01-06,11,40,classroom_B,1,64.5,0.082,-0.028,9.73,0,0,idle,1,0
2026-01-06 11:45:00,2026-01-06,11,45,lab,1,41.0,-0.011,0.012,9.743,0,0,idle,1,0
2026-01-06 11:50:00,2026-01-06,11,50,lab,0,257.7,0.061,0.094,9.785,0,0,idle,1,0
2026-01-06 11:55:00,2026-01-06,11,55,lab,1,62.8,-1.169,-0.102,10.603,1,0,standing,1,0
2026-01-06 12:00:00,2026-01-06,12,0,classroom_A,1,46.9,-0.017,0.011,9.842,0,0,idle,1,0
2026-01-06 12:05:00,2026-01-06,12,5,library,0,257.9,-0.002,0.065,9.76,0,0,idle,1,0
2026-01-06 12:10:00,2026-01-06,12,10,lab,1,60.3,-0.095,-0.1,9.753,0,0,idle,1,0
2026-01-06 12:15:00,2026-01-06,12,15,entrance,1,69.9,-1.283,1.627,9.934,1,0,walking,1,0
2026-01-06 12:20:00,2026-01-06,12,20,classroom_B,1,42.6,-0.013,-0.048,9.837,0,0,idle,1,0
2026-01-06 12:25:00,2026-01-06,12,25,classroom_A,1,61.8,-0.067,-0.088,9.764,0,0,idle,1,0
2026-01-06 12:30:00,2026-01-06,12,30,classroom_A,1,42.5,0.091,-0.09,9.758,0,1,idle,1,0
2026-01-06 12:35:00,2026-01-06,12,35,classroom_B,0,236.6,-0.081,0.051,9.809,0,0,idle,1,0
2026-01-06 12:40:00,2026-01-06,12,40,entrance,0,337.0,-0.04,0.037,9.838,0,0,idle,1,0
2026-01-06 12:45:00,2026-01-06,12,45,entrance,1,41.6,-1.452,-0.874,10.336,0,0,sitting,1,0
2026-01-06 12:50:00,2026-01-06,12,50,library,1,55.3,0.059,0.012,9.838,0,0,idle,1,0
2026-01-06 12:55:00,2026-01-06,12,55,classroom_A,0,360.5,-0.017,0.083,9.723,0,0,idle,1,0
2026-01-06 13:00:00,2026-01-06,13,0,library,0,295.9,-0.038,-0.027,9.863,0,0,idle,1,0
2026-01-06 13:05:00,2026-01-06,13,5,classroom_A,1,97.3,-0.781,0.978,8.356,0,0,walking,1,0
2026-01-06 13:10:00,2026-01-06,13,10,lab,1,28.9,-0.015,0.053,9.722,1,0,idle,1,0
2026-01-06 13:15:00,2026-01-06,13,15,entrance,1,19.7,0.003,-0.088,9.724,0,1,idle,1,0
2026-01-06 13:20:00,2026-01-06,13,20,classroom_A,0,356.5,0.084,-0.059,9.88,0,0,idle,1,0
2026-01-06 13:25:00,2026-01-06,13,25,library,1,12.6,0.985,-0.89,9.739,0,0,standing,1,0
2026-01-06 13:30:00,2026-01-06,13,30,library,1,61.3,0.313,-1.944,8.651,0,0,walking,1,0
2026-01-06 13:35:00,2026-01-06,13,35,entrance,1,75.3,0.084,0.07,9.795,0,0,idle,1,0
2026-01-06 13:40:00,2026-01-06,13,40,entrance,1,41.9,-0.057,-0.054,9.723,0,0,idle,1,0
2026-01-06 13:45:00,2026-01-06,13,45,lab,1,54.6,-0.042,0.044,9.716,0,0,idle,1,0
2026-01-06 13:50:00,2026-01-06,13,50,entrance,1,38.1,-0.011,0.011,9.758,0,0,idle,1,0
2026-01-06 13:55:00,2026-01-06,13,55,lab,0,360.5,0.088,-0.027,9.703,0,0,idle,1,0
2026-01-06 14:00:00,2026-01-06,14,0,classroom_A,1,45.7,0.035,-0.076,9.779,0,0,idle,1,0
2026-01-06 14:05:00,2026-01-06,14,5,classroom_B,1,97.8,0.019,0.098,9.725,0,0,idle,1,0
2026-01-06 14:10:00,2026-01-06,14,10,lab,0,353.2,0.019,0.051,9.86,0,0,idle,1,0
2026-01-06 14:15:00,2026-01-06,14,15,lab,1,70.0,0.098,0.002,9.729,0,0,idle,1,0
2026-01-06 14:20:00,2026-01-06,14,20,classroom_B,1,66.6,-1.602,-1.789,8.205,0,0,walking,1,0
2026-01-06 14:25:00,2026-01-06,14,25,lab,1,66.0,-1.694,1.006,10.303,0,0,sitting,1,0
2026-01-06 14:30:00,2026-01-06,14,30,entrance,1,58.8,0.008,-0.096,9.853,0,0,idle,1,0
2026-01-06 14:35:00,2026-01-06,14,35,classroom_A,1,38.3,-0.008,-0.093,9.811,0,0,idle,1,0
2026-01-06 14:40:00,2026-01-06,14,40,library,1,22.1,-0.003,-0.078,9.835,0,0,idle,1,0
2026-01-06 14:45:00,2026-01-06,14,45,classroom_B,1,60.6,-1.777,-0.946,9.773,0,0,sitting,1,0
2026-01-06 14:50:00,2026-01-06,14,50,lab,1,12.5,1.348,-0.604,10.226,0,0,walking,1,0
2026-01-06 14:55:00,2026-01-06,14,55,entrance,1,41.1,-0.03,0.032,9.75,0,0,idle,1,0
2026-01-06 15:00:00,2026-01-06,15,0,lab,0,222.9,-0.066,0.008,9.707,0,0,idle,1,0
2026-01-06 15:05:00,2026-01-06,15,5,entrance,1,91.1,0.784,0.352,10.957,0,0,sitting,1,0
2026-01-06 15:10:00,2026-01-06,15,10,classroom_B,0,220.0,0.035,-0.033,9.801,0,0,idle,1,0
2026-01-06 15:15:00,2026-01-06,15,15,classroom_A,1,37.0,-0.06,0.027,9.895,1,0,idle,1,0
2026-01-06 15:20:00,2026-01-06,15,20,entrance,1,14.3,-0.02,-0.055,9.849,1,0,idle,1,0
2026-01-06 15:25:00,2026-01-06,15,25,library,1,34.6,0.006,-0.015,9.769,1,0,idle,1,0
2026-01-06 15:30:00,2026-01-06,15,30,library,0,286.6,0.008,-0.06,9.78,0,0,idle,1,0
2026-01-06 15:35:00,2026-01-06,15,35,lab,1,70.4,0.076,0.026,9.803,0,0,idle,1,0
2026-01-06 15:40:00,2026-01-06,15,40,classroom_A,1,67.4,0.071,0.081,9.887,0,1,idle,1,0
2026-01-06 15:45:00,2026-01-06,15,45,classroom_A,1,23.3,0.741,-0.799,9.306,0,0,standing,1,0
2026-01-06 15:50:00,2026-01-06,15,50,classroom_A,0,253.4,-0.043,-0.068,9.837,0,0,idle,1,0
2026-01-06 15:55:00,2026-01-06,15,55,entrance,1,20.2,-1.018,1.309,9.392,0,0,running,1,0
2026-01-06 16:00:00,2026-01-06,16,0,entrance,1,34.5,1.159,-0.889,9.652,0,0,walking,1,0
2026-01-06 16:05:00,2026-01-06,16,5,entrance,1,90.7,-0.04,-0.087,9.891,0,0,idle,1,0
2026-01-06 16:10:00,2026-01-06,16,10,library,1,85.6,-0.053,0.014,9.8,1,0,idle,1,0
2026-01-06 16:15:00,2026-01-06,16,15,entrance,0,386.3,-0.05,0.077,9.748,0,0,idle,1,0
2026-01-06 16:20:00,2026-01-06,16,20,classroom_A,0,262.7,0.066,0.047,9.861,0,0,idle,1,0
2026-01-06 16:25:00,2026-01-06,16,25,lab,0,243.6,-0.079,-0.057,9.755,0,0,idle,1,0
2026-01-06 16:30:00,2026-01-06,16,30,classroom_B,1,63.1,-0.025,0.09,9.763,0,0,idle,1,0
2026-01-06 16:35:00,2026-01-06,16,35,entrance,0,387.4,-0.027,0.043,9.864,0,0,idle,1,0
2026-01-06 16:40:00,2026-01-06,16,40,classroom_B,1,91.5,0.958,1.196,8.164,0,0,walking,1,0
2026-01-06 16:45:00,2026-01-06,16,45,entrance,0,337.0,0.007,-0.053,9.788,0,0,idle,1,0
2026-01-06 16:50:00,2026-01-06,16,50,classroom_A,0,278.6,0.096,-0.049,9.718,0,0,idle,1,0
2026-01-06 16:55:00,2026-01-06,16,55,entrance,1,87.3,-0.245,-0.731,10.437,0,0,sitting,1,0
2026-01-06 17:00:00,2026-01-06,17,0,lab,0,388.1,-0.006,-0.017,9.868,0,0,idle,1,0
2026-01-06 17:05:00,2026-01-06,17,5,classroom_B,0,364.0,0.065,0.04,9.801,0,0,idle,1,0
2026-01-06 17:10:00,2026-01-06,17,10,lab,1,75.6,-0.035,0.039,9.852,0,0,idle,1,0
2026-01-06 17:15:00,2026-01-06,17,15,entrance,0,227.2,-0.02,0.026,9.763,0,0,idle,1,0
2026-01-06 17:20:00,2026-01-06,17,20,classroom_B,1,32.5,0.054,0.03,9.726,0,0,idle,1,0
2026-01-06 17:25:00,2026-01-06,17,25,classroom_A,1,88.6,-1.306,0.372,8.983,0,0,standing,1,0
2026-01-06 17:30:00,2026-01-06,17,30,classroom_A,1,44.0,0.014,-0.096,9.705,0,0,idle,1,0
2026-01-06 17:35:00,2026-01-06,17,35,lab,0,394.8,-0.06,0.04,9.734,0,0,idle,1,0
2026-01-06 17:40:00,2026-01-06,17,40,lab,1,64.0,1.832,-1.32,9.702,0,0,walking,1,0
2026-01-06 17:45:00,2026-01-06,17,45,classroom_B,0,298.8,-0.055,-0.059,9.889,0,0,idle,1,0
2026-01-06 17:50:00,2026-01-06,17,50,classroom_A,1,54.5,1.425,0.4,10.986,0,0,standing,1,0
2026-01-06 17:55:00,2026-01-06,17,55,entrance,1,23.1,-0.953,0.471,10.722,0,0,standing,1,0
2026-01-06 18:00:00,2026-01-06,18,0,classroom_B,1,22.0,0.039,0.037,9.843,0,0,idle,0,1
2026-01-06 18:05:00,2026-01-06,18,5,classroom_B,0,311.4,-0.09,0.086,9.794,0,0,idle,0,0
2026-01-06 18:10:00,2026-01-06,18,10,entrance,0,387.9,0.093,0.02,9.85,0,0,idle,0,0
2026-01-06 18:15:00,2026-01-06,18,15,classroom_A,1,55.4,0.096,0.034,9.726,0,1,idle,0,1
2026-01-06 18:20:00,2026-01-06,18,20,classroom_B,0,300.7,0.086,0.076,9.726,0,0,idle,0,0
2026-01-06 18:25:00,2026-01-06,18,25,lab,0,286.6,-0.048,-0.037,9.896,0,0,idle,0,0
2026-01-06 18:30:00,2026-01-06,18,30,classroom_B,0,367.0,0.05,0.085,9.757,0,0,idle,0,0
2026-01-06 18:35:00,2026-01-06,18,35,classroom_B,0,352.3,-0.047,-0.037,9.879,0,0,idle,0,0
2026-01-06 18:40:00,2026-01-06,18,40,lab,0,298.3,0.09,0.011,9.885,0,0,idle,0,0
2026-01-06 18:45:00,2026-01-06,18,45,lab,0,229.7,-0.054,-0.093,9.752,0,0,idle,0,0
2026-01-06 18:50:00,2026-01-06,18,50,library,0,399.0,0.085,-0.092,9.771,0,0,idle,0,0
2026-01-06 18:55:00,2026-01-06,18,55,entrance,0,298.6,0.069,0.073,9.725,0,0,idle,0,0
2026-01-06 19:00:00,2026-01-06,19,0,library,0,256.8,0.067,0.05,9.865,0,0,idle,0,0
2026-01-06 19:05:00,2026-01-06,19,5,library,0,317.1,0.017,0.094,9.805,0,0,idle,0,0
2026-01-06 19:10:00,2026-01-06,19,10,classroom_B,0,384.1,-0.051,-0.0,9.719,0,0,idle,0,0
2026-01-06 19:15:00,2026-01-06,19,15,entrance,1,71.3,-0.021,0.018,9.89,0,0,idle,0,1
2026-01-06 19:20:00,2026-01-06,19,20,entrance,0,341.5,-0.004,0.026,9.754,0,0,idle,0,0
2026-01-06 19:25:00,2026-01-06,19,25,library,0,208.8,0.024,-0.009,9.889,0,0,idle,0,0
2026-01-06 19:30:00,2026-01-06,19,30,entrance,0,372.7,0.06,-0.043,9.86,0,0,idle,0,0
2026-01-06 19:35:00,2026-01-06,19,35,lab,0,320.5,-0.081,-0.049,9.748,0,0,idle,0,0
2026-01-06 19:40:00,2026-01-06,19,40,classroom_A,0,370.5,-0.067,0.056,9.757,0,0,idle,0,0
2026-01-06 19:45:00,2026-01-06,19,45,library,0,298.2,-0.014,0.061,9.762,0,0,idle,0,0
2026-01-06 19:50:00,2026-01-06,19,50,lab,0,333.1,0.066,0.003,9.798,0,0,idle,0,0
2026-01-06 19:55:00,2026-01-06,19,55,library,0,312.6,-0.015,0.051,9.862,0,0,idle,0,0
2026-01-06 20:00:00,2026-01-06,20,0,classroom_A,0,326.1,-0.081,0.003,9.895,0,0,idle,0,0
2026-01-06 20:05:00,2026-01-06,20,5,entrance,0,342.7,0.086,0.005,9.829,0,0,idle,0,0
2026-01-06 20:10:00,2026-01-06,20,10,classroom_A,0,287.5,0.081,-0.004,9.73,0,0,idle,0,0
2026-01-06 20:15:00,2026-01-06,20,15,library,0,260.1,-0.05,-0.014,9.814,0,0,idle,0,0
2026-01-06 20:20:00,2026-01-06,20,20,library,0,209.0,-0.078,-0.015,9.719,0,0,idle,0,0
2026-01-06 20:25:00,2026-01-06,20,25,lab,0,271.1,0.017,0.054,9.703,0,0,idle,0,0
2026-01-06 20:30:00,2026-01-06,20,30,classroom_B,0,236.4,-0.021,-0.083,9.875,0,0,idle,0,0
2026-01-06 20:35:00,2026-01-06,20,35,classroom_B,0,344.8,0.051,-0.01,9.862,0,0,idle,0,0
2026-01-06 20:40:00,2026-01-06,20,40,library,0,374.3,-0.063,-0.063,9.849,0,0,idle,0,0
2026-01-06 20:45:00,2026-01-06,20,45,entrance,0,334.7,-0.013,-0.096,9.779,0,0,idle,0,0
2026-01-06 20:50:00,2026-01-06,20,50,library,0,295.4,0.038,0.074,9.893,0,0,idle,0,0
2026-01-06 20:55:00,2026-01-06,20,55,lab,0,260.6,0.063,0.023,9.838,0,0,idle,0,0
2026-01-06 21:00:00,2026-01-06,21,0,classroom_A,0,217.5,-0.073,-0.062,9.863,0,0,idle,0,0
2026-01-06 21:05:00,2026-01-06,21,5,library,0,241.8,0.03,0.03,9.787,0,0,idle,0,0
2026-01-06 21:10:00,2026-01-06,21,10,classroom_A,0,260.2,-0.007,-0.005,9.704,0,0,idle,0,0
2026-01-06 21:15:00,2026-01-06,21,15,lab,0,347.8,-0.011,-0.003,9.704,0,0,idle,0,0
2026-01-06 21:20:00,2026-01-06,21,20,entrance,0,240.3,0.014,0.067,9.71,0,0,idle,0,0
2026-01-06 21:25:00,2026-01-06,21,25,library,0,369.5,-0.014,-0.017,9.799,0,0,idle,0,0
2026-01-06 21:30:00,2026-01-06,21,30,library,0,310.9,-0.042,-0.003,9.797,0,0,idle,0,0
2026-01-06 21:35:00,2026-01-06,21,35,entrance,0,387.1,0.081,0.074,9.746,0,0,idle,0,0
2026-01-06 21:40:00,2026-01-06,21,40,lab,0,284.4,-0.037,-0.087,9.879,0,0,idle,0,0
2026-01-06 21:45:00,2026-01-06,21,45,lab,0,223.4,0.025,0.029,9.79,0,0,idle,0,0
2026-01-06 21:50:00,2026-01-06,21,50,lab,1,35.9,-0.625,-1.072,8.659,0,0,standing,0,1
2026-01-06 21:55:00,2026-01-06,21,55,classroom_B,0,258.7,0.042,0.092,9.867,0,0,idle,0,0
2026-01-07 07:00:00,2026-01-07,7,0,entrance,0,360.0,0.069,0.024,9.756,0,0,idle,0,0
2026-01-07 07:05:00,2026-01-07,7,5,lab,0,225.8,-0.06,0.021,9.72,0,0,idle,0,0
2026-01-07 07:10:00,2026-01-07,7,10,classroom_B,0,298.7,-0.053,0.011,9.9,0,0,idle,0,0
2026-01-07 07:15:00,2026-01-07,7,15,entrance,0,271.4,-0.068,0.066,9.879,0,0,idle,0,0
2026-01-07 07:20:00,2026-01-07,7,20,lab,0,267.5,-0.077,-0.055,9.812,0,0,idle,0,0
2026-01-07 07:25:00,2026-01-07,7,25,classroom_B,0,268.1,-0.029,-0.091,9.876,0,0,idle,0,0
2026-01-07 07:30:00,2026-01-07,7,30,entrance,0,370.7,0.075,0.021,9.721,0,0,idle,0,0
2026-01-07 07:35:00,2026-01-07,7,35,entrance,0,287.6,-0.009,0.068,9.722,0,0,idle,0,0
2026-01-07 07:40:00,2026-01-07,7,40,library,0,321.9,0.072,-0.08,9.812,0,0,idle,0,0
2026-01-07 07:45:00,2026-01-07,7,45,classroom_B,0,326.0,0.074,0.082,9.731,0,0,idle,0,0
2026-01-07 07:50:00,2026-01-07,7,50,classroom_B,0,352.4,-0.0,0.074,9.731,0,0,idle,0,0
2026-01-07 07:55:00,2026-01-07,7,55,entrance,0,227.6,0.07,-0.012,9.783,0,0,idle,0,0
2026-01-07 08:00:00,2026-01-07,8,0,classroom_A,1,82.8,0.001,-0.083,9.774,0,0,idle,1,0
2026-01-07 08:05:00,2026-01-07,8,5,library,1,77.8,-0.054,0.06,9.783,0,0,idle,1,0
2026-01-07 08:10:00,2026-01-07,8,10,library,0,272.4,-0.094,-0.071,9.702,0,0,idle,1,0
2026-01-07 08:15:00,2026-01-07,8,15,entrance,0,217.0,-0.037,0.096,9.733,0,0,idle,1,0
2026-01-07 08:20:00,2026-01-07,8,20,library,1,13.3,-0.07,0.015,9.896,0,0,idle,1,0
2026-01-07 08:25:00,2026-01-07,8,25,classroom_B,0,283.9,0.077,0.04,9.875,0,0,idle,1,0
2026-01-07 08:30:00,2026-01-07,8,30,lab,0,201.6,-0.044,0.006,9.884,0,0,idle,1,0
2026-01-07 08:35:00,2026-01-07,8,35,lab,1,28.5,0.058,0.03,9.839,0,0,idle,1,0
2026-01-07 08:40:00,2026-01-07,8,40,classroom_A,0,376.2,-0.083,0.007,9.778,0,0,idle,1,0
2026-01-07 08:45:00,2026-01-07,8,45,library,1,58.7,0.047,-0.751,9.022,1,0,walking,1,0
2026-01-07 08:50:00,2026-01-07,8,50,library,1,31.7,0.045,0.097,9.722,1,0,idle,1,0
2026-01-07 08:55:00,2026-01-07,8,55,library,1,14.3,-0.075,-0.04,9.847,0,0,idle,1,0
2026-01-07 09:00:00,2026-01-07,9,0,library,1,90.5,0.007,0.019,9.77,0,0,idle,1,0
2026-01-07 09:05:00,2026-01-07,9,5,entrance,1,74.3,-0.05,-0.034,9.816,0,0,idle,1,0
2026-01-07 09:10:00,2026-01-07,9,10,library,1,48.3,-0.082,-0.015,9.726,0,1,idle,1,0
2026-01-07 09:15:00,2026-01-07,9,15,lab,1,60.3,0.074,0.017,9.827,0,0,idle,1,0
2026-01-07 09:20:00,2026-01-07,9,20,lab,0,283.4,-0.067,0.001,9.797,0,0,idle,1,0
2026-01-07 09:25:00,2026-01-07,9,25,classroom_B,1,73.4,-0.076,-0.057,9.795,0,0,idle,1,0
2026-01-07 09:30:00,2026-01-07,9,30,classroom_B,0,223.8,0.07,-0.078,9.774,0,0,idle,1,0
2026-01-07 09:35:00,2026-01-07,9,35,library,1,23.8,0.098,-0.039,9.797,0,0,idle,1,0
2026-01-07 09:40:00,2026-01-07,9,40,entrance,1,94.3,-0.043,-0.063,9.848,1,0,idle,1,0
2026-01-07 09:45:00,2026-01-07,9,45,lab,0,283.5,0.015,0.013,9.88,0,0,idle,1,0
2026-01-07 09:50:00,2026-01-07,9,50,classroom_B,1,74.8,0.052,0.001,9.792,0,0,idle,1,0
2026-01-07 09:55:00,2026-01-07,9,55,lab,1,66.2,-0.023,0.08,9.768,1,0,idle,1,0
2026-01-07 10:00:00,2026-01-07,10,0,classroom_B,0,329.2,0.073,0.041,9.814,0,0,idle,1,0
2026-01-07 10:05:00,2026-01-07,10,5,classroom_A,1,21.1,-0.062,0.024,9.815,1,0,idle,1,0
2026-01-07 10:10:00,2026-01-07,10,10,entrance,0,300.5,-0.096,0.032,9.806,0,0,idle,1,0
2026-01-07 10:15:00,2026-01-07,10,15,library,1,28.5,0.068,0.016,9.717,0,0,idle,1,0
2026-01-07 10:20:00,2026-01-07,10,20,entrance,1,87.6,-0.252,-0.34,10.579,0,1,standing,1,0
2026-01-07 10:25:00,2026-01-07,10,25,classroom_A,1,35.7,1.073,-1.383,10.856,1,0,walking,1,0
2026-01-07 10:30:00,2026-01-07,10,30,entrance,1,15.3,-0.036,-0.017,9.765,0,0,idle,1,0
2026-01-07 10:35:00,2026-01-07,10,35,classroom_B,1,31.6,-0.053,0.002,9.801,0,0,idle,1,0
2026-01-07 10:40:00,2026-01-07,10,40,entrance,1,46.6,-0.019,-0.053,9.877,0,0,idle,1,0
2026-01-07 10:45:00,2026-01-07,10,45,classroom_A,1,59.9,-0.039,-0.019,9.717,0,0,idle,1,0
2026-01-07 10:50:00,2026-01-07,10,50,lab,1,98.7,0.008,-0.015,9.882,0,1,idle,1,0
2026-01-07 10:55:00,2026-01-07,10,55,lab,0,324.1,0.031,-0.067,9.712,0,0,idle,1,0
2026-01-07 11:00:00,2026-01-07,11,0,classroom_A,1,32.6,0.1,0.068,9.743,0,0,idle,1,0
2026-01-07 11:05:00,2026-01-07,11,5,classroom_A,0,312.6,-0.04,-0.021,9.725,0,0,idle,1,0
2026-01-07 11:10:00,2026-01-07,11,10,classroom_B,0,399.8,0.076,-0.058,9.801,0,0,idle,1,0
2026-01-07 11:15:00,2026-01-07,11,15,classroom_B,0,389.1,0.027,0.096,9.842,0,0,idle,1,0
2026-01-07 11:20:00,2026-01-07,11,20,entrance,1,98.5,-0.008,0.02,9.703,0,0,idle,1,0
2026-01-07 11:25:00,2026-01-07,11,25,entrance,1,10.4,-1.306,0.223,10.089,0,0,sitting,1,0
2026-01-07 11:30:00,2026-01-07,11,30,lab,1,90.3,-0.011,-0.075,9.894,0,0,idle,1,0
2026-01-07 11:35:00,2026-01-07,11,35,entrance,1,79.1,-0.098,-0.007,9.887,0,0,idle,1,0
2026-01-07 11:40:00,2026-01-07,11,40,classroom_B,0,336.1,0.042,-0.062,9.863,0,0,idle,1,0
2026-01-07 11:45:00,2026-01-07,11,45,lab,0,244.2,0.096,0.093,9.707,0,0,idle,1,0
2026-01-07 11:50:00,2026-01-07,11,50,lab,0,341.4,-0.058,-0.061,9.864,0,0,idle,1,0
2026-01-07 11:55:00,2026-01-07,11,55,classroom_A,1,35.0,-0.066,-0.061,9.848,0,0,idle,1,0
2026-01-07 12:00:00,2026-01-07,12,0,entrance,1,21.5,-0.962,0.28,8.684,0,0,running,1,0
2026-01-07 12:05:00,2026-01-07,12,5,lab,0,338.6,0.007,-0.049,9.812,0,0,idle,1,0
2026-01-07 12:10:00,2026-01-07,12,10,entrance,1,48.4,0.03,0.071,9.765,0,0,idle,1,0
2026-01-07 12:15:00,2026-01-07,12,15,lab,1,52.0,0.052,0.077,9.745,0,0,idle,1,0
2026-01-07 12:20:00,2026-01-07,12,20,entrance,1,45.3,0.076,0.062,9.898,0,0,idle,1,0
2026-01-07 12:25:00,2026-01-07,12,25,entrance,0,239.4,-0.034,-0.087,9.825,0,0,idle,1,0
2026-01-07 12:30:00,2026-01-07,12,30,classroom_B,1,82.7,0.025,-0.033,9.75,1,0,idle,1,0
2026-01-07 12:35:00,2026-01-07,12,35,library,0,364.3,0.004,-0.053,9.715,0,0,idle,1,0
2026-01-07 12:40:00,2026-01-07,12,40,entrance,1,78.8,0.016,-0.083,9.712,1,0,idle,1,0
2026-01-07 12:45:00,2026-01-07,12,45,lab,0,212.4,0.06,-0.089,9.822,0,0,idle,1,0
2026-01-07 12:50:00,2026-01-07,12,50,library,1,71.0,-0.041,-0.024,9.719,0,0,idle,1,0
2026-01-07 12:55:00,2026-01-07,12,55,library,0,324.8,-0.009,-0.007,9.786,0,0,idle,1,0
2026-01-07 13:00:00,2026-01-07,13,0,library,1,40.6,0.057,-0.009,9.766,0,0,idle,1,0
2026-01-07 13:05:00,2026-01-07,13,5,library,0,318.6,0.068,0.081,9.725,0,0,idle,1,0
2026-01-07 13:10:00,2026-01-07,13,10,lab,1,47.9,-0.011,-0.051,9.859,1,0,idle,1,0
2026-01-07 13:15:00,2026-01-07,13,15,classroom_B,1,68.7,0.017,0.008,9.729,0,0,idle,1,0
2026-01-07 13:20:00,2026-01-07,13,20,lab,1,10.7,0.036,-0.089,9.801,0,0,idle,1,0
2026-01-07 13:25:00,2026-01-07,13,25,lab,1,97.9,-0.06,-0.086,9.738,0,0,idle,1,0
2026-01-07 13:30:00,2026-01-07,13,30,entrance,1,39.8,0.093,0.023,9.784,0,0,idle,1,0
2026-01-07 13:35:00,2026-01-07,13,35,classroom_B,1,92.8,0.039,-0.007,9.743,0,0,idle,1,0
2026-01-07 13:40:00,2026-01-07,13,40,entrance,0,275.2,-0.02,0.065,9.701,0,0,idle,1,0
2026-01-07 13:45:00,2026-01-07,13,45,classroom_A,1,12.7,-0.838,-1.222,9.757,1,1,standing,1,0
2026-01-07 13:50:00,2026-01-07,13,50,entrance,1,29.7,-1.303,1.39,8.738,1,0,walking,1,0
2026-01-07 13:55:00,2026-01-07,13,55,classroom_B,1,71.0,0.057,-0.078,9.887,0,0,idle,1,0
2026-01-07 14:00:00,2026-01-07,14,0,classroom_A,1,94.7,0.1,0.076,9.876,1,0,idle,1,0
2026-01-07 14:05:00,2026-01-07,14,5,classroom_A,0,238.3,-0.024,-0.025,9.82,0,0,idle,1,0
2026-01-07 14:10:00,2026-01-07,14,10,classroom_A,0,352.6,0.017,0.071,9.759,0,0,idle,1,0
2026-01-07 14:15:00,2026-01-07,14,15,entrance,1,14.8,0.075,0.07,9.894,0,0,idle,1,0
2026-01-07 14:20:00,2026-01-07,14,20,library,0,358.2,0.023,-0.067,9.778,0,0,idle,1,0
2026-01-07 14:25:00,2026-01-07,14,25,library,1,56.7,0.85,0.102,9.45,0,0,sitting,1,0
2026-01-07 14:30:00,2026-01-07,14,30,classroom_A,1,28.6,-0.01,-0.053,9.744,0,0,idle,1,0
2026-01-07 14:35:00,2026-01-07,14,35,lab,0,274.8,0.01,-0.073,9.717,0,0,idle,1,0
2026-01-07 14:40:00,2026-01-07,14,40,classroom_B,1,30.7,0.049,-0.655,9.353,0,0,sitting,1,0
2026-01-07 14:45:00,2026-01-07,14,45,library,1,12.2,-0.047,-0.085,9.88,0,0,idle,1,0
2026-01-07 14:50:00,2026-01-07,14,50,classroom_B,1,80.7,-0.08,-0.086,9.708,0,0,idle,1,0
2026-01-07 14:55:00,2026-01-07,14,55,library,1,77.1,0.069,-0.062,9.821,1,0,idle,1,0
2026-01-07 15:00:00,2026-01-07,15,0,lab,0,201.7,-0.04,0.064,9.857,0,0,idle,1,0
2026-01-07 15:05:00,2026-01-07,15,5,classroom_A,0,364.4,0.052,-0.098,9.831,0,0,idle,1,0
2026-01-07 15:10:00,2026-01-07,15,10,library,0,245.5,0.045,-0.058,9.747,0,0,idle,1,0
2026-01-07 15:15:00,2026-01-07,15,15,classroom_B,0,351.5,0.045,-0.008,9.858,0,0,idle,1,0
2026-01-07 15:20:00,2026-01-07,15,20,library,0,285.8,0.088,-0.016,9.788,0,0,idle,1,0
2026-01-07 15:25:00,2026-01-07,15,25,classroom_A,1,22.5,-0.039,0.048,9.8,0,0,idle,1,0
2026-01-07 15:30:00,2026-01-07,15,30,classroom_A,1,71.7,0.056,0.008,9.765,1,0,idle,1,0
2026-01-07 15:35:00,2026-01-07,15,35,classroom_A,1,95.7,0.026,0.021,9.822,0,0,idle,1,0
2026-01-07 15:40:00,2026-01-07,15,40,lab,0,212.7,-0.023,-0.005,9.766,0,0,idle,1,0
2026-01-07 15:45:00,2026-01-07,15,45,entrance,1,37.4,0.7,-1.289,10.479,0,0,running,1,0
2026-01-07 15:50:00,2026-01-07,15,50,lab,0,277.2,-0.059,-0.042,9.805,0,0,idle,1,0
2026-01-07 15:55:00,2026-01-07,15,55,entrance,1,56.7,1.439,-0.357,8.471,1,0,walking,1,0
2026-01-07 16:00:00,2026-01-07,16,0,classroom_B,1,91.3,1.482,-0.761,10.454,0,0,sitting,1,0
2026-01-07 16:05:00,2026-01-07,16,5,classroom_A,1,55.2,-0.045,-0.099,9.729,1,0,idle,1,0
2026-01-07 16:10:00,2026-01-07,16,10,lab,1,91.9,-0.008,0.015,9.847,0,0,idle,1,0
2026-01-07 16:15:00,2026-01-07,16,15,library,1,85.8,-0.022,0.065,9.87,0,0,idle,1,0
2026-01-07 16:20:00,2026-01-07,16,20,lab,0,291.6,0.082,-0.063,9.814,0,0,idle,1,0
2026-01-07 16:25:00,2026-01-07,16,25,classroom_A,1,13.9,-0.068,0.077,9.808,0,1,idle,1,0
2026-01-07 16:30:00,2026-01-07,16,30,entrance,0,282.3,0.052,-0.076,9.774,0,0,idle,1,0
2026-01-07 16:35:00,2026-01-07,16,35,lab,1,80.2,-0.067,-0.059,9.709,1,0,idle,1,0
2026-01-07 16:40:00,2026-01-07,16,40,lab,1,77.1,-0.021,-0.098,9.723,0,0,idle,1,0
2026-01-07 16:45:00,2026-01-07,16,45,classroom_A,1,16.1,-0.052,0.09,9.728,0,0,idle,1,0
2026-01-07 16:50:00,2026-01-07,16,50,classroom_A,0,321.4,-0.065,-0.075,9.848,0,0,idle,1,0
2026-01-07 16:55:00,2026-01-07,16,55,classroom_A,1,78.7,-0.069,-0.028,9.743,1,0,idle,1,0
2026-01-07 17:00:00,2026-01-07,17,0,lab,1,14.3,0.005,0.033,9.832,1,0,idle,1,0
2026-01-07 17:05:00,2026-01-07,17,5,lab,1,10.4,0.053,0.086,9.775,0,1,idle,1,0
2026-01-07 17:10:00,2026-01-07,17,10,classroom_A,1,11.3,0.036,-0.087,9.892,1,0,idle,1,0
2026-01-07 17:15:00,2026-01-07,17,15,classroom_A,0,208.8,0.003,0.063,9.765,0,0,idle,1,0
2026-01-07 17:20:00,2026-01-07,17,20,classroom_B,1,94.1,-0.014,-0.054,9.721,0,1,idle,1,0
2026-01-07 17:25:00,2026-01-07,17,25,classroom_B,1,29.1,0.632,-0.886,9.872,1,0,walking,1,0
2026-01-07 17:30:00,2026-01-07,17,30,library,0,299.9,0.098,0.043,9.858,0,0,idle,1,0
2026-01-07 17:35:00,2026-01-07,17,35,classroom_B,1,96.3,0.096,0.039,9.836,0,0,idle,1,0
2026-01-07 17:40:00,2026-01-07,17,40,lab,1,78.6,0.096,0.033,9.714,1,0,idle,1,0
2026-01-07 17:45:00,2026-01-07,17,45,classroom_A,1,67.7,0.35,1.954,8.698,0,0,running,1,0
2026-01-07 17:50:00,2026-01-07,17,50,classroom_B,0,351.4,0.024,-0.088,9.775,0,0,idle,1,0
2026-01-07 17:55:00,2026-01-07,17,55,classroom_A,1,43.8,-0.052,0.045,9.898,0,0,idle,1,0
2026-01-07 18:00:00,2026-01-07,18,0,classroom_B,0,328.7,0.052,0.004,9.896,0,0,idle,0,0
2026-01-07 18:05:00,2026-01-07,18,5,entrance,0,245.8,0.047,-0.031,9.741,0,0,idle,0,0
2026-01-07 18:10:00,2026-01-07,18,10,library,0,333.0,-0.05,0.037,9.844,0,0,idle,0,0
2026-01-07 18:15:00,2026-01-07,18,15,lab,0,304.3,-0.063,0.026,9.713,0,0,idle,0,0
2026-01-07 18:20:00,2026-01-07,18,20,entrance,0,238.5,0.027,-0.072,9.741,0,0,idle,0,0
2026-01-07 18:25:00,2026-01-07,18,25,lab,0,309.8,0.059,-0.059,9.801,0,0,idle,0,0
2026-01-07 18:30:00,2026-01-07,18,30,classroom_A,0,262.3,0.044,-0.051,9.735,0,0,idle,0,0
2026-01-07 18:35:00,2026-01-07,18,35,lab,0,315.3,0.094,-0.06,9.872,0,0,idle,0,0
2026-01-07 18:40:00,2026-01-07,18,40,library,0,394.5,-0.02,-0.066,9.788,0,0,idle,0,0
2026-01-07 18:45:00,2026-01-07,18,45,lab,0,286.7,-0.069,0.091,9.796,0,0,idle,0,0
2026-01-07 18:50:00,2026-01-07,18,50,library,0,216.6,0.081,-0.04,9.807,0,0,idle,0,0
2026-01-07 18:55:00,2026-01-07,18,55,library,0,251.5,-0.007,-0.009,9.775,0,0,idle,0,0
2026-01-07 19:00:00,2026-01-07,19,0,entrance,0,266.6,0.043,-0.061,9.883,0,0,idle,0,0
2026-01-07 19:05:00,2026-01-07,19,5,lab,1,55.1,-0.002,0.085,9.888,0,0,idle,0,1
2026-01-07 19:10:00,2026-01-07,19,10,entrance,0,397.5,-0.086,0.077,9.898,0,0,idle,0,0
2026-01-07 19:15:00,2026-01-07,19,15,classroom_B,0,313.1,-0.061,-0.013,9.751,0,0,idle,0,0
2026-01-07 19:20:00,2026-01-07,19,20,lab,0,297.7,0.038,0.039,9.83,0,0,idle,0,0
2026-01-07 19:25:00,2026-01-07,19,25,entrance,0,248.5,-0.093,0.063,9.826,0,0,idle,0,0
2026-01-07 19:30:00,2026-01-07,19,30,classroom_B,0,329.1,-0.048,-0.009,9.836,0,0,idle,0,0
2026-01-07 19:35:00,2026-01-07,19,35,entrance,0,315.7,0.033,-0.068,9.723,0,0,idle,0,0
2026-01-07 19:40:00,2026-01-07,19,40,library,0,383.4,-0.02,0.017,9.88,0,0,idle,0,0
2026-01-07 19:45:00,2026-01-07,19,45,library,0,375.2,-0.067,-0.015,9.838,0,0,idle,0,0
2026-01-07 19:50:00,2026-01-07,19,50,entrance,0,331.7,-0.023,-0.038,9.782,0,0,idle,0,0
2026-01-07 19:55:00,2026-01-07,19,55,classroom_A,0,314.5,0.06,0.063,9.754,0,0,idle,0,0
2026-01-07 20:00:00,2026-01-07,20,0,entrance,0,279.6,-0.038,0.097,9.863,0,0,idle,0,0
2026-01-07 20:05:00,2026-01-07,20,5,lab,0,354.7,-0.016,-0.017,9.758,0,0,idle,0,0
2026-01-07 20:10:00,2026-01-07,20,10,entrance,0,274.9,0.041,-0.06,9.736,0,0,idle,0,0
2026-01-07 20:15:00,2026-01-07,20,15,classroom_A,0,362.9,-0.063,-0.088,9.737,0,0,idle,0,0
2026-01-07 20:20:00,2026-01-07,20,20,classroom_A,0,380.5,-0.018,0.025,9.825,0,0,idle,0,0
2026-01-07 20:25:00,2026-01-07,20,25,classroom_A,0,217.1,-0.075,-0.087,9.706,0,0,idle,0,0
2026-01-07 20:30:00,2026-01-07,20,30,entrance,0,334.6,-0.08,-0.088,9.85,0,0,idle,0,0
2026-01-07 20:35:00,2026-01-07,20,35,lab,0,357.8,-0.092,-0.058,9.858,0,0,idle,0,0
2026-01-07 20:40:00,2026-01-07,20,40,classroom_B,0,397.4,0.052,0.086,9.795,0,0,idle,0,0
2026-01-07 20:45:00,2026-01-07,20,45,classroom_A,0,267.3,0.036,-0.031,9.763,0,0,idle,0,0
2026-01-07 20:50:00,2026-01-07,20,50,classroom_B,0,333.0,-0.024,-0.089,9.771,0,0,idle,0,0
2026-01-07 20:55:00,2026-01-07,20,55,classroom_A,0,200.6,0.074,-0.02,9.867,0,0,idle,0,0
2026-01-07 21:00:00,2026-01-07,21,0,lab,1,21.1,0.09,0.05,9.75,0,0,idle,0,1
2026-01-07 21:05:00,2026-01-07,21,5,classroom_B,0,332.0,-0.099,0.028,9.888,0,0,idle,0,0
2026-01-07 21:10:00,2026-01-07,21,10,entrance,1,42.4,1.23,-0.698,9.333,0,0,running,0,1
2026-01-07 21:15:00,2026-01-07,21,15,entrance,0,387.8,0.088,-0.005,9.832,0,0,idle,0,0
2026-01-07 21:20:00,2026-01-07,21,20,library,0,258.8,-0.061,-0.071,9.804,0,0,idle,0,0
2026-01-07 21:25:00,2026-01-07,21,25,library,0,343.3,-0.094,-0.0,9.717,0,0,idle,0,0
2026-01-07 21:30:00,2026-01-07,21,30,library,0,293.4,0.079,0.091,9.796,0,0,idle,0,0
2026-01-07 21:35:00,2026-01-07,21,35,lab,0,242.3,0.051,0.032,9.718,0,0,idle,0,0
2026-01-07 21:40:00,2026-01-07,21,40,classroom_B,0,205.8,0.086,-0.035,9.777,0,0,idle,0,0
2026-01-07 21:45:00,2026-01-07,21,45,classroom_A,0,251.5,-0.005,0.08,9.725,0,0,idle,0,0
2026-01-07 21:50:00,2026-01-07,21,50,classroom_A,0,326.7,-0.002,0.059,9.767,0,0,idle,0,0
2026-01-07 21:55:00,2026-01-07,21,55,lab,0,353.3,0.02,0.029,9.775,0,0,idle,0,0
2026-01-08 07:00:00,2026-01-08,7,0,classroom_B,0,357.0,0.093,-0.013,9.747,0,0,idle,0,0
2026-01-08 07:05:00,2026-01-08,7,5,entrance,0,217.5,-0.082,0.048,9.887,0,0,idle,0,0
2026-01-08 07:10:00,2026-01-08,7,10,classroom_B,0,225.5,-0.037,-0.024,9.847,0,0,idle,0,0
2026-01-08 07:15:00,2026-01-08,7,15,classroom_B,0,307.1,0.069,0.096,9.764,0,0,idle,0,0
2026-01-08 07:20:00,2026-01-08,7,20,entrance,0,386.8,-0.075,0.033,9.818,0,0,idle,0,0
2026-01-08 07:25:00,2026-01-08,7,25,classroom_A,0,307.7,-0.008,-0.071,9.889,0,0,idle,0,0
2026-01-08 07:30:00,2026-01-08,7,30,entrance,0,291.2,0.02,-0.071,9.833,0,0,idle,0,0
2026-01-08 07:35:00,2026-01-08,7,35,library,0,261.8,0.098,-0.075,9.899,0,0,idle,0,0
2026-01-08 07:40:00,2026-01-08,7,40,classroom_B,0,365.7,-0.001,0.041,9.775,0,0,idle,0,0
2026-01-08 07:45:00,2026-01-08,7,45,entrance,0,343.4,0.07,0.087,9.745,0,0,idle,0,0
2026-01-08 07:50:00,2026-01-08,7,50,classroom_A,0,355.2,0.071,0.045,9.76,0,0,idle,0,0
2026-01-08 07:55:00,2026-01-08,7,55,lab,0,309.6,-0.033,0.036,9.898,0,0,idle,0,0
2026-01-08 08:00:00,2026-01-08,8,0,library,1,57.5,0.786,-1.22,10.569,1,0,sitting,1,0
2026-01-08 08:05:00,2026-01-08,8,5,library,0,210.8,0.087,-0.039,9.831,0,0,idle,1,0
2026-01-08 08:10:00,2026-01-08,8,10,entrance,1,72.6,-1.421,-1.127,10.245,0,0,walking,1,0
2026-01-08 08:15:00,2026-01-08,8,15,classroom_A,1,99.0,1.802,-0.292,10.525,1,0,walking,1,0
2026-01-08 08:20:00,2026-01-08,8,20,classroom_A,0,223.5,0.003,-0.032,9.787,0,0,idle,1,0
2026-01-08 08:25:00,2026-01-08,8,25,entrance,1,46.4,-1.037,-0.045,10.064,0,0,walking,1,0
2026-01-08 08:30:00,2026-01-08,8,30,classroom_B,0,373.0,0.03,-0.045,9.831,0,0,idle,1,0
2026-01-08 08:35:00,2026-01-08,8,35,classroom_B,1,20.5,0.566,1.634,8.675,0,0,running,1,0
2026-01-08 08:40:00,2026-01-08,8,40,classroom_B,1,18.5,-0.023,0.1,9.841,0,0,idle,1,0
2026-01-08 08:45:00,2026-01-08,8,45,library,1,91.8,-0.063,0.063,9.704,0,0,idle,1,0
2026-01-08 08:50:00,2026-01-08,8,50,entrance,1,56.7,0.043,0.058,9.725,0,0,idle,1,0
2026-01-08 08:55:00,2026-01-08,8,55,entrance,1,63.9,0.219,1.202,8.369,0,0,walking,1,0
2026-01-08 09:00:00,2026-01-08,9,0,entrance,1,86.6,1.92,0.025,9.091,0,0,running,1,0
2026-01-08 09:05:00,2026-01-08,9,5,classroom_B,1,14.2,0.081,-0.041,9.807,1,0,idle,1,0
2026-01-08 09:10:00,2026-01-08,9,10,classroom_A,1,98.7,0.008,-0.058,9.72,0,0,idle,1,0
2026-01-08 09:15:00,2026-01-08,9,15,entrance,1,87.0,-1.463,0.208,9.775,1,0,standing,1,0
2026-01-08 09:20:00,2026-01-08,9,20,classroom_A,1,33.5,-0.067,-0.009,9.889,0,0,idle,1,0
2026-01-08 09:25:00,2026-01-08,9,25,library,1,16.4,0.099,0.039,9.739,0,0,idle,1,0
2026-01-08 09:30:00,2026-01-08,9,30,library,1,47.8,1.97,-0.265,8.078,0,0,running,1,0
2026-01-08 09:35:00,2026-01-08,9,35,classroom_B,1,59.4,0.561,-0.549,9.001,1,0,standing,1,0
2026-01-08 09:40:00,2026-01-08,9,40,classroom_B,1,43.9,-0.024,-0.079,9.885,0,0,idle,1,0
2026-01-08 09:45:00,2026-01-08,9,45,classroom_A,1,82.6,-0.604,0.289,8.846,0,0,standing,1,0
2026-01-08 09:50:00,2026-01-08,9,50,lab,1,77.7,1.224,0.711,10.366,0,0,running,1,0
2026-01-08 09:55:00,2026-01-08,9,55,classroom_B,1,33.3,0.043,0.032,9.729,0,0,idle,1,0
2026-01-08 10:00:00,2026-01-08,10,0,classroom_B,0,249.8,0.022,0.041,9.737,0,0,idle,1,0
2026-01-08 10:05:00,2026-01-08,10,5,classroom_A,0,300.4,-0.045,-0.014,9.888,0,0,idle,1,0
2026-01-08 10:10:00,2026-01-08,10,10,entrance,1,87.2,-0.019,-0.037,9.718,1,0,idle,1,0
2026-01-08 10:15:00,2026-01-08,10,15,library,1,15.2,0.011,-0.001,9.875,0,0,idle,1,0
2026-01-08 10:20:00,2026-01-08,10,20,library,0,227.3,-0.0,0.037,9.835,0,0,idle,1,0
2026-01-08 10:25:00,2026-01-08,10,25,classroom_A,1,46.5,0.082,0.049,9.843,0,0,idle,1,0
2026-01-08 10:30:00,2026-01-08,10,30,library,0,332.2,0.084,0.1,9.889,0,0,idle,1,0
2026-01-08 10:35:00,2026-01-08,10,35,library,1,50.4,1.721,1.055,10.711,1,0,walking,1,0
2026-01-08 10:40:00,2026-01-08,10,40,entrance,1,14.6,-0.066,0.094,9.768,0,0,idle,1,0
2026-01-08 10:45:00,2026-01-08,10,45,library,1,53.5,-1.991,0.525,9.181,0,0,standing,1,0
2026-01-08 10:50:00,2026-01-08,10,50,classroom_B,0,207.1,-0.007,0.024,9.798,0,0,idle,1,0
2026-01-08 10:55:00,2026-01-08,10,55,lab,1,51.4,-1.571,-0.601,10.167,0,0,sitting,1,0
2026-01-08 11:00:00,2026-01-08,11,0,lab,1,57.6,-0.018,0.083,9.701,0,0,idle,1,0
2026-01-08 11:05:00,2026-01-08,11,5,classroom_A,1,36.9,-0.064,0.062,9.722,0,0,idle,1,0
2026-01-08 11:10:00,2026-01-08,11,10,classroom_B,1,77.2,1.534,0.837,8.332,1,0,standing,1,0
2026-01-08 11:15:00,2026-01-08,11,15,classroom_B,0,232.1,-0.06,-0.004,9.833,0,0,idle,1,0
2026-01-08 11:20:00,2026-01-08,11,20,lab,1,54.0,0.036,-0.075,9.85,0,0,idle,1,0
2026-01-08 11:25:00,2026-01-08,11,25,classroom_B,1,96.2,-0.075,-0.031,9.703,0,1,idle,1,0
2026-01-08 11:30:00,2026-01-08,11,30,library,1,63.7,-0.079,-0.871,8.248,0,0,sitting,1,0
2026-01-08 11:35:00,2026-01-08,11,35,entrance,1,35.3,-0.946,0.804,9.999,0,0,sitting,1,0
2026-01-08 11:40:00,2026-01-08,11,40,classroom_A,0,300.5,-0.064,0.099,9.818,0,0,idle,1,0
2026-01-08 11:45:00,2026-01-08,11,45,lab,1,21.9,1.962,1.716,9.279,0,0,running,1,0
2026-01-08 11:50:00,2026-01-08,11,50,classroom_B,1,37.6,-0.054,-0.033,9.796,0,0,idle,1,0
2026-01-08 11:55:00,2026-01-08,11,55,classroom_B,1,42.7,0.042,-0.051,9.879,0,1,idle,1,0
2026-01-08 12:00:00,2026-01-08,12,0,entrance,1,52.5,-0.08,-0.063,9.89,0,0,idle,1,0
2026-01-08 12:05:00,2026-01-08,12,5,library,1,71.5,-0.074,-0.028,9.862,0,0,idle,1,0
2026-01-08 12:10:00,2026-01-08,12,10,classroom_A,1,68.5,-0.464,1.549,8.391,1,0,running,1,0
2026-01-08 12:15:00,2026-01-08,12,15,classroom_A,1,50.1,1.767,0.476,8.904,0,0,sitting,1,0
2026-01-08 12:20:00,2026-01-08,12,20,classroom_B,1,27.3,-0.049,0.075,9.871,0,0,idle,1,0
2026-01-08 12:25:00,2026-01-08,12,25,library,1,74.6,-0.086,-0.016,9.886,0,1,idle,1,0
2026-01-08 12:30:00,2026-01-08,12,30,library,1,97.1,1.823,-1.757,10.917,0,0,walking,1,0
2026-01-08 12:35:00,2026-01-08,12,35,lab,0,394.3,-0.067,0.05,9.777,0,0,idle,1,0
2026-01-08 12:40:00,2026-01-08,12,40,library,1,34.4,-1.36,-1.129,10.09,0,0,running,1,0
2026-01-08 12:45:00,2026-01-08,12,45,classroom_A,1,86.7,-0.926,-1.524,8.672,0,1,running,1,0
2026-01-08 12:50:00,2026-01-08,12,50,classroom_A,0,255.6,-0.073,0.075,9.71,0,0,idle,1,0
2026-01-08 12:55:00,2026-01-08,12,55,classroom_B,0,242.0,-0.077,0.03,9.827,0,0,idle,1,0
2026-01-08 13:00:00,2026-01-08,13,0,entrance,1,95.2,-0.047,-0.073,9.88,0,0,idle,1,0
2026-01-08 13:05:00,2026-01-08,13,5,library,0,243.9,0.093,-0.065,9.894,0,0,idle,1,0
2026-01-08 13:10:00,2026-01-08,13,10,library,1,88.1,0.017,0.045,9.838,0,0,idle,1,0
2026-01-08 13:15:00,2026-01-08,13,15,lab,1,83.5,-0.925,0.327,10.423,0,0,sitting,1,0
2026-01-08 13:20:00,2026-01-08,13,20,classroom_A,1,91.2,-1.274,-1.26,10.587,0,0,walking,1,0
2026-01-08 13:25:00,2026-01-08,13,25,lab,1,11.9,-1.289,-0.423,9.823,1,0,walking,1,0
2026-01-08 13:30:00,2026-01-08,13,30,entrance,0,394.1,-0.08,0.005,9.845,0,0,idle,1,0
2026-01-08 13:35:00,2026-01-08,13,35,classroom_B,1,44.0,1.306,1.054,9.933,1,0,walking,1,0
2026-01-08 13:40:00,2026-01-08,13,40,classroom_A,1,66.5,1.865,1.83,8.319,0,1,standing,1,0
2026-01-08 13:45:00,2026-01-08,13,45,library,1,60.7,-0.067,-0.034,9.731,1,0,idle,1,0
2026-01-08 13:50:00,2026-01-08,13,50,classroom_A,1,84.2,-0.813,0.046,10.509,1,0,walking,1,0
2026-01-08 13:55:00,2026-01-08,13,55,entrance,1,23.3,-0.055,0.076,9.777,0,0,idle,1,0
2026-01-08 14:00:00,2026-01-08,14,0,entrance,1,99.2,1.826,-0.873,8.229,1,0,standing,1,0
2026-01-08 14:05:00,2026-01-08,14,5,lab,0,320.9,-0.064,0.006,9.82,0,0,idle,1,0
2026-01-08 14:10:00,2026-01-08,14,10,classroom_B,1,70.1,0.064,-0.03,9.721,0,0,idle,1,0
2026-01-08 14:15:00,2026-01-08,14,15,classroom_A,0,342.3,-0.085,-0.1,9.887,0,0,idle,1,0
2026-01-08 14:20:00,2026-01-08,14,20,lab,0,229.3,-0.07,-0.011,9.859,0,0,idle,1,0
2026-01-08 14:25:00,2026-01-08,14,25,classroom_B,0,222.6,-0.015,0.045,9.729,0,0,idle,1,0
2026-01-08 14:30:00,2026-01-08,14,30,lab,0,236.4,-0.023,-0.036,9.785,0,0,idle,1,0
2026-01-08 14:35:00,2026-01-08,14,35,library,1,67.3,1.776,1.686,9.15,0,0,running,1,0
2026-01-08 14:40:00,2026-01-08,14,40,entrance,1,30.7,0.86,0.108,10.33,0,0,walking,1,0
2026-01-08 14:45:00,2026-01-08,14,45,classroom_A,1,86.6,-0.005,-0.073,9.722,0,0,idle,1,0
2026-01-08 14:50:00,2026-01-08,14,50,classroom_A,1,23.0,0.094,0.083,9.748,0,1,idle,1,0
2026-01-08 14:55:00,2026-01-08,14,55,entrance,1,72.6,0.932,0.784,9.274,0,0,walking,1,0
2026-01-08 15:00:00,2026-01-08,15,0,classroom_A,1,63.5,-1.412,-1.435,8.735,0,0,walking,1,0
2026-01-08 15:05:00,2026-01-08,15,5,lab,0,294.0,-0.072,0.005,9.89,0,0,idle,1,0
2026-01-08 15:10:00,2026-01-08,15,10,classroom_A,1,40.4,0.039,-0.043,9.731,0,1,idle,1,0
2026-01-08 15:15:00,2026-01-08,15,15,library,1,11.0,0.036,0.075,9.811,0,0,idle,1,0
2026-01-08 15:20:00,2026-01-08,15,20,lab,1,30.5,-0.046,-0.082,9.776,0,0,idle,1,0
2026-01-08 15:25:00,2026-01-08,15,25,lab,1,29.7,0.984,0.237,10.525,0,0,sitting,1,0
2026-01-08 15:30:00,2026-01-08,15,30,entrance,0,233.0,0.061,0.029,9.739,0,0,idle,1,0
2026-01-08 15:35:00,2026-01-08,15,35,entrance,1,42.6,-0.033,-0.052,9.733,1,0,idle,1,0
2026-01-08 15:40:00,2026-01-08,15,40,classroom_B,0,261.8,0.01,0.028,9.706,0,0,idle,1,0
2026-01-08 15:45:00,2026-01-08,15,45,classroom_B,1,61.3,1.946,-0.065,8.144,0,1,walking,1,0
2026-01-08 15:50:00,2026-01-08,15,50,classroom_B,0,391.7,0.0,-0.037,9.778,0,0,idle,1,0
2026-01-08 15:55:00,2026-01-08,15,55,entrance,0,340.5,-0.081,-0.019,9.848,0,0,idle,1,0
2026-01-08 16:00:00,2026-01-08,16,0,lab,1,79.8,1.184,-0.092,10.606,0,0,walking,1,0
2026-01-08 16:05:00,2026-01-08,16,5,library,1,66.3,-0.054,-0.057,9.836,1,0,idle,1,0
2026-01-08 16:10:00,2026-01-08,16,10,lab,1,75.6,0.086,-0.032,9.857,0,0,idle,1,0
2026-01-08 16:15:00,2026-01-08,16,15,lab,1,74.1,-0.052,0.099,9.821,0,0,idle,1,0
2026-01-08 16:20:00,2026-01-08,16,20,lab,1,11.3,-0.038,0.074,9.859,0,0,idle,1,0
2026-01-08 16:25:00,2026-01-08,16,25,lab,1,94.1,-0.88,-0.547,8.268,0,0,walking,1,0
2026-01-08 16:30:00,2026-01-08,16,30,library,0,352.6,-0.012,0.085,9.888,0,0,idle,1,0
2026-01-08 16:35:00,2026-01-08,16,35,classroom_B,1,42.7,-0.364,0.479,10.042,0,0,sitting,1,0
2026-01-08 16:40:00,2026-01-08,16,40,classroom_A,1,71.4,-0.047,0.075,9.837,0,0,idle,1,0
2026-01-08 16:45:00,2026-01-08,16,45,entrance,1,60.5,-1.579,-0.497,9.71,0,0,walking,1,0
2026-01-08 16:50:00,2026-01-08,16,50,lab,1,52.2,0.064,-0.078,9.736,1,0,idle,1,0
2026-01-08 16:55:00,2026-01-08,16,55,lab,0,239.9,-0.034,-0.037,9.899,0,0,idle,1,0
2026-01-08 17:00:00,2026-01-08,17,0,entrance,1,76.7,-0.182,0.18,10.846,0,0,walking,1,0
2026-01-08 17:05:00,2026-01-08,17,5,lab,0,354.8,-0.088,0.062,9.858,0,0,idle,1,0
2026-01-08 17:10:00,2026-01-08,17,10,lab,1,29.0,1.034,-0.308,8.756,1,1,walking,1,0
2026-01-08 17:15:00,2026-01-08,17,15,lab,1,88.6,-0.016,-0.057,9.879,0,1,idle,1,0
2026-01-08 17:20:00,2026-01-08,17,20,library,1,77.8,-0.603,-0.324,9.426,0,0,walking,1,0
2026-01-08 17:25:00,2026-01-08,17,25,classroom_B,1,10.9,0.019,-0.084,9.834,0,0,idle,1,0
2026-01-08 17:30:00,2026-01-08,17,30,entrance,1,90.7,-0.0,-0.037,9.858,0,0,idle,1,0
2026-01-08 17:35:00,2026-01-08,17,35,library,0,388.7,0.071,0.027,9.828,0,0,idle,1,0
2026-01-08 17:40:00,2026-01-08,17,40,classroom_A,1,29.7,-0.016,0.009,9.733,0,0,idle,1,0
2026-01-08 17:45:00,2026-01-08,17,45,classroom_B,0,315.4,-0.097,0.063,9.703,0,0,idle,1,0
2026-01-08 17:50:00,2026-01-08,17,50,library,1,88.1,0.03,-0.009,9.782,0,0,idle,1,0
2026-01-08 17:55:00,2026-01-08,17,55,library,0,267.2,0.085,-0.008,9.775,0,0,idle,1,0
2026-01-08 18:00:00,2026-01-08,18,0,lab,0,308.6,-0.024,0.069,9.838,0,0,idle,0,0
2026-01-08 18:05:00,2026-01-08,18,5,entrance,0,340.4,0.088,0.081,9.72,0,0,idle,0,0
2026-01-08 18:10:00,2026-01-08,18,10,lab,0,220.8,0.03,0.023,9.782,0,0,idle,0,0
2026-01-08 18:15:00,2026-01-08,18,15,entrance,0,324.8,0.009,0.027,9.801,0,0,idle,0,0
2026-01-08 18:20:00,2026-01-08,18,20,entrance,0,370.3,-0.058,0.055,9.81,0,0,idle,0,0
2026-01-08 18:25:00,2026-01-08,18,25,lab,0,293.9,-0.075,0.094,9.883,0,0,idle,0,0
2026-01-08 18:30:00,2026-01-08,18,30,classroom_A,0,329.0,0.057,-0.021,9.888,0,0,idle,0,0
2026-01-08 18:35:00,2026-01-08,18,35,lab,0,253.5,0.032,-0.039,9.881,0,0,idle,0,0
2026-01-08 18:40:00,2026-01-08,18,40,classroom_B,0,200.8,0.082,-0.093,9.705,0,0,idle,0,0
2026-01-08 18:45:00,2026-01-08,18,45,library,0,303.8,0.048,-0.037,9.734,0,0,idle,0,0
2026-01-08 18:50:00,2026-01-08,18,50,entrance,0,248.4,0.095,-0.061,9.829,0,0,idle,0,0
2026-01-08 18:55:00,2026-01-08,18,55,classroom_A,0,315.6,-0.074,0.027,9.895,0,0,idle,0,0
2026-01-08 19:00:00,2026-01-08,19,0,classroom_A,0,263.6,-0.068,-0.054,9.842,0,0,idle,0,0
2026-01-08 19:05:00,2026-01-08,19,5,classroom_B,0,326.3,0.057,0.069,9.825,0,0,idle,0,0
2026-01-08 19:10:00,2026-01-08,19,10,entrance,0,231.8,-0.036,-0.081,9.705,0,0,idle,0,0
2026-01-08 19:15:00,2026-01-08,19,15,entrance,0,318.7,-0.094,0.042,9.884,0,0,idle,0,0
2026-01-08 19:20:00,2026-01-08,19,20,classroom_B,0,205.1,0.047,0.097,9.827,0,0,idle,0,0
2026-01-08 19:25:00,2026-01-08,19,25,lab,0,330.5,-0.056,-0.061,9.868,0,0,idle,0,0
2026-01-08 19:30:00,2026-01-08,19,30,library,0,331.9,-0.045,0.087,9.825,0,0,idle,0,0
2026-01-08 19:35:00,2026-01-08,19,35,classroom_B,0,222.2,0.085,-0.075,9.728,0,0,idle,0,0
2026-01-08 19:40:00,2026-01-08,19,40,lab,0,218.6,-0.001,-0.028,9.868,0,0,idle,0,0
2026-01-08 19:45:00,2026-01-08,19,45,classroom_A,0,359.1,-0.017,-0.003,9.825,0,0,idle,0,0
2026-01-08 19:50:00,2026-01-08,19,50,classroom_A,0,275.1,-0.037,0.082,9.862,0,0,idle,0,0
2026-01-08 19:55:00,2026-01-08,19,55,entrance,0,380.7,0.032,0.026,9.871,0,0,idle,0,0
2026-01-08 20:00:00,2026-01-08,20,0,classroom_A,0,398.7,-0.003,0.023,9.809,0,0,idle,0,0
2026-01-08 20:05:00,2026-01-08,20,5,library,0,250.9,-0.076,0.021,9.807,0,0,idle,0,0
2026-01-08 20:10:00,2026-01-08,20,10,classroom_B,0,230.5,0.073,-0.077,9.743,0,0,idle,0,0
2026-01-08 20:15:00,2026-01-08,20,15,classroom_A,0,216.7,0.038,-0.075,9.755,0,0,idle,0,0
2026-01-08 20:20:00,2026-01-08,20,20,lab,0,269.7,0.01,-0.041,9.849,0,0,idle,0,0
2026-01-08 20:25:00,2026-01-08,20,25,classroom_B,0,389.3,0.084,-0.05,9.74,0,0,idle,0,0
2026-01-08 20:30:00,2026-01-08,20,30,classroom_A,0,220.6,0.059,0.018,9.733,0,0,idle,0,0
2026-01-08 20:35:00,2026-01-08,20,35,classroom_B,0,297.6,0.077,-0.015,9.849,0,0,idle,0,0
2026-01-08 20:40:00,2026-01-08,20,40,entrance,0,321.5,-0.014,0.013,9.775,0,0,idle,0,0
2026-01-08 20:45:00,2026-01-08,20,45,library,0,377.9,0.092,-0.049,9.782,0,0,idle,0,0
2026-01-08 20:50:00,2026-01-08,20,50,classroom_A,0,329.0,0.093,-0.03,9.706,0,0,idle,0,0
2026-01-08 20:55:00,2026-01-08,20,55,classroom_B,0,285.9,-0.063,-0.051,9.743,0,0,idle,0,0
2026-01-08 21:00:00,2026-01-08,21,0,classroom_B,0,355.9,-0.076,-0.036,9.702,0,0,idle,0,0
2026-01-08 21:05:00,2026-01-08,21,5,classroom_B,0,313.5,-0.036,-0.053,9.713,0,0,idle,0,0
2026-01-08 21:10:00,2026-01-08,21,10,entrance,0,305.5,-0.079,-0.044,9.822,0,0,idle,0,0
2026-01-08 21:15:00,2026-01-08,21,15,classroom_A,0,329.3,0.036,-0.013,9.863,0,0,idle,0,0
2026-01-08 21:20:00,2026-01-08,21,20,entrance,0,360.5,-0.0,0.098,9.784,0,0,idle,0,0
2026-01-08 21:25:00,2026-01-08,21,25,entrance,0,320.3,0.018,-0.053,9.704,0,0,idle,0,0
2026-01-08 21:30:00,2026-01-08,21,30,lab,0,371.2,0.098,0.082,9.757,0,0,idle,0,0
2026-01-08 21:35:00,2026-01-08,21,35,classroom_B,1,58.0,-0.033,-0.097,9.794,0,0,idle,0,1
2026-01-08 21:40:00,2026-01-08,21,40,library,0,350.7,-0.02,0.011,9.763,0,0,idle,0,0
2026-01-08 21:45:00,2026-01-08,21,45,entrance,1,36.9,-0.001,0.028,9.882,0,0,idle,0,1
2026-01-08 21:50:00,2026-01-08,21,50,classroom_B,1,14.3,-1.579,-0.709,10.063,0,1,sitting,0,1
2026-01-08 21:55:00,2026-01-08,21,55,entrance,0,307.5,-0.099,0.038,9.71,0,0,idle,0,0
2026-01-11 07:00:00,2026-01-11,7,0,lab,0,389.4,-0.085,-0.034,9.823,0,0,idle,0,0
2026-01-11 07:05:00,2026-01-11,7,5,classroom_A,0,234.1,-0.072,-0.008,9.725,0,0,idle,0,0
2026-01-11 07:10:00,2026-01-11,7,10,entrance,0,377.6,0.093,-0.017,9.789,0,0,idle,0,0
2026-01-11 07:15:00,2026-01-11,7,15,lab,0,248.1,-0.004,-0.002,9.756,0,0,idle,0,0
2026-01-11 07:20:00,2026-01-11,7,20,classroom_A,0,252.8,-0.041,-0.083,9.812,0,0,idle,0,0
2026-01-11 07:25:00,2026-01-11,7,25,entrance,0,347.1,-0.059,-0.084,9.894,0,0,idle,0,0
2026-01-11 07:30:00,2026-01-11,7,30,classroom_B,0,334.1,-0.006,-0.023,9.798,0,0,idle,0,0
2026-01-11 07:35:00,2026-01-11,7,35,classroom_B,0,318.1,0.006,0.072,9.852,0,0,idle,0,0
2026-01-11 07:40:00,2026-01-11,7,40,classroom_B,0,331.1,0.07,-0.079,9.726,0,0,idle,0,0
2026-01-11 07:45:00,2026-01-11,7,45,entrance,0,290.5,0.024,-0.059,9.78,0,0,idle,0,0
2026-01-11 07:50:00,2026-01-11,7,50,classroom_A,0,232.8,-0.039,0.074,9.83,0,0,idle,0,0
2026-01-11 07:55:00,2026-01-11,7,55,classroom_B,0,221.4,-0.078,-0.097,9.792,0,0,idle,0,0
2026-01-11 08:00:00,2026-01-11,8,0,library,1,69.6,-0.047,0.085,9.717,0,0,idle,1,0
2026-01-11 08:05:00,2026-01-11,8,5,classroom_A,1,40.0,-0.026,-0.09,9.777,0,0,idle,1,0
2026-01-11 08:10:00,2026-01-11,8,10,classroom_A,1,63.5,-0.001,-0.013,9.836,0,0,idle,1,0
2026-01-11 08:15:00,2026-01-11,8,15,lab,1,90.6,-0.052,0.006,9.755,0,0,idle,1,0
2026-01-11 08:20:00,2026-01-11,8,20,classroom_B,1,19.1,0.076,-0.046,9.741,0,0,idle,1,0
2026-01-11 08:25:00,2026-01-11,8,25,library,0,257.6,-0.099,-0.063,9.882,0,0,idle,1,0
2026-01-11 08:30:00,2026-01-11,8,30,classroom_A,1,37.5,-0.052,-0.037,9.714,0,0,idle,1,0
2026-01-11 08:35:00,2026-01-11,8,35,entrance,0,333.2,-0.014,-0.096,9.895,0,0,idle,1,0
2026-01-11 08:40:00,2026-01-11,8,40,entrance,1,78.4,-0.591,-0.105,8.003,0,1,walking,1,0
2026-01-11 08:45:00,2026-01-11,8,45,classroom_B,1,99.1,0.005,-0.067,9.729,1,0,idle,1,0
2026-01-11 08:50:00,2026-01-11,8,50,classroom_B,1,76.1,-0.049,-0.003,9.773,1,0,idle,1,0
2026-01-11 08:55:00,2026-01-11,8,55,entrance,0,354.9,0.071,0.08,9.819,0,0,idle,1,0
2026-01-11 09:00:00,2026-01-11,9,0,entrance,1,56.7,-0.07,-0.018,9.744,0,0,idle,1,0
2026-01-11 09:05:00,2026-01-11,9,5,classroom_B,1,76.7,-0.028,0.049,9.739,0,0,idle,1,0
2026-01-11 09:10:00,2026-01-11,9,10,library,0,335.8,0.08,-0.01,9.892,0,0,idle,1,0
2026-01-11 09:15:00,2026-01-11,9,15,library,1,91.9,-0.034,0.018,9.889,0,0,idle,1,0
2026-01-11 09:20:00,2026-01-11,9,20,entrance,1,40.9,-0.013,-0.009,9.894,0,0,idle,1,0
2026-01-11 09:25:00,2026-01-11,9,25,classroom_B,1,71.7,-0.07,0.093,9.825,0,0,idle,1,0
2026-01-11 09:30:00,2026-01-11,9,30,classroom_B,1,36.5,-0.057,0.065,9.725,0,1,idle,1,0
2026-01-11 09:35:00,2026-01-11,9,35,classroom_B,1,10.1,-0.599,-0.867,10.577,0,1,running,1,0
2026-01-11 09:40:00,2026-01-11,9,40,lab,1,76.0,0.084,-0.042,9.706,0,0,idle,1,0
2026-01-11 09:45:00,2026-01-11,9,45,library,1,97.0,-0.955,-0.792,8.932,0,0,running,1,0
2026-01-11 09:50:00,2026-01-11,9,50,library,1,79.1,-0.335,-1.202,8.915,0,0,standing,1,0
2026-01-11 09:55:00,2026-01-11,9,55,classroom_B,1,80.4,-0.081,0.005,9.839,0,0,idle,1,0
2026-01-11 10:00:00,2026-01-11,10,0,classroom_A,1,48.5,-0.018,-0.094,9.812,0,0,idle,1,0
2026-01-11 10:05:00,2026-01-11,10,5,lab,1,37.2,0.049,-1.491,9.63,0,1,running,1,0
2026-01-11 10:10:00,2026-01-11,10,10,entrance,1,70.3,0.053,0.004,9.868,1,0,idle,1,0
2026-01-11 10:15:00,2026-01-11,10,15,entrance,1,18.8,-0.074,-0.675,8.183,0,0,running,1,0
2026-01-11 10:20:00,2026-01-11,10,20,classroom_A,0,303.3,0.012,0.093,9.727,0,0,idle,1,0
2026-01-11 10:25:00,2026-01-11,10,25,library,1,38.0,-0.099,-0.003,9.838,1,1,idle,1,0
2026-01-11 10:30:00,2026-01-11,10,30,library,0,304.0,-0.051,-0.079,9.705,0,0,idle,1,0
2026-01-11 10:35:00,2026-01-11,10,35,lab,1,15.0,-0.382,1.931,10.461,0,0,running,1,0
2026-01-11 10:40:00,2026-01-11,10,40,classroom_A,0,323.4,-0.014,0.027,9.737,0,0,idle,1,0
2026-01-11 10:45:00,2026-01-11,10,45,classroom_B,1,76.7,-0.005,-0.042,9.834,0,0,idle,1,0
2026-01-11 10:50:00,2026-01-11,10,50,library,1,72.8,-0.332,-0.301,8.084,1,0,sitting,1,0
2026-01-11 10:55:00,2026-01-11,10,55,lab,1,68.1,0.024,-0.091,9.881,0,0,idle,1,0
2026-01-11 11:00:00,2026-01-11,11,0,entrance,1,98.4,0.071,0.001,9.77,0,0,idle,1,0
2026-01-11 11:05:00,2026-01-11,11,5,classroom_B,1,23.6,0.013,-0.008,9.872,1,0,idle,1,0
2026-01-11 11:10:00,2026-01-11,11,10,library,0,213.6,0.068,-0.003,9.893,0,0,idle,1,0
2026-01-11 11:15:00,2026-01-11,11,15,classroom_B,1,61.8,0.055,0.005,9.726,0,0,idle,1,0
2026-01-11 11:20:00,2026-01-11,11,20,classroom_B,1,84.7,-1.882,0.932,8.695,0,0,walking,1,0
2026-01-11 11:25:00,2026-01-11,11,25,classroom_A,0,396.3,0.062,0.047,9.747,0,0,idle,1,0
2026-01-11 11:30:00,2026-01-11,11,30,classroom_B,0,276.8,0.095,0.084,9.712,0,0,idle,1,0
2026-01-11 11:35:00,2026-01-11,11,35,lab,1,86.2,1.053,0.426,10.522,0,0,walking,1,0
2026-01-11 11:40:00,2026-01-11,11,40,lab,1,67.4,-0.061,-0.002,9.836,0,0,idle,1,0
2026-01-11 11:45:00,2026-01-11,11,45,entrance,0,361.7,-0.062,0.016,9.826,0,0,idle,1,0
2026-01-11 11:50:00,2026-01-11,11,50,library,1,82.9,-0.028,-0.018,9.809,1,0,idle,1,0
2026-01-11 11:55:00,2026-01-11,11,55,entrance,1,84.9,-0.005,-0.03,9.824,0,0,idle,1,0
2026-01-11 12:00:00,2026-01-11,12,0,entrance,1,66.3,0.014,-0.075,9.803,1,0,idle,1,0
2026-01-11 12:05:00,2026-01-11,12,5,classroom_B,1,39.8,1.762,1.689,8.754,1,0,standing,1,0
2026-01-11 12:10:00,2026-01-11,12,10,entrance,1,61.8,0.086,0.0,9.78,1,0,idle,1,0
2026-01-11 12:15:00,2026-01-11,12,15,entrance,1,94.3,0.031,-0.094,9.784,0,0,idle,1,0
2026-01-11 12:20:00,2026-01-11,12,20,library,1,59.2,0.085,0.033,9.876,0,1,idle,1,0
2026-01-11 12:25:00,2026-01-11,12,25,lab,0,340.6,0.053,-0.093,9.896,0,0,idle,1,0
2026-01-11 12:30:00,2026-01-11,12,30,classroom_A,1,65.1,0.206,1.786,8.812,1,0,walking,1,0
2026-01-11 12:35:00,2026-01-11,12,35,classroom_A,1,48.8,0.07,0.094,9.704,1,0,idle,1,0
2026-01-11 12:40:00,2026-01-11,12,40,lab,1,87.4,0.048,0.01,9.71,0,0,idle,1,0
2026-01-11 12:45:00,2026-01-11,12,45,classroom_B,0,309.9,-0.077,-0.076,9.823,0,0,idle,1,0
2026-01-11 12:50:00,2026-01-11,12,50,library,1,40.9,-0.052,-0.082,9.702,0,0,idle,1,0
2026-01-11 12:55:00,2026-01-11,12,55,classroom_B,1,99.2,0.879,1.25,8.23,0,0,walking,1,0
2026-01-11 13:00:00,2026-01-11,13,0,library,1,69.0,-0.83,0.424,9.436,0,1,walking,1,0
2026-01-11 13:05:00,2026-01-11,13,5,library,1,73.5,0.08,0.072,9.789,0,0,idle,1,0
2026-01-11 13:10:00,2026-01-11,13,10,library,1,68.8,-0.046,0.04,9.801,1,0,idle,1,0
2026-01-11 13:15:00,2026-01-11,13,15,classroom_A,1,17.1,0.068,0.004,9.761,0,0,idle,1,0
2026-01-11 13:20:00,2026-01-11,13,20,library,1,31.2,0.053,0.091,9.704,0,0,idle,1,0
2026-01-11 13:25:00,2026-01-11,13,25,classroom_A,1,84.4,-0.884,0.439,9.486,0,1,sitting,1,0
2026-01-11 13:30:00,2026-01-11,13,30,classroom_B,1,69.4,0.032,-0.094,9.853,0,0,idle,1,0
2026-01-11 13:35:00,2026-01-11,13,35,classroom_B,0,381.5,0.062,0.018,9.851,0,0,idle,1,0
2026-01-11 13:40:00,2026-01-11,13,40,entrance,0,324.3,0.073,0.057,9.886,0,0,idle,1,0
2026-01-11 13:45:00,2026-01-11,13,45,library,0,310.7,0.09,0.086,9.757,0,0,idle,1,0
2026-01-11 13:50:00,2026-01-11,13,50,classroom_A,1,61.5,0.004,-0.067,9.776,0,0,idle,1,0
2026-01-11 13:55:00,2026-01-11,13,55,library,0,256.1,0.037,-0.045,9.9,0,0,idle,1,0
2026-01-11 14:00:00,2026-01-11,14,0,classroom_B,1,61.4,-0.903,-0.925,8.752,1,0,running,1,0
2026-01-11 14:05:00,2026-01-11,14,5,entrance,0,369.5,-0.011,-0.097,9.702,0,0,idle,1,0
2026-01-11 14:10:00,2026-01-11,14,10,entrance,0,296.0,0.069,-0.056,9.712,0,0,idle,1,0
2026-01-11 14:15:00,2026-01-11,14,15,classroom_A,1,64.9,-0.087,-0.064,9.853,0,0,idle,1,0
2026-01-11 14:20:00,2026-01-11,14,20,lab,1,25.7,0.031,-0.053,9.831,0,0,idle,1,0
2026-01-11 14:25:00,2026-01-11,14,25,classroom_B,1,13.8,-0.088,0.043,9.752,0,0,idle,1,0
2026-01-11 14:30:00,2026-01-11,14,30,classroom_B,1,14.0,-1.563,0.028,8.34,0,0,walking,1,0
2026-01-11 14:35:00,2026-01-11,14,35,entrance,0,336.2,-0.086,-0.015,9.757,0,0,idle,1,0
2026-01-11 14:40:00,2026-01-11,14,40,classroom_A,1,80.9,-0.018,0.03,9.794,0,0,idle,1,0
2026-01-11 14:45:00,2026-01-11,14,45,library,1,36.2,0.365,-1.575,8.634,0,0,standing,1,0
2026-01-11 14:50:00,2026-01-11,14,50,classroom_A,0,342.6,0.088,-0.024,9.817,0,0,idle,1,0
2026-01-11 14:55:00,2026-01-11,14,55,lab,1,99.8,-1.691,1.742,8.674,0,0,running,1,0
2026-01-11 15:00:00,2026-01-11,15,0,classroom_A,1,20.9,0.06,0.021,9.832,0,0,idle,1,0
2026-01-11 15:05:00,2026-01-11,15,5,classroom_B,0,258.6,-0.051,-0.051,9.854,0,0,idle,1,0
2026-01-11 15:10:00,2026-01-11,15,10,library,1,38.3,0.039,-0.011,9.892,0,1,idle,1,0
2026-01-11 15:15:00,2026-01-11,15,15,classroom_A,1,92.3,0.021,-0.01,9.784,0,0,idle,1,0
2026-01-11 15:20:00,2026-01-11,15,20,library,0,249.0,0.082,0.035,9.833,0,0,idle,1,0
2026-01-11 15:25:00,2026-01-11,15,25,classroom_A,1,35.8,-0.084,-0.016,9.897,0,0,idle,1,0
2026-01-11 15:30:00,2026-01-11,15,30,library,0,375.3,-0.097,-0.076,9.753,0,0,idle,1,0
2026-01-11 15:35:00,2026-01-11,15,35,entrance,0,294.0,-0.08,0.074,9.867,0,0,idle,1,0
2026-01-11 15:40:00,2026-01-11,15,40,classroom_A,1,99.1,1.468,1.674,10.713,1,0,standing,1,0
2026-01-11 15:45:00,2026-01-11,15,45,library,0,223.8,0.079,0.08,9.818,0,0,idle,1,0
2026-01-11 15:50:00,2026-01-11,15,50,lab,1,75.0,1.683,1.8,10.732,0,0,sitting,1,0
2026-01-11 15:55:00,2026-01-11,15,55,library,0,346.7,0.045,0.018,9.864,0,0,idle,1,0
2026-01-11 16:00:00,2026-01-11,16,0,library,1,90.6,-0.026,0.03,9.776,0,0,idle,1,0
2026-01-11 16:05:00,2026-01-11,16,5,lab,1,79.6,-0.027,-1.807,9.553,0,0,running,1,0
2026-01-11 16:10:00,2026-01-11,16,10,lab,1,44.6,0.091,-0.092,9.889,0,0,idle,1,0
2026-01-11 16:15:00,2026-01-11,16,15,classroom_A,1,61.8,-0.08,-0.043,9.724,0,0,idle,1,0
2026-01-11 16:20:00,2026-01-11,16,20,library,1,92.6,0.051,0.085,9.833,1,0,idle,1,0
2026-01-11 16:25:00,2026-01-11,16,25,classroom_A,0,205.5,0.081,0.092,9.808,0,0,idle,1,0
2026-01-11 16:30:00,2026-01-11,16,30,classroom_B,1,84.9,-1.187,1.767,9.713,0,0,sitting,1,0
2026-01-11 16:35:00,2026-01-11,16,35,lab,0,343.3,0.084,-0.076,9.878,0,0,idle,1,0
2026-01-11 16:40:00,2026-01-11,16,40,entrance,1,87.8,0.046,-0.077,9.771,1,0,idle,1,0
2026-01-11 16:45:00,2026-01-11,16,45,entrance,1,55.6,0.522,0.051,10.331,0,1,standing,1,0
2026-01-11 16:50:00,2026-01-11,16,50,entrance,0,358.8,-0.036,0.068,9.832,0,0,idle,1,0
2026-01-11 16:55:00,2026-01-11,16,55,classroom_A,0,325.5,-0.051,0.017,9.874,0,0,idle,1,0
2026-01-11 17:00:00,2026-01-11,17,0,library,1,33.9,1.255,0.934,8.848,0,1,walking,1,0
2026-01-11 17:05:00,2026-01-11,17,5,classroom_A,0,349.9,-0.099,-0.087,9.812,0,0,idle,1,0
2026-01-11 17:10:00,2026-01-11,17,10,classroom_A,0,207.8,0.038,0.023,9.826,0,0,idle,1,0
2026-01-11 17:15:00,2026-01-11,17,15,lab,1,53.6,-0.064,-0.04,9.746,0,0,idle,1,0
2026-01-11 17:20:00,2026-01-11,17,20,classroom_A,1,58.9,-1.124,1.852,10.69,0,0,standing,1,0
2026-01-11 17:25:00,2026-01-11,17,25,lab,1,20.4,-0.036,-0.077,9.839,0,0,idle,1,0
2026-01-11 17:30:00,2026-01-11,17,30,classroom_B,0,372.8,0.02,0.037,9.706,0,0,idle,1,0
2026-01-11 17:35:00,2026-01-11,17,35,lab,1,90.1,-0.088,0.054,9.752,0,0,idle,1,0
2026-01-11 17:40:00,2026-01-11,17,40,library,1,33.5,-0.058,-1.124,9.909,0,0,walking,1,0
2026-01-11 17:45:00,2026-01-11,17,45,library,0,307.2,0.056,-0.078,9.894,0,0,idle,1,0
2026-01-11 17:50:00,2026-01-11,17,50,library,1,64.4,0.889,1.21,8.271,0,0,standing,1,0
2026-01-11 17:55:00,2026-01-11,17,55,classroom_A,1,14.4,0.142,1.941,10.514,0,0,sitting,1,0
2026-01-11 18:00:00,2026-01-11,18,0,entrance,0,266.3,-0.057,0.047,9.888,0,0,idle,0,0
2026-01-11 18:05:00,2026-01-11,18,5,entrance,0,351.0,0.005,0.0,9.858,0,0,idle,0,0
2026-01-11 18:10:00,2026-01-11,18,10,classroom_B,0,260.3,-0.054,0.054,9.749,0,0,idle,0,0
2026-01-11 18:15:00,2026-01-11,18,15,classroom_B,0,362.6,-0.024,-0.02,9.864,0,0,idle,0,0
2026-01-11 18:20:00,2026-01-11,18,20,entrance,0,215.3,0.001,0.041,9.847,0,0,idle,0,0
2026-01-11 18:25:00,2026-01-11,18,25,classroom_B,1,84.7,-0.07,0.047,9.859,0,0,idle,0,1
2026-01-11 18:30:00,2026-01-11,18,30,entrance,0,285.0,0.049,-0.04,9.792,0,0,idle,0,0
2026-01-11 18:35:00,2026-01-11,18,35,lab,0,331.2,-0.006,-0.042,9.719,0,0,idle,0,0
2026-01-11 18:40:00,2026-01-11,18,40,entrance,0,296.7,0.082,0.007,9.749,0,0,idle,0,0
2026-01-11 18:45:00,2026-01-11,18,45,lab,0,345.5,0.09,0.053,9.843,0,0,idle,0,0
2026-01-11 18:50:00,2026-01-11,18,50,library,0,395.0,-0.021,-0.054,9.774,0,0,idle,0,0
2026-01-11 18:55:00,2026-01-11,18,55,library,0,262.1,-0.071,0.026,9.717,0,0,idle,0,0
2026-01-11 19:00:00,2026-01-11,19,0,library,0,373.0,-0.002,-0.05,9.728,0,0,idle,0,0
2026-01-11 19:05:00,2026-01-11,19,5,lab,0,304.7,0.068,0.052,9.712,0,0,idle,0,0
2026-01-11 19:10:00,2026-01-11,19,10,library,0,262.3,-0.032,-0.07,9.764,0,0,idle,0,0
2026-01-11 19:15:00,2026-01-11,19,15,lab,0,374.3,-0.046,-0.058,9.812,0,0,idle,0,0
2026-01-11 19:20:00,2026-01-11,19,20,library,0,262.6,0.03,-0.036,9.842,0,0,idle,0,0
2026-01-11 19:25:00,2026-01-11,19,25,entrance,0,347.9,0.047,0.084,9.785,0,0,idle,0,0
2026-01-11 19:30:00,2026-01-11,19,30,lab,0,351.4,-0.068,0.05,9.733,0,0,idle,0,0
2026-01-11 19:35:00,2026-01-11,19,35,library,0,222.7,0.077,-0.001,9.825,0,0,idle,0,0
2026-01-11 19:40:00,2026-01-11,19,40,lab,0,349.8,0.009,-0.02,9.759,0,0,idle,0,0
2026-01-11 19:45:00,2026-01-11,19,45,classroom_B,0,344.0,0.076,-0.046,9.764,0,0,idle,0,0
2026-01-11 19:50:00,2026-01-11,19,50,classroom_B,0,233.2,-0.042,0.037,9.861,0,0,idle,0,0
2026-01-11 19:55:00,2026-01-11,19,55,classroom_A,0,250.2,-0.007,0.087,9.885,0,0,idle,0,0
2026-01-11 20:00:00,2026-01-11,20,0,lab,0,343.0,-0.005,-0.036,9.736,0,0,idle,0,0
2026-01-11 20:05:00,2026-01-11,20,5,library,0,395.4,-0.038,-0.062,9.839,0,0,idle,0,0
2026-01-11 20:10:00,2026-01-11,20,10,library,0,218.9,0.025,0.019,9.713,0,0,idle,0,0
2026-01-11 20:15:00,2026-01-11,20,15,lab,0,269.0,-0.097,-0.061,9.757,0,0,idle,0,0
2026-01-11 20:20:00,2026-01-11,20,20,library,0,261.2,0.025,-0.019,9.751,0,0,idle,0,0
2026-01-11 20:25:00,2026-01-11,20,25,classroom_A,0,240.5,0.019,-0.079,9.743,0,0,idle,0,0
2026-01-11 20:30:00,2026-01-11,20,30,classroom_B,0,220.5,0.059,0.017,9.853,0,0,idle,0,0
2026-01-11 20:35:00,2026-01-11,20,35,library,0,370.7,0.021,0.093,9.847,0,0,idle,0,0
2026-01-11 20:40:00,2026-01-11,20,40,entrance,0,294.7,-0.066,0.057,9.898,0,0,idle,0,0
2026-01-11 20:45:00,2026-01-11,20,45,entrance,0,323.0,-0.071,-0.005,9.7,0,0,idle,0,0
2026-01-11 20:50:00,2026-01-11,20,50,classroom_B,0,210.4,0.002,-0.012,9.833,0,0,idle,0,0
2026-01-11 20:55:00,2026-01-11,20,55,lab,0,352.0,-0.052,-0.021,9.855,0,0,idle,0,0
2026-01-11 21:00:00,2026-01-11,21,0,classroom_A,0,367.7,-0.037,-0.084,9.821,0,0,idle,0,0
2026-01-11 21:05:00,2026-01-11,21,5,library,0,389.1,0.067,0.042,9.868,0,0,idle,0,0
2026-01-11 21:10:00,2026-01-11,21,10,classroom_B,0,339.0,-0.05,-0.076,9.88,0,0,idle,0,0
2026-01-11 21:15:00,2026-01-11,21,15,lab,0,373.2,0.071,0.054,9.769,0,0,idle,0,0
2026-01-11 21:20:00,2026-01-11,21,20,classroom_A,0,312.0,0.1,0.088,9.776,0,0,idle,0,0
2026-01-11 21:25:00,2026-01-11,21,25,library,0,399.1,-0.061,-0.028,9.739,0,0,idle,0,0
2026-01-11 21:30:00,2026-01-11,21,30,library,0,218.8,-0.026,-0.049,9.884,0,0,idle,0,0
2026-01-11 21:35:00,2026-01-11,21,35,classroom_B,0,329.4,0.028,-0.02,9.899,0,0,idle,0,0
2026-01-11 21:40:00,2026-01-11,21,40,lab,0,211.4,0.014,-0.094,9.844,0,0,idle,0,0
2026-01-11 21:45:00,2026-01-11,21,45,library,0,326.4,-0.002,-0.005,9.875,0,0,idle,0,0
2026-01-11 21:50:00,2026-01-11,21,50,classroom_A,0,207.6,-0.094,0.079,9.731,0,0,idle,0,0
2026-01-11 21:55:00,2026-01-11,21,55,entrance,0,226.3,-0.016,0.069,9.711,0,0,idle,0,0
2026-01-12 07:00:00,2026-01-12,7,0,entrance,0,371.6,-0.045,0.071,9.831,0,0,idle,0,0
2026-01-12 07:05:00,2026-01-12,7,5,library,0,334.4,0.08,0.08,9.734,0,0,idle,0,0
2026-01-12 07:10:00,2026-01-12,7,10,entrance,0,273.3,-0.097,0.033,9.783,0,0,idle,0,0
2026-01-12 07:15:00,2026-01-12,7,15,lab,0,365.0,0.0,0.046,9.717,0,0,idle,0,0
2026-01-12 07:20:00,2026-01-12,7,20,library,1,64.8,-0.018,0.027,9.868,0,0,idle,0,1
2026-01-12 07:25:00,2026-01-12,7,25,lab,0,268.3,0.014,0.039,9.813,0,0,idle,0,0
2026-01-12 07:30:00,2026-01-12,7,30,entrance,0,383.6,-0.063,-0.083,9.764,0,0,idle,0,0
2026-01-12 07:35:00,2026-01-12,7,35,classroom_A,0,357.7,-0.056,-0.025,9.716,0,0,idle,0,0
2026-01-12 07:40:00,2026-01-12,7,40,classroom_A,0,336.2,0.089,0.073,9.849,0,0,idle,0,0
2026-01-12 07:45:00,2026-01-12,7,45,lab,0,275.9,-0.043,-0.044,9.813,0,0,idle,0,0
2026-01-12 07:50:00,2026-01-12,7,50,lab,0,237.6,0.077,-0.065,9.759,0,0,idle,0,0
2026-01-12 07:55:00,2026-01-12,7,55,lab,0,298.0,0.016,-0.03,9.828,0,0,idle,0,0
2026-01-12 08:00:00,2026-01-12,8,0,classroom_A,0,337.4,-0.066,0.09,9.817,0,0,idle,1,0
2026-01-12 08:05:00,2026-01-12,8,5,library,1,29.0,-0.031,0.062,9.859,0,0,idle,1,0
2026-01-12 08:10:00,2026-01-12,8,10,classroom_A,1,76.9,0.053,-1.157,8.655,1,0,standing,1,0
2026-01-12 08:15:00,2026-01-12,8,15,classroom_B,1,52.1,0.013,0.032,9.88,0,0,idle,1,0
2026-01-12 08:20:00,2026-01-12,8,20,entrance,0,201.6,-0.016,-0.033,9.83,0,0,idle,1,0
2026-01-12 08:25:00,2026-01-12,8,25,lab,1,42.2,0.187,1.008,9.317,0,0,running,1,0
2026-01-12 08:30:00,2026-01-12,8,30,lab,0,294.7,-0.051,0.045,9.82,0,0,idle,1,0
2026-01-12 08:35:00,2026-01-12,8,35,classroom_B,1,37.0,0.075,0.053,9.88,0,0,idle,1,0
2026-01-12 08:40:00,2026-01-12,8,40,library,0,280.2,-0.094,0.002,9.884,0,0,idle,1,0
2026-01-12 08:45:00,2026-01-12,8,45,classroom_A,0,388.6,-0.06,0.094,9.85,0,0,idle,1,0
2026-01-12 08:50:00,2026-01-12,8,50,entrance,1,81.0,-1.638,1.171,8.424,0,0,standing,1,0
2026-01-12 08:55:00,2026-01-12,8,55,library,1,28.0,-0.77,-1.262,10.573,1,0,sitting,1,0
2026-01-12 09:00:00,2026-01-12,9,0,lab,0,274.9,-0.005,-0.031,9.794,0,0,idle,1,0
2026-01-12 09:05:00,2026-01-12,9,5,classroom_A,1,92.2,0.066,0.041,9.853,1,0,idle,1,0
2026-01-12 09:10:00,2026-01-12,9,10,library,1,39.4,0.699,1.491,9.791,1,0,running,1,0
2026-01-12 09:15:00,2026-01-12,9,15,entrance,1,89.7,-1.059,-0.551,9.504,0,0,walking,1,0
2026-01-12 09:20:00,2026-01-12,9,20,lab,1,22.4,-1.155,-0.258,9.019,0,0,walking,1,0
2026-01-12 09:25:00,2026-01-12,9,25,entrance,1,53.3,1.82,-1.282,9.195,0,0,running,1,0
2026-01-12 09:30:00,2026-01-12,9,30,lab,1,75.9,-0.019,0.061,9.732,1,0,idle,1,0
2026-01-12 09:35:00,2026-01-12,9,35,lab,1,68.8,-0.016,-0.089,9.785,0,0,idle,1,0
2026-01-12 09:40:00,2026-01-12,9,40,lab,1,80.3,0.069,0.094,9.722,0,0,idle,1,0
2026-01-12 09:45:00,2026-01-12,9,45,classroom_B,0,216.0,-0.099,0.09,9.842,0,0,idle,1,0
2026-01-12 09:50:00,2026-01-12,9,50,classroom_B,1,83.2,-0.009,-0.09,9.756,1,0,idle,1,0
2026-01-12 09:55:00,2026-01-12,9,55,classroom_B,1,63.9,-0.015,0.035,9.853,1,0,idle,1,0
2026-01-12 10:00:00,2026-01-12,10,0,classroom_A,1,11.6,0.027,0.019,9.771,1,0,idle,1,0
2026-01-12 10:05:00,2026-01-12,10,5,classroom_A,1,58.1,-1.421,-0.026,10.678,0,0,standing,1,0
2026-01-12 10:10:00,2026-01-12,10,10,entrance,0,380.7,0.086,0.064,9.814,0,0,idle,1,0
2026-01-12 10:15:00,2026-01-12,10,15,classroom_B,1,43.6,1.907,0.551,10.646,0,0,sitting,1,0
2026-01-12 10:20:00,2026-01-12,10,20,classroom_B,0,349.9,-0.015,-0.096,9.89,0,0,idle,1,0
2026-01-12 10:25:00,2026-01-12,10,25,classroom_A,0,348.5,-0.084,0.082,9.893,0,0,idle,1,0
2026-01-12 10:30:00,2026-01-12,10,30,classroom_A,1,99.5,0.008,0.059,9.839,1,0,idle,1,0
2026-01-12 10:35:00,2026-01-12,10,35,entrance,0,287.4,0.049,0.056,9.755,0,0,idle,1,0
2026-01-12 10:40:00,2026-01-12,10,40,classroom_B,1,91.9,-0.045,-0.019,9.704,0,0,idle,1,0
2026-01-12 10:45:00,2026-01-12,10,45,library,1,81.1,-0.081,-0.055,9.842,0,0,idle,1,0
2026-01-12 10:50:00,2026-01-12,10,50,library,0,317.6,0.027,-0.034,9.778,0,0,idle,1,0
2026-01-12 10:55:00,2026-01-12,10,55,lab,1,40.7,-0.011,-0.008,9.849,0,0,idle,1,0
2026-01-12 11:00:00,2026-01-12,11,0,library,1,12.9,0.094,0.026,9.812,0,0,idle,1,0
2026-01-12 11:05:00,2026-01-12,11,5,lab,1,36.3,0.035,-0.094,9.825,0,0,idle,1,0
2026-01-12 11:10:00,2026-01-12,11,10,lab,1,78.8,-0.043,0.049,9.898,0,0,idle,1,0
2026-01-12 11:15:00,2026-01-12,11,15,lab,1,86.5,-1.127,1.969,9.712,0,0,walking,1,0
2026-01-12 11:20:00,2026-01-12,11,20,classroom_B,1,41.7,1.602,-0.884,10.311,0,0,walking,1,0
2026-01-12 11:25:00,2026-01-12,11,25,lab,1,57.9,-0.384,1.027,8.859,0,0,sitting,1,0
2026-01-12 11:30:00,2026-01-12,11,30,lab,1,57.9,-0.007,-0.066,9.881,0,0,idle,1,0
2026-01-12 11:35:00,2026-01-12,11,35,entrance,1,67.3,-0.072,0.024,9.9,0,0,idle,1,0
2026-01-12 11:40:00,2026-01-12,11,40,lab,1,32.5,-0.006,-0.082,9.774,0,0,idle,1,0
2026-01-12 11:45:00,2026-01-12,11,45,classroom_A,1,87.7,-0.068,-0.026,9.875,0,0,idle,1,0
2026-01-12 11:50:00,2026-01-12,11,50,classroom_A,1,36.4,-0.059,-0.008,9.749,0,0,idle,1,0
2026-01-12 11:55:00,2026-01-12,11,55,classroom_A,0,300.0,-0.078,0.021,9.766,0,0,idle,1,0
2026-01-12 12:00:00,2026-01-12,12,0,entrance,1,75.0,0.994,0.728,9.219,0,0,running,1,0
2026-01-12 12:05:00,2026-01-12,12,5,library,0,391.5,0.077,0.007,9.843,0,0,idle,1,0
2026-01-12 12:10:00,2026-01-12,12,10,entrance,1,58.1,-0.077,0.904,8.879,0,0,sitting,1,0
2026-01-12 12:15:00,2026-01-12,12,15,library,1,74.5,0.03,-0.014,9.725,1,0,idle,1,0
2026-01-12 12:20:00,2026-01-12,12,20,classroom_A,0,222.4,-0.066,-0.017,9.768,0,0,idle,1,0
2026-01-12 12:25:00,2026-01-12,12,25,lab,0,242.0,-0.081,0.028,9.715,0,0,idle,1,0
2026-01-12 12:30:00,2026-01-12,12,30,lab,0,351.4,-0.032,0.038,9.766,0,0,idle,1,0
2026-01-12 12:35:00,2026-01-12,12,35,classroom_B,1,61.1,0.052,-0.07,9.758,0,0,idle,1,0
2026-01-12 12:40:00,2026-01-12,12,40,lab,0,261.3,0.043,0.014,9.761,0,0,idle,1,0
2026-01-12 12:45:00,2026-01-12,12,45,classroom_A,1,23.9,-0.074,0.021,9.872,0,0,idle,1,0
2026-01-12 12:50:00,2026-01-12,12,50,classroom_A,1,23.4,-0.543,0.034,10.611,0,0,running,1,0
2026-01-12 12:55:00,2026-01-12,12,55,lab,0,328.8,0.017,0.0,9.805,0,0,idle,1,0
2026-01-12 13:00:00,2026-01-12,13,0,lab,0,297.0,-0.066,0.005,9.735,0,0,idle,1,0
2026-01-12 13:05:00,2026-01-12,13,5,classroom_A,1,95.2,-0.038,-0.055,9.756,0,0,idle,1,0
2026-01-12 13:10:00,2026-01-12,13,10,classroom_A,1,51.3,0.081,0.068,9.869,0,0,idle,1,0
2026-01-12 13:15:00,2026-01-12,13,15,library,0,272.7,-0.093,0.025,9.89,0,0,idle,1,0
2026-01-12 13:20:00,2026-01-12,13,20,classroom_A,1,59.8,0.048,0.075,9.894,1,0,idle,1,0
2026-01-12 13:25:00,2026-01-12,13,25,classroom_B,1,81.8,1.745,1.43,8.685,0,0,sitting,1,0
2026-01-12 13:30:00,2026-01-12,13,30,classroom_A,1,18.2,1.323,-1.745,10.709,0,0,running,1,0
2026-01-12 13:35:00,2026-01-12,13,35,entrance,1,62.3,0.007,0.056,9.764,0,0,idle,1,0
2026-01-12 13:40:00,2026-01-12,13,40,entrance,1,52.8,0.358,0.393,8.9,0,0,walking,1,0
2026-01-12 13:45:00,2026-01-12,13,45,lab,0,288.5,0.029,0.018,9.827,0,0,idle,1,0
2026-01-12 13:50:00,2026-01-12,13,50,classroom_B,0,250.3,-0.019,-0.046,9.826,0,0,idle,1,0
2026-01-12 13:55:00,2026-01-12,13,55,classroom_B,1,56.3,-0.04,0.073,9.75,0,0,idle,1,0
2026-01-12 14:00:00,2026-01-12,14,0,classroom_A,1,20.0,-0.064,-0.099,9.879,0,0,idle,1,0
2026-01-12 14:05:00,2026-01-12,14,5,entrance,1,48.9,0.085,-0.011,9.828,0,0,idle,1,0
2026-01-12 14:10:00,2026-01-12,14,10,entrance,0,242.6,0.0,-0.036,9.806,0,0,idle,1,0
2026-01-12 14:15:00,2026-01-12,14,15,library,1,93.5,0.688,-0.705,8.576,0,0,sitting,1,0
2026-01-12 14:20:00,2026-01-12,14,20,classroom_B,1,39.3,-0.005,0.019,9.783,0,0,idle,1,0
2026-01-12 14:25:00,2026-01-12,14,25,lab,1,87.1,-0.071,-0.033,9.771,0,0,idle,1,0
2026-01-12 14:30:00,2026-01-12,14,30,entrance,1,78.6,1.76,-1.779,9.226,0,0,walking,1,0
2026-01-12 14:35:00,2026-01-12,14,35,entrance,0,240.4,0.032,-0.049,9.867,0,0,idle,1,0
2026-01-12 14:40:00,2026-01-12,14,40,entrance,1,81.2,0.012,-0.06,9.743,0,0,idle,1,0
2026-01-12 14:45:00,2026-01-12,14,45,lab,1,24.4,0.088,0.019,9.89,0,0,idle,1,0
2026-01-12 14:50:00,2026-01-12,14,50,classroom_B,1,91.8,-0.044,0.021,9.775,1,0,idle,1,0
2026-01-12 14:55:00,2026-01-12,14,55,library,1,49.4,-0.113,1.523,8.222,0,0,sitting,1,0
2026-01-12 15:00:00,2026-01-12,15,0,entrance,1,28.0,-1.019,0.291,10.288,0,0,standing,1,0
2026-01-12 15:05:00,2026-01-12,15,5,classroom_A,1,79.3,0.04,0.048,9.891,0,0,idle,1,0
2026-01-12 15:10:00,2026-01-12,15,10,entrance,1,52.1,-0.033,0.036,9.841,0,0,idle,1,0
2026-01-12 15:15:00,2026-01-12,15,15,classroom_B,1,67.8,0.061,0.06,9.866,1,0,idle,1,0
2026-01-12 15:20:00,2026-01-12,15,20,entrance,1,49.3,0.017,1.193,10.37,0,0,sitting,1,0
2026-01-12 15:25:00,2026-01-12,15,25,library,0,313.1,0.095,0.056,9.806,0,0,idle,1,0
2026-01-12 15:30:00,2026-01-12,15,30,entrance,0,217.5,0.084,0.022,9.899,0,0,idle,1,0
2026-01-12 15:35:00,2026-01-12,15,35,classroom_A,0,286.2,-0.045,-0.01,9.876,0,0,idle,1,0
2026-01-12 15:40:00,2026-01-12,15,40,entrance,1,16.6,-0.032,0.006,9.839,0,0,idle,1,0
2026-01-12 15:45:00,2026-01-12,15,45,library,1,36.4,-0.022,-0.098,9.764,0,0,idle,1,0
2026-01-12 15:50:00,2026-01-12,15,50,library,1,39.4,0.033,0.054,9.815,0,0,idle,1,0
2026-01-12 15:55:00,2026-01-12,15,55,entrance,1,79.6,-1.274,-1.895,9.806,0,0,walking,1,0
2026-01-12 16:00:00,2026-01-12,16,0,classroom_B,1,38.4,-1.165,-0.788,9.273,0,0,standing,1,0
2026-01-12 16:05:00,2026-01-12,16,5,classroom_A,1,89.0,-0.075,0.09,9.705,0,0,idle,1,0
2026-01-12 16:10:00,2026-01-12,16,10,library,1,50.2,-0.059,-0.024,9.863,1,0,idle,1,0
2026-01-12 16:15:00,2026-01-12,16,15,library,0,224.3,0.051,-0.076,9.798,0,0,idle,1,0
2026-01-12 16:20:00,2026-01-12,16,20,lab,1,99.6,-0.058,-0.082,9.801,0,0,idle,1,0
2026-01-12 16:25:00,2026-01-12,16,25,classroom_B,1,44.2,0.092,-0.08,9.772,0,1,idle,1,0
2026-01-12 16:30:00,2026-01-12,16,30,classroom_B,1,73.1,0.062,0.075,9.703,0,0,idle,1,0
2026-01-12 16:35:00,2026-01-12,16,35,classroom_A,1,86.3,-1.963,0.074,8.421,0,1,sitting,1,0
2026-01-12 16:40:00,2026-01-12,16,40,classroom_A,0,332.2,-0.026,-0.017,9.731,0,0,idle,1,0
2026-01-12 16:45:00,2026-01-12,16,45,classroom_A,1,56.7,1.238,0.675,9.095,0,1,walking,1,0
2026-01-12 16:50:00,2026-01-12,16,50,entrance,1,66.3,-0.047,-0.036,9.857,0,0,idle,1,0
2026-01-12 16:55:00,2026-01-12,16,55,library,0,228.9,-0.018,0.008,9.853,0,0,idle,1,0
2026-01-12 17:00:00,2026-01-12,17,0,lab,1,19.0,-0.055,-0.016,9.713,0,0,idle,1,0
2026-01-12 17:05:00,2026-01-12,17,5,classroom_B,0,307.3,-0.073,0.021,9.827,0,0,idle,1,0
2026-01-12 17:10:00,2026-01-12,17,10,library,1,91.0,-0.708,0.16,10.871,0,0,walking,1,0
2026-01-12 17:15:00,2026-01-12,17,15,library,1,29.7,1.769,-1.098,8.247,0,0,walking,1,0
2026-01-12 17:20:00,2026-01-12,17,20,classroom_B,1,30.4,0.637,-0.685,10.922,0,0,running,1,0
2026-01-12 17:25:00,2026-01-12,17,25,entrance,0,226.3,-0.016,0.032,9.816,0,0,idle,1,0
2026-01-12 17:30:00,2026-01-12,17,30,entrance,0,360.0,0.026,0.059,9.896,0,0,idle,1,0
2026-01-12 17:35:00,2026-01-12,17,35,library,1,13.1,-0.068,-0.035,9.814,0,0,idle,1,0
2026-01-12 17:40:00,2026-01-12,17,40,classroom_B,1,99.3,-0.047,-0.012,9.849,0,0,idle,1,0
2026-01-12 17:45:00,2026-01-12,17,45,library,1,90.3,1.228,-0.051,9.647,0,0,walking,1,0
2026-01-12 17:50:00,2026-01-12,17,50,entrance,1,80.4,-0.095,0.009,9.719,0,0,idle,1,0
2026-01-12 17:55:00,2026-01-12,17,55,library,1,36.6,-0.039,-0.013,9.897,1,0,idle,1,0
2026-01-12 18:00:00,2026-01-12,18,0,classroom_A,0,364.0,0.077,0.002,9.728,0,0,idle,0,0
2026-01-12 18:05:00,2026-01-12,18,5,library,0,239.7,0.049,0.005,9.856,0,0,idle,0,0
2026-01-12 18:10:00,2026-01-12,18,10,library,0,305.0,0.06,-0.027,9.746,0,0,idle,0,0
2026-01-12 18:15:00,2026-01-12,18,15,classroom_A,0,231.7,0.036,0.027,9.872,0,0,idle,0,0
2026-01-12 18:20:00,2026-01-12,18,20,classroom_A,0,350.2,-0.07,0.088,9.822,0,0,idle,0,0
2026-01-12 18:25:00,2026-01-12,18,25,lab,0,391.8,0.09,-0.041,9.88,0,0,idle,0,0
2026-01-12 18:30:00,2026-01-12,18,30,classroom_B,0,293.6,-0.073,0.088,9.7,0,0,idle,0,0
2026-01-12 18:35:00,2026-01-12,18,35,entrance,0,333.6,-0.058,0.047,9.819,0,0,idle,0,0
2026-01-12 18:40:00,2026-01-12,18,40,classroom_A,0,282.1,-0.071,0.064,9.853,0,0,idle,0,0
2026-01-12 18:45:00,2026-01-12,18,45,classroom_B,0,231.9,-0.016,0.018,9.75,0,0,idle,0,0
2026-01-12 18:50:00,2026-01-12,18,50,library,0,392.7,-0.045,0.079,9.725,0,0,idle,0,0
2026-01-12 18:55:00,2026-01-12,18,55,entrance,0,230.4,-0.011,0.034,9.852,0,0,idle,0,0
2026-01-12 19:00:00,2026-01-12,19,0,classroom_A,0,304.1,0.005,0.054,9.82,0,0,idle,0,0
2026-01-12 19:05:00,2026-01-12,19,5,entrance,0,259.8,-0.075,0.049,9.791,0,0,idle,0,0
2026-01-12 19:10:00,2026-01-12,19,10,entrance,0,350.9,0.044,0.075,9.89,0,0,idle,0,0
2026-01-12 19:15:00,2026-01-12,19,15,lab,0,378.2,-0.077,-0.007,9.817,0,0,idle,0,0
2026-01-12 19:20:00,2026-01-12,19,20,library,0,244.9,-0.079,0.1,9.821,0,0,idle,0,0
2026-01-12 19:25:00,2026-01-12,19,25,lab,0,248.3,0.07,-0.001,9.84,0,0,idle,0,0
2026-01-12 19:30:00,2026-01-12,19,30,classroom_B,0,327.6,0.073,-0.044,9.845,0,0,idle,0,0
2026-01-12 19:35:00,2026-01-12,19,35,classroom_B,0,328.1,-0.034,0.033,9.75,0,0,idle,0,0
2026-01-12 19:40:00,2026-01-12,19,40,library,0,220.2,0.061,-0.051,9.799,0,0,idle,0,0
2026-01-12 19:45:00,2026-01-12,19,45,library,0,253.2,0.099,0.065,9.798,0,0,idle,0,0
2026-01-12 19:50:00,2026-01-12,19,50,library,0,275.2,0.004,0.085,9.777,0,0,idle,0,0
2026-01-12 19:55:00,2026-01-12,19,55,classroom_A,0,367.6,0.029,-0.08,9.719,0,0,idle,0,0
2026-01-12 20:00:00,2026-01-12,20,0,entrance,0,334.5,0.081,-0.016,9.779,0,0,idle,0,0
2026-01-12 20:05:00,2026-01-12,20,5,lab,0,357.6,0.07,0.015,9.805,0,0,idle,0,0
2026-01-12 20:10:00,2026-01-12,20,10,library,0,325.6,0.056,0.034,9.705,0,0,idle,0,0
2026-01-12 20:15:00,2026-01-12,20,15,entrance,0,326.1,-0.034,-0.042,9.782,0,0,idle,0,0
2026-01-12 20:20:00,2026-01-12,20,20,classroom_A,0,369.9,-0.049,0.064,9.769,0,0,idle,0,0
2026-01-12 20:25:00,2026-01-12,20,25,classroom_A,0,356.7,-0.035,0.04,9.827,0,0,idle,0,0
2026-01-12 20:30:00,2026-01-12,20,30,classroom_B,0,354.2,0.009,-0.036,9.78,0,0,idle,0,0
2026-01-12 20:35:00,2026-01-12,20,35,library,0,234.4,-0.0,-0.082,9.77,0,0,idle,0,0
2026-01-12 20:40:00,2026-01-12,20,40,entrance,0,367.2,-0.054,0.066,9.72,0,0,idle,0,0
2026-01-12 20:45:00,2026-01-12,20,45,classroom_B,0,262.6,-0.001,-0.063,9.777,0,0,idle,0,0
2026-01-12 20:50:00,2026-01-12,20,50,classroom_A,0,297.1,-0.033,-0.012,9.772,0,0,idle,0,0
2026-01-12 20:55:00,2026-01-12,20,55,library,0,264.6,-0.078,0.016,9.882,0,0,idle,0,0
2026-01-12 21:00:00,2026-01-12,21,0,entrance,0,312.0,-0.064,0.024,9.715,0,0,idle,0,0
2026-01-12 21:05:00,2026-01-12,21,5,classroom_B,0,319.6,0.075,-0.019,9.753,0,0,idle,0,0
2026-01-12 21:10:00,2026-01-12,21,10,classroom_B,0,279.4,0.084,-0.079,9.891,0,0,idle,0,0
2026-01-12 21:15:00,2026-01-12,21,15,classroom_A,0,394.1,-0.035,-0.055,9.865,0,0,idle,0,0
2026-01-12 21:20:00,2026-01-12,21,20,classroom_A,0,333.5,-0.045,-0.001,9.867,0,0,idle,0,0
2026-01-12 21:25:00,2026-01-12,21,25,classroom_A,0,245.2,0.03,-0.057,9.702,0,0,idle,0,0
2026-01-12 21:30:00,2026-01-12,21,30,library,0,371.5,-0.003,-0.012,9.811,0,0,idle,0,0
2026-01-12 21:35:00,2026-01-12,21,35,lab,0,237.2,0.004,-0.02,9.815,0,0,idle,0,0
2026-01-12 21:40:00,2026-01-12,21,40,classroom_B,0,341.3,0.096,0.061,9.753,0,0,idle,0,0
2026-01-12 21:45:00,2026-01-12,21,45,classroom_A,0,385.1,-0.053,0.008,9.715,0,0,idle,0,0
2026-01-12 21:50:00,2026-01-12,21,50,entrance,0,365.5,0.04,0.059,9.816,0,0,idle,0,0
2026-01-12 21:55:00,2026-01-12,21,55,library,0,356.8,0.001,-0.005,9.763,0,0,idle,0,0
2026-01-13 07:00:00,2026-01-13,7,0,classroom_A,0,269.7,0.04,0.095,9.864,0,0,idle,0,0
2026-01-13 07:05:00,2026-01-13,7,5,lab,0,314.9,-0.089,0.024,9.799,0,0,idle,0,0
2026-01-13 07:10:00,2026-01-13,7,10,classroom_B,0,399.2,-0.096,-0.01,9.83,0,0,idle,0,0
2026-01-13 07:15:00,2026-01-13,7,15,classroom_B,0,341.3,-0.087,-0.029,9.891,0,0,idle,0,0
2026-01-13 07:20:00,2026-01-13,7,20,classroom_A,0,389.5,0.046,0.043,9.798,0,0,idle,0,0
2026-01-13 07:25:00,2026-01-13,7,25,classroom_B,0,243.0,-0.01,0.008,9.835,0,0,idle,0,0
2026-01-13 07:30:00,2026-01-13,7,30,library,0,359.7,0.002,-0.019,9.853,0,0,idle,0,0
2026-01-13 07:35:00,2026-01-13,7,35,entrance,0,201.4,0.022,0.042,9.772,0,0,idle,0,0
2026-01-13 07:40:00,2026-01-13,7,40,classroom_A,0,214.2,-0.087,-0.017,9.732,0,0,idle,0,0
2026-01-13 07:45:00,2026-01-13,7,45,lab,0,320.3,0.052,-0.064,9.736,0,0,idle,0,0
2026-01-13 07:50:00,2026-01-13,7,50,lab,0,266.4,-0.081,-0.019,9.84,0,0,idle,0,0
2026-01-13 07:55:00,2026-01-13,7,55,classroom_B,0,276.3,-0.005,0.069,9.737,0,0,idle,0,0
2026-01-13 08:00:00,2026-01-13,8,0,entrance,1,73.7,-0.0,-0.063,9.78,0,0,idle,1,0
2026-01-13 08:05:00,2026-01-13,8,5,classroom_A,1,77.7,-0.096,0.021,9.896,1,0,idle,1,0
2026-01-13 08:10:00,2026-01-13,8,10,classroom_A,1,98.7,-0.693,-0.775,10.4,0,0,running,1,0
2026-01-13 08:15:00,2026-01-13,8,15,lab,1,65.9,-1.127,-0.619,10.616,0,0,walking,1,0
2026-01-13 08:20:00,2026-01-13,8,20,entrance,0,375.9,-0.065,-0.07,9.864,0,0,idle,1,0
2026-01-13 08:25:00,2026-01-13,8,25,classroom_A,1,94.2,0.059,-0.076,9.887,0,0,idle,1,0
2026-01-13 08:30:00,2026-01-13,8,30,library,1,25.1,-1.227,-1.379,9.84,0,0,standing,1,0
2026-01-13 08:35:00,2026-01-13,8,35,classroom_A,0,356.8,0.089,0.034,9.713,0,0,idle,1,0
2026-01-13 08:40:00,2026-01-13,8,40,library,1,31.6,-0.062,-0.019,9.772,0,0,idle,1,0
2026-01-13 08:45:00,2026-01-13,8,45,library,1,56.8,-0.036,0.005,9.815,0,0,idle,1,0
2026-01-13 08:50:00,2026-01-13,8,50,entrance,1,35.4,1.054,-0.828,9.879,0,1,sitting,1,0
2026-01-13 08:55:00,2026-01-13,8,55,entrance,1,38.9,-0.022,-0.0,9.857,0,0,idle,1,0
2026-01-13 09:00:00,2026-01-13,9,0,entrance,1,13.7,-0.039,0.017,9.88,0,0,idle,1,0
2026-01-13 09:05:00,2026-01-13,9,5,library,1,14.2,-0.062,0.093,9.71,0,0,idle,1,0
2026-01-13 09:10:00,2026-01-13,9,10,classroom_B,1,26.0,0.04,0.082,9.72,0,0,idle,1,0
2026-01-13 09:15:00,2026-01-13,9,15,classroom_B,1,28.3,0.562,-1.938,10.766,0,0,walking,1,0
2026-01-13 09:20:00,2026-01-13,9,20,lab,1,31.6,0.066,0.097,9.897,0,0,idle,1,0
2026-01-13 09:25:00,2026-01-13,9,25,classroom_B,1,22.8,0.674,1.528,9.269,0,0,running,1,0
2026-01-13 09:30:00,2026-01-13,9,30,classroom_A,1,89.1,-0.045,0.038,9.783,0,0,idle,1,0
2026-01-13 09:35:00,2026-01-13,9,35,lab,0,297.6,0.02,0.025,9.779,0,0,idle,1,0
2026-01-13 09:40:00,2026-01-13,9,40,classroom_B,1,72.1,-1.542,-1.364,10.374,0,0,walking,1,0
2026-01-13 09:45:00,2026-01-13,9,45,library,0,343.0,0.039,-0.043,9.757,0,0,idle,1,0
2026-01-13 09:50:00,2026-01-13,9,50,library,1,78.5,0.077,-0.06,9.717,0,0,idle,1,0
2026-01-13 09:55:00,2026-01-13,9,55,classroom_A,0,293.8,-0.078,-0.054,9.867,0,0,idle,1,0
2026-01-13 10:00:00,2026-01-13,10,0,library,1,72.4,-0.256,-0.516,10.215,0,1,sitting,1,0
2026-01-13 10:05:00,2026-01-13,10,5,classroom_A,0,237.8,-0.058,-0.036,9.814,0,0,idle,1,0
2026-01-13 10:10:00,2026-01-13,10,10,classroom_B,1,95.5,-0.03,-0.06,9.829,0,0,idle,1,0
2026-01-13 10:15:00,2026-01-13,10,15,library,1,30.3,-0.033,0.044,9.705,0,0,idle,1,0
2026-01-13 10:20:00,2026-01-13,10,20,classroom_A,1,60.1,1.857,-1.773,10.054,0,1,sitting,1,0
2026-01-13 10:25:00,2026-01-13,10,25,entrance,0,264.3,-0.092,0.08,9.837,0,0,idle,1,0
2026-01-13 10:30:00,2026-01-13,10,30,entrance,1,60.6,0.054,-0.076,9.745,0,0,idle,1,0
2026-01-13 10:35:00,2026-01-13,10,35,classroom_A,1,84.2,0.014,-0.023,9.837,0,0,idle,1,0
2026-01-13 10:40:00,2026-01-13,10,40,classroom_B,1,65.1,0.098,-0.009,9.884,0,0,idle,1,0
2026-01-13 10:45:00,2026-01-13,10,45,lab,1,35.8,0.093,-0.022,9.751,0,0,idle,1,0
2026-01-13 10:50:00,2026-01-13,10,50,classroom_A,0,228.8,-0.008,0.042,9.808,0,0,idle,1,0
2026-01-13 10:55:00,2026-01-13,10,55,lab,0,225.0,0.025,-0.058,9.781,0,0,idle,1,0
2026-01-13 11:00:00,2026-01-13,11,0,classroom_A,1,50.7,-0.007,-0.032,9.833,1,0,idle,1,0
2026-01-13 11:05:00,2026-01-13,11,5,lab,1,27.2,1.494,0.637,9.857,0,0,sitting,1,0
2026-01-13 11:10:00,2026-01-13,11,10,library,1,37.6,-0.006,0.009,9.79,0,0,idle,1,0
2026-01-13 11:15:00,2026-01-13,11,15,entrance,1,27.9,0.078,0.032,9.887,0,0,idle,1,0
2026-01-13 11:20:00,2026-01-13,11,20,classroom_A,1,44.7,-0.045,0.049,9.813,0,0,idle,1,0
2026-01-13 11:25:00,2026-01-13,11,25,entrance,1,38.5,0.954,1.05,9.46,0,0,running,1,0
2026-01-13 11:30:00,2026-01-13,11,30,classroom_A,1,80.8,-1.965,1.449,8.158,0,0,walking,1,0
2026-01-13 11:35:00,2026-01-13,11,35,classroom_B,0,391.6,-0.038,-0.087,9.825,0,0,idle,1,0
2026-01-13 11:40:00,2026-01-13,11,40,classroom_A,1,84.5,0.041,-0.042,9.72,0,0,idle,1,0
2026-01-13 11:45:00,2026-01-13,11,45,classroom_A,1,20.7,-0.018,0.012,9.826,0,0,idle,1,0
2026-01-13 11:50:00,2026-01-13,11,50,classroom_A,0,332.8,-0.071,-0.011,9.851,0,0,idle,1,0
2026-01-13 11:55:00,2026-01-13,11,55,classroom_B,0,294.6,-0.005,0.053,9.817,0,0,idle,1,0
2026-01-13 12:00:00,2026-01-13,12,0,library,0,317.0,-0.064,0.079,9.894,0,0,idle,1,0
2026-01-13 12:05:00,2026-01-13,12,5,classroom_A,1,40.6,-0.52,-1.291,9.872,0,0,sitting,1,0
2026-01-13 12:10:00,2026-01-13,12,10,library,0,264.1,0.042,0.09,9.717,0,0,idle,1,0
2026-01-13 12:15:00,2026-01-13,12,15,classroom_B,0,298.9,0.024,0.018,9.898,0,0,idle,1,0
2026-01-13 12:20:00,2026-01-13,12,20,lab,0,238.4,-0.044,0.004,9.883,0,0,idle,1,0
2026-01-13 12:25:00,2026-01-13,12,25,lab,1,25.0,0.04,-0.047,9.899,0,0,idle,1,0
2026-01-13 12:30:00,2026-01-13,12,30,lab,1,40.0,1.488,1.706,8.032,1,0,running,1,0
2026-01-13 12:35:00,2026-01-13,12,35,lab,1,13.2,0.039,-0.033,9.861,0,0,idle,1,0
2026-01-13 12:40:00,2026-01-13,12,40,classroom_B,0,226.5,-0.031,-0.048,9.739,0,0,idle,1,0
2026-01-13 12:45:00,2026-01-13,12,45,classroom_A,1,92.2,-0.083,0.033,9.764,0,0,idle,1,0
2026-01-13 12:50:00,2026-01-13,12,50,classroom_A,0,221.4,-0.085,-0.025,9.731,0,0,idle,1,0
2026-01-13 12:55:00,2026-01-13,12,55,library,0,372.7,-0.098,-0.097,9.861,0,0,idle,1,0
2026-01-13 13:00:00,2026-01-13,13,0,entrance,1,62.4,0.094,0.026,9.766,0,0,idle,1,0
2026-01-13 13:05:00,2026-01-13,13,5,entrance,0,239.9,0.049,-0.084,9.718,0,0,idle,1,0
2026-01-13 13:10:00,2026-01-13,13,10,lab,1,81.2,-1.8,-1.682,8.961,0,0,running,1,0
2026-01-13 13:15:00,2026-01-13,13,15,classroom_A,1,26.7,0.705,1.46,8.184,0,1,walking,1,0
2026-01-13 13:20:00,2026-01-13,13,20,classroom_A,1,89.0,-0.062,-0.075,9.852,0,0,idle,1,0
2026-01-13 13:25:00,2026-01-13,13,25,classroom_A,1,67.2,0.02,0.001,9.757,0,0,idle,1,0
2026-01-13 13:30:00,2026-01-13,13,30,entrance,1,68.9,-0.05,0.051,9.713,1,0,idle,1,0
2026-01-13 13:35:00,2026-01-13,13,35,classroom_B,1,83.6,1.058,0.864,8.036,0,0,walking,1,0
2026-01-13 13:40:00,2026-01-13,13,40,classroom_B,1,64.5,0.014,0.045,9.764,0,0,idle,1,0
2026-01-13 13:45:00,2026-01-13,13,45,lab,1,78.7,0.1,-0.062,9.817,1,0,idle,1,0
2026-01-13 13:50:00,2026-01-13,13,50,lab,0,264.9,0.059,0.089,9.781,0,0,idle,1,0
2026-01-13 13:55:00,2026-01-13,13,55,classroom_A,1,22.8,-0.016,-0.095,9.728,0,0,idle,1,0
2026-01-13 14:00:00,2026-01-13,14,0,lab,1,11.3,0.032,-0.065,9.819,0,1,idle,1,0
2026-01-13 14:05:00,2026-01-13,14,5,library,1,34.4,-0.011,-1.367,10.489,0,0,running,1,0
2026-01-13 14:10:00,2026-01-13,14,10,entrance,0,286.6,0.089,-0.068,9.894,0,0,idle,1,0
2026-01-13 14:15:00,2026-01-13,14,15,classroom_A,1,19.5,0.041,0.022,9.728,0,0,idle,1,0
2026-01-13 14:20:00,2026-01-13,14,20,classroom_A,1,11.2,-0.068,0.026,9.837,0,0,idle,1,0
2026-01-13 14:25:00,2026-01-13,14,25,classroom_B,1,40.7,0.038,-0.074,9.813,0,1,idle,1,0
2026-01-13 14:30:00,2026-01-13,14,30,classroom_B,1,28.9,-0.053,0.074,9.763,0,0,idle,1,0
2026-01-13 14:35:00,2026-01-13,14,35,classroom_A,1,61.9,-0.061,-0.075,9.764,0,0,idle,1,0
2026-01-13 14:40:00,2026-01-13,14,40,entrance,0,321.9,0.063,-0.05,9.813,0,0,idle,1,0
2026-01-13 14:45:00,2026-01-13,14,45,classroom_B,1,89.3,-0.07,-0.036,9.806,0,0,idle,1,0
2026-01-13 14:50:00,2026-01-13,14,50,entrance,1,45.1,1.08,0.848,9.091,0,0,walking,1,0
2026-01-13 14:55:00,2026-01-13,14,55,library,1,84.2,-0.071,-0.045,9.764,0,0,idle,1,0
2026-01-13 15:00:00,2026-01-13,15,0,library,1,83.0,1.695,0.42,8.887,0,0,walking,1,0
2026-01-13 15:05:00,2026-01-13,15,5,lab,1,81.2,0.064,-0.098,9.752,1,1,idle,1,0
2026-01-13 15:10:00,2026-01-13,15,10,entrance,1,51.8,-0.07,0.025,9.811,0,0,idle,1,0
2026-01-13 15:15:00,2026-01-13,15,15,library,0,291.2,-0.06,0.021,9.757,0,0,idle,1,0
2026-01-13 15:20:00,2026-01-13,15,20,entrance,1,96.0,1.471,0.21,9.106,0,0,standing,1,0
2026-01-13 15:25:00,2026-01-13,15,25,library,1,68.2,-0.035,0.067,9.707,0,0,idle,1,0
2026-01-13 15:30:00,2026-01-13,15,30,classroom_A,1,56.1,0.043,-0.001,9.885,1,0,idle,1,0
2026-01-13 15:35:00,2026-01-13,15,35,lab,0,247.0,0.051,0.094,9.768,0,0,idle,1,0
2026-01-13 15:40:00,2026-01-13,15,40,entrance,1,16.3,-0.088,-0.017,9.858,0,0,idle,1,0
2026-01-13 15:45:00,2026-01-13,15,45,classroom_A,0,289.7,-0.077,0.082,9.752,0,0,idle,1,0
2026-01-13 15:50:00,2026-01-13,15,50,classroom_A,1,71.5,0.572,0.789,9.436,0,0,walking,1,0
2026-01-13 15:55:00,2026-01-13,15,55,lab,0,227.5,-0.036,-0.022,9.827,0,0,idle,1,0
2026-01-13 16:00:00,2026-01-13,16,0,classroom_A,1,78.9,0.034,0.039,9.81,1,0,idle,1,0
2026-01-13 16:05:00,2026-01-13,16,5,classroom_A,1,54.2,-0.084,0.076,9.802,0,0,idle,1,0
2026-01-13 16:10:00,2026-01-13,16,10,library,1,92.4,-0.044,0.011,9.802,0,0,idle,1,0
2026-01-13 16:15:00,2026-01-13,16,15,library,1,27.6,-0.021,0.03,9.79,0,0,idle,1,0
2026-01-13 16:20:00,2026-01-13,16,20,classroom_A,0,240.9,-0.077,-0.023,9.721,0,0,idle,1,0
2026-01-13 16:25:00,2026-01-13,16,25,entrance,1,61.3,0.067,0.035,9.877,0,0,idle,1,0
2026-01-13 16:30:00,2026-01-13,16,30,classroom_B,1,30.7,0.069,-0.057,9.705,1,0,idle,1,0
2026-01-13 16:35:00,2026-01-13,16,35,library,1,95.2,-0.035,0.097,9.82,0,0,idle,1,0
2026-01-13 16:40:00,2026-01-13,16,40,entrance,1,81.6,0.088,-0.084,9.721,1,1,idle,1,0
2026-01-13 16:45:00,2026-01-13,16,45,library,0,389.4,0.086,-0.039,9.776,0,0,idle,1,0
2026-01-13 16:50:00,2026-01-13,16,50,classroom_B,0,219.4,-0.026,0.029,9.894,0,0,idle,1,0
2026-01-13 16:55:00,2026-01-13,16,55,classroom_A,1,47.6,1.082,1.594,8.906,0,0,standing,1,0
2026-01-13 17:00:00,2026-01-13,17,0,classroom_A,1,67.3,0.059,0.076,9.886,0,0,idle,1,0
2026-01-13 17:05:00,2026-01-13,17,5,classroom_A,1,89.8,-0.045,-0.095,9.813,1,0,idle,1,0
2026-01-13 17:10:00,2026-01-13,17,10,entrance,1,71.0,-0.01,1.322,9.237,0,1,walking,1,0
2026-01-13 17:15:00,2026-01-13,17,15,classroom_B,0,375.3,0.042,0.044,9.741,0,0,idle,1,0
2026-01-13 17:20:00,2026-01-13,17,20,lab,1,34.5,-0.053,-0.01,9.7,0,0,idle,1,0
2026-01-13 17:25:00,2026-01-13,17,25,lab,1,73.3,0.043,0.049,9.757,1,0,idle,1,0
2026-01-13 17:30:00,2026-01-13,17,30,library,1,43.6,0.045,0.008,9.764,0,0,idle,1,0
2026-01-13 17:35:00,2026-01-13,17,35,classroom_B,1,52.1,-0.042,0.063,9.85,0,0,idle,1,0
2026-01-13 17:40:00,2026-01-13,17,40,lab,0,217.3,-0.049,-0.072,9.885,0,0,idle,1,0
2026-01-13 17:45:00,2026-01-13,17,45,classroom_B,1,58.5,0.078,-0.031,9.884,0,0,idle,1,0
2026-01-13 17:50:00,2026-01-13,17,50,lab,1,84.9,1.195,-1.442,10.449,0,0,walking,1,0
2026-01-13 17:55:00,2026-01-13,17,55,classroom_B,0,398.1,0.009,0.004,9.815,0,0,idle,1,0
2026-01-13 18:00:00,2026-01-13,18,0,classroom_B,0,332.9,-0.067,-0.055,9.842,0,0,idle,0,0
2026-01-13 18:05:00,2026-01-13,18,5,library,0,265.1,0.067,-0.025,9.887,0,0,idle,0,0
2026-01-13 18:10:00,2026-01-13,18,10,entrance,0,278.6,0.015,0.05,9.838,0,0,idle,0,0
2026-01-13 18:15:00,2026-01-13,18,15,entrance,0,328.8,-0.069,0.039,9.851,0,0,idle,0,0
2026-01-13 18:20:00,2026-01-13,18,20,classroom_B,0,393.9,0.06,-0.001,9.883,0,0,idle,0,0
2026-01-13 18:25:00,2026-01-13,18,25,classroom_A,0,281.2,0.065,0.008,9.719,0,0,idle,0,0
2026-01-13 18:30:00,2026-01-13,18,30,classroom_B,1,12.8,-1.257,1.104,8.214,0,0,standing,0,1
2026-01-13 18:35:00,2026-01-13,18,35,classroom_B,0,202.1,0.02,-0.031,9.775,0,0,idle,0,0
2026-01-13 18:40:00,2026-01-13,18,40,lab,0,317.9,-0.004,0.023,9.708,0,0,idle,0,0
2026-01-13 18:45:00,2026-01-13,18,45,lab,0,300.0,-0.03,-0.049,9.795,0,0,idle,0,0
2026-01-13 18:50:00,2026-01-13,18,50,lab,0,354.0,-0.015,0.017,9.876,0,0,idle,0,0
2026-01-13 18:55:00,2026-01-13,18,55,classroom_B,0,276.0,0.093,0.052,9.717,0,0,idle,0,0
2026-01-13 19:00:00,2026-01-13,19,0,lab,0,216.6,0.045,0.043,9.884,0,0,idle,0,0
2026-01-13 19:05:00,2026-01-13,19,5,library,0,267.5,0.021,-0.006,9.765,0,0,idle,0,0
2026-01-13 19:10:00,2026-01-13,19,10,classroom_A,0,370.9,-0.057,-0.018,9.702,0,0,idle,0,0
2026-01-13 19:15:00,2026-01-13,19,15,classroom_A,0,335.0,-0.094,0.001,9.714,0,0,idle,0,0
2026-01-13 19:20:00,2026-01-13,19,20,entrance,0,339.4,-0.022,0.085,9.831,0,0,idle,0,0
2026-01-13 19:25:00,2026-01-13,19,25,classroom_A,0,223.5,0.003,-0.065,9.79,0,0,idle,0,0
2026-01-13 19:30:00,2026-01-13,19,30,lab,1,64.1,0.037,0.094,9.715,0,0,idle,0,1
2026-01-13 19:35:00,2026-01-13,19,35,classroom_A,0,361.4,0.081,0.054,9.709,0,0,idle,0,0
2026-01-13 19:40:00,2026-01-13,19,40,entrance,0,373.1,0.017,-0.001,9.843,0,0,idle,0,0
2026-01-13 19:45:00,2026-01-13,19,45,lab,0,227.8,0.048,0.089,9.813,0,0,idle,0,0
2026-01-13 19:50:00,2026-01-13,19,50,classroom_B,0,358.9,-0.014,0.042,9.88,0,0,idle,0,0
2026-01-13 19:55:00,2026-01-13,19,55,lab,0,221.3,-0.005,-0.044,9.811,0,0,idle,0,0
2026-01-13 20:00:00,2026-01-13,20,0,library,0,217.4,0.076,0.033,9.795,0,0,idle,0,0
2026-01-13 20:05:00,2026-01-13,20,5,library,0,381.3,0.075,-0.076,9.732,0,0,idle,0,0
2026-01-13 20:10:00,2026-01-13,20,10,lab,0,239.3,0.032,0.009,9.811,0,0,idle,0,0
2026-01-13 20:15:00,2026-01-13,20,15,classroom_A,0,358.0,-0.063,-0.017,9.812,0,0,idle,0,0
2026-01-13 20:20:00,2026-01-13,20,20,library,0,260.1,0.049,-0.022,9.774,0,0,idle,0,0
2026-01-13 20:25:00,2026-01-13,20,25,classroom_A,0,222.6,0.033,0.017,9.702,0,0,idle,0,0
2026-01-13 20:30:00,2026-01-13,20,30,lab,0,248.7,-0.004,-0.057,9.833,0,0,idle,0,0
2026-01-13 20:35:00,2026-01-13,20,35,entrance,0,219.8,-0.022,0.027,9.808,0,0,idle,0,0
2026-01-13 20:40:00,2026-01-13,20,40,library,0,225.4,0.002,0.072,9.714,0,0,idle,0,0
2026-01-13 20:45:00,2026-01-13,20,45,classroom_B,0,214.5,-0.067,0.025,9.783,0,0,idle,0,0
2026-01-13 20:50:00,2026-01-13,20,50,classroom_B,0,365.6,-0.019,0.05,9.709,0,0,idle,0,0
2026-01-13 20:55:00,2026-01-13,20,55,library,0,205.5,0.034,0.086,9.778,0,0,idle,0,0
2026-01-13 21:00:00,2026-01-13,21,0,library,0,244.9,0.082,-0.004,9.89,0,0,idle,0,0
2026-01-13 21:05:00,2026-01-13,21,5,classroom_B,0,329.2,0.051,-0.069,9.82,0,0,idle,0,0
2026-01-13 21:10:00,2026-01-13,21,10,classroom_A,0,215.0,0.02,-0.017,9.812,0,0,idle,0,0
2026-01-13 21:15:00,2026-01-13,21,15,classroom_B,0,208.0,-0.045,-0.044,9.83,0,0,idle,0,0
2026-01-13 21:20:00,2026-01-13,21,20,library,0,307.1,-0.035,-0.038,9.89,0,0,idle,0,0
2026-01-13 21:25:00,2026-01-13,21,25,library,0,351.5,0.068,0.018,9.812,0,0,idle,0,0
2026-01-13 21:30:00,2026-01-13,21,30,classroom_B,0,357.2,-0.073,-0.033,9.838,0,0,idle,0,0
2026-01-13 21:35:00,2026-01-13,21,35,classroom_B,0,323.3,-0.087,0.026,9.887,0,0,idle,0,0
2026-01-13 21:40:00,2026-01-13,21,40,classroom_A,0,245.6,0.085,-0.035,9.748,0,0,idle,0,0
2026-01-13 21:45:00,2026-01-13,21,45,classroom_B,0,261.3,0.065,0.004,9.782,0,0,idle,0,0
2026-01-13 21:50:00,2026-01-13,21,50,classroom_B,0,333.9,-0.062,0.023,9.857,0,0,idle,0,0
2026-01-13 21:55:00,2026-01-13,21,55,lab,0,337.2,0.043,0.011,9.741,0,0,idle,0,0
2026-01-14 07:00:00,2026-01-14,7,0,classroom_A,0,234.7,0.045,0.075,9.828,0,0,idle,0,0
2026-01-14 07:05:00,2026-01-14,7,5,classroom_B,0,326.7,-0.033,0.077,9.862,0,0,idle,0,0
2026-01-14 07:10:00,2026-01-14,7,10,classroom_A,0,296.9,-0.046,0.014,9.807,0,0,idle,0,0
2026-01-14 07:15:00,2026-01-14,7,15,lab,0,214.4,-0.075,-0.025,9.81,0,0,idle,0,0
2026-01-14 07:20:00,2026-01-14,7,20,library,1,27.0,0.086,-0.009,9.898,0,0,idle,0,1
2026-01-14 07:25:00,2026-01-14,7,25,entrance,0,253.1,0.096,0.026,9.798,0,0,idle,0,0
2026-01-14 07:30:00,2026-01-14,7,30,entrance,0,277.4,-0.076,-0.064,9.772,0,0,idle,0,0
2026-01-14 07:35:00,2026-01-14,7,35,library,1,16.3,0.141,-1.49,8.288,0,0,sitting,0,1
2026-01-14 07:40:00,2026-01-14,7,40,classroom_A,0,222.3,0.095,0.044,9.757,0,0,idle,0,0
2026-01-14 07:45:00,2026-01-14,7,45,classroom_A,0,323.7,0.014,-0.047,9.811,0,0,idle,0,0
2026-01-14 07:50:00,2026-01-14,7,50,lab,0,310.7,-0.037,-0.056,9.861,0,0,idle,0,0
2026-01-14 07:55:00,2026-01-14,7,55,classroom_B,0,323.3,0.091,-0.082,9.848,0,0,idle,0,0
2026-01-14 08:00:00,2026-01-14,8,0,library,0,224.9,-0.051,-0.019,9.748,0,0,idle,1,0
2026-01-14 08:05:00,2026-01-14,8,5,lab,1,25.6,-1.57,-1.045,8.925,0,0,running,1,0
2026-01-14 08:10:00,2026-01-14,8,10,entrance,1,19.0,0.85,-0.23,10.217,0,0,sitting,1,0
2026-01-14 08:15:00,2026-01-14,8,15,library,1,34.5,-0.002,0.058,9.805,0,0,idle,1,0
2026-01-14 08:20:00,2026-01-14,8,20,classroom_A,1,49.8,-1.422,-1.691,10.511,0,0,sitting,1,0
2026-01-14 08:25:00,2026-01-14,8,25,library,1,46.5,-0.837,-1.076,9.801,0,0,sitting,1,0
2026-01-14 08:30:00,2026-01-14,8,30,lab,1,72.8,0.06,-0.022,9.769,0,0,idle,1,0
2026-01-14 08:35:00,2026-01-14,8,35,classroom_B,0,217.9,-0.049,-0.054,9.773,0,0,idle,1,0
2026-01-14 08:40:00,2026-01-14,8,40,classroom_B,1,25.2,0.029,0.02,9.862,0,0,idle,1,0
2026-01-14 08:45:00,2026-01-14,8,45,classroom_B,1,30.6,-0.068,0.023,9.811,0,0,idle,1,0
2026-01-14 08:50:00,2026-01-14,8,50,classroom_A,1,36.4,-0.044,0.083,9.746,0,0,idle,1,0
2026-01-14 08:55:00,2026-01-14,8,55,classroom_A,0,324.2,0.015,0.057,9.874,0,0,idle,1,0
2026-01-14 09:00:00,2026-01-14,9,0,entrance,1,52.3,-0.066,-0.097,9.892,0,1,idle,1,0
2026-01-14 09:05:00,2026-01-14,9,5,classroom_A,1,80.5,0.056,0.011,9.774,0,0,idle,1,0
2026-01-14 09:10:00,2026-01-14,9,10,classroom_A,1,10.8,0.053,0.003,9.704,0,1,idle,1,0
2026-01-14 09:15:00,2026-01-14,9,15,lab,1,52.2,-0.052,0.022,9.773,0,0,idle,1,0
2026-01-14 09:20:00,2026-01-14,9,20,library,1,19.9,0.561,1.018,8.201,1,0,sitting,1,0
2026-01-14 09:25:00,2026-01-14,9,25,library,0,335.5,-0.021,0.008,9.781,0,0,idle,1,0
2026-01-14 09:30:00,2026-01-14,9,30,lab,1,68.3,0.057,0.015,9.868,0,0,idle,1,0
2026-01-14 09:35:00,2026-01-14,9,35,lab,1,87.2,-1.854,-1.706,10.984,1,0,standing,1,0
2026-01-14 09:40:00,2026-01-14,9,40,library,1,43.6,-0.06,-0.097,9.787,0,0,idle,1,0
2026-01-14 09:45:00,2026-01-14,9,45,entrance,0,349.8,0.03,-0.04,9.749,0,0,idle,1,0
2026-01-14 09:50:00,2026-01-14,9,50,classroom_B,0,380.7,-0.049,-0.02,9.843,0,0,idle,1,0
2026-01-14 09:55:00,2026-01-14,9,55,entrance,0,292.7,-0.017,-0.09,9.89,0,0,idle,1,0
2026-01-14 10:00:00,2026-01-14,10,0,library,1,14.8,-0.023,0.031,9.787,0,0,idle,1,0
2026-01-14 10:05:00,2026-01-14,10,5,entrance,1,13.6,0.069,-0.086,9.766,0,0,idle,1,0
2026-01-14 10:10:00,2026-01-14,10,10,classroom_A,0,229.2,0.042,-0.046,9.705,0,0,idle,1,0
2026-01-14 10:15:00,2026-01-14,10,15,library,1,43.4,-0.033,0.023,9.769,0,0,idle,1,0
2026-01-14 10:20:00,2026-01-14,10,20,library,1,89.5,-0.013,0.003,9.833,0,0,idle,1,0
2026-01-14 10:25:00,2026-01-14,10,25,classroom_A,1,97.1,-0.024,0.032,9.788,0,0,idle,1,0
2026-01-14 10:30:00,2026-01-14,10,30,entrance,0,239.3,0.023,-0.045,9.744,0,0,idle,1,0
2026-01-14 10:35:00,2026-01-14,10,35,classroom_A,1,95.8,0.277,-0.33,10.478,0,0,walking,1,0
2026-01-14 10:40:00,2026-01-14,10,40,lab,1,16.0,-0.047,-0.003,9.713,0,0,idle,1,0
2026-01-14 10:45:00,2026-01-14,10,45,library,1,70.2,-0.031,0.046,9.774,0,0,idle,1,0
2026-01-14 10:50:00,2026-01-14,10,50,library,1,90.0,-0.034,0.033,9.805,0,0,idle,1,0
2026-01-14 10:55:00,2026-01-14,10,55,library,1,35.1,0.079,-0.055,9.704,0,0,idle,1,0
2026-01-14 11:00:00,2026-01-14,11,0,library,1,97.5,-0.09,0.018,9.86,0,0,idle,1,0
2026-01-14 11:05:00,2026-01-14,11,5,lab,1,80.5,-0.05,0.081,9.885,0,0,idle,1,0
2026-01-14 11:10:00,2026-01-14,11,10,lab,0,283.9,-0.034,-0.084,9.732,0,0,idle,1,0
2026-01-14 11:15:00,2026-01-14,11,15,lab,0,332.6,0.055,0.085,9.711,0,0,idle,1,0
2026-01-14 11:20:00,2026-01-14,11,20,entrance,0,230.8,-0.005,-0.094,9.888,0,0,idle,1,0
2026-01-14 11:25:00,2026-01-14,11,25,classroom_A,1,53.8,0.086,-0.021,9.743,0,0,idle,1,0
2026-01-14 11:30:00,2026-01-14,11,30,classroom_A,1,24.8,-0.691,-0.493,8.249,1,0,walking,1,0
2026-01-14 11:35:00,2026-01-14,11,35,classroom_A,1,54.3,1.88,1.232,9.944,1,0,walking,1,0
2026-01-14 11:40:00,2026-01-14,11,40,classroom_B,1,85.9,0.084,0.04,9.833,1,0,idle,1,0
2026-01-14 11:45:00,2026-01-14,11,45,lab,1,13.5,0.098,0.023,9.864,0,0,idle,1,0
2026-01-14 11:50:00,2026-01-14,11,50,entrance,0,298.1,-0.047,-0.042,9.867,0,0,idle,1,0
2026-01-14 11:55:00,2026-01-14,11,55,library,0,256.9,-0.087,0.021,9.752,0,0,idle,1,0
2026-01-14 12:00:00,2026-01-14,12,0,classroom_B,1,64.6,-0.094,0.07,9.833,0,0,idle,1,0
2026-01-14 12:05:00,2026-01-14,12,5,classroom_A,0,261.3,0.031,0.063,9.784,0,0,idle,1,0
2026-01-14 12:10:00,2026-01-14,12,10,classroom_A,0,369.4,0.033,-0.058,9.792,0,0,idle,1,0
2026-01-14 12:15:00,2026-01-14,12,15,classroom_B,1,15.3,-0.07,0.1,9.725,0,0,idle,1,0
2026-01-14 12:20:00,2026-01-14,12,20,library,1,62.1,-0.013,-0.075,9.829,0,0,idle,1,0
2026-01-14 12:25:00,2026-01-14,12,25,classroom_B,1,73.8,0.031,-0.027,9.778,0,1,idle,1,0
2026-01-14 12:30:00,2026-01-14,12,30,lab,1,83.1,0.093,0.057,9.873,0,0,idle,1,0
2026-01-14 12:35:00,2026-01-14,12,35,entrance,1,96.2,0.074,-0.063,9.874,0,0,idle,1,0
2026-01-14 12:40:00,2026-01-14,12,40,lab,1,99.0,1.537,-1.04,9.812,0,0,standing,1,0
2026-01-14 12:45:00,2026-01-14,12,45,library,1,10.8,-0.031,0.023,9.767,1,0,idle,1,0
2026-01-14 12:50:00,2026-01-14,12,50,library,1,23.3,0.072,0.049,9.755,0,0,idle,1,0
2026-01-14 12:55:00,2026-01-14,12,55,library,1,65.1,0.09,0.06,9.791,0,0,idle,1,0
2026-01-14 13:00:00,2026-01-14,13,0,entrance,0,291.3,-0.043,-0.096,9.818,0,0,idle,1,0
2026-01-14 13:05:00,2026-01-14,13,5,lab,1,89.0,0.083,0.022,9.746,0,0,idle,1,0
2026-01-14 13:10:00,2026-01-14,13,10,classroom_A,1,90.2,0.063,0.034,9.816,0,1,idle,1,0
2026-01-14 13:15:00,2026-01-14,13,15,library,1,95.7,-0.021,-0.014,9.892,0,0,idle,1,0
2026-01-14 13:20:00,2026-01-14,13,20,classroom_B,0,203.3,0.074,0.047,9.853,0,0,idle,1,0
2026-01-14 13:25:00,2026-01-14,13,25,library,0,332.7,-0.001,0.016,9.807,0,0,idle,1,0
2026-01-14 13:30:00,2026-01-14,13,30,lab,1,20.4,1.957,0.243,8.986,0,1,running,1,0
2026-01-14 13:35:00,2026-01-14,13,35,classroom_B,1,68.2,-0.096,-0.074,9.85,0,0,idle,1,0
2026-01-14 13:40:00,2026-01-14,13,40,entrance,1,91.5,-1.344,-1.61,10.795,0,0,standing,1,0
2026-01-14 13:45:00,2026-01-14,13,45,lab,1,24.0,1.748,1.814,8.198,0,0,standing,1,0
2026-01-14 13:50:00,2026-01-14,13,50,classroom_B,1,55.0,0.007,0.002,9.796,0,0,idle,1,0
2026-01-14 13:55:00,2026-01-14,13,55,entrance,0,270.6,-0.022,-0.062,9.889,0,0,idle,1,0
2026-01-14 14:00:00,2026-01-14,14,0,classroom_A,0,324.1,0.094,0.053,9.898,0,0,idle,1,0
2026-01-14 14:05:00,2026-01-14,14,5,lab,1,24.4,0.007,-0.004,9.885,0,1,idle,1,0
2026-01-14 14:10:00,2026-01-14,14,10,classroom_A,0,286.5,0.061,0.055,9.78,0,0,idle,1,0
2026-01-14 14:15:00,2026-01-14,14,15,lab,1,67.4,0.05,-0.087,9.899,0,0,idle,1,0
2026-01-14 14:20:00,2026-01-14,14,20,entrance,1,51.2,-0.026,0.08,9.707,0,0,idle,1,0
2026-01-14 14:25:00,2026-01-14,14,25,classroom_B,0,386.8,0.03,-0.017,9.868,0,0,idle,1,0
2026-01-14 14:30:00,2026-01-14,14,30,entrance,0,217.0,0.069,0.019,9.812,0,0,idle,1,0
2026-01-14 14:35:00,2026-01-14,14,35,classroom_B,1,52.6,0.01,0.052,9.724,0,0,idle,1,0
2026-01-14 14:40:00,2026-01-14,14,40,classroom_B,1,58.3,-0.092,-0.079,9.888,0,0,idle,1,0
2026-01-14 14:45:00,2026-01-14,14,45,library,0,399.9,-0.044,0.07,9.896,0,0,idle,1,0
2026-01-14 14:50:00,2026-01-14,14,50,classroom_A,1,54.8,-0.019,-0.095,9.757,0,1,idle,1,0
2026-01-14 14:55:00,2026-01-14,14,55,classroom_B,0,320.6,0.07,-0.027,9.719,0,0,idle,1,0
2026-01-14 15:00:00,2026-01-14,15,0,entrance,0,263.7,-0.075,0.015,9.816,0,0,idle,1,0
2026-01-14 15:05:00,2026-01-14,15,5,library,1,34.9,0.01,0.008,9.872,0,0,idle,1,0
2026-01-14 15:10:00,2026-01-14,15,10,lab,0,309.2,0.081,0.032,9.72,0,0,idle,1,0
2026-01-14 15:15:00,2026-01-14,15,15,classroom_B,0,208.1,0.084,-0.016,9.832,0,0,idle,1,0
2026-01-14 15:20:00,2026-01-14,15,20,lab,0,227.4,-0.081,0.089,9.701,0,0,idle,1,0
2026-01-14 15:25:00,2026-01-14,15,25,classroom_B,1,82.9,-0.079,-0.068,9.888,0,0,idle,1,0
2026-01-14 15:30:00,2026-01-14,15,30,classroom_A,1,68.4,0.073,0.026,9.703,0,0,idle,1,0
2026-01-14 15:35:00,2026-01-14,15,35,library,0,364.4,0.036,-0.052,9.782,0,0,idle,1,0
2026-01-14 15:40:00,2026-01-14,15,40,classroom_A,0,315.3,0.046,0.068,9.799,0,0,idle,1,0
2026-01-14 15:45:00,2026-01-14,15,45,library,1,29.0,-0.062,0.006,9.769,0,0,idle,1,0
2026-01-14 15:50:00,2026-01-14,15,50,lab,1,32.4,-0.075,-0.016,9.83,0,0,idle,1,0
2026-01-14 15:55:00,2026-01-14,15,55,entrance,1,77.2,0.015,0.063,9.816,0,0,idle,1,0
2026-01-14 16:00:00,2026-01-14,16,0,classroom_A,1,32.5,-1.711,-0.421,10.896,0,0,standing,1,0
2026-01-14 16:05:00,2026-01-14,16,5,classroom_A,0,366.0,-0.097,-0.079,9.741,0,0,idle,1,0
2026-01-14 16:10:00,2026-01-14,16,10,classroom_A,1,68.3,-0.525,1.909,9.136,0,0,running,1,0
2026-01-14 16:15:00,2026-01-14,16,15,classroom_A,0,229.2,-0.022,-0.062,9.833,0,0,idle,1,0
2026-01-14 16:20:00,2026-01-14,16,20,lab,1,95.4,-0.05,-0.013,9.732,0,0,idle,1,0
2026-01-14 16:25:00,2026-01-14,16,25,entrance,1,28.3,-0.851,-0.866,8.531,0,0,walking,1,0
2026-01-14 16:30:00,2026-01-14,16,30,classroom_A,1,41.3,-0.01,0.038,9.755,0,0,idle,1,0
2026-01-14 16:35:00,2026-01-14,16,35,entrance,1,49.4,1.124,0.581,9.154,0,0,running,1,0
2026-01-14 16:40:00,2026-01-14,16,40,library,1,43.4,-1.605,1.448,9.549,0,1,standing,1,0
2026-01-14 16:45:00,2026-01-14,16,45,library,0,221.4,0.08,-0.05,9.749,0,0,idle,1,0
2026-01-14 16:50:00,2026-01-14,16,50,library,0,314.9,0.085,0.084,9.826,0,0,idle,1,0
2026-01-14 16:55:00,2026-01-14,16,55,entrance,1,96.3,0.038,0.011,9.814,1,0,idle,1,0
2026-01-14 17:00:00,2026-01-14,17,0,classroom_A,0,344.2,-0.015,0.039,9.754,0,0,idle,1,0
2026-01-14 17:05:00,2026-01-14,17,5,classroom_B,1,70.3,0.013,-0.029,9.776,0,0,idle,1,0
2026-01-14 17:10:00,2026-01-14,17,10,entrance,1,40.3,-0.052,-0.033,9.746,0,1,idle,1,0
2026-01-14 17:15:00,2026-01-14,17,15,library,1,90.6,1.466,-1.18,9.237,1,0,walking,1,0
2026-01-14 17:20:00,2026-01-14,17,20,classroom_B,1,22.2,-0.056,-0.081,9.751,0,0,idle,1,0
2026-01-14 17:25:00,2026-01-14,17,25,library,1,90.1,-0.081,0.085,9.822,1,0,idle,1,0
2026-01-14 17:30:00,2026-01-14,17,30,entrance,1,66.6,-0.091,0.038,9.808,0,0,idle,1,0
2026-01-14 17:35:00,2026-01-14,17,35,entrance,0,297.9,0.098,0.059,9.877,0,0,idle,1,0
2026-01-14 17:40:00,2026-01-14,17,40,classroom_A,1,62.5,-0.044,-0.015,9.77,0,0,idle,1,0
2026-01-14 17:45:00,2026-01-14,17,45,classroom_A,1,18.8,-0.096,-0.045,9.734,0,0,idle,1,0
2026-01-14 17:50:00,2026-01-14,17,50,classroom_A,1,28.8,-0.157,0.647,8.677,1,0,walking,1,0
2026-01-14 17:55:00,2026-01-14,17,55,lab,1,78.1,0.067,-0.014,9.838,0,0,idle,1,0
2026-01-14 18:00:00,2026-01-14,18,0,classroom_A,1,43.7,0.037,0.079,9.722,0,0,idle,0,1
2026-01-14 18:05:00,2026-01-14,18,5,library,0,286.9,0.04,-0.067,9.843,0,0,idle,0,0
2026-01-14 18:10:00,2026-01-14,18,10,library,0,306.2,0.08,0.018,9.892,0,0,idle,0,0
2026-01-14 18:15:00,2026-01-14,18,15,library,0,377.3,-0.069,0.099,9.807,0,0,idle,0,0
2026-01-14 18:20:00,2026-01-14,18,20,classroom_B,0,289.8,-0.066,0.067,9.789,0,0,idle,0,0
2026-01-14 18:25:00,2026-01-14,18,25,lab,0,242.8,0.047,0.054,9.704,0,0,idle,0,0
2026-01-14 18:30:00,2026-01-14,18,30,classroom_A,0,354.5,-0.007,-0.082,9.816,0,0,idle,0,0
2026-01-14 18:35:00,2026-01-14,18,35,lab,0,245.9,0.04,0.09,9.723,0,0,idle,0,0
2026-01-14 18:40:00,2026-01-14,18,40,classroom_A,0,329.9,0.042,0.063,9.711,0,0,idle,0,0
2026-01-14 18:45:00,2026-01-14,18,45,library,0,246.4,-0.075,0.082,9.802,0,0,idle,0,0
2026-01-14 18:50:00,2026-01-14,18,50,entrance,0,214.8,0.008,-0.083,9.805,0,0,idle,0,0
2026-01-14 18:55:00,2026-01-14,18,55,classroom_A,0,266.4,-0.073,-0.064,9.786,0,0,idle,0,0
2026-01-14 19:00:00,2026-01-14,19,0,lab,0,358.0,0.04,-0.082,9.73,0,0,idle,0,0
2026-01-14 19:05:00,2026-01-14,19,5,classroom_A,0,344.2,0.009,0.048,9.764,0,0,idle,0,0
2026-01-14 19:10:00,2026-01-14,19,10,entrance,0,398.6,-0.032,-0.093,9.702,0,0,idle,0,0
2026-01-14 19:15:00,2026-01-14,19,15,classroom_A,0,338.2,0.073,0.045,9.717,0,0,idle,0,0
2026-01-14 19:20:00,2026-01-14,19,20,entrance,0,361.6,0.017,-0.083,9.738,0,0,idle,0,0
2026-01-14 19:25:00,2026-01-14,19,25,library,0,378.9,0.03,-0.089,9.826,0,0,idle,0,0
2026-01-14 19:30:00,2026-01-14,19,30,classroom_B,1,23.5,-0.024,-0.077,9.883,0,0,idle,0,1
2026-01-14 19:35:00,2026-01-14,19,35,classroom_B,0,309.2,-0.07,0.034,9.808,0,0,idle,0,0
2026-01-14 19:40:00,2026-01-14,19,40,library,0,382.1,-0.085,-0.065,9.853,0,0,idle,0,0
2026-01-14 19:45:00,2026-01-14,19,45,entrance,0,208.5,-0.024,-0.092,9.787,0,0,idle,0,0
2026-01-14 19:50:00,2026-01-14,19,50,classroom_B,1,14.4,0.077,-0.024,9.827,1,0,idle,0,1
2026-01-14 19:55:00,2026-01-14,19,55,classroom_B,0,281.0,0.013,-0.053,9.73,0,0,idle,0,0
2026-01-14 20:00:00,2026-01-14,20,0,classroom_A,0,398.1,-0.026,-0.09,9.762,0,0,idle,0,0
2026-01-14 20:05:00,2026-01-14,20,5,entrance,0,275.1,-0.092,0.043,9.825,0,0,idle,0,0
2026-01-14 20:10:00,2026-01-14,20,10,classroom_B,0,248.1,0.02,0.023,9.792,0,0,idle,0,0
2026-01-14 20:15:00,2026-01-14,20,15,library,0,203.4,0.025,0.027,9.888,0,0,idle,0,0
2026-01-14 20:20:00,2026-01-14,20,20,lab,0,212.9,-0.046,-0.091,9.724,0,0,idle,0,0
2026-01-14 20:25:00,2026-01-14,20,25,classroom_B,0,305.7,0.078,0.083,9.848,0,0,idle,0,0
2026-01-14 20:30:00,2026-01-14,20,30,lab,0,251.7,0.071,-0.065,9.89,0,0,idle,0,0
2026-01-14 20:35:00,2026-01-14,20,35,entrance,0,249.8,-0.061,0.044,9.738,0,0,idle,0,0
2026-01-14 20:40:00,2026-01-14,20,40,classroom_B,0,248.4,0.035,-0.072,9.78,0,0,idle,0,0
2026-01-14 20:45:00,2026-01-14,20,45,classroom_B,0,304.3,0.029,0.033,9.761,0,0,idle,0,0
2026-01-14 20:50:00,2026-01-14,20,50,library,0,248.5,-0.016,0.043,9.774,0,0,idle,0,0
2026-01-14 20:55:00,2026-01-14,20,55,entrance,0,220.8,0.092,-0.05,9.792,0,0,idle,0,0
2026-01-14 21:00:00,2026-01-14,21,0,classroom_B,0,258.3,0.096,-0.022,9.771,0,0,idle,0,0
2026-01-14 21:05:00,2026-01-14,21,5,classroom_B,0,373.3,-0.092,-0.019,9.746,0,0,idle,0,0
2026-01-14 21:10:00,2026-01-14,21,10,entrance,0,336.6,-0.041,0.092,9.882,0,0,idle,0,0
2026-01-14 21:15:00,2026-01-14,21,15,library,0,294.0,-0.038,0.058,9.873,0,0,idle,0,0
2026-01-14 21:20:00,2026-01-14,21,20,entrance,0,362.9,0.001,0.084,9.854,0,0,idle,0,0
2026-01-14 21:25:00,2026-01-14,21,25,classroom_B,0,311.2,0.0,-0.064,9.896,0,0,idle,0,0
2026-01-14 21:30:00,2026-01-14,21,30,classroom_B,0,226.9,0.022,0.039,9.835,0,0,idle,0,0
2026-01-14 21:35:00,2026-01-14,21,35,classroom_A,1,71.8,1.412,-1.045,10.749,0,0,walking,0,1
2026-01-14 21:40:00,2026-01-14,21,40,classroom_A,0,251.5,-0.037,0.042,9.779,0,0,idle,0,0
2026-01-14 21:45:00,2026-01-14,21,45,lab,0,361.2,-0.082,0.042,9.791,0,0,idle,0,0
2026-01-14 21:50:00,2026-01-14,21,50,library,0,357.5,0.009,0.021,9.74,0,0,idle,0,0
2026-01-14 21:55:00,2026-01-14,21,55,classroom_A,0,335.8,-0.001,-0.073,9.829,0,0,idle,0,0
2026-01-15 07:00:00,2026-01-15,7,0,lab,1,46.6,-1.693,-1.665,10.25,0,0,running,0,1
2026-01-15 07:05:00,2026-01-15,7,5,library,0,392.1,0.072,0.056,9.844,0,0,idle,0,0
2026-01-15 07:10:00,2026-01-15,7,10,entrance,0,202.1,-0.063,0.064,9.899,0,0,idle,0,0
2026-01-15 07:15:00,2026-01-15,7,15,library,0,266.9,-0.017,0.01,9.868,0,0,idle,0,0
2026-01-15 07:20:00,2026-01-15,7,20,classroom_B,0,248.9,-0.025,-0.006,9.841,0,0,idle,0,0
2026-01-15 07:25:00,2026-01-15,7,25,entrance,0,364.6,0.019,0.092,9.882,0,0,idle,0,0
2026-01-15 07:30:00,2026-01-15,7,30,entrance,0,336.0,-0.022,0.022,9.769,0,0,idle,0,0
2026-01-15 07:35:00,2026-01-15,7,35,library,0,320.7,0.062,0.074,9.828,0,0,idle,0,0
2026-01-15 07:40:00,2026-01-15,7,40,entrance,0,307.8,-0.055,-0.021,9.795,0,0,idle,0,0
2026-01-15 07:45:00,2026-01-15,7,45,classroom_A,0,351.3,-0.019,-0.066,9.845,0,0,idle,0,0
2026-01-15 07:50:00,2026-01-15,7,50,lab,0,301.2,-0.085,-0.01,9.767,0,0,idle,0,0
2026-01-15 07:55:00,2026-01-15,7,55,classroom_A,0,251.0,-0.093,0.049,9.846,0,0,idle,0,0
2026-01-15 08:00:00,2026-01-15,8,0,lab,1,46.7,0.066,0.026,9.856,0,0,idle,1,0
2026-01-15 08:05:00,2026-01-15,8,5,entrance,1,97.0,0.004,-0.081,9.849,0,0,idle,1,0
2026-01-15 08:10:00,2026-01-15,8,10,lab,0,375.0,-0.089,0.077,9.772,0,0,idle,1,0
2026-01-15 08:15:00,2026-01-15,8,15,lab,0,217.7,0.074,-0.095,9.731,0,0,idle,1,0
2026-01-15 08:20:00,2026-01-15,8,20,library,1,94.6,1.811,1.07,8.762,0,0,standing,1,0
2026-01-15 08:25:00,2026-01-15,8,25,classroom_B,1,49.3,0.506,-0.059,10.289,0,0,walking,1,0
2026-01-15 08:30:00,2026-01-15,8,30,classroom_A,1,96.7,-0.784,0.218,10.381,0,0,sitting,1,0
2026-01-15 08:35:00,2026-01-15,8,35,entrance,1,70.0,0.079,-0.073,9.709,0,0,idle,1,0
2026-01-15 08:40:00,2026-01-15,8,40,entrance,1,70.0,0.039,0.021,9.709,0,0,idle,1,0
2026-01-15 08:45:00,2026-01-15,8,45,classroom_B,0,257.2,-0.064,-0.097,9.899,0,0,idle,1,0
2026-01-15 08:50:00,2026-01-15,8,50,lab,1,24.9,0.041,0.025,9.825,0,0,idle,1,0
2026-01-15 08:55:00,2026-01-15,8,55,lab,0,331.4,0.066,0.028,9.852,0,0,idle,1,0
2026-01-15 09:00:00,2026-01-15,9,0,entrance,1,57.0,1.134,0.317,9.91,0,0,running,1,0
2026-01-15 09:05:00,2026-01-15,9,5,entrance,1,79.5,0.014,0.058,9.871,0,0,idle,1,0
2026-01-15 09:10:00,2026-01-15,9,10,entrance,1,80.2,-0.041,-0.072,9.894,0,0,idle,1,0
2026-01-15 09:15:00,2026-01-15,9,15,entrance,1,73.0,-0.005,-0.02,9.724,0,0,idle,1,0
2026-01-15 09:20:00,2026-01-15,9,20,library,1,25.7,0.247,1.979,8.684,0,0,running,1,0
2026-01-15 09:25:00,2026-01-15,9,25,library,0,330.0,0.08,0.004,9.831,0,0,idle,1,0
2026-01-15 09:30:00,2026-01-15,9,30,lab,0,367.2,0.096,0.066,9.879,0,0,idle,1,0
2026-01-15 09:35:00,2026-01-15,9,35,classroom_B,0,223.6,-0.072,0.039,9.822,0,0,idle,1,0
2026-01-15 09:40:00,2026-01-15,9,40,entrance,1,82.4,-0.019,0.053,9.809,1,0,idle,1,0
2026-01-15 09:45:00,2026-01-15,9,45,classroom_A,0,276.5,-0.024,-0.019,9.715,0,0,idle,1,0
2026-01-15 09:50:00,2026-01-15,9,50,library,1,53.4,0.034,0.037,9.729,0,0,idle,1,0
2026-01-15 09:55:00,2026-01-15,9,55,classroom_B,1,93.1,1.373,1.109,9.196,0,0,walking,1,0
2026-01-15 10:00:00,2026-01-15,10,0,classroom_A,0,254.4,0.08,0.071,9.867,0,0,idle,1,0
2026-01-15 10:05:00,2026-01-15,10,5,lab,1,30.1,1.409,-0.263,9.172,1,1,sitting,1,0
2026-01-15 10:10:00,2026-01-15,10,10,entrance,1,16.8,0.063,-0.033,9.894,0,1,idle,1,0
2026-01-15 10:15:00,2026-01-15,10,15,lab,1,15.0,-0.084,0.026,9.715,0,1,idle,1,0
2026-01-15 10:20:00,2026-01-15,10,20,lab,0,372.6,0.004,0.074,9.89,0,0,idle,1,0
2026-01-15 10:25:00,2026-01-15,10,25,lab,1,14.5,0.028,-0.046,9.879,0,0,idle,1,0
2026-01-15 10:30:00,2026-01-15,10,30,classroom_B,1,74.3,-0.072,-0.019,9.873,0,0,idle,1,0
2026-01-15 10:35:00,2026-01-15,10,35,classroom_A,1,81.9,-0.002,0.025,9.795,0,1,idle,1,0
2026-01-15 10:40:00,2026-01-15,10,40,classroom_A,1,93.9,1.111,-1.909,10.81,0,0,running,1,0
2026-01-15 10:45:00,2026-01-15,10,45,lab,1,30.9,0.091,-0.037,9.843,0,0,idle,1,0
2026-01-15 10:50:00,2026-01-15,10,50,classroom_A,1,59.0,-1.957,1.398,10.697,0,1,walking,1,0
2026-01-15 10:55:00,2026-01-15,10,55,library,1,20.1,-0.052,0.003,9.834,1,0,idle,1,0
2026-01-15 11:00:00,2026-01-15,11,0,library,0,275.2,-0.062,-0.011,9.878,0,0,idle,1,0
2026-01-15 11:05:00,2026-01-15,11,5,entrance,1,33.8,1.845,1.458,8.969,0,0,walking,1,0
2026-01-15 11:10:00,2026-01-15,11,10,classroom_A,0,218.9,-0.045,0.099,9.747,0,0,idle,1,0
2026-01-15 11:15:00,2026-01-15,11,15,library,1,84.9,0.007,0.086,9.881,0,0,idle,1,0
2026-01-15 11:20:00,2026-01-15,11,20,classroom_A,1,26.8,-1.354,-1.631,9.475,0,0,running,1,0
2026-01-15 11:25:00,2026-01-15,11,25,lab,1,93.8,0.015,-0.032,9.866,0,0,idle,1,0
2026-01-15 11:30:00,2026-01-15,11,30,classroom_B,1,48.3,0.075,0.008,9.875,0,0,idle,1,0
2026-01-15 11:35:00,2026-01-15,11,35,lab,1,40.5,-0.01,0.048,9.799,0,0,idle,1,0
2026-01-15 11:40:00,2026-01-15,11,40,classroom_A,1,93.4,-0.087,-1.756,10.583,0,0,sitting,1,0
2026-01-15 11:45:00,2026-01-15,11,45,classroom_A,0,203.1,0.053,-0.025,9.729,0,0,idle,1,0
2026-01-15 11:50:00,2026-01-15,11,50,classroom_B,1,66.6,-0.068,0.098,9.836,0,1,idle,1,0
2026-01-15 11:55:00,2026-01-15,11,55,entrance,1,50.3,-0.94,0.278,10.197,0,0,running,1,0
2026-01-15 12:00:00,2026-01-15,12,0,entrance,0,227.7,0.014,0.094,9.851,0,0,idle,1,0
2026-01-15 12:05:00,2026-01-15,12,5,classroom_A,1,58.1,-0.053,0.025,9.808,0,0,idle,1,0
2026-01-15 12:10:00,2026-01-15,12,10,lab,1,92.7,0.06,0.09,9.838,0,0,idle,1,0
2026-01-15 12:15:00,2026-01-15,12,15,classroom_A,0,319.6,0.038,0.001,9.758,0,0,idle,1,0
2026-01-15 12:20:00,2026-01-15,12,20,library,1,64.5,0.022,0.011,9.713,1,0,idle,1,0
2026-01-15 12:25:00,2026-01-15,12,25,library,1,96.6,-0.093,0.031,9.718,0,0,idle,1,0
2026-01-15 12:30:00,2026-01-15,12,30,entrance,1,45.1,1.076,0.627,8.079,0,0,running,1,0
2026-01-15 12:35:00,2026-01-15,12,35,library,0,212.7,0.026,0.095,9.799,0,0,idle,1,0
2026-01-15 12:40:00,2026-01-15,12,40,classroom_A,1,58.8,0.015,-0.013,9.799,0,0,idle,1,0
2026-01-15 12:45:00,2026-01-15,12,45,classroom_A,1,61.9,0.05,0.058,9.806,0,1,idle,1,0
2026-01-15 12:50:00,2026-01-15,12,50,lab,1,81.3,0.039,0.077,9.833,0,0,idle,1,0
2026-01-15 12:55:00,2026-01-15,12,55,classroom_B,1,65.8,0.014,-0.094,9.725,0,0,idle,1,0
2026-01-15 13:00:00,2026-01-15,13,0,lab,0,253.7,-0.063,0.005,9.792,0,0,idle,1,0
2026-01-15 13:05:00,2026-01-15,13,5,library,1,41.8,-0.041,0.028,9.827,1,0,idle,1,0
2026-01-15 13:10:00,2026-01-15,13,10,library,0,357.9,0.066,-0.056,9.888,0,0,idle,1,0
2026-01-15 13:15:00,2026-01-15,13,15,entrance,0,384.8,0.087,-0.032,9.733,0,0,idle,1,0
2026-01-15 13:20:00,2026-01-15,13,20,classroom_A,1,92.4,1.046,0.89,10.796,0,0,walking,1,0
2026-01-15 13:25:00,2026-01-15,13,25,classroom_B,0,234.4,0.089,-0.056,9.839,0,0,idle,1,0
2026-01-15 13:30:00,2026-01-15,13,30,classroom_B,1,80.4,-0.055,0.098,9.801,0,0,idle,1,0
2026-01-15 13:35:00,2026-01-15,13,35,lab,1,68.1,0.091,0.09,9.812,1,0,idle,1,0
2026-01-15 13:40:00,2026-01-15,13,40,library,0,257.5,-0.048,-0.098,9.761,0,0,idle,1,0
2026-01-15 13:45:00,2026-01-15,13,45,entrance,1,70.8,0.015,0.085,9.723,0,0,idle,1,0
2026-01-15 13:50:00,2026-01-15,13,50,entrance,1,85.0,-0.053,0.059,9.717,0,0,idle,1,0
2026-01-15 13:55:00,2026-01-15,13,55,lab,1,50.8,-0.034,-0.079,9.846,0,0,idle,1,0
2026-01-15 14:00:00,2026-01-15,14,0,classroom_B,1,86.1,-0.052,-0.015,9.87,1,0,idle,1,0
2026-01-15 14:05:00,2026-01-15,14,5,entrance,0,229.9,0.073,0.06,9.757,0,0,idle,1,0
2026-01-15 14:10:00,2026-01-15,14,10,entrance,1,41.8,0.023,0.09,9.724,0,0,idle,1,0
2026-01-15 14:15:00,2026-01-15,14,15,classroom_B,1,85.1,-0.099,-0.028,9.747,0,0,idle,1,0
2026-01-15 14:20:00,2026-01-15,14,20,library,1,90.1,0.011,0.083,9.855,0,0,idle,1,0
2026-01-15 14:25:00,2026-01-15,14,25,classroom_B,1,81.3,-0.012,-0.04,9.734,0,0,idle,1,0
2026-01-15 14:30:00,2026-01-15,14,30,lab,0,378.6,-0.044,0.026,9.847,0,0,idle,1,0
2026-01-15 14:35:00,2026-01-15,14,35,classroom_A,0,359.3,-0.037,0.043,9.823,0,0,idle,1,0
2026-01-15 14:40:00,2026-01-15,14,40,entrance,1,37.4,-0.076,-0.083,9.839,0,1,idle,1,0
2026-01-15 14:45:00,2026-01-15,14,45,classroom_A,0,208.6,0.06,-0.025,9.746,0,0,idle,1,0
2026-01-15 14:50:00,2026-01-15,14,50,classroom_A,1,31.3,0.065,0.098,9.723,0,0,idle,1,0
2026-01-15 14:55:00,2026-01-15,14,55,classroom_B,1,40.6,-1.184,0.532,9.667,0,0,walking,1,0
2026-01-15 15:00:00,2026-01-15,15,0,lab,0,305.0,-0.023,0.017,9.899,0,0,idle,1,0
2026-01-15 15:05:00,2026-01-15,15,5,classroom_B,1,96.7,0.087,-0.015,9.88,0,0,idle,1,0
2026-01-15 15:10:00,2026-01-15,15,10,entrance,1,23.5,-0.535,0.061,10.216,0,0,walking,1,0
2026-01-15 15:15:00,2026-01-15,15,15,library,1,82.5,0.173,1.265,10.211,0,0,walking,1,0
2026-01-15 15:20:00,2026-01-15,15,20,lab,1,85.7,-0.781,-1.63,9.131,0,0,walking,1,0
2026-01-15 15:25:00,2026-01-15,15,25,entrance,1,24.4,-0.007,-0.095,9.733,0,0,idle,1,0
2026-01-15 15:30:00,2026-01-15,15,30,classroom_A,1,25.9,-0.6,-0.143,8.781,0,0,standing,1,0
2026-01-15 15:35:00,2026-01-15,15,35,lab,1,87.6,-0.035,0.024,9.802,0,0,idle,1,0
2026-01-15 15:40:00,2026-01-15,15,40,classroom_A,1,69.2,-1.591,-1.788,10.607,0,0,sitting,1,0
2026-01-15 15:45:00,2026-01-15,15,45,entrance,1,71.9,1.149,0.913,10.777,0,0,running,1,0
2026-01-15 15:50:00,2026-01-15,15,50,lab,1,25.5,0.013,0.023,9.848,0,0,idle,1,0
2026-01-15 15:55:00,2026-01-15,15,55,library,0,331.4,0.017,0.028,9.747,0,0,idle,1,0
2026-01-15 16:00:00,2026-01-15,16,0,classroom_B,1,90.7,-0.027,0.093,9.858,0,0,idle,1,0
2026-01-15 16:05:00,2026-01-15,16,5,lab,1,37.7,-0.002,0.029,9.847,0,0,idle,1,0
2026-01-15 16:10:00,2026-01-15,16,10,entrance,1,94.8,-0.048,-0.049,9.862,0,0,idle,1,0
2026-01-15 16:15:00,2026-01-15,16,15,entrance,1,50.2,0.072,-0.012,9.737,0,1,idle,1,0
2026-01-15 16:20:00,2026-01-15,16,20,classroom_B,1,70.0,0.052,0.082,9.844,0,0,idle,1,0
2026-01-15 16:25:00,2026-01-15,16,25,classroom_A,1,95.6,0.004,-0.074,9.706,0,0,idle,1,0
2026-01-15 16:30:00,2026-01-15,16,30,classroom_A,0,279.4,0.058,0.073,9.81,0,0,idle,1,0
2026-01-15 16:35:00,2026-01-15,16,35,library,1,14.0,-0.002,0.062,9.837,0,0,idle,1,0
2026-01-15 16:40:00,2026-01-15,16,40,library,1,71.5,0.044,0.076,9.833,0,0,idle,1,0
2026-01-15 16:45:00,2026-01-15,16,45,classroom_B,1,15.5,0.05,0.1,9.854,0,0,idle,1,0
2026-01-15 16:50:00,2026-01-15,16,50,classroom_A,1,44.9,0.291,1.177,8.962,1,0,sitting,1,0
2026-01-15 16:55:00,2026-01-15,16,55,classroom_A,0,374.4,0.014,0.086,9.719,0,0,idle,1,0
2026-01-15 17:00:00,2026-01-15,17,0,classroom_B,1,25.1,0.088,0.05,9.833,1,0,idle,1,0
2026-01-15 17:05:00,2026-01-15,17,5,library,1,76.1,0.448,-1.215,8.015,0,1,sitting,1,0
2026-01-15 17:10:00,2026-01-15,17,10,lab,1,64.8,-0.409,0.533,10.195,0,0,walking,1,0
2026-01-15 17:15:00,2026-01-15,17,15,classroom_A,1,77.7,-1.539,1.086,10.02,1,0,walking,1,0
2026-01-15 17:20:00,2026-01-15,17,20,classroom_B,0,208.4,0.024,-0.094,9.727,0,0,idle,1,0
2026-01-15 17:25:00,2026-01-15,17,25,library,1,93.3,0.086,-0.06,9.825,0,1,idle,1,0
2026-01-15 17:30:00,2026-01-15,17,30,classroom_B,1,44.2,-1.946,-1.285,9.952,0,0,standing,1,0
2026-01-15 17:35:00,2026-01-15,17,35,classroom_B,1,18.1,0.234,-0.421,9.574,0,0,standing,1,0
2026-01-15 17:40:00,2026-01-15,17,40,library,0,230.0,-0.043,-0.074,9.868,0,0,idle,1,0
2026-01-15 17:45:00,2026-01-15,17,45,entrance,1,86.2,-0.03,-0.024,9.858,0,0,idle,1,0
2026-01-15 17:50:00,2026-01-15,17,50,library,0,242.9,0.033,0.019,9.726,0,0,idle,1,0
2026-01-15 17:55:00,2026-01-15,17,55,library,1,11.5,1.876,-1.525,8.826,0,0,sitting,1,0
2026-01-15 18:00:00,2026-01-15,18,0,entrance,0,261.4,0.085,-0.058,9.705,0,0,idle,0,0
2026-01-15 18:05:00,2026-01-15,18,5,lab,0,355.7,-0.095,0.098,9.886,0,0,idle,0,0
2026-01-15 18:10:00,2026-01-15,18,10,classroom_A,0,322.9,-0.004,0.012,9.756,0,0,idle,0,0
2026-01-15 18:15:00,2026-01-15,18,15,library,0,212.3,0.044,0.093,9.786,0,0,idle,0,0
2026-01-15 18:20:00,2026-01-15,18,20,classroom_A,1,30.5,-0.874,0.6,10.703,0,0,standing,0,1
2026-01-15 18:25:00,2026-01-15,18,25,classroom_B,0,336.9,0.028,-0.056,9.842,0,0,idle,0,0
2026-01-15 18:30:00,2026-01-15,18,30,classroom_B,1,15.3,-0.547,1.62,10.87,0,0,running,0,1
2026-01-15 18:35:00,2026-01-15,18,35,classroom_B,0,357.4,0.025,-0.026,9.818,0,0,idle,0,0
2026-01-15 18:40:00,2026-01-15,18,40,entrance,0,285.0,-0.066,-0.051,9.796,0,0,idle,0,0
2026-01-15 18:45:00,2026-01-15,18,45,entrance,0,362.0,-0.008,-0.099,9.709,0,0,idle,0,0
2026-01-15 18:50:00,2026-01-15,18,50,lab,0,359.5,0.003,-0.092,9.705,0,0,idle,0,0
2026-01-15 18:55:00,2026-01-15,18,55,classroom_A,0,220.1,-0.02,0.053,9.718,0,0,idle,0,0
2026-01-15 19:00:00,2026-01-15,19,0,classroom_B,0,208.5,-0.097,-0.081,9.845,0,0,idle,0,0
2026-01-15 19:05:00,2026-01-15,19,5,entrance,0,229.6,-0.094,0.044,9.895,0,0,idle,0,0
2026-01-15 19:10:00,2026-01-15,19,10,lab,0,239.1,-0.092,-0.009,9.749,0,0,idle,0,0
2026-01-15 19:15:00,2026-01-15,19,15,library,0,266.4,0.094,0.063,9.758,0,0,idle,0,0
2026-01-15 19:20:00,2026-01-15,19,20,classroom_A,0,298.4,-0.06,-0.02,9.723,0,0,idle,0,0
2026-01-15 19:25:00,2026-01-15,19,25,lab,1,60.9,0.127,0.112,9.066,0,0,sitting,0,1
2026-01-15 19:30:00,2026-01-15,19,30,lab,1,20.8,-1.204,0.684,10.617,0,0,walking,0,1
2026-01-15 19:35:00,2026-01-15,19,35,classroom_B,0,367.7,0.078,-0.013,9.73,0,0,idle,0,0
2026-01-15 19:40:00,2026-01-15,19,40,entrance,0,304.9,0.066,0.04,9.795,0,0,idle,0,0
2026-01-15 19:45:00,2026-01-15,19,45,library,0,253.2,-0.017,-0.08,9.893,0,0,idle,0,0
2026-01-15 19:50:00,2026-01-15,19,50,classroom_B,1,16.1,-0.212,-0.057,9.402,1,0,standing,0,1
2026-01-15 19:55:00,2026-01-15,19,55,classroom_B,0,308.8,0.088,-0.086,9.843,0,0,idle,0,0
2026-01-15 20:00:00,2026-01-15,20,0,classroom_A,0,263.0,0.034,0.042,9.763,0,0,idle,0,0
2026-01-15 20:05:00,2026-01-15,20,5,lab,1,65.0,0.062,-0.04,9.866,0,0,idle,0,1
2026-01-15 20:10:00,2026-01-15,20,10,lab,0,305.8,-0.001,-0.055,9.713,0,0,idle,0,0
2026-01-15 20:15:00,2026-01-15,20,15,classroom_B,0,337.0,0.063,-0.024,9.811,0,0,idle,0,0
2026-01-15 20:20:00,2026-01-15,20,20,entrance,0,381.6,0.091,-0.07,9.797,0,0,idle,0,0
2026-01-15 20:25:00,2026-01-15,20,25,lab,0,314.2,-0.05,0.066,9.852,0,0,idle,0,0
2026-01-15 20:30:00,2026-01-15,20,30,library,0,347.4,0.093,0.034,9.819,0,0,idle,0,0
2026-01-15 20:35:00,2026-01-15,20,35,classroom_B,0,222.8,0.022,0.061,9.713,0,0,idle,0,0
2026-01-15 20:40:00,2026-01-15,20,40,lab,0,286.2,0.098,0.032,9.705,0,0,idle,0,0
2026-01-15 20:45:00,2026-01-15,20,45,lab,0,292.1,0.081,0.069,9.721,0,0,idle,0,0
2026-01-15 20:50:00,2026-01-15,20,50,classroom_B,0,231.7,0.033,-0.095,9.861,0,0,idle,0,0
2026-01-15 20:55:00,2026-01-15,20,55,classroom_A,0,386.2,0.087,0.089,9.86,0,0,idle,0,0
2026-01-15 21:00:00,2026-01-15,21,0,library,0,340.4,0.023,0.003,9.801,0,0,idle,0,0
2026-01-15 21:05:00,2026-01-15,21,5,library,0,229.3,-0.078,0.095,9.893,0,0,idle,0,0
2026-01-15 21:10:00,2026-01-15,21,10,entrance,0,317.5,-0.042,0.032,9.706,0,0,idle,0,0
2026-01-15 21:15:00,2026-01-15,21,15,entrance,0,385.6,0.079,-0.039,9.728,0,0,idle,0,0
2026-01-15 21:20:00,2026-01-15,21,20,library,0,376.0,-0.029,0.003,9.885,0,0,idle,0,0
2026-01-15 21:25:00,2026-01-15,21,25,entrance,0,394.5,-0.025,0.087,9.808,0,0,idle,0,0
2026-01-15 21:30:00,2026-01-15,21,30,entrance,0,251.9,-0.091,-0.005,9.795,0,0,idle,0,0
2026-01-15 21:35:00,2026-01-15,21,35,lab,0,236.0,-0.062,0.013,9.76,0,0,idle,0,0
2026-01-15 21:40:00,2026-01-15,21,40,library,0,329.6,-0.083,-0.068,9.878,0,0,idle,0,0
2026-01-15 21:45:00,2026-01-15,21,45,lab,0,233.1,0.034,0.012,9.801,0,0,idle,0,0
2026-01-15 21:50:00,2026-01-15,21,50,entrance,0,278.4,0.089,0.034,9.87,0,0,idle,0,0
2026-01-15 21:55:00,2026-01-15,21,55,entrance,0,317.8,-0.054,-0.076,9.881,0,0,idle,0,0
2026-01-18 07:00:00,2026-01-18,7,0,classroom_A,0,284.7,-0.029,-0.091,9.88,0,0,idle,0,0
2026-01-18 07:05:00,2026-01-18,7,5,classroom_B,0,256.8,0.079,0.038,9.812,0,0,idle,0,0
2026-01-18 07:10:00,2026-01-18,7,10,lab,0,270.8,0.056,-0.008,9.86,0,0,idle,0,0
2026-01-18 07:15:00,2026-01-18,7,15,classroom_B,0,328.0,0.077,0.085,9.84,0,0,idle,0,0
2026-01-18 07:20:00,2026-01-18,7,20,lab,0,275.3,0.009,0.044,9.887,0,0,idle,0,0
2026-01-18 07:25:00,2026-01-18,7,25,classroom_B,1,50.8,-0.087,-0.098,9.812,1,0,idle,0,1
2026-01-18 07:30:00,2026-01-18,7,30,entrance,0,248.6,0.026,-0.045,9.809,0,0,idle,0,0
2026-01-18 07:35:00,2026-01-18,7,35,library,0,314.8,0.058,-0.056,9.807,0,0,idle,0,0
2026-01-18 07:40:00,2026-01-18,7,40,lab,0,245.6,-0.092,-0.013,9.897,0,0,idle,0,0
2026-01-18 07:45:00,2026-01-18,7,45,lab,0,398.1,0.051,-0.011,9.815,0,0,idle,0,0
2026-01-18 07:50:00,2026-01-18,7,50,library,1,85.0,-1.705,1.995,8.339,0,0,walking,0,1
2026-01-18 07:55:00,2026-01-18,7,55,classroom_A,0,232.6,0.064,-0.059,9.781,0,0,idle,0,0
2026-01-18 08:00:00,2026-01-18,8,0,entrance,1,74.8,-0.032,0.096,9.709,0,0,idle,1,0
2026-01-18 08:05:00,2026-01-18,8,5,classroom_B,1,80.2,0.082,-0.028,9.891,0,0,idle,1,0
2026-01-18 08:10:00,2026-01-18,8,10,lab,1,18.8,-0.094,-0.061,9.758,1,0,idle,1,0
2026-01-18 08:15:00,2026-01-18,8,15,entrance,0,294.0,0.048,0.079,9.886,0,0,idle,1,0
2026-01-18 08:20:00,2026-01-18,8,20,entrance,0,225.4,-0.048,0.008,9.851,0,0,idle,1,0
2026-01-18 08:25:00,2026-01-18,8,25,classroom_B,1,96.1,0.073,-0.008,9.81,1,1,idle,1,0
2026-01-18 08:30:00,2026-01-18,8,30,library,1,86.3,-1.094,-0.694,8.554,0,0,sitting,1,0
2026-01-18 08:35:00,2026-01-18,8,35,classroom_B,1,69.7,0.083,0.04,9.816,0,0,idle,1,0
2026-01-18 08:40:00,2026-01-18,8,40,classroom_B,0,276.2,-0.038,0.079,9.718,0,0,idle,1,0
2026-01-18 08:45:00,2026-01-18,8,45,lab,1,98.1,-0.09,-0.075,9.727,0,0,idle,1,0
2026-01-18 08:50:00,2026-01-18,8,50,entrance,0,249.3,0.086,0.078,9.709,0,0,idle,1,0
2026-01-18 08:55:00,2026-01-18,8,55,classroom_A,1,17.1,-0.088,0.067,9.808,0,0,idle,1,0
2026-01-18 09:00:00,2026-01-18,9,0,lab,1,32.4,0.03,-0.08,9.816,0,0,idle,1,0
2026-01-18 09:05:00,2026-01-18,9,5,classroom_A,1,14.4,0.03,-0.04,9.727,0,0,idle,1,0
2026-01-18 09:10:00,2026-01-18,9,10,lab,1,92.8,0.036,-0.045,9.881,0,0,idle,1,0
2026-01-18 09:15:00,2026-01-18,9,15,classroom_B,1,14.5,-0.048,-0.097,9.858,0,0,idle,1,0
2026-01-18 09:20:00,2026-01-18,9,20,classroom_A,1,49.9,-0.094,-0.01,9.891,0,0,idle,1,0
2026-01-18 09:25:00,2026-01-18,9,25,classroom_B,0,361.1,-0.094,-0.074,9.871,0,0,idle,1,0
2026-01-18 09:30:00,2026-01-18,9,30,entrance,1,46.4,-0.074,0.027,9.854,0,0,idle,1,0
2026-01-18 09:35:00,2026-01-18,9,35,classroom_A,1,40.1,-0.054,-0.089,9.839,0,0,idle,1,0
2026-01-18 09:40:00,2026-01-18,9,40,lab,1,23.7,1.048,-0.192,10.893,0,0,sitting,1,0
2026-01-18 09:45:00,2026-01-18,9,45,library,1,38.4,-1.889,-1.684,8.843,1,0,walking,1,0
2026-01-18 09:50:00,2026-01-18,9,50,entrance,0,250.2,0.059,0.028,9.899,0,0,idle,1,0
2026-01-18 09:55:00,2026-01-18,9,55,lab,0,395.9,-0.097,-0.005,9.803,0,0,idle,1,0
2026-01-18 10:00:00,2026-01-18,10,0,entrance,1,54.5,-0.061,-0.084,9.816,0,0,idle,1,0
2026-01-18 10:05:00,2026-01-18,10,5,classroom_A,0,254.6,-0.073,0.044,9.859,0,0,idle,1,0
2026-01-18 10:10:00,2026-01-18,10,10,lab,1,48.2,-1.556,-1.342,8.612,0,0,standing,1,0
2026-01-18 10:15:00,2026-01-18,10,15,classroom_A,1,48.7,0.046,0.073,9.806,0,0,idle,1,0
2026-01-18 10:20:00,2026-01-18,10,20,classroom_B,1,33.8,-0.038,-0.075,9.811,0,0,idle,1,0
2026-01-18 10:25:00,2026-01-18,10,25,lab,1,77.7,-0.091,0.035,9.786,0,0,idle,1,0
2026-01-18 10:30:00,2026-01-18,10,30,classroom_B,1,23.1,1.52,-1.554,10.833,0,0,walking,1,0
2026-01-18 10:35:00,2026-01-18,10,35,library,0,323.0,0.047,0.095,9.836,0,0,idle,1,0
2026-01-18 10:40:00,2026-01-18,10,40,classroom_A,0,396.7,-0.01,0.08,9.78,0,0,idle,1,0
2026-01-18 10:45:00,2026-01-18,10,45,lab,1,36.4,0.048,-0.002,9.706,0,0,idle,1,0
2026-01-18 10:50:00,2026-01-18,10,50,lab,1,83.8,-0.029,-0.097,9.809,0,1,idle,1,0
2026-01-18 10:55:00,2026-01-18,10,55,lab,0,365.3,-0.049,0.043,9.739,0,0,idle,1,0
2026-01-18 11:00:00,2026-01-18,11,0,classroom_A,1,81.4,0.877,0.012,8.434,0,0,running,1,0
2026-01-18 11:05:00,2026-01-18,11,5,entrance,0,202.4,0.072,0.073,9.858,0,0,idle,1,0
2026-01-18 11:10:00,2026-01-18,11,10,classroom_A,1,74.4,-0.005,-0.043,9.881,0,0,idle,1,0
2026-01-18 11:15:00,2026-01-18,11,15,classroom_B,1,32.9,-0.028,-0.048,9.711,0,0,idle,1,0
2026-01-18 11:20:00,2026-01-18,11,20,classroom_B,1,52.8,-0.01,0.057,9.721,0,0,idle,1,0
2026-01-18 11:25:00,2026-01-18,11,25,library,1,63.6,-0.174,0.009,9.983,0,0,running,1,0
2026-01-18 11:30:00,2026-01-18,11,30,classroom_B,1,98.9,0.055,0.077,9.853,0,0,idle,1,0
2026-01-18 11:35:00,2026-01-18,11,35,entrance,1,73.3,-0.079,0.068,9.836,0,0,idle,1,0
2026-01-18 11:40:00,2026-01-18,11,40,classroom_A,0,397.3,0.008,0.093,9.842,0,0,idle,1,0
2026-01-18 11:45:00,2026-01-18,11,45,entrance,1,91.4,0.03,0.018,9.733,0,0,idle,1,0
2026-01-18 11:50:00,2026-01-18,11,50,classroom_A,1,20.1,0.01,-0.094,9.884,0,0,idle,1,0
2026-01-18 11:55:00,2026-01-18,11,55,classroom_A,0,303.4,0.003,-0.09,9.816,0,0,idle,1,0
2026-01-18 12:00:00,2026-01-18,12,0,lab,1,20.9,-0.097,-0.054,9.878,1,0,idle,1,0
2026-01-18 12:05:00,2026-01-18,12,5,lab,1,44.1,-1.881,1.365,9.791,0,0,running,1,0
2026-01-18 12:10:00,2026-01-18,12,10,library,1,59.3,-0.062,-0.023,9.719,1,0,idle,1,0
2026-01-18 12:15:00,2026-01-18,12,15,library,1,38.7,1.774,0.359,10.265,0,0,sitting,1,0
2026-01-18 12:20:00,2026-01-18,12,20,classroom_A,1,27.5,0.073,0.018,9.866,0,1,idle,1,0
2026-01-18 12:25:00,2026-01-18,12,25,entrance,0,398.9,-0.009,0.05,9.883,0,0,idle,1,0
2026-01-18 12:30:00,2026-01-18,12,30,entrance,1,83.4,0.09,0.018,9.788,1,1,idle,1,0
2026-01-18 12:35:00,2026-01-18,12,35,classroom_B,1,97.5,-0.016,-0.082,9.703,0,0,idle,1,0
2026-01-18 12:40:00,2026-01-18,12,40,classroom_B,0,341.8,0.041,0.078,9.889,0,0,idle,1,0
2026-01-18 12:45:00,2026-01-18,12,45,entrance,1,50.2,-0.02,0.064,9.883,0,0,idle,1,0
2026-01-18 12:50:00,2026-01-18,12,50,library,1,11.4,0.052,-0.014,9.81,0,0,idle,1,0
2026-01-18 12:55:00,2026-01-18,12,55,entrance,0,312.9,-0.019,-0.022,9.792,0,0,idle,1,0
2026-01-18 13:00:00,2026-01-18,13,0,lab,1,58.6,0.004,0.027,9.724,0,0,idle,1,0
2026-01-18 13:05:00,2026-01-18,13,5,classroom_B,0,214.5,-0.094,0.061,9.786,0,0,idle,1,0
2026-01-18 13:10:00,2026-01-18,13,10,lab,1,17.0,-0.025,0.039,9.747,1,1,idle,1,0
2026-01-18 13:15:00,2026-01-18,13,15,library,0,352.8,-0.028,0.07,9.826,0,0,idle,1,0
2026-01-18 13:20:00,2026-01-18,13,20,library,1,88.5,-0.039,-0.084,9.871,0,0,idle,1,0
2026-01-18 13:25:00,2026-01-18,13,25,entrance,1,22.5,-0.156,-0.658,8.943,0,0,walking,1,0
2026-01-18 13:30:00,2026-01-18,13,30,library,1,22.4,0.408,1.136,8.29,1,1,running,1,0
2026-01-18 13:35:00,2026-01-18,13,35,classroom_B,1,22.4,-1.349,0.413,9.433,0,0,running,1,0
2026-01-18 13:40:00,2026-01-18,13,40,classroom_B,0,273.3,0.083,-0.079,9.811,0,0,idle,1,0
2026-01-18 13:45:00,2026-01-18,13,45,classroom_B,1,85.0,-0.26,0.023,8.009,1,0,running,1,0
2026-01-18 13:50:00,2026-01-18,13,50,classroom_B,1,10.0,0.088,-0.09,9.826,0,0,idle,1,0
2026-01-18 13:55:00,2026-01-18,13,55,classroom_A,1,95.6,-0.058,-0.073,9.87,0,0,idle,1,0
2026-01-18 14:00:00,2026-01-18,14,0,entrance,0,322.2,0.077,0.077,9.756,0,0,idle,1,0
2026-01-18 14:05:00,2026-01-18,14,5,classroom_A,1,56.8,0.063,-0.063,9.838,0,0,idle,1,0
2026-01-18 14:10:00,2026-01-18,14,10,classroom_B,0,214.5,0.088,0.008,9.886,0,0,idle,1,0
2026-01-18 14:15:00,2026-01-18,14,15,classroom_B,1,15.9,0.089,0.028,9.851,1,0,idle,1,0
2026-01-18 14:20:00,2026-01-18,14,20,entrance,0,322.1,0.069,0.077,9.722,0,0,idle,1,0
2026-01-18 14:25:00,2026-01-18,14,25,library,1,48.5,-0.091,-0.027,9.889,0,0,idle,1,0
2026-01-18 14:30:00,2026-01-18,14,30,entrance,1,13.9,0.062,0.019,9.836,1,0,idle,1,0
2026-01-18 14:35:00,2026-01-18,14,35,classroom_A,0,314.8,-0.038,0.042,9.84,0,0,idle,1,0
2026-01-18 14:40:00,2026-01-18,14,40,library,0,228.2,0.013,-0.006,9.819,0,0,idle,1,0
2026-01-18 14:45:00,2026-01-18,14,45,entrance,1,87.2,0.019,-0.044,9.794,1,0,idle,1,0
2026-01-18 14:50:00,2026-01-18,14,50,classroom_B,0,358.6,0.003,-0.072,9.795,0,0,idle,1,0
2026-01-18 14:55:00,2026-01-18,14,55,classroom_B,0,216.5,0.08,0.045,9.714,0,0,idle,1,0
2026-01-18 15:00:00,2026-01-18,15,0,classroom_A,1,23.8,0.033,-0.019,9.837,1,0,idle,1,0
2026-01-18 15:05:00,2026-01-18,15,5,classroom_A,0,356.7,0.046,-0.012,9.805,0,0,idle,1,0
2026-01-18 15:10:00,2026-01-18,15,10,lab,1,92.7,-0.088,0.072,9.896,0,0,idle,1,0
2026-01-18 15:15:00,2026-01-18,15,15,classroom_A,1,59.3,0.099,0.078,9.886,0,0,idle,1,0
2026-01-18 15:20:00,2026-01-18,15,20,entrance,1,30.5,0.06,0.026,9.87,0,0,idle,1,0
2026-01-18 15:25:00,2026-01-18,15,25,entrance,1,14.8,0.085,0.041,9.779,0,0,idle,1,0
2026-01-18 15:30:00,2026-01-18,15,30,classroom_B,1,45.7,-1.269,1.299,9.782,0,0,running,1,0
2026-01-18 15:35:00,2026-01-18,15,35,entrance,1,54.4,0.046,0.033,9.82,0,1,idle,1,0
2026-01-18 15:40:00,2026-01-18,15,40,entrance,0,292.5,0.002,-0.022,9.82,0,0,idle,1,0
2026-01-18 15:45:00,2026-01-18,15,45,lab,1,82.5,-0.011,-0.022,9.837,0,0,idle,1,0
2026-01-18 15:50:00,2026-01-18,15,50,entrance,0,274.2,-0.053,0.064,9.886,0,0,idle,1,0
2026-01-18 15:55:00,2026-01-18,15,55,classroom_B,1,99.8,0.033,-0.064,9.88,0,0,idle,1,0
2026-01-18 16:00:00,2026-01-18,16,0,entrance,0,211.9,-0.068,-0.016,9.862,0,0,idle,1,0
2026-01-18 16:05:00,2026-01-18,16,5,library,1,20.0,0.878,-1.268,10.636,0,0,running,1,0
2026-01-18 16:10:00,2026-01-18,16,10,library,1,49.4,1.339,-1.6,9.329,0,0,walking,1,0
2026-01-18 16:15:00,2026-01-18,16,15,entrance,1,41.8,0.035,0.029,9.883,0,0,idle,1,0
2026-01-18 16:20:00,2026-01-18,16,20,library,1,45.3,0.024,0.094,9.855,1,0,idle,1,0
2026-01-18 16:25:00,2026-01-18,16,25,entrance,1,35.0,-1.874,-1.142,8.137,0,0,running,1,0
2026-01-18 16:30:00,2026-01-18,16,30,classroom_A,1,37.0,-0.081,-0.056,9.831,0,0,idle,1,0
2026-01-18 16:35:00,2026-01-18,16,35,library,0,271.8,0.052,-0.051,9.775,0,0,idle,1,0
2026-01-18 16:40:00,2026-01-18,16,40,entrance,1,14.1,-0.093,-0.018,9.797,0,1,idle,1,0
2026-01-18 16:45:00,2026-01-18,16,45,entrance,1,48.6,0.065,-0.088,9.809,0,0,idle,1,0
2026-01-18 16:50:00,2026-01-18,16,50,classroom_A,0,379.1,0.099,0.0,9.839,0,0,idle,1,0
2026-01-18 16:55:00,2026-01-18,16,55,library,0,391.3,0.032,0.014,9.758,0,0,idle,1,0
2026-01-18 17:00:00,2026-01-18,17,0,classroom_B,1,98.8,-0.096,-0.021,9.792,0,0,idle,1,0
2026-01-18 17:05:00,2026-01-18,17,5,lab,1,29.6,0.066,-0.085,9.743,0,0,idle,1,0
2026-01-18 17:10:00,2026-01-18,17,10,classroom_A,1,19.5,-0.063,-0.088,9.737,0,0,idle,1,0
2026-01-18 17:15:00,2026-01-18,17,15,lab,1,29.9,-0.081,-0.097,9.857,0,0,idle,1,0
2026-01-18 17:20:00,2026-01-18,17,20,library,0,209.3,-0.051,0.027,9.892,0,0,idle,1,0
2026-01-18 17:25:00,2026-01-18,17,25,entrance,0,302.1,-0.051,-0.07,9.881,0,0,idle,1,0
2026-01-18 17:30:00,2026-01-18,17,30,lab,1,50.0,0.023,-0.099,9.879,0,0,idle,1,0
2026-01-18 17:35:00,2026-01-18,17,35,classroom_A,1,88.9,0.058,0.009,9.765,0,0,idle,1,0
2026-01-18 17:40:00,2026-01-18,17,40,classroom_A,1,63.4,-0.067,-0.091,9.891,0,0,idle,1,0
2026-01-18 17:45:00,2026-01-18,17,45,entrance,0,376.9,-0.072,-0.026,9.804,0,0,idle,1,0
2026-01-18 17:50:00,2026-01-18,17,50,classroom_A,1,98.5,0.039,-0.075,9.881,1,0,idle,1,0
2026-01-18 17:55:00,2026-01-18,17,55,classroom_B,1,77.7,-1.244,0.802,8.505,0,0,running,1,0
2026-01-18 18:00:00,2026-01-18,18,0,entrance,0,304.9,-0.075,0.015,9.798,0,0,idle,0,0
2026-01-18 18:05:00,2026-01-18,18,5,classroom_A,0,313.1,-0.013,0.055,9.801,0,0,idle,0,0
2026-01-18 18:10:00,2026-01-18,18,10,library,0,266.5,0.01,0.046,9.876,0,0,idle,0,0
2026-01-18 18:15:00,2026-01-18,18,15,library,0,338.1,-0.006,0.041,9.719,0,0,idle,0,0
2026-01-18 18:20:00,2026-01-18,18,20,lab,0,341.8,0.05,0.055,9.883,0,0,idle,0,0
2026-01-18 18:25:00,2026-01-18,18,25,lab,0,361.7,0.021,-0.057,9.809,0,0,idle,0,0
2026-01-18 18:30:00,2026-01-18,18,30,library,0,230.9,0.082,-0.004,9.734,0,0,idle,0,0
2026-01-18 18:35:00,2026-01-18,18,35,library,0,392.3,-0.038,-0.089,9.719,0,0,idle,0,0
2026-01-18 18:40:00,2026-01-18,18,40,classroom_A,0,344.5,-0.005,-0.1,9.736,0,0,idle,0,0
2026-01-18 18:45:00,2026-01-18,18,45,classroom_A,0,307.3,0.025,0.068,9.746,0,0,idle,0,0
2026-01-18 18:50:00,2026-01-18,18,50,classroom_A,0,217.7,-0.044,0.097,9.831,0,0,idle,0,0
2026-01-18 18:55:00,2026-01-18,18,55,classroom_B,0,372.1,0.05,-0.087,9.895,0,0,idle,0,0
2026-01-18 19:00:00,2026-01-18,19,0,entrance,0,342.1,0.04,0.035,9.847,0,0,idle,0,0
2026-01-18 19:05:00,2026-01-18,19,5,classroom_A,0,326.8,0.096,-0.045,9.843,0,0,idle,0,0
2026-01-18 19:10:00,2026-01-18,19,10,classroom_A,0,226.2,0.043,-0.0,9.87,0,0,idle,0,0
2026-01-18 19:15:00,2026-01-18,19,15,classroom_A,0,220.6,-0.025,-0.061,9.88,0,0,idle,0,0
2026-01-18 19:20:00,2026-01-18,19,20,entrance,0,283.6,0.077,-0.019,9.779,0,0,idle,0,0
2026-01-18 19:25:00,2026-01-18,19,25,lab,0,365.0,-0.031,0.059,9.746,0,0,idle,0,0
2026-01-18 19:30:00,2026-01-18,19,30,classroom_A,0,271.2,0.081,-0.081,9.807,0,0,idle,0,0
2026-01-18 19:35:00,2026-01-18,19,35,entrance,0,336.8,0.03,0.098,9.718,0,0,idle,0,0
2026-01-18 19:40:00,2026-01-18,19,40,library,0,275.6,0.022,0.072,9.732,0,0,idle,0,0
2026-01-18 19:45:00,2026-01-18,19,45,library,0,388.8,-0.094,-0.05,9.893,0,0,idle,0,0
2026-01-18 19:50:00,2026-01-18,19,50,classroom_A,0,213.4,-0.023,-0.068,9.813,0,0,idle,0,0
2026-01-18 19:55:00,2026-01-18,19,55,classroom_B,0,284.0,-0.097,-0.089,9.781,0,0,idle,0,0
2026-01-18 20:00:00,2026-01-18,20,0,entrance,0,283.5,0.094,-0.021,9.891,0,0,idle,0,0
2026-01-18 20:05:00,2026-01-18,20,5,lab,0,340.1,0.086,-0.083,9.802,0,0,idle,0,0
2026-01-18 20:10:00,2026-01-18,20,10,classroom_B,0,212.1,0.016,0.056,9.857,0,0,idle,0,0
2026-01-18 20:15:00,2026-01-18,20,15,library,0,288.2,-0.014,0.096,9.837,0,0,idle,0,0
2026-01-18 20:20:00,2026-01-18,20,20,library,0,343.5,0.014,-0.031,9.76,0,0,idle,0,0
2026-01-18 20:25:00,2026-01-18,20,25,entrance,0,290.7,-0.074,-0.066,9.727,0,0,idle,0,0
2026-01-18 20:30:00,2026-01-18,20,30,classroom_B,0,393.7,-0.049,0.057,9.833,0,0,idle,0,0
2026-01-18 20:35:00,2026-01-18,20,35,library,0,311.0,-0.036,0.035,9.72,0,0,idle,0,0
2026-01-18 20:40:00,2026-01-18,20,40,library,0,327.2,0.091,0.007,9.799,0,0,idle,0,0
2026-01-18 20:45:00,2026-01-18,20,45,classroom_A,0,323.5,0.048,0.086,9.73,0,0,idle,0,0
2026-01-18 20:50:00,2026-01-18,20,50,lab,0,381.5,0.042,0.032,9.814,0,0,idle,0,0
2026-01-18 20:55:00,2026-01-18,20,55,classroom_B,0,240.2,-0.032,-0.052,9.727,0,0,idle,0,0
2026-01-18 21:00:00,2026-01-18,21,0,library,0,394.8,-0.063,-0.027,9.712,0,0,idle,0,0
2026-01-18 21:05:00,2026-01-18,21,5,classroom_A,0,249.1,0.09,0.09,9.707,0,0,idle,0,0
2026-01-18 21:10:00,2026-01-18,21,10,entrance,0,341.3,-0.027,0.034,9.8,0,0,idle,0,0
2026-01-18 21:15:00,2026-01-18,21,15,library,0,343.8,-0.026,-0.007,9.846,0,0,idle,0,0
2026-01-18 21:20:00,2026-01-18,21,20,classroom_B,0,299.9,0.059,-0.02,9.842,0,0,idle,0,0
2026-01-18 21:25:00,2026-01-18,21,25,classroom_A,0,388.5,0.083,-0.033,9.74,0,0,idle,0,0
2026-01-18 21:30:00,2026-01-18,21,30,library,0,312.9,0.098,-0.046,9.777,0,0,idle,0,0
2026-01-18 21:35:00,2026-01-18,21,35,classroom_A,0,276.5,0.061,-0.014,9.881,0,0,idle,0,0
2026-01-18 21:40:00,2026-01-18,21,40,library,0,268.7,-0.026,0.007,9.882,0,0,idle,0,0
2026-01-18 21:45:00,2026-01-18,21,45,classroom_B,0,367.8,0.024,0.088,9.802,0,0,idle,0,0
2026-01-18 21:50:00,2026-01-18,21,50,lab,0,279.8,-0.071,0.057,9.774,0,0,idle,0,0
2026-01-18 21:55:00,2026-01-18,21,55,lab,0,368.8,-0.064,0.071,9.748,0,0,idle,0,0
2026-01-19 07:00:00,2026-01-19,7,0,entrance,0,255.2,-0.052,0.055,9.818,0,0,idle,0,0
2026-01-19 07:05:00,2026-01-19,7,5,classroom_B,0,277.0,0.087,-0.043,9.9,0,0,idle,0,0
2026-01-19 07:10:00,2026-01-19,7,10,entrance,0,316.7,-0.05,0.079,9.888,0,0,idle,0,0
2026-01-19 07:15:00,2026-01-19,7,15,library,0,263.3,-0.038,0.044,9.711,0,0,idle,0,0
2026-01-19 07:20:00,2026-01-19,7,20,entrance,0,331.6,-0.008,-0.079,9.881,0,0,idle,0,0
2026-01-19 07:25:00,2026-01-19,7,25,entrance,1,68.1,-0.001,0.006,9.771,0,0,idle,0,1
2026-01-19 07:30:00,2026-01-19,7,30,classroom_A,0,309.8,-0.082,0.087,9.756,0,0,idle,0,0
2026-01-19 07:35:00,2026-01-19,7,35,library,0,363.1,0.032,0.048,9.735,0,0,idle,0,0
2026-01-19 07:40:00,2026-01-19,7,40,entrance,0,252.0,0.069,0.03,9.836,0,0,idle,0,0
2026-01-19 07:45:00,2026-01-19,7,45,entrance,0,238.8,0.093,0.074,9.887,0,0,idle,0,0
2026-01-19 07:50:00,2026-01-19,7,50,lab,0,282.2,-0.032,0.048,9.73,0,0,idle,0,0
2026-01-19 07:55:00,2026-01-19,7,55,classroom_A,0,226.4,-0.014,0.036,9.781,0,0,idle,0,0
2026-01-19 08:00:00,2026-01-19,8,0,lab,1,20.0,0.029,-0.091,9.853,0,0,idle,1,0
2026-01-19 08:05:00,2026-01-19,8,5,entrance,0,212.6,0.086,-0.027,9.83,0,0,idle,1,0
2026-01-19 08:10:00,2026-01-19,8,10,classroom_A,1,92.9,0.036,0.046,9.713,0,0,idle,1,0
2026-01-19 08:15:00,2026-01-19,8,15,library,1,12.4,0.094,0.038,9.725,0,0,idle,1,0
2026-01-19 08:20:00,2026-01-19,8,20,entrance,0,338.8,-0.001,-0.067,9.707,0,0,idle,1,0
2026-01-19 08:25:00,2026-01-19,8,25,classroom_A,1,66.0,-0.069,0.055,9.735,0,0,idle,1,0
2026-01-19 08:30:00,2026-01-19,8,30,classroom_A,1,66.8,-0.051,-0.074,9.775,0,0,idle,1,0
2026-01-19 08:35:00,2026-01-19,8,35,classroom_A,0,229.7,-0.07,0.039,9.863,0,0,idle,1,0
2026-01-19 08:40:00,2026-01-19,8,40,classroom_A,1,27.1,0.022,-0.1,9.773,0,0,idle,1,0
2026-01-19 08:45:00,2026-01-19,8,45,entrance,0,245.1,-0.055,-0.015,9.801,0,0,idle,1,0
2026-01-19 08:50:00,2026-01-19,8,50,library,1,18.2,1.904,-1.818,8.562,0,0,running,1,0
2026-01-19 08:55:00,2026-01-19,8,55,entrance,0,366.0,-0.06,-0.092,9.703,0,0,idle,1,0
2026-01-19 09:00:00,2026-01-19,9,0,classroom_A,1,19.0,0.09,0.096,9.744,0,0,idle,1,0
2026-01-19 09:05:00,2026-01-19,9,5,classroom_B,0,392.7,-0.001,0.059,9.826,0,0,idle,1,0
2026-01-19 09:10:00,2026-01-19,9,10,classroom_A,1,33.2,-0.06,-0.011,9.753,1,0,idle,1,0
2026-01-19 09:15:00,2026-01-19,9,15,entrance,0,396.5,-0.072,-0.068,9.842,0,0,idle,1,0
2026-01-19 09:20:00,2026-01-19,9,20,classroom_A,1,77.9,1.989,-0.616,10.971,0,0,running,1,0
2026-01-19 09:25:00,2026-01-19,9,25,entrance,1,96.3,-0.025,0.064,9.824,0,0,idle,1,0
2026-01-19 09:30:00,2026-01-19,9,30,classroom_A,0,248.4,0.079,0.058,9.796,0,0,idle,1,0
2026-01-19 09:35:00,2026-01-19,9,35,lab,1,68.3,-0.046,0.037,9.798,1,0,idle,1,0
2026-01-19 09:40:00,2026-01-19,9,40,entrance,1,30.6,-0.039,-0.076,9.812,1,0,idle,1,0
2026-01-19 09:45:00,2026-01-19,9,45,lab,1,44.7,-0.089,0.057,9.833,0,0,idle,1,0
2026-01-19 09:50:00,2026-01-19,9,50,classroom_A,1,44.8,-0.045,-0.005,9.772,0,1,idle,1,0
2026-01-19 09:55:00,2026-01-19,9,55,entrance,0,331.9,-0.026,-0.014,9.844,0,0,idle,1,0
2026-01-19 10:00:00,2026-01-19,10,0,lab,1,79.0,-0.034,-0.046,9.814,0,0,idle,1,0
2026-01-19 10:05:00,2026-01-19,10,5,classroom_A,1,29.0,0.009,-0.028,9.737,0,1,idle,1,0
2026-01-19 10:10:00,2026-01-19,10,10,entrance,1,25.2,0.033,-0.086,9.873,0,0,idle,1,0
2026-01-19 10:15:00,2026-01-19,10,15,lab,1,16.6,-1.025,0.866,10.718,0,0,running,1,0
2026-01-19 10:20:00,2026-01-19,10,20,library,1,61.0,-0.057,-0.067,9.798,0,1,idle,1,0
2026-01-19 10:25:00,2026-01-19,10,25,lab,0,237.1,-0.012,-0.022,9.853,0,0,idle,1,0
2026-01-19 10:30:00,2026-01-19,10,30,library,0,339.1,0.093,0.007,9.795,0,0,idle,1,0
2026-01-19 10:35:00,2026-01-19,10,35,classroom_A,1,31.4,-0.058,0.026,9.814,0,0,idle,1,0
2026-01-19 10:40:00,2026-01-19,10,40,classroom_B,1,18.3,-0.034,-0.062,9.891,0,0,idle,1,0
2026-01-19 10:45:00,2026-01-19,10,45,classroom_B,1,21.2,-1.516,-1.723,10.526,0,0,standing,1,0
2026-01-19 10:50:00,2026-01-19,10,50,lab,1,51.0,-0.004,0.042,9.7,0,0,idle,1,0
2026-01-19 10:55:00,2026-01-19,10,55,entrance,1,59.0,-0.001,-0.04,9.79,0,0,idle,1,0
2026-01-19 11:00:00,2026-01-19,11,0,classroom_A,1,28.1,-0.015,0.098,9.751,0,1,idle,1,0
2026-01-19 11:05:00,2026-01-19,11,5,lab,1,72.9,-0.092,0.048,9.895,0,0,idle,1,0
2026-01-19 11:10:00,2026-01-19,11,10,classroom_B,1,19.9,0.03,-0.073,9.839,0,0,idle,1,0
2026-01-19 11:15:00,2026-01-19,11,15,classroom_A,1,74.7,-0.601,-1.354,8.483,0,0,sitting,1,0
2026-01-19 11:20:00,2026-01-19,11,20,library,0,370.7,0.023,0.083,9.824,0,0,idle,1,0
2026-01-19 11:25:00,2026-01-19,11,25,lab,0,352.7,0.022,-0.03,9.756,0,0,idle,1,0
2026-01-19 11:30:00,2026-01-19,11,30,entrance,1,97.5,0.075,0.088,9.758,0,0,idle,1,0
2026-01-19 11:35:00,2026-01-19,11,35,classroom_A,0,261.1,-0.076,0.014,9.821,0,0,idle,1,0
2026-01-19 11:40:00,2026-01-19,11,40,lab,0,248.5,0.041,0.072,9.755,0,0,idle,1,0
2026-01-19 11:45:00,2026-01-19,11,45,library,1,61.7,-0.36,-1.931,10.277,0,0,running,1,0
2026-01-19 11:50:00,2026-01-19,11,50,library,1,47.8,-0.005,0.087,9.898,0,0,idle,1,0
2026-01-19 11:55:00,2026-01-19,11,55,classroom_A,1,94.0,-1.369,1.869,10.993,0,1,running,1,0
2026-01-19 12:00:00,2026-01-19,12,0,lab,1,53.1,-0.693,1.597,9.556,0,0,walking,1,0
2026-01-19 12:05:00,2026-01-19,12,5,lab,1,52.5,0.072,-0.075,9.749,1,0,idle,1,0
2026-01-19 12:10:00,2026-01-19,12,10,entrance,0,276.3,-0.087,0.045,9.745,0,0,idle,1,0
2026-01-19 12:15:00,2026-01-19,12,15,entrance,0,228.3,0.047,-0.029,9.727,0,0,idle,1,0
2026-01-19 12:20:00,2026-01-19,12,20,classroom_B,1,87.7,-0.021,-0.029,9.841,0,0,idle,1,0
2026-01-19 12:25:00,2026-01-19,12,25,entrance,1,85.6,0.011,-0.014,9.861,0,0,idle,1,0
2026-01-19 12:30:00,2026-01-19,12,30,library,1,42.4,-0.963,-0.691,9.164,1,0,walking,1,0
2026-01-19 12:35:00,2026-01-19,12,35,classroom_B,1,89.7,-1.266,1.315,8.473,1,0,walking,1,0
2026-01-19 12:40:00,2026-01-19,12,40,library,1,26.5,0.031,-0.096,9.746,0,0,idle,1,0
2026-01-19 12:45:00,2026-01-19,12,45,entrance,0,335.0,0.032,0.056,9.808,0,0,idle,1,0
2026-01-19 12:50:00,2026-01-19,12,50,library,1,81.2,0.03,0.042,9.879,0,0,idle,1,0
2026-01-19 12:55:00,2026-01-19,12,55,lab,0,230.6,0.061,-0.082,9.833,0,0,idle,1,0
2026-01-19 13:00:00,2026-01-19,13,0,library,1,35.7,-0.062,-0.092,9.742,0,0,idle,1,0
2026-01-19 13:05:00,2026-01-19,13,5,library,0,366.9,0.089,-0.067,9.863,0,0,idle,1,0
2026-01-19 13:10:00,2026-01-19,13,10,classroom_A,0,284.4,-0.032,-0.01,9.767,0,0,idle,1,0
2026-01-19 13:15:00,2026-01-19,13,15,entrance,1,22.0,0.025,-0.053,9.727,1,0,idle,1,0
2026-01-19 13:20:00,2026-01-19,13,20,lab,1,89.0,-1.122,-0.985,9.405,0,0,walking,1,0
2026-01-19 13:25:00,2026-01-19,13,25,lab,0,273.0,0.063,-0.012,9.785,0,0,idle,1,0
2026-01-19 13:30:00,2026-01-19,13,30,entrance,1,41.3,-0.05,0.05,9.735,0,0,idle,1,0
2026-01-19 13:35:00,2026-01-19,13,35,lab,0,234.6,-0.054,0.016,9.854,0,0,idle,1,0
2026-01-19 13:40:00,2026-01-19,13,40,library,1,12.6,1.672,1.17,8.14,0,1,running,1,0
2026-01-19 13:45:00,2026-01-19,13,45,classroom_A,0,359.4,0.083,-0.097,9.791,0,0,idle,1,0
2026-01-19 13:50:00,2026-01-19,13,50,lab,0,332.4,-0.074,-0.09,9.775,0,0,idle,1,0
2026-01-19 13:55:00,2026-01-19,13,55,lab,0,344.4,0.083,-0.048,9.877,0,0,idle,1,0
2026-01-19 14:00:00,2026-01-19,14,0,lab,0,391.7,0.066,-0.005,9.827,0,0,idle,1,0
2026-01-19 14:05:00,2026-01-19,14,5,library,1,33.4,1.147,0.403,10.587,1,0,standing,1,0
2026-01-19 14:10:00,2026-01-19,14,10,classroom_A,1,88.5,0.058,-0.006,9.73,0,0,idle,1,0
2026-01-19 14:15:00,2026-01-19,14,15,classroom_B,1,63.9,0.017,0.038,9.777,0,0,idle,1,0
2026-01-19 14:20:00,2026-01-19,14,20,classroom_A,0,344.9,-0.071,-0.051,9.75,0,0,idle,1,0
2026-01-19 14:25:00,2026-01-19,14,25,library,1,79.2,-1.255,-1.48,8.258,1,0,walking,1,0
2026-01-19 14:30:00,2026-01-19,14,30,entrance,1,72.7,0.011,0.061,9.849,1,0,idle,1,0
2026-01-19 14:35:00,2026-01-19,14,35,entrance,1,14.5,-0.042,-0.093,9.826,0,0,idle,1,0
2026-01-19 14:40:00,2026-01-19,14,40,classroom_A,1,65.7,-0.58,0.393,10.206,0,0,walking,1,0
2026-01-19 14:45:00,2026-01-19,14,45,classroom_A,0,389.1,0.05,-0.05,9.812,0,0,idle,1,0
2026-01-19 14:50:00,2026-01-19,14,50,lab,1,42.5,-1.423,-0.497,9.131,0,0,standing,1,0
2026-01-19 14:55:00,2026-01-19,14,55,classroom_A,0,238.5,-0.061,0.047,9.838,0,0,idle,1,0
2026-01-19 15:00:00,2026-01-19,15,0,library,1,36.1,0.075,0.067,9.761,0,0,idle,1,0
2026-01-19 15:05:00,2026-01-19,15,5,classroom_B,1,39.8,-1.917,-1.335,10.581,0,0,running,1,0
2026-01-19 15:10:00,2026-01-19,15,10,lab,1,78.9,0.058,-0.01,9.751,0,0,idle,1,0
2026-01-19 15:15:00,2026-01-19,15,15,lab,1,28.8,0.02,-0.037,9.747,0,0,idle,1,0
2026-01-19 15:20:00,2026-01-19,15,20,classroom_A,1,25.3,0.013,-0.096,9.716,0,0,idle,1,0
2026-01-19 15:25:00,2026-01-19,15,25,classroom_A,0,226.8,0.031,0.015,9.885,0,0,idle,1,0
2026-01-19 15:30:00,2026-01-19,15,30,classroom_B,1,20.5,0.073,0.086,9.782,1,0,idle,1,0
2026-01-19 15:35:00,2026-01-19,15,35,classroom_A,0,340.2,-0.02,-0.013,9.793,0,0,idle,1,0
2026-01-19 15:40:00,2026-01-19,15,40,classroom_B,1,25.5,-0.041,0.053,9.736,0,1,idle,1,0
2026-01-19 15:45:00,2026-01-19,15,45,entrance,1,12.4,-0.032,-0.061,9.845,0,0,idle,1,0
2026-01-19 15:50:00,2026-01-19,15,50,classroom_A,1,61.7,-0.055,0.071,9.713,0,0,idle,1,0
2026-01-19 15:55:00,2026-01-19,15,55,library,1,84.6,-0.026,-0.041,9.833,0,0,idle,1,0
2026-01-19 16:00:00,2026-01-19,16,0,library,1,49.2,-0.0,-0.02,9.879,1,0,idle,1,0
2026-01-19 16:05:00,2026-01-19,16,5,library,1,60.1,-0.763,-0.778,8.401,1,0,walking,1,0
2026-01-19 16:10:00,2026-01-19,16,10,classroom_B,0,383.1,-0.0,0.028,9.796,0,0,idle,1,0
2026-01-19 16:15:00,2026-01-19,16,15,entrance,1,79.8,0.028,-0.044,9.874,0,0,idle,1,0
2026-01-19 16:20:00,2026-01-19,16,20,classroom_A,1,75.2,0.634,-1.553,8.423,0,0,sitting,1,0
2026-01-19 16:25:00,2026-01-19,16,25,library,1,37.5,-0.863,0.447,9.596,0,0,walking,1,0
2026-01-19 16:30:00,2026-01-19,16,30,library,0,313.7,0.072,0.073,9.718,0,0,idle,1,0
2026-01-19 16:35:00,2026-01-19,16,35,classroom_A,1,84.3,0.022,0.095,9.756,0,1,idle,1,0
2026-01-19 16:40:00,2026-01-19,16,40,classroom_A,1,27.9,-0.096,-0.056,9.786,0,0,idle,1,0
2026-01-19 16:45:00,2026-01-19,16,45,classroom_B,0,212.5,-0.03,-0.061,9.732,0,0,idle,1,0
2026-01-19 16:50:00,2026-01-19,16,50,library,1,45.6,-0.099,0.026,9.765,0,0,idle,1,0
2026-01-19 16:55:00,2026-01-19,16,55,lab,0,310.0,-0.1,-0.029,9.838,0,0,idle,1,0
2026-01-19 17:00:00,2026-01-19,17,0,entrance,0,323.2,0.032,0.013,9.822,0,0,idle,1,0
2026-01-19 17:05:00,2026-01-19,17,5,library,1,58.1,0.065,0.051,9.887,0,0,idle,1,0
2026-01-19 17:10:00,2026-01-19,17,10,classroom_A,0,241.4,0.074,0.022,9.777,0,0,idle,1,0
2026-01-19 17:15:00,2026-01-19,17,15,lab,1,53.5,-0.083,-0.033,9.723,0,0,idle,1,0
2026-01-19 17:20:00,2026-01-19,17,20,classroom_A,1,50.9,0.209,1.861,8.326,0,0,walking,1,0
2026-01-19 17:25:00,2026-01-19,17,25,classroom_A,1,30.3,-0.08,0.008,9.802,0,0,idle,1,0
2026-01-19 17:30:00,2026-01-19,17,30,lab,1,64.0,0.006,-0.035,9.888,0,0,idle,1,0
2026-01-19 17:35:00,2026-01-19,17,35,classroom_B,0,296.5,-0.023,0.03,9.784,0,0,idle,1,0
2026-01-19 17:40:00,2026-01-19,17,40,classroom_B,0,233.4,0.027,0.087,9.805,0,0,idle,1,0
2026-01-19 17:45:00,2026-01-19,17,45,library,1,16.8,0.427,1.826,8.35,0,0,running,1,0
2026-01-19 17:50:00,2026-01-19,17,50,classroom_A,1,86.8,0.008,-0.04,9.832,0,0,idle,1,0
2026-01-19 17:55:00,2026-01-19,17,55,classroom_A,0,275.4,0.039,0.064,9.807,0,0,idle,1,0
2026-01-19 18:00:00,2026-01-19,18,0,classroom_B,0,270.8,0.066,-0.072,9.79,0,0,idle,0,0
2026-01-19 18:05:00,2026-01-19,18,5,library,0,318.6,0.078,-0.067,9.765,0,0,idle,0,0
2026-01-19 18:10:00,2026-01-19,18,10,classroom_A,0,287.0,0.027,0.053,9.848,0,0,idle,0,0
2026-01-19 18:15:00,2026-01-19,18,15,library,0,321.6,-0.011,0.025,9.729,0,0,idle,0,0
2026-01-19 18:20:00,2026-01-19,18,20,library,0,318.1,0.099,-0.087,9.788,0,0,idle,0,0
2026-01-19 18:25:00,2026-01-19,18,25,lab,0,204.3,-0.099,0.056,9.791,0,0,idle,0,0
2026-01-19 18:30:00,2026-01-19,18,30,entrance,0,270.4,0.024,0.014,9.781,0,0,idle,0,0
2026-01-19 18:35:00,2026-01-19,18,35,lab,0,238.7,0.022,0.001,9.76,0,0,idle,0,0
2026-01-19 18:40:00,2026-01-19,18,40,lab,0,257.8,-0.008,0.089,9.769,0,0,idle,0,0
2026-01-19 18:45:00,2026-01-19,18,45,library,0,307.3,0.007,0.099,9.759,0,0,idle,0,0
2026-01-19 18:50:00,2026-01-19,18,50,library,0,253.0,-0.037,0.058,9.733,0,0,idle,0,0
2026-01-19 18:55:00,2026-01-19,18,55,entrance,0,375.2,-0.035,-0.066,9.867,0,0,idle,0,0
2026-01-19 19:00:00,2026-01-19,19,0,library,0,227.9,-0.008,-0.021,9.758,0,0,idle,0,0
2026-01-19 19:05:00,2026-01-19,19,5,classroom_B,0,203.6,0.009,-0.046,9.867,0,0,idle,0,0
2026-01-19 19:10:00,2026-01-19,19,10,classroom_A,0,354.0,-0.1,0.075,9.815,0,0,idle,0,0
2026-01-19 19:15:00,2026-01-19,19,15,library,0,360.9,-0.034,-0.039,9.863,0,0,idle,0,0
2026-01-19 19:20:00,2026-01-19,19,20,entrance,0,319.0,-0.005,0.067,9.849,0,0,idle,0,0
2026-01-19 19:25:00,2026-01-19,19,25,lab,0,283.2,0.073,-0.097,9.885,0,0,idle,0,0
2026-01-19 19:30:00,2026-01-19,19,30,lab,0,383.0,-0.091,-0.057,9.836,0,0,idle,0,0
2026-01-19 19:35:00,2026-01-19,19,35,classroom_A,0,280.7,0.018,0.074,9.819,0,0,idle,0,0
2026-01-19 19:40:00,2026-01-19,19,40,library,1,97.1,-0.041,0.012,9.853,0,0,idle,0,1
2026-01-19 19:45:00,2026-01-19,19,45,lab,0,379.4,-0.041,-0.01,9.71,0,0,idle,0,0
2026-01-19 19:50:00,2026-01-19,19,50,entrance,0,382.5,0.031,0.006,9.732,0,0,idle,0,0
2026-01-19 19:55:00,2026-01-19,19,55,classroom_B,1,66.8,-0.511,0.752,8.143,0,0,standing,0,1
2026-01-19 20:00:00,2026-01-19,20,0,lab,0,319.1,-0.091,-0.003,9.833,0,0,idle,0,0
2026-01-19 20:05:00,2026-01-19,20,5,entrance,0,385.8,0.064,-0.025,9.76,0,0,idle,0,0
2026-01-19 20:10:00,2026-01-19,20,10,library,0,357.5,-0.075,-0.035,9.769,0,0,idle,0,0
2026-01-19 20:15:00,2026-01-19,20,15,classroom_A,0,295.5,-0.037,-0.015,9.736,0,0,idle,0,0
2026-01-19 20:20:00,2026-01-19,20,20,classroom_B,0,201.6,-0.053,0.086,9.83,0,0,idle,0,0
2026-01-19 20:25:00,2026-01-19,20,25,library,0,205.9,-0.0,-0.004,9.778,0,0,idle,0,0
2026-01-19 20:30:00,2026-01-19,20,30,classroom_A,0,357.1,-0.026,-0.055,9.787,0,0,idle,0,0
2026-01-19 20:35:00,2026-01-19,20,35,entrance,0,364.8,-0.054,-0.055,9.701,0,0,idle,0,0
2026-01-19 20:40:00,2026-01-19,20,40,library,0,257.5,0.046,-0.056,9.733,0,0,idle,0,0
2026-01-19 20:45:00,2026-01-19,20,45,entrance,0,348.2,-0.021,0.032,9.889,0,0,idle,0,0
2026-01-19 20:50:00,2026-01-19,20,50,lab,0,355.8,-0.053,0.056,9.729,0,0,idle,0,0
2026-01-19 20:55:00,2026-01-19,20,55,library,0,285.1,-0.046,0.029,9.846,0,0,idle,0,0
2026-01-19 21:00:00,2026-01-19,21,0,library,0,264.2,0.035,0.011,9.734,0,0,idle,0,0
2026-01-19 21:05:00,2026-01-19,21,5,entrance,0,234.1,0.068,-0.072,9.872,0,0,idle,0,0
2026-01-19 21:10:00,2026-01-19,21,10,entrance,0,395.5,-0.034,-0.026,9.717,0,0,idle,0,0
2026-01-19 21:15:00,2026-01-19,21,15,library,0,383.2,0.006,0.027,9.773,0,0,idle,0,0
2026-01-19 21:20:00,2026-01-19,21,20,classroom_A,0,289.6,-0.039,-0.006,9.853,0,0,idle,0,0
2026-01-19 21:25:00,2026-01-19,21,25,classroom_B,0,228.2,-0.012,0.006,9.849,0,0,idle,0,0
2026-01-19 21:30:00,2026-01-19,21,30,library,0,357.9,-0.008,-0.029,9.76,0,0,idle,0,0
2026-01-19 21:35:00,2026-01-19,21,35,classroom_A,0,252.0,0.069,0.021,9.707,0,0,idle,0,0
2026-01-19 21:40:00,2026-01-19,21,40,entrance,0,306.9,-0.056,-0.075,9.744,0,0,idle,0,0
2026-01-19 21:45:00,2026-01-19,21,45,library,0,213.7,-0.06,0.065,9.804,0,0,idle,0,0
2026-01-19 21:50:00,2026-01-19,21,50,classroom_A,0,285.4,-0.093,-0.005,9.807,0,0,idle,0,0
2026-01-19 21:55:00,2026-01-19,21,55,classroom_A,0,311.4,-0.029,-0.065,9.809,0,0,idle,0,0
2026-01-20 07:00:00,2026-01-20,7,0,classroom_B,1,84.4,-0.037,-0.087,9.736,0,0,idle,0,1
2026-01-20 07:05:00,2026-01-20,7,5,library,0,242.5,-0.035,-0.055,9.862,0,0,idle,0,0
2026-01-20 07:10:00,2026-01-20,7,10,classroom_A,0,302.4,0.073,-0.029,9.837,0,0,idle,0,0
2026-01-20 07:15:00,2026-01-20,7,15,lab,0,373.9,-0.001,0.047,9.789,0,0,idle,0,0
2026-01-20 07:20:00,2026-01-20,7,20,classroom_A,0,318.5,-0.021,0.086,9.897,0,0,idle,0,0
2026-01-20 07:25:00,2026-01-20,7,25,lab,0,279.2,0.018,0.015,9.878,0,0,idle,0,0
2026-01-20 07:30:00,2026-01-20,7,30,entrance,0,381.2,-0.089,0.018,9.817,0,0,idle,0,0
2026-01-20 07:35:00,2026-01-20,7,35,library,0,222.4,0.006,0.011,9.796,0,0,idle,0,0
2026-01-20 07:40:00,2026-01-20,7,40,library,1,91.5,0.037,-0.032,9.719,1,0,idle,0,1
2026-01-20 07:45:00,2026-01-20,7,45,library,0,257.5,0.03,-0.022,9.847,0,0,idle,0,0
2026-01-20 07:50:00,2026-01-20,7,50,lab,0,259.5,0.05,0.08,9.834,0,0,idle,0,0
2026-01-20 07:55:00,2026-01-20,7,55,lab,0,287.6,0.012,0.075,9.865,0,0,idle,0,0
2026-01-20 08:00:00,2026-01-20,8,0,classroom_A,1,73.9,0.004,0.089,9.848,0,1,idle,1,0
2026-01-20 08:05:00,2026-01-20,8,5,classroom_A,1,77.1,0.008,0.032,9.833,0,1,idle,1,0
2026-01-20 08:10:00,2026-01-20,8,10,library,1,58.6,0.081,-0.01,9.716,1,0,idle,1,0
2026-01-20 08:15:00,2026-01-20,8,15,classroom_A,1,92.4,-0.685,-1.604,8.798,0,0,walking,1,0
2026-01-20 08:20:00,2026-01-20,8,20,lab,1,45.2,-0.083,0.045,9.828,0,0,idle,1,0
2026-01-20 08:25:00,2026-01-20,8,25,lab,0,222.8,-0.084,-0.051,9.897,0,0,idle,1,0
2026-01-20 08:30:00,2026-01-20,8,30,entrance,0,216.0,0.089,-0.033,9.702,0,0,idle,1,0
2026-01-20 08:35:00,2026-01-20,8,35,classroom_A,0,323.4,0.083,0.093,9.844,0,0,idle,1,0
2026-01-20 08:40:00,2026-01-20,8,40,lab,0,289.1,0.015,-0.026,9.73,0,0,idle,1,0
2026-01-20 08:45:00,2026-01-20,8,45,classroom_B,0,317.0,-0.056,0.058,9.718,0,0,idle,1,0
2026-01-20 08:50:00,2026-01-20,8,50,entrance,0,307.7,-0.096,0.044,9.892,0,0,idle,1,0
2026-01-20 08:55:00,2026-01-20,8,55,entrance,0,333.8,-0.061,0.035,9.704,0,0,idle,1,0
2026-01-20 09:00:00,2026-01-20,9,0,classroom_B,1,31.7,-0.098,0.092,9.807,0,0,idle,1,0
2026-01-20 09:05:00,2026-01-20,9,5,library,1,88.0,-0.051,-0.015,9.815,0,0,idle,1,0
2026-01-20 09:10:00,2026-01-20,9,10,classroom_A,0,371.1,0.043,-0.091,9.766,0,0,idle,1,0
2026-01-20 09:15:00,2026-01-20,9,15,lab,1,74.3,-1.721,-0.627,10.091,0,0,running,1,0
2026-01-20 09:20:00,2026-01-20,9,20,library,1,49.6,-0.605,0.882,9.203,0,0,walking,1,0
2026-01-20 09:25:00,2026-01-20,9,25,classroom_B,1,10.6,-0.036,0.075,9.85,0,1,idle,1,0
2026-01-20 09:30:00,2026-01-20,9,30,classroom_B,1,32.2,0.072,0.064,9.748,0,0,idle,1,0
2026-01-20 09:35:00,2026-01-20,9,35,library,0,223.1,-0.024,-0.051,9.891,0,0,idle,1,0
2026-01-20 09:40:00,2026-01-20,9,40,lab,1,22.1,-0.052,-0.003,9.791,0,0,idle,1,0
2026-01-20 09:45:00,2026-01-20,9,45,classroom_A,0,330.0,-0.018,-0.031,9.75,0,0,idle,1,0
2026-01-20 09:50:00,2026-01-20,9,50,lab,1,44.0,-1.725,0.819,9.237,0,0,walking,1,0
2026-01-20 09:55:00,2026-01-20,9,55,classroom_B,0,264.7,0.078,-0.033,9.874,0,0,idle,1,0
2026-01-20 10:00:00,2026-01-20,10,0,classroom_A,1,33.9,0.093,-0.093,9.834,0,0,idle,1,0
2026-01-20 10:05:00,2026-01-20,10,5,classroom_B,1,22.8,-0.016,0.087,9.802,1,0,idle,1,0
2026-01-20 10:10:00,2026-01-20,10,10,entrance,1,57.6,0.018,0.059,9.885,0,0,idle,1,0
2026-01-20 10:15:00,2026-01-20,10,15,library,1,46.2,0.072,0.032,9.821,0,0,idle,1,0
2026-01-20 10:20:00,2026-01-20,10,20,classroom_B,1,55.5,-0.044,0.023,9.791,0,0,idle,1,0
2026-01-20 10:25:00,2026-01-20,10,25,lab,1,73.6,0.053,0.008,9.879,1,0,idle,1,0
2026-01-20 10:30:00,2026-01-20,10,30,lab,1,27.7,-0.015,0.011,9.812,1,0,idle,1,0
2026-01-20 10:35:00,2026-01-20,10,35,classroom_B,0,364.2,0.055,0.053,9.707,0,0,idle,1,0
2026-01-20 10:40:00,2026-01-20,10,40,classroom_A,0,318.1,0.052,0.08,9.801,0,0,idle,1,0
2026-01-20 10:45:00,2026-01-20,10,45,lab,1,49.9,0.092,-0.056,9.747,0,0,idle,1,0
2026-01-20 10:50:00,2026-01-20,10,50,lab,1,32.6,-1.966,-1.95,10.739,0,0,standing,1,0
2026-01-20 10:55:00,2026-01-20,10,55,classroom_A,0,237.3,-0.074,-0.073,9.753,0,0,idle,1,0
2026-01-20 11:00:00,2026-01-20,11,0,classroom_A,0,384.8,-0.086,0.069,9.872,0,0,idle,1,0
2026-01-20 11:05:00,2026-01-20,11,5,entrance,0,322.2,0.045,-0.029,9.792,0,0,idle,1,0
2026-01-20 11:10:00,2026-01-20,11,10,classroom_B,1,35.2,0.829,-0.021,9.775,1,0,standing,1,0
2026-01-20 11:15:00,2026-01-20,11,15,classroom_A,1,80.3,0.029,-0.088,9.797,0,1,idle,1,0
2026-01-20 11:20:00,2026-01-20,11,20,classroom_B,1,34.9,-0.094,0.046,9.812,0,0,idle,1,0
2026-01-20 11:25:00,2026-01-20,11,25,lab,0,314.9,-0.059,-0.065,9.716,0,0,idle,1,0
2026-01-20 11:30:00,2026-01-20,11,30,classroom_A,0,358.7,-0.063,-0.097,9.866,0,0,idle,1,0
2026-01-20 11:35:00,2026-01-20,11,35,lab,1,19.0,0.024,-0.093,9.761,0,1,idle,1,0
2026-01-20 11:40:00,2026-01-20,11,40,classroom_B,1,52.7,-0.403,0.778,8.51,0,1,walking,1,0
2026-01-20 11:45:00,2026-01-20,11,45,library,0,247.3,0.079,-0.017,9.727,0,0,idle,1,0
2026-01-20 11:50:00,2026-01-20,11,50,lab,1,46.8,-0.094,-0.032,9.795,0,1,idle,1,0
2026-01-20 11:55:00,2026-01-20,11,55,entrance,1,40.0,0.093,-0.095,9.792,0,1,idle,1,0
2026-01-20 12:00:00,2026-01-20,12,0,lab,1,25.4,-1.183,1.252,9.699,0,1,running,1,0
2026-01-20 12:05:00,2026-01-20,12,5,lab,1,26.7,1.295,-0.735,10.766,0,0,standing,1,0
2026-01-20 12:10:00,2026-01-20,12,10,entrance,1,25.0,0.093,-0.005,9.701,0,0,idle,1,0
2026-01-20 12:15:00,2026-01-20,12,15,classroom_A,0,228.9,-0.055,-0.04,9.871,0,0,idle,1,0
2026-01-20 12:20:00,2026-01-20,12,20,classroom_A,1,23.0,-0.097,-0.032,9.743,0,0,idle,1,0
2026-01-20 12:25:00,2026-01-20,12,25,lab,0,382.8,0.033,-0.097,9.754,0,0,idle,1,0
2026-01-20 12:30:00,2026-01-20,12,30,classroom_A,0,294.9,-0.064,0.023,9.742,0,0,idle,1,0
2026-01-20 12:35:00,2026-01-20,12,35,classroom_B,1,66.3,-0.055,-0.074,9.782,0,0,idle,1,0
2026-01-20 12:40:00,2026-01-20,12,40,classroom_B,0,204.8,0.094,-0.073,9.89,0,0,idle,1,0
2026-01-20 12:45:00,2026-01-20,12,45,library,1,41.6,-0.074,-0.079,9.833,0,0,idle,1,0
2026-01-20 12:50:00,2026-01-20,12,50,classroom_B,0,218.2,0.061,0.008,9.781,0,0,idle,1,0
2026-01-20 12:55:00,2026-01-20,12,55,library,0,360.5,0.077,-0.049,9.811,0,0,idle,1,0
2026-01-20 13:00:00,2026-01-20,13,0,entrance,1,21.4,0.1,0.082,9.8,0,0,idle,1,0
2026-01-20 13:05:00,2026-01-20,13,5,library,1,30.8,0.011,-0.082,9.813,0,0,idle,1,0
2026-01-20 13:10:00,2026-01-20,13,10,library,0,226.1,-0.013,-0.091,9.781,0,0,idle,1,0
2026-01-20 13:15:00,2026-01-20,13,15,classroom_A,0,353.7,0.088,-0.06,9.822,0,0,idle,1,0
2026-01-20 13:20:00,2026-01-20,13,20,lab,0,357.1,0.096,-0.044,9.754,0,0,idle,1,0
2026-01-20 13:25:00,2026-01-20,13,25,classroom_A,1,95.0,-1.369,-1.104,10.896,0,0,sitting,1,0
2026-01-20 13:30:00,2026-01-20,13,30,lab,0,201.9,-0.087,-0.067,9.849,0,0,idle,1,0
2026-01-20 13:35:00,2026-01-20,13,35,entrance,1,76.8,-0.028,-0.034,9.876,0,1,idle,1,0
2026-01-20 13:40:00,2026-01-20,13,40,entrance,1,56.7,-0.833,0.857,9.21,0,0,walking,1,0
2026-01-20 13:45:00,2026-01-20,13,45,entrance,1,61.5,0.1,-0.076,9.724,0,1,idle,1,0
2026-01-20 13:50:00,2026-01-20,13,50,library,1,77.8,0.064,-0.072,9.799,0,0,idle,1,0
2026-01-20 13:55:00,2026-01-20,13,55,classroom_B,1,95.1,-0.008,0.043,9.709,1,0,idle,1,0
2026-01-20 14:00:00,2026-01-20,14,0,classroom_A,1,99.0,0.089,0.073,9.81,0,0,idle,1,0
2026-01-20 14:05:00,2026-01-20,14,5,entrance,1,12.1,0.068,0.018,9.755,0,0,idle,1,0
2026-01-20 14:10:00,2026-01-20,14,10,entrance,0,248.9,-0.011,0.086,9.805,0,0,idle,1,0
2026-01-20 14:15:00,2026-01-20,14,15,classroom_B,1,69.6,-0.026,-0.048,9.8,0,0,idle,1,0
2026-01-20 14:20:00,2026-01-20,14,20,classroom_B,1,11.6,0.061,0.033,9.714,0,0,idle,1,0
2026-01-20 14:25:00,2026-01-20,14,25,lab,1,12.7,0.089,0.021,9.75,0,0,idle,1,0
2026-01-20 14:30:00,2026-01-20,14,30,library,1,23.3,-1.766,-1.448,10.644,0,0,walking,1,0
2026-01-20 14:35:00,2026-01-20,14,35,lab,0,337.7,-0.07,-0.072,9.744,0,0,idle,1,0
2026-01-20 14:40:00,2026-01-20,14,40,entrance,1,79.0,-0.07,0.078,9.728,0,0,idle,1,0
2026-01-20 14:45:00,2026-01-20,14,45,classroom_A,1,72.0,-0.006,0.058,9.772,0,0,idle,1,0
2026-01-20 14:50:00,2026-01-20,14,50,classroom_A,0,244.5,0.099,-0.097,9.759,0,0,idle,1,0
2026-01-20 14:55:00,2026-01-20,14,55,entrance,1,99.3,-0.072,0.04,9.721,1,0,idle,1,0
2026-01-20 15:00:00,2026-01-20,15,0,entrance,1,80.8,-0.031,-0.096,9.833,0,0,idle,1,0
2026-01-20 15:05:00,2026-01-20,15,5,lab,1,64.1,-0.942,-0.366,8.161,0,0,walking,1,0
2026-01-20 15:10:00,2026-01-20,15,10,lab,1,18.1,0.081,-0.06,9.881,0,0,idle,1,0
2026-01-20 15:15:00,2026-01-20,15,15,classroom_B,1,18.1,1.618,1.786,10.146,0,0,walking,1,0
2026-01-20 15:20:00,2026-01-20,15,20,classroom_B,1,83.3,0.083,0.051,9.762,0,0,idle,1,0
2026-01-20 15:25:00,2026-01-20,15,25,entrance,1,90.4,-0.016,-0.056,9.827,0,0,idle,1,0
2026-01-20 15:30:00,2026-01-20,15,30,classroom_A,1,40.0,-0.003,0.974,9.878,0,0,walking,1,0
2026-01-20 15:35:00,2026-01-20,15,35,entrance,1,41.5,-0.083,0.1,9.807,0,0,idle,1,0
2026-01-20 15:40:00,2026-01-20,15,40,entrance,0,225.2,-0.008,0.091,9.779,0,0,idle,1,0
2026-01-20 15:45:00,2026-01-20,15,45,classroom_A,1,86.3,-0.023,-0.03,9.84,0,0,idle,1,0
2026-01-20 15:50:00,2026-01-20,15,50,classroom_B,1,16.9,0.076,0.077,9.782,0,0,idle,1,0
2026-01-20 15:55:00,2026-01-20,15,55,entrance,0,258.7,-0.007,-0.084,9.732,0,0,idle,1,0
2026-01-20 16:00:00,2026-01-20,16,0,classroom_A,1,42.5,1.9,-1.565,9.531,0,0,running,1,0
2026-01-20 16:05:00,2026-01-20,16,5,classroom_A,1,38.2,-1.162,-1.785,10.178,0,0,sitting,1,0
2026-01-20 16:10:00,2026-01-20,16,10,classroom_A,1,81.2,-0.049,0.048,9.771,0,0,idle,1,0
2026-01-20 16:15:00,2026-01-20,16,15,library,1,46.0,0.06,0.029,9.718,1,0,idle,1,0
2026-01-20 16:20:00,2026-01-20,16,20,classroom_A,1,27.6,0.006,-0.007,9.701,0,0,idle,1,0
2026-01-20 16:25:00,2026-01-20,16,25,lab,1,62.8,1.498,0.011,8.536,0,0,walking,1,0
2026-01-20 16:30:00,2026-01-20,16,30,classroom_A,1,99.4,0.073,-0.096,9.869,0,0,idle,1,0
2026-01-20 16:35:00,2026-01-20,16,35,entrance,1,83.4,-0.061,0.05,9.716,0,0,idle,1,0
2026-01-20 16:40:00,2026-01-20,16,40,entrance,1,46.1,0.049,0.006,9.701,0,0,idle,1,0
2026-01-20 16:45:00,2026-01-20,16,45,classroom_A,0,328.4,0.001,-0.089,9.712,0,0,idle,1,0
2026-01-20 16:50:00,2026-01-20,16,50,entrance,1,72.9,-0.213,1.312,9.869,1,0,walking,1,0
2026-01-20 16:55:00,2026-01-20,16,55,entrance,0,242.0,0.084,-0.005,9.723,0,0,idle,1,0
2026-01-20 17:00:00,2026-01-20,17,0,library,0,299.3,-0.08,0.065,9.852,0,0,idle,1,0
2026-01-20 17:05:00,2026-01-20,17,5,entrance,1,80.3,0.521,-0.448,10.782,0,0,standing,1,0
2026-01-20 17:10:00,2026-01-20,17,10,lab,0,251.7,0.016,-0.043,9.896,0,0,idle,1,0
2026-01-20 17:15:00,2026-01-20,17,15,classroom_A,0,265.7,-0.027,-0.098,9.724,0,0,idle,1,0
2026-01-20 17:20:00,2026-01-20,17,20,lab,0,268.1,-0.032,-0.067,9.724,0,0,idle,1,0
2026-01-20 17:25:00,2026-01-20,17,25,entrance,0,311.6,0.035,0.067,9.805,0,0,idle,1,0
2026-01-20 17:30:00,2026-01-20,17,30,library,1,80.1,-0.089,-0.055,9.722,0,0,idle,1,0
2026-01-20 17:35:00,2026-01-20,17,35,library,1,20.0,0.095,-0.069,9.879,0,0,idle,1,0
2026-01-20 17:40:00,2026-01-20,17,40,lab,1,44.6,0.055,0.007,9.797,0,1,idle,1,0
2026-01-20 17:45:00,2026-01-20,17,45,classroom_B,1,19.5,-0.064,-0.043,9.703,0,0,idle,1,0
2026-01-20 17:50:00,2026-01-20,17,50,lab,1,97.3,-1.321,-0.972,10.604,0,0,walking,1,0
2026-01-20 17:55:00,2026-01-20,17,55,lab,0,232.5,0.065,-0.022,9.708,0,0,idle,1,0
2026-01-20 18:00:00,2026-01-20,18,0,lab,0,352.7,0.01,0.069,9.752,0,0,idle,0,0
2026-01-20 18:05:00,2026-01-20,18,5,classroom_B,1,82.1,-0.029,-0.013,9.838,0,0,idle,0,1
2026-01-20 18:10:00,2026-01-20,18,10,entrance,0,387.9,0.089,-0.082,9.711,0,0,idle,0,0
2026-01-20 18:15:00,2026-01-20,18,15,entrance,0,378.9,0.065,-0.022,9.701,0,0,idle,0,0
2026-01-20 18:20:00,2026-01-20,18,20,classroom_B,0,272.8,0.096,0.091,9.83,0,0,idle,0,0
2026-01-20 18:25:00,2026-01-20,18,25,library,0,231.3,0.07,0.041,9.839,0,0,idle,0,0
2026-01-20 18:30:00,2026-01-20,18,30,entrance,0,244.4,-0.073,0.008,9.759,0,0,idle,0,0
2026-01-20 18:35:00,2026-01-20,18,35,entrance,0,202.0,0.083,0.048,9.82,0,0,idle,0,0
2026-01-20 18:40:00,2026-01-20,18,40,entrance,0,263.3,-0.054,-0.071,9.774,0,0,idle,0,0
2026-01-20 18:45:00,2026-01-20,18,45,classroom_B,0,343.9,0.053,0.043,9.898,0,0,idle,0,0
2026-01-20 18:50:00,2026-01-20,18,50,classroom_B,0,358.8,-0.054,0.074,9.823,0,0,idle,0,0
2026-01-20 18:55:00,2026-01-20,18,55,classroom_B,0,310.0,-0.081,-0.035,9.864,0,0,idle,0,0
2026-01-20 19:00:00,2026-01-20,19,0,library,0,284.1,0.054,-0.069,9.801,0,0,idle,0,0
2026-01-20 19:05:00,2026-01-20,19,5,classroom_B,0,371.1,-0.076,-0.006,9.81,0,0,idle,0,0
2026-01-20 19:10:00,2026-01-20,19,10,lab,0,382.9,-0.078,0.009,9.715,0,0,idle,0,0
2026-01-20 19:15:00,2026-01-20,19,15,library,0,265.9,-0.08,-0.053,9.774,0,0,idle,0,0
2026-01-20 19:20:00,2026-01-20,19,20,entrance,0,219.7,-0.028,-0.069,9.871,0,0,idle,0,0
2026-01-20 19:25:00,2026-01-20,19,25,classroom_A,0,362.4,-0.008,-0.055,9.777,0,0,idle,0,0
2026-01-20 19:30:00,2026-01-20,19,30,classroom_B,0,258.5,0.052,0.069,9.774,0,0,idle,0,0
2026-01-20 19:35:00,2026-01-20,19,35,entrance,0,292.5,-0.072,-0.028,9.788,0,0,idle,0,0
2026-01-20 19:40:00,2026-01-20,19,40,classroom_B,0,212.2,0.0,-0.075,9.777,0,0,idle,0,0
2026-01-20 19:45:00,2026-01-20,19,45,entrance,0,296.1,0.099,0.051,9.796,0,0,idle,0,0
2026-01-20 19:50:00,2026-01-20,19,50,classroom_A,0,297.3,-0.039,-0.054,9.703,0,0,idle,0,0
2026-01-20 19:55:00,2026-01-20,19,55,lab,0,259.3,-0.085,-0.04,9.869,0,0,idle,0,0
2026-01-20 20:00:00,2026-01-20,20,0,lab,0,276.7,-0.068,-0.065,9.752,0,0,idle,0,0
2026-01-20 20:05:00,2026-01-20,20,5,classroom_B,0,280.6,-0.07,-0.01,9.811,0,0,idle,0,0
2026-01-20 20:10:00,2026-01-20,20,10,lab,0,289.7,-0.014,-0.073,9.789,0,0,idle,0,0
2026-01-20 20:15:00,2026-01-20,20,15,classroom_B,0,228.8,0.089,0.072,9.841,0,0,idle,0,0
2026-01-20 20:20:00,2026-01-20,20,20,classroom_B,0,309.7,0.084,-0.005,9.838,0,0,idle,0,0
2026-01-20 20:25:00,2026-01-20,20,25,library,0,243.6,0.006,0.044,9.867,0,0,idle,0,0
2026-01-20 20:30:00,2026-01-20,20,30,library,0,379.2,0.039,0.059,9.803,0,0,idle,0,0
2026-01-20 20:35:00,2026-01-20,20,35,classroom_B,0,318.3,-0.053,-0.088,9.767,0,0,idle,0,0
2026-01-20 20:40:00,2026-01-20,20,40,library,0,251.9,-0.031,-0.095,9.805,0,0,idle,0,0
2026-01-20 20:45:00,2026-01-20,20,45,classroom_B,0,294.9,0.016,0.048,9.891,0,0,idle,0,0
2026-01-20 20:50:00,2026-01-20,20,50,classroom_B,0,289.9,0.09,0.055,9.763,0,0,idle,0,0
2026-01-20 20:55:00,2026-01-20,20,55,classroom_B,0,211.6,-0.005,0.019,9.793,0,0,idle,0,0
2026-01-20 21:00:00,2026-01-20,21,0,classroom_A,0,231.8,0.07,0.017,9.873,0,0,idle,0,0
2026-01-20 21:05:00,2026-01-20,21,5,lab,0,305.4,-0.071,-0.064,9.742,0,0,idle,0,0
2026-01-20 21:10:00,2026-01-20,21,10,classroom_A,0,226.0,0.046,-0.064,9.841,0,0,idle,0,0
2026-01-20 21:15:00,2026-01-20,21,15,classroom_B,0,229.4,-0.079,0.052,9.867,0,0,idle,0,0
2026-01-20 21:20:00,2026-01-20,21,20,classroom_A,0,298.0,0.021,0.094,9.721,0,0,idle,0,0
2026-01-20 21:25:00,2026-01-20,21,25,classroom_B,0,258.9,0.023,0.009,9.723,0,0,idle,0,0
2026-01-20 21:30:00,2026-01-20,21,30,entrance,0,280.8,0.011,-0.094,9.735,0,0,idle,0,0
2026-01-20 21:35:00,2026-01-20,21,35,classroom_A,0,391.1,-0.098,0.017,9.861,0,0,idle,0,0
2026-01-20 21:40:00,2026-01-20,21,40,classroom_B,1,26.2,0.092,0.014,9.81,1,0,idle,0,1
2026-01-20 21:45:00,2026-01-20,21,45,entrance,0,279.5,-0.001,-0.085,9.784,0,0,idle,0,0
2026-01-20 21:50:00,2026-01-20,21,50,entrance,0,290.1,0.077,0.052,9.884,0,0,idle,0,0
2026-01-20 21:55:00,2026-01-20,21,55,entrance,0,238.8,0.077,-0.092,9.768,0,0,idle,0,0
2026-01-21 07:00:00,2026-01-21,7,0,classroom_A,0,258.2,-0.06,-0.063,9.867,0,0,idle,0,0
2026-01-21 07:05:00,2026-01-21,7,5,lab,0,255.9,0.016,0.071,9.873,0,0,idle,0,0
2026-01-21 07:10:00,2026-01-21,7,10,entrance,0,255.7,-0.011,0.096,9.883,0,0,idle,0,0
2026-01-21 07:15:00,2026-01-21,7,15,classroom_B,0,391.6,-0.093,-0.02,9.886,0,0,idle,0,0
2026-01-21 07:20:00,2026-01-21,7,20,classroom_B,0,376.2,0.023,0.023,9.897,0,0,idle,0,0
2026-01-21 07:25:00,2026-01-21,7,25,classroom_A,0,320.7,0.048,-0.055,9.792,0,0,idle,0,0
2026-01-21 07:30:00,2026-01-21,7,30,entrance,0,298.7,0.008,-0.083,9.879,0,0,idle,0,0
2026-01-21 07:35:00,2026-01-21,7,35,lab,0,244.4,0.03,-0.04,9.854,0,0,idle,0,0
2026-01-21 07:40:00,2026-01-21,7,40,classroom_A,0,366.1,0.044,-0.009,9.829,0,0,idle,0,0
2026-01-21 07:45:00,2026-01-21,7,45,lab,0,233.2,0.029,-0.029,9.741,0,0,idle,0,0
2026-01-21 07:50:00,2026-01-21,7,50,library,0,349.8,0.017,-0.095,9.845,0,0,idle,0,0
2026-01-21 07:55:00,2026-01-21,7,55,classroom_B,0,287.0,0.063,-0.016,9.799,0,0,idle,0,0
2026-01-21 08:00:00,2026-01-21,8,0,entrance,0,369.3,-0.096,-0.091,9.702,0,0,idle,1,0
2026-01-21 08:05:00,2026-01-21,8,5,classroom_A,1,85.8,-1.814,-1.255,8.233,0,0,standing,1,0
2026-01-21 08:10:00,2026-01-21,8,10,classroom_A,1,35.2,0.083,0.017,9.735,0,0,idle,1,0
2026-01-21 08:15:00,2026-01-21,8,15,entrance,1,10.6,-0.57,-1.837,10.429,0,0,standing,1,0
2026-01-21 08:20:00,2026-01-21,8,20,library,1,75.6,-0.043,0.059,9.837,1,0,idle,1,0
2026-01-21 08:25:00,2026-01-21,8,25,classroom_A,1,59.9,0.039,-0.058,9.739,0,0,idle,1,0
2026-01-21 08:30:00,2026-01-21,8,30,library,1,32.2,0.018,-0.074,9.862,1,0,idle,1,0
2026-01-21 08:35:00,2026-01-21,8,35,classroom_B,0,246.1,-0.075,0.093,9.754,0,0,idle,1,0
2026-01-21 08:40:00,2026-01-21,8,40,entrance,1,89.2,1.12,1.005,9.178,0,0,running,1,0
2026-01-21 08:45:00,2026-01-21,8,45,entrance,1,31.8,-0.06,-0.004,9.762,0,0,idle,1,0
2026-01-21 08:50:00,2026-01-21,8,50,entrance,1,63.6,0.028,0.013,9.88,0,0,idle,1,0
2026-01-21 08:55:00,2026-01-21,8,55,lab,1,26.3,0.041,-0.08,9.774,0,0,idle,1,0
2026-01-21 09:00:00,2026-01-21,9,0,lab,0,254.8,-0.036,0.034,9.802,0,0,idle,1,0
2026-01-21 09:05:00,2026-01-21,9,5,entrance,1,19.3,0.04,0.078,9.785,0,0,idle,1,0
2026-01-21 09:10:00,2026-01-21,9,10,classroom_A,1,63.4,0.076,0.08,9.763,1,1,idle,1,0
2026-01-21 09:15:00,2026-01-21,9,15,classroom_B,0,212.6,0.038,0.072,9.771,0,0,idle,1,0
2026-01-21 09:20:00,2026-01-21,9,20,lab,1,28.9,-0.08,0.028,9.76,0,1,idle,1,0
2026-01-21 09:25:00,2026-01-21,9,25,classroom_A,1,63.2,-0.048,0.021,9.725,0,0,idle,1,0
2026-01-21 09:30:00,2026-01-21,9,30,entrance,1,18.4,0.042,-0.049,9.86,0,0,idle,1,0
2026-01-21 09:35:00,2026-01-21,9,35,library,1,76.2,-0.039,0.009,9.799,0,0,idle,1,0
2026-01-21 09:40:00,2026-01-21,9,40,entrance,1,28.8,-1.319,0.358,9.675,1,0,standing,1,0
2026-01-21 09:45:00,2026-01-21,9,45,classroom_B,1,52.1,-0.042,-0.013,9.711,0,0,idle,1,0
2026-01-21 09:50:00,2026-01-21,9,50,classroom_B,0,306.1,0.066,0.008,9.895,0,0,idle,1,0
2026-01-21 09:55:00,2026-01-21,9,55,library,1,74.0,-0.019,-0.066,9.848,0,0,idle,1,0
2026-01-21 10:00:00,2026-01-21,10,0,classroom_B,0,272.5,0.085,0.072,9.828,0,0,idle,1,0
2026-01-21 10:05:00,2026-01-21,10,5,classroom_A,0,216.0,0.017,-0.066,9.732,0,0,idle,1,0
2026-01-21 10:10:00,2026-01-21,10,10,lab,0,201.7,-0.079,-0.063,9.846,0,0,idle,1,0
2026-01-21 10:15:00,2026-01-21,10,15,entrance,1,89.5,-1.312,-0.355,9.767,0,0,standing,1,0
2026-01-21 10:20:00,2026-01-21,10,20,library,0,233.9,-0.067,0.084,9.717,0,0,idle,1,0
2026-01-21 10:25:00,2026-01-21,10,25,classroom_A,1,63.5,0.021,0.031,9.779,0,0,idle,1,0
2026-01-21 10:30:00,2026-01-21,10,30,classroom_A,1,10.0,0.078,0.066,9.711,0,0,idle,1,0
2026-01-21 10:35:00,2026-01-21,10,35,classroom_A,1,85.2,-0.096,-0.054,9.715,0,1,idle,1,0
2026-01-21 10:40:00,2026-01-21,10,40,classroom_A,1,78.7,-0.064,-0.068,9.867,1,0,idle,1,0
2026-01-21 10:45:00,2026-01-21,10,45,classroom_B,1,10.5,1.86,1.727,8.431,0,0,sitting,1,0
2026-01-21 10:50:00,2026-01-21,10,50,classroom_A,1,93.1,0.066,-0.089,9.895,0,0,idle,1,0
2026-01-21 10:55:00,2026-01-21,10,55,lab,0,342.6,-0.029,-0.097,9.765,0,0,idle,1,0
2026-01-21 11:00:00,2026-01-21,11,0,classroom_A,1,34.4,1.305,0.636,10.572,0,0,walking,1,0
2026-01-21 11:05:00,2026-01-21,11,5,entrance,0,222.9,0.029,0.059,9.752,0,0,idle,1,0
2026-01-21 11:10:00,2026-01-21,11,10,classroom_B,0,259.9,0.088,0.043,9.778,0,0,idle,1,0
2026-01-21 11:15:00,2026-01-21,11,15,lab,0,257.5,0.083,-0.061,9.736,0,0,idle,1,0
2026-01-21 11:20:00,2026-01-21,11,20,classroom_B,1,45.0,0.09,0.079,9.85,0,0,idle,1,0
2026-01-21 11:25:00,2026-01-21,11,25,entrance,1,26.2,0.064,0.076,9.862,0,0,idle,1,0
2026-01-21 11:30:00,2026-01-21,11,30,classroom_A,1,49.7,0.067,-0.001,9.823,0,0,idle,1,0
2026-01-21 11:35:00,2026-01-21,11,35,classroom_B,1,25.2,-0.011,-0.047,9.753,0,0,idle,1,0
2026-01-21 11:40:00,2026-01-21,11,40,classroom_A,1,80.3,0.0,-0.022,9.751,0,0,idle,1,0
2026-01-21 11:45:00,2026-01-21,11,45,classroom_B,1,36.4,0.049,-0.024,9.852,0,0,idle,1,0
2026-01-21 11:50:00,2026-01-21,11,50,classroom_B,1,25.6,0.047,-0.047,9.831,0,1,idle,1,0
2026-01-21 11:55:00,2026-01-21,11,55,classroom_A,1,88.7,-0.037,0.048,9.754,1,0,idle,1,0
2026-01-21 12:00:00,2026-01-21,12,0,entrance,1,63.1,1.192,0.326,8.661,1,0,running,1,0
2026-01-21 12:05:00,2026-01-21,12,5,classroom_B,1,86.2,0.047,-0.041,9.791,0,0,idle,1,0
2026-01-21 12:10:00,2026-01-21,12,10,lab,1,14.6,-0.084,0.05,9.869,0,0,idle,1,0
2026-01-21 12:15:00,2026-01-21,12,15,entrance,1,47.3,0.036,-0.022,9.747,0,0,idle,1,0
2026-01-21 12:20:00,2026-01-21,12,20,classroom_A,1,36.7,0.004,0.063,9.849,0,0,idle,1,0
2026-01-21 12:25:00,2026-01-21,12,25,library,1,93.2,1.372,-1.956,9.551,1,0,standing,1,0
2026-01-21 12:30:00,2026-01-21,12,30,classroom_B,1,36.1,-0.352,1.529,8.1,0,0,walking,1,0
2026-01-21 12:35:00,2026-01-21,12,35,lab,0,318.4,-0.051,-0.095,9.797,0,0,idle,1,0
2026-01-21 12:40:00,2026-01-21,12,40,classroom_A,1,12.0,0.04,0.078,9.724,0,0,idle,1,0
2026-01-21 12:45:00,2026-01-21,12,45,library,1,89.9,0.015,-0.044,9.716,1,0,idle,1,0
2026-01-21 12:50:00,2026-01-21,12,50,library,1,48.8,1.04,0.705,10.425,0,0,walking,1,0
2026-01-21 12:55:00,2026-01-21,12,55,lab,1,37.4,0.039,0.039,9.874,0,0,idle,1,0
2026-01-21 13:00:00,2026-01-21,13,0,classroom_A,1,85.9,0.028,0.07,9.869,0,0,idle,1,0
2026-01-21 13:05:00,2026-01-21,13,5,entrance,0,338.9,-0.088,0.03,9.812,0,0,idle,1,0
2026-01-21 13:10:00,2026-01-21,13,10,classroom_A,1,46.1,-0.094,-0.022,9.737,1,1,idle,1,0
2026-01-21 13:15:00,2026-01-21,13,15,library,1,96.6,-0.097,-0.062,9.862,0,0,idle,1,0
2026-01-21 13:20:00,2026-01-21,13,20,lab,0,216.0,0.099,0.063,9.886,0,0,idle,1,0
2026-01-21 13:25:00,2026-01-21,13,25,entrance,1,23.9,0.093,0.054,9.855,0,1,idle,1,0
2026-01-21 13:30:00,2026-01-21,13,30,library,1,84.0,-0.048,-0.019,9.758,1,0,idle,1,0
2026-01-21 13:35:00,2026-01-21,13,35,library,1,95.8,1.537,0.698,8.712,0,0,standing,1,0
2026-01-21 13:40:00,2026-01-21,13,40,entrance,1,20.2,0.013,0.096,9.79,0,0,idle,1,0
2026-01-21 13:45:00,2026-01-21,13,45,classroom_A,1,83.8,-0.1,-0.048,9.821,0,0,idle,1,0
2026-01-21 13:50:00,2026-01-21,13,50,entrance,1,56.1,0.032,-0.051,9.711,1,0,idle,1,0
2026-01-21 13:55:00,2026-01-21,13,55,classroom_A,1,58.5,0.0,0.085,9.777,0,0,idle,1,0
2026-01-21 14:00:00,2026-01-21,14,0,classroom_B,1,40.9,0.016,0.051,9.881,1,0,idle,1,0
2026-01-21 14:05:00,2026-01-21,14,5,library,0,316.2,0.045,-0.072,9.87,0,0,idle,1,0
2026-01-21 14:10:00,2026-01-21,14,10,classroom_B,1,10.1,0.055,-0.077,9.711,0,0,idle,1,0
2026-01-21 14:15:00,2026-01-21,14,15,library,1,89.2,0.053,0.158,9.553,0,0,walking,1,0
2026-01-21 14:20:00,2026-01-21,14,20,entrance,1,95.1,0.03,0.054,9.867,0,0,idle,1,0
2026-01-21 14:25:00,2026-01-21,14,25,classroom_B,1,11.7,0.031,0.318,9.017,0,0,running,1,0
2026-01-21 14:30:00,2026-01-21,14,30,lab,1,47.7,1.748,0.742,10.158,0,0,sitting,1,0
2026-01-21 14:35:00,2026-01-21,14,35,classroom_A,1,21.9,0.006,0.068,9.748,1,1,idle,1,0
2026-01-21 14:40:00,2026-01-21,14,40,classroom_A,0,284.3,0.035,0.076,9.756,0,0,idle,1,0
2026-01-21 14:45:00,2026-01-21,14,45,entrance,1,63.5,-0.063,-0.049,9.9,0,0,idle,1,0
2026-01-21 14:50:00,2026-01-21,14,50,classroom_A,1,11.0,0.062,0.086,9.729,0,0,idle,1,0
2026-01-21 14:55:00,2026-01-21,14,55,classroom_B,1,11.7,1.704,1.827,9.376,1,0,walking,1,0
2026-01-21 15:00:00,2026-01-21,15,0,classroom_B,1,46.5,0.041,-0.05,9.775,0,1,idle,1,0
2026-01-21 15:05:00,2026-01-21,15,5,classroom_B,1,38.6,0.078,-0.038,9.77,0,0,idle,1,0
2026-01-21 15:10:00,2026-01-21,15,10,lab,1,17.1,-0.012,-0.027,9.888,0,0,idle,1,0
2026-01-21 15:15:00,2026-01-21,15,15,classroom_B,0,254.4,0.075,0.002,9.729,0,0,idle,1,0
2026-01-21 15:20:00,2026-01-21,15,20,lab,0,314.0,0.1,-0.05,9.774,0,0,idle,1,0
2026-01-21 15:25:00,2026-01-21,15,25,library,1,99.9,-0.054,-0.092,9.781,0,0,idle,1,0
2026-01-21 15:30:00,2026-01-21,15,30,classroom_B,1,62.7,0.326,0.268,9.454,1,1,walking,1,0
2026-01-21 15:35:00,2026-01-21,15,35,lab,1,57.2,1.845,0.255,8.386,0,1,sitting,1,0
2026-01-21 15:40:00,2026-01-21,15,40,library,0,313.8,-0.018,-0.062,9.769,0,0,idle,1,0
2026-01-21 15:45:00,2026-01-21,15,45,library,0,381.7,0.09,0.031,9.731,0,0,idle,1,0
2026-01-21 15:50:00,2026-01-21,15,50,lab,0,346.8,-0.05,-0.036,9.811,0,0,idle,1,0
2026-01-21 15:55:00,2026-01-21,15,55,classroom_A,0,280.0,0.003,0.042,9.79,0,0,idle,1,0
2026-01-21 16:00:00,2026-01-21,16,0,library,1,80.3,-1.514,-0.981,8.518,0,0,running,1,0
2026-01-21 16:05:00,2026-01-21,16,5,library,0,219.1,-0.06,0.006,9.738,0,0,idle,1,0
2026-01-21 16:10:00,2026-01-21,16,10,lab,1,99.2,-0.094,0.079,9.758,1,0,idle,1,0
2026-01-21 16:15:00,2026-01-21,16,15,classroom_B,0,229.4,0.023,0.049,9.713,0,0,idle,1,0
2026-01-21 16:20:00,2026-01-21,16,20,library,0,332.3,0.071,0.074,9.846,0,0,idle,1,0
2026-01-21 16:25:00,2026-01-21,16,25,library,1,37.0,0.066,0.3,8.964,0,1,running,1,0
2026-01-21 16:30:00,2026-01-21,16,30,entrance,1,68.0,-0.023,-0.068,9.857,0,0,idle,1,0
2026-01-21 16:35:00,2026-01-21,16,35,lab,1,97.3,-0.089,-0.063,9.767,0,0,idle,1,0
2026-01-21 16:40:00,2026-01-21,16,40,library,0,285.6,0.088,-0.08,9.889,0,0,idle,1,0
2026-01-21 16:45:00,2026-01-21,16,45,library,0,280.1,0.083,0.014,9.895,0,0,idle,1,0
2026-01-21 16:50:00,2026-01-21,16,50,library,0,395.8,-0.093,0.098,9.774,0,0,idle,1,0
2026-01-21 16:55:00,2026-01-21,16,55,library,1,10.4,-0.027,0.026,9.701,0,0,idle,1,0
2026-01-21 17:00:00,2026-01-21,17,0,entrance,1,40.0,0.052,0.03,9.847,0,0,idle,1,0
2026-01-21 17:05:00,2026-01-21,17,5,lab,1,81.6,-0.048,0.042,9.764,0,0,idle,1,0
2026-01-21 17:10:00,2026-01-21,17,10,classroom_B,1,38.4,-0.097,-0.001,9.799,0,1,idle,1,0
2026-01-21 17:15:00,2026-01-21,17,15,library,1,47.7,0.052,-0.064,9.709,0,0,idle,1,0
2026-01-21 17:20:00,2026-01-21,17,20,classroom_B,1,16.4,-0.063,-1.16,8.121,0,0,standing,1,0
2026-01-21 17:25:00,2026-01-21,17,25,lab,1,50.4,-0.1,-0.046,9.786,0,0,idle,1,0
2026-01-21 17:30:00,2026-01-21,17,30,entrance,0,354.9,-0.037,-0.087,9.894,0,0,idle,1,0
2026-01-21 17:35:00,2026-01-21,17,35,library,1,52.3,0.055,0.022,9.857,0,0,idle,1,0
2026-01-21 17:40:00,2026-01-21,17,40,classroom_A,0,395.0,-0.082,0.039,9.892,0,0,idle,1,0
2026-01-21 17:45:00,2026-01-21,17,45,classroom_B,0,318.6,-0.084,-0.03,9.739,0,0,idle,1,0
2026-01-21 17:50:00,2026-01-21,17,50,entrance,1,83.3,-0.029,-0.1,9.769,0,0,idle,1,0
2026-01-21 17:55:00,2026-01-21,17,55,lab,1,85.2,0.873,0.477,10.007,0,0,walking,1,0
2026-01-21 18:00:00,2026-01-21,18,0,classroom_B,1,54.3,-0.09,-0.098,9.749,0,1,idle,0,1
2026-01-21 18:05:00,2026-01-21,18,5,classroom_A,0,262.4,0.008,0.097,9.899,0,0,idle,0,0
2026-01-21 18:10:00,2026-01-21,18,10,entrance,0,357.7,0.009,-0.064,9.861,0,0,idle,0,0
2026-01-21 18:15:00,2026-01-21,18,15,entrance,0,317.7,-0.021,-0.068,9.888,0,0,idle,0,0
2026-01-21 18:20:00,2026-01-21,18,20,classroom_B,0,274.3,0.064,0.011,9.837,0,0,idle,0,0
2026-01-21 18:25:00,2026-01-21,18,25,classroom_A,0,338.7,-0.096,-0.011,9.808,0,0,idle,0,0
2026-01-21 18:30:00,2026-01-21,18,30,classroom_B,0,231.5,0.04,-0.082,9.88,0,0,idle,0,0
2026-01-21 18:35:00,2026-01-21,18,35,lab,0,341.9,-0.059,-0.059,9.747,0,0,idle,0,0
2026-01-21 18:40:00,2026-01-21,18,40,entrance,0,211.1,-0.062,0.097,9.76,0,0,idle,0,0
2026-01-21 18:45:00,2026-01-21,18,45,entrance,0,301.4,-0.089,0.054,9.786,0,0,idle,0,0
2026-01-21 18:50:00,2026-01-21,18,50,classroom_A,0,393.0,0.012,0.098,9.709,0,0,idle,0,0
2026-01-21 18:55:00,2026-01-21,18,55,classroom_A,1,71.2,0.797,-1.629,10.517,0,1,standing,0,1
2026-01-21 19:00:00,2026-01-21,19,0,library,0,382.1,0.062,-0.024,9.719,0,0,idle,0,0
2026-01-21 19:05:00,2026-01-21,19,5,classroom_A,0,267.7,-0.091,-0.067,9.78,0,0,idle,0,0
2026-01-21 19:10:00,2026-01-21,19,10,classroom_A,0,222.3,0.031,-0.094,9.899,0,0,idle,0,0
2026-01-21 19:15:00,2026-01-21,19,15,lab,0,262.7,0.02,-0.006,9.701,0,0,idle,0,0
2026-01-21 19:20:00,2026-01-21,19,20,entrance,0,272.7,-0.044,-0.004,9.84,0,0,idle,0,0
2026-01-21 19:25:00,2026-01-21,19,25,classroom_A,0,335.8,0.036,-0.072,9.828,0,0,idle,0,0
2026-01-21 19:30:00,2026-01-21,19,30,library,0,350.1,-0.042,0.049,9.865,0,0,idle,0,0
2026-01-21 19:35:00,2026-01-21,19,35,lab,0,248.8,-0.046,0.075,9.797,0,0,idle,0,0
2026-01-21 19:40:00,2026-01-21,19,40,library,0,226.5,-0.019,-0.05,9.841,0,0,idle,0,0
2026-01-21 19:45:00,2026-01-21,19,45,entrance,0,200.6,-0.054,-0.097,9.85,0,0,idle,0,0
2026-01-21 19:50:00,2026-01-21,19,50,lab,0,260.2,-0.074,-0.003,9.811,0,0,idle,0,0
2026-01-21 19:55:00,2026-01-21,19,55,classroom_A,1,91.6,-0.09,0.086,9.71,0,0,idle,0,1
2026-01-21 20:00:00,2026-01-21,20,0,entrance,0,201.7,-0.091,0.046,9.877,0,0,idle,0,0
2026-01-21 20:05:00,2026-01-21,20,5,entrance,0,285.8,0.067,0.025,9.818,0,0,idle,0,0
2026-01-21 20:10:00,2026-01-21,20,10,classroom_A,0,317.3,0.018,0.098,9.712,0,0,idle,0,0
2026-01-21 20:15:00,2026-01-21,20,15,classroom_A,0,228.6,-0.073,0.022,9.768,0,0,idle,0,0
2026-01-21 20:20:00,2026-01-21,20,20,classroom_A,0,292.0,-0.026,-0.007,9.819,0,0,idle,0,0
2026-01-21 20:25:00,2026-01-21,20,25,library,0,314.9,0.065,0.094,9.708,0,0,idle,0,0
2026-01-21 20:30:00,2026-01-21,20,30,lab,0,286.1,-0.073,0.093,9.77,0,0,idle,0,0
2026-01-21 20:35:00,2026-01-21,20,35,classroom_A,0,332.3,-0.048,-0.045,9.826,0,0,idle,0,0
2026-01-21 20:40:00,2026-01-21,20,40,library,1,35.7,0.021,0.039,9.885,0,1,idle,0,1
2026-01-21 20:45:00,2026-01-21,20,45,classroom_B,1,60.5,0.019,-0.03,9.77,0,0,idle,0,1
2026-01-21 20:50:00,2026-01-21,20,50,classroom_B,0,279.6,-0.019,0.073,9.819,0,0,idle,0,0
2026-01-21 20:55:00,2026-01-21,20,55,entrance,0,298.7,-0.001,-0.037,9.781,0,0,idle,0,0
2026-01-21 21:00:00,2026-01-21,21,0,library,0,362.3,-0.079,-0.016,9.728,0,0,idle,0,0
2026-01-21 21:05:00,2026-01-21,21,5,lab,0,289.5,-0.041,0.073,9.731,0,0,idle,0,0
2026-01-21 21:10:00,2026-01-21,21,10,classroom_B,0,281.2,-0.074,-0.029,9.899,0,0,idle,0,0
2026-01-21 21:15:00,2026-01-21,21,15,lab,0,205.4,-0.025,-0.06,9.701,0,0,idle,0,0
2026-01-21 21:20:00,2026-01-21,21,20,classroom_B,0,345.2,0.09,-0.015,9.862,0,0,idle,0,0
2026-01-21 21:25:00,2026-01-21,21,25,classroom_B,0,269.4,-0.012,-0.088,9.726,0,0,idle,0,0
2026-01-21 21:30:00,2026-01-21,21,30,entrance,0,241.8,0.018,-0.038,9.813,0,0,idle,0,0
2026-01-21 21:35:00,2026-01-21,21,35,classroom_B,0,393.7,0.046,-0.027,9.719,0,0,idle,0,0
2026-01-21 21:40:00,2026-01-21,21,40,entrance,0,397.5,-0.006,-0.089,9.845,0,0,idle,0,0
2026-01-21 21:45:00,2026-01-21,21,45,library,0,347.1,0.052,0.086,9.827,0,0,idle,0,0
2026-01-21 21:50:00,2026-01-21,21,50,classroom_A,0,392.9,0.087,0.07,9.781,0,0,idle,0,0
2026-01-21 21:55:00,2026-01-21,21,55,library,0,277.7,-0.075,-0.053,9.876,0,0,idle,0,0
2026-01-22 07:00:00,2026-01-22,7,0,classroom_B,0,325.4,0.012,-0.021,9.891,0,0,idle,0,0
2026-01-22 07:05:00,2026-01-22,7,5,lab,0,209.8,-0.063,-0.051,9.849,0,0,idle,0,0
2026-01-22 07:10:00,2026-01-22,7,10,entrance,0,360.3,-0.082,-0.047,9.871,0,0,idle,0,0
2026-01-22 07:15:00,2026-01-22,7,15,classroom_A,0,232.8,0.021,-0.014,9.748,0,0,idle,0,0
2026-01-22 07:20:00,2026-01-22,7,20,classroom_A,0,228.7,0.041,0.04,9.743,0,0,idle,0,0
2026-01-22 07:25:00,2026-01-22,7,25,library,0,399.7,-0.019,-0.048,9.737,0,0,idle,0,0
2026-01-22 07:30:00,2026-01-22,7,30,lab,0,264.4,0.053,0.063,9.887,0,0,idle,0,0
2026-01-22 07:35:00,2026-01-22,7,35,classroom_A,0,371.9,0.031,-0.048,9.788,0,0,idle,0,0
2026-01-22 07:40:00,2026-01-22,7,40,classroom_A,0,341.8,-0.055,0.007,9.768,0,0,idle,0,0
2026-01-22 07:45:00,2026-01-22,7,45,classroom_A,1,31.4,0.301,-0.995,10.975,0,0,walking,0,1
2026-01-22 07:50:00,2026-01-22,7,50,library,0,258.7,-0.058,-0.041,9.832,0,0,idle,0,0
2026-01-22 07:55:00,2026-01-22,7,55,classroom_B,0,229.9,0.022,0.06,9.797,0,0,idle,0,0
2026-01-22 08:00:00,2026-01-22,8,0,entrance,0,265.7,-0.046,-0.032,9.879,0,0,idle,1,0
2026-01-22 08:05:00,2026-01-22,8,5,classroom_A,0,288.5,-0.013,0.038,9.824,0,0,idle,1,0
2026-01-22 08:10:00,2026-01-22,8,10,lab,1,29.9,0.866,-0.427,8.853,0,0,walking,1,0
2026-01-22 08:15:00,2026-01-22,8,15,lab,0,344.9,-0.07,-0.074,9.79,0,0,idle,1,0
2026-01-22 08:20:00,2026-01-22,8,20,lab,1,94.5,0.045,0.04,9.707,0,0,idle,1,0
2026-01-22 08:25:00,2026-01-22,8,25,library,1,82.2,0.234,-1.791,9.135,0,0,walking,1,0
2026-01-22 08:30:00,2026-01-22,8,30,entrance,1,37.4,-0.083,0.065,9.828,0,0,idle,1,0
2026-01-22 08:35:00,2026-01-22,8,35,lab,1,54.6,0.592,-0.263,10.345,0,0,standing,1,0
2026-01-22 08:40:00,2026-01-22,8,40,library,1,61.2,1.704,1.322,8.041,0,0,walking,1,0
2026-01-22 08:45:00,2026-01-22,8,45,entrance,1,42.1,0.062,-0.019,9.891,0,0,idle,1,0
2026-01-22 08:50:00,2026-01-22,8,50,library,1,50.3,-0.003,0.017,9.721,0,0,idle,1,0
2026-01-22 08:55:00,2026-01-22,8,55,library,1,77.4,0.042,0.068,9.82,1,0,idle,1,0
2026-01-22 09:00:00,2026-01-22,9,0,classroom_A,1,63.0,-0.037,-0.037,9.873,0,0,idle,1,0
2026-01-22 09:05:00,2026-01-22,9,5,lab,1,47.5,-0.041,-0.074,9.849,0,0,idle,1,0
2026-01-22 09:10:00,2026-01-22,9,10,entrance,1,19.1,0.017,0.087,9.807,0,0,idle,1,0
2026-01-22 09:15:00,2026-01-22,9,15,classroom_A,1,35.9,-0.054,-0.097,9.84,0,0,idle,1,0
2026-01-22 09:20:00,2026-01-22,9,20,classroom_A,1,27.4,0.006,0.083,9.888,0,0,idle,1,0
2026-01-22 09:25:00,2026-01-22,9,25,classroom_A,1,74.4,0.039,-0.087,9.803,0,0,idle,1,0
2026-01-22 09:30:00,2026-01-22,9,30,library,1,57.3,-0.003,-0.034,9.809,0,1,idle,1,0
2026-01-22 09:35:00,2026-01-22,9,35,library,1,72.8,-0.06,0.045,9.815,0,0,idle,1,0
2026-01-22 09:40:00,2026-01-22,9,40,classroom_B,1,97.5,-0.022,0.051,9.765,0,0,idle,1,0
2026-01-22 09:45:00,2026-01-22,9,45,classroom_A,1,81.7,0.713,-1.034,8.011,0,0,running,1,0
2026-01-22 09:50:00,2026-01-22,9,50,entrance,1,20.7,-0.088,0.076,9.783,0,0,idle,1,0
2026-01-22 09:55:00,2026-01-22,9,55,library,1,42.1,-0.01,0.001,9.89,0,0,idle,1,0
2026-01-22 10:00:00,2026-01-22,10,0,entrance,0,264.5,0.05,-0.028,9.799,0,0,idle,1,0
2026-01-22 10:05:00,2026-01-22,10,5,lab,0,234.4,-0.006,-0.045,9.701,0,0,idle,1,0
2026-01-22 10:10:00,2026-01-22,10,10,lab,1,40.4,-0.017,0.006,9.727,0,0,idle,1,0
2026-01-22 10:15:00,2026-01-22,10,15,lab,1,33.0,-1.299,-0.973,8.908,0,0,walking,1,0
2026-01-22 10:20:00,2026-01-22,10,20,lab,0,201.0,0.06,0.067,9.74,0,0,idle,1,0
2026-01-22 10:25:00,2026-01-22,10,25,lab,0,399.6,-0.097,0.055,9.867,0,0,idle,1,0
2026-01-22 10:30:00,2026-01-22,10,30,entrance,0,346.0,-0.009,0.092,9.782,0,0,idle,1,0
2026-01-22 10:35:00,2026-01-22,10,35,lab,0,259.7,0.087,-0.069,9.742,0,0,idle,1,0
2026-01-22 10:40:00,2026-01-22,10,40,classroom_B,1,14.1,0.046,0.008,9.847,0,0,idle,1,0
2026-01-22 10:45:00,2026-01-22,10,45,entrance,0,242.5,0.034,-0.098,9.854,0,0,idle,1,0
2026-01-22 10:50:00,2026-01-22,10,50,library,0,295.1,-0.003,0.069,9.864,0,0,idle,1,0
2026-01-22 10:55:00,2026-01-22,10,55,entrance,0,227.0,-0.045,0.098,9.811,0,0,idle,1,0
2026-01-22 11:00:00,2026-01-22,11,0,lab,1,45.0,-1.947,-0.729,8.127,0,0,walking,1,0
2026-01-22 11:05:00,2026-01-22,11,5,entrance,1,55.8,0.015,-0.0,9.828,0,0,idle,1,0
2026-01-22 11:10:00,2026-01-22,11,10,lab,0,316.9,0.026,0.01,9.728,0,0,idle,1,0
2026-01-22 11:15:00,2026-01-22,11,15,library,1,74.6,-1.411,1.488,10.57,0,0,walking,1,0
2026-01-22 11:20:00,2026-01-22,11,20,entrance,1,78.6,-0.044,0.068,9.704,0,0,idle,1,0
2026-01-22 11:25:00,2026-01-22,11,25,entrance,1,60.7,-0.008,-0.043,9.787,0,0,idle,1,0
2026-01-22 11:30:00,2026-01-22,11,30,library,1,16.0,0.048,0.099,9.837,0,0,idle,1,0
2026-01-22 11:35:00,2026-01-22,11,35,classroom_B,1,75.2,-0.036,0.028,9.875,0,0,idle,1,0
2026-01-22 11:40:00,2026-01-22,11,40,library,1,47.8,1.066,-1.327,10.675,0,0,walking,1,0
2026-01-22 11:45:00,2026-01-22,11,45,lab,1,66.0,-0.163,1.355,8.878,0,0,running,1,0
2026-01-22 11:50:00,2026-01-22,11,50,entrance,1,10.2,0.069,-0.057,9.893,0,1,idle,1,0
2026-01-22 11:55:00,2026-01-22,11,55,library,0,305.9,0.079,0.053,9.794,0,0,idle,1,0
2026-01-22 12:00:00,2026-01-22,12,0,entrance,1,80.1,0.065,0.064,9.813,0,0,idle,1,0
2026-01-22 12:05:00,2026-01-22,12,5,lab,0,385.6,-0.053,-0.008,9.729,0,0,idle,1,0
2026-01-22 12:10:00,2026-01-22,12,10,entrance,1,66.2,-0.095,-0.07,9.734,0,0,idle,1,0
2026-01-22 12:15:00,2026-01-22,12,15,lab,1,83.1,-0.014,0.065,9.875,0,0,idle,1,0
2026-01-22 12:20:00,2026-01-22,12,20,lab,1,90.0,-0.136,-0.213,8.969,1,0,standing,1,0
2026-01-22 12:25:00,2026-01-22,12,25,lab,1,38.2,-0.085,0.064,9.873,0,0,idle,1,0
2026-01-22 12:30:00,2026-01-22,12,30,library,0,292.6,-0.087,0.017,9.764,0,0,idle,1,0
2026-01-22 12:35:00,2026-01-22,12,35,classroom_A,1,62.3,0.098,0.052,9.825,0,0,idle,1,0
2026-01-22 12:40:00,2026-01-22,12,40,entrance,1,59.5,-0.059,-0.095,9.731,1,0,idle,1,0
2026-01-22 12:45:00,2026-01-22,12,45,classroom_B,1,63.4,-0.064,0.087,9.857,0,0,idle,1,0
2026-01-22 12:50:00,2026-01-22,12,50,library,0,309.4,0.061,-0.08,9.886,0,0,idle,1,0
2026-01-22 12:55:00,2026-01-22,12,55,lab,1,44.8,0.052,0.002,9.727,0,0,idle,1,0
2026-01-22 13:00:00,2026-01-22,13,0,classroom_A,1,46.2,0.07,0.019,9.875,1,0,idle,1,0
2026-01-22 13:05:00,2026-01-22,13,5,lab,1,23.2,-0.022,0.021,9.746,0,0,idle,1,0
2026-01-22 13:10:00,2026-01-22,13,10,library,1,64.7,-0.091,0.043,9.709,0,0,idle,1,0
2026-01-22 13:15:00,2026-01-22,13,15,lab,1,56.7,-0.055,0.095,9.768,0,1,idle,1,0
2026-01-22 13:20:00,2026-01-22,13,20,entrance,1,76.6,0.068,0.032,9.876,1,0,idle,1,0
2026-01-22 13:25:00,2026-01-22,13,25,classroom_A,1,79.1,0.081,-0.029,9.829,0,0,idle,1,0
2026-01-22 13:30:00,2026-01-22,13,30,entrance,1,74.0,-1.821,-0.529,9.527,1,1,walking,1,0
2026-01-22 13:35:00,2026-01-22,13,35,entrance,1,53.5,1.679,-1.59,8.457,0,0,walking,1,0
2026-01-22 13:40:00,2026-01-22,13,40,entrance,1,58.2,-0.035,0.05,9.864,0,0,idle,1,0
2026-01-22 13:45:00,2026-01-22,13,45,classroom_B,1,49.4,0.024,0.008,9.875,1,0,idle,1,0
2026-01-22 13:50:00,2026-01-22,13,50,lab,0,325.5,-0.029,0.002,9.753,0,0,idle,1,0
2026-01-22 13:55:00,2026-01-22,13,55,entrance,1,36.4,0.098,0.064,9.785,0,0,idle,1,0
2026-01-22 14:00:00,2026-01-22,14,0,lab,1,29.6,-0.723,-1.125,9.496,0,0,walking,1,0
2026-01-22 14:05:00,2026-01-22,14,5,library,1,73.6,1.64,0.677,9.988,1,0,walking,1,0
2026-01-22 14:10:00,2026-01-22,14,10,library,0,241.7,-0.092,0.013,9.718,0,0,idle,1,0
2026-01-22 14:15:00,2026-01-22,14,15,classroom_B,1,73.5,-0.067,0.064,9.745,0,0,idle,1,0
2026-01-22 14:20:00,2026-01-22,14,20,classroom_A,1,41.2,0.008,0.017,9.859,1,0,idle,1,0
2026-01-22 14:25:00,2026-01-22,14,25,classroom_B,1,81.5,0.042,-0.022,9.845,0,0,idle,1,0
2026-01-22 14:30:00,2026-01-22,14,30,lab,1,68.5,-0.003,0.048,9.885,0,0,idle,1,0
2026-01-22 14:35:00,2026-01-22,14,35,classroom_B,1,11.2,-1.338,0.054,8.282,0,0,running,1,0
2026-01-22 14:40:00,2026-01-22,14,40,lab,0,219.8,0.058,-0.04,9.755,0,0,idle,1,0
2026-01-22 14:45:00,2026-01-22,14,45,classroom_A,1,90.0,-0.049,0.012,9.839,0,0,idle,1,0
2026-01-22 14:50:00,2026-01-22,14,50,classroom_A,1,74.7,-0.38,0.658,10.991,0,1,walking,1,0
2026-01-22 14:55:00,2026-01-22,14,55,classroom_A,1,86.7,0.087,-0.094,9.845,0,0,idle,1,0
2026-01-22 15:00:00,2026-01-22,15,0,entrance,1,90.2,-0.01,-0.075,9.849,0,0,idle,1,0
2026-01-22 15:05:00,2026-01-22,15,5,classroom_A,1,99.8,0.083,-0.044,9.862,0,0,idle,1,0
2026-01-22 15:10:00,2026-01-22,15,10,library,1,72.9,0.455,0.177,8.217,0,0,walking,1,0
2026-01-22 15:15:00,2026-01-22,15,15,classroom_B,1,47.9,0.048,-0.081,9.873,0,0,idle,1,0
2026-01-22 15:20:00,2026-01-22,15,20,lab,1,46.3,-1.892,-1.343,8.736,1,0,standing,1,0
2026-01-22 15:25:00,2026-01-22,15,25,entrance,0,286.9,-0.039,0.074,9.775,0,0,idle,1,0
2026-01-22 15:30:00,2026-01-22,15,30,lab,1,44.5,-0.074,-0.056,9.814,0,0,idle,1,0
2026-01-22 15:35:00,2026-01-22,15,35,lab,0,326.7,-0.029,0.052,9.828,0,0,idle,1,0
2026-01-22 15:40:00,2026-01-22,15,40,library,1,43.8,0.062,-0.04,9.709,0,0,idle,1,0
2026-01-22 15:45:00,2026-01-22,15,45,classroom_B,1,97.6,-0.033,-0.087,9.844,0,0,idle,1,0
2026-01-22 15:50:00,2026-01-22,15,50,classroom_A,0,385.1,-0.049,0.01,9.796,0,0,idle,1,0
2026-01-22 15:55:00,2026-01-22,15,55,classroom_B,1,58.2,-0.04,0.051,9.891,1,0,idle,1,0
2026-01-22 16:00:00,2026-01-22,16,0,library,1,76.5,0.747,-0.83,10.488,0,0,walking,1,0
2026-01-22 16:05:00,2026-01-22,16,5,classroom_B,1,56.5,-0.037,-0.087,9.875,1,1,idle,1,0
2026-01-22 16:10:00,2026-01-22,16,10,entrance,1,49.7,-0.015,0.003,9.71,0,0,idle,1,0
2026-01-22 16:15:00,2026-01-22,16,15,entrance,1,75.1,0.093,-0.083,9.741,1,1,idle,1,0
2026-01-22 16:20:00,2026-01-22,16,20,library,1,49.0,-0.066,-0.079,9.86,0,0,idle,1,0
2026-01-22 16:25:00,2026-01-22,16,25,entrance,1,14.1,0.026,-0.036,9.76,0,0,idle,1,0
2026-01-22 16:30:00,2026-01-22,16,30,entrance,1,59.3,-0.071,-0.014,9.816,0,0,idle,1,0
2026-01-22 16:35:00,2026-01-22,16,35,library,1,33.7,-0.061,-0.019,9.711,0,0,idle,1,0
2026-01-22 16:40:00,2026-01-22,16,40,classroom_A,1,40.2,0.088,0.082,9.704,0,0,idle,1,0
2026-01-22 16:45:00,2026-01-22,16,45,library,1,18.6,-1.386,-0.385,9.441,0,0,walking,1,0
2026-01-22 16:50:00,2026-01-22,16,50,classroom_A,1,11.7,-0.02,0.079,9.741,0,0,idle,1,0
2026-01-22 16:55:00,2026-01-22,16,55,library,0,255.6,-0.094,-0.036,9.874,0,0,idle,1,0
2026-01-22 17:00:00,2026-01-22,17,0,entrance,1,69.8,-0.489,0.62,8.287,0,0,running,1,0
2026-01-22 17:05:00,2026-01-22,17,5,classroom_A,0,251.2,-0.039,-0.055,9.72,0,0,idle,1,0
2026-01-22 17:10:00,2026-01-22,17,10,classroom_B,1,42.7,0.091,-0.077,9.743,0,0,idle,1,0
2026-01-22 17:15:00,2026-01-22,17,15,library,0,282.3,-0.043,-0.075,9.761,0,0,idle,1,0
2026-01-22 17:20:00,2026-01-22,17,20,classroom_B,1,79.5,-0.229,1.172,8.52,0,0,running,1,0
2026-01-22 17:25:00,2026-01-22,17,25,classroom_A,1,14.9,0.09,-0.05,9.85,0,0,idle,1,0
2026-01-22 17:30:00,2026-01-22,17,30,entrance,1,61.6,-0.028,0.024,9.866,0,0,idle,1,0
2026-01-22 17:35:00,2026-01-22,17,35,lab,1,26.0,0.092,-0.026,9.767,0,0,idle,1,0
2026-01-22 17:40:00,2026-01-22,17,40,lab,0,273.9,-0.051,0.028,9.712,0,0,idle,1,0
2026-01-22 17:45:00,2026-01-22,17,45,classroom_B,1,19.5,0.099,-0.056,9.781,0,0,idle,1,0
2026-01-22 17:50:00,2026-01-22,17,50,classroom_B,0,355.5,0.09,0.085,9.779,0,0,idle,1,0
2026-01-22 17:55:00,2026-01-22,17,55,library,1,40.4,0.04,0.04,9.782,0,0,idle,1,0
2026-01-22 18:00:00,2026-01-22,18,0,lab,0,267.8,-0.05,-0.042,9.875,0,0,idle,0,0
2026-01-22 18:05:00,2026-01-22,18,5,lab,0,318.5,-0.04,-0.032,9.716,0,0,idle,0,0
2026-01-22 18:10:00,2026-01-22,18,10,classroom_A,0,339.6,-0.016,-0.061,9.825,0,0,idle,0,0
2026-01-22 18:15:00,2026-01-22,18,15,lab,0,242.5,0.032,-0.018,9.766,0,0,idle,0,0
2026-01-22 18:20:00,2026-01-22,18,20,classroom_A,0,315.6,-0.017,-0.08,9.846,0,0,idle,0,0
2026-01-22 18:25:00,2026-01-22,18,25,library,0,294.1,0.028,0.023,9.85,0,0,idle,0,0
2026-01-22 18:30:00,2026-01-22,18,30,library,0,215.4,-0.081,0.072,9.835,0,0,idle,0,0
2026-01-22 18:35:00,2026-01-22,18,35,entrance,0,278.7,0.056,0.031,9.839,0,0,idle,0,0
2026-01-22 18:40:00,2026-01-22,18,40,entrance,1,12.1,-0.005,-0.024,9.794,0,0,idle,0,1
2026-01-22 18:45:00,2026-01-22,18,45,entrance,0,254.8,0.023,0.063,9.892,0,0,idle,0,0
2026-01-22 18:50:00,2026-01-22,18,50,entrance,0,228.0,0.046,0.015,9.724,0,0,idle,0,0
2026-01-22 18:55:00,2026-01-22,18,55,lab,0,279.6,-0.061,0.054,9.857,0,0,idle,0,0
2026-01-22 19:00:00,2026-01-22,19,0,classroom_A,0,264.7,-0.044,-0.071,9.816,0,0,idle,0,0
2026-01-22 19:05:00,2026-01-22,19,5,classroom_A,0,340.5,-0.031,-0.019,9.883,0,0,idle,0,0
2026-01-22 19:10:00,2026-01-22,19,10,classroom_B,0,292.0,0.05,0.017,9.861,0,0,idle,0,0
2026-01-22 19:15:00,2026-01-22,19,15,lab,1,45.6,0.001,0.033,9.899,1,0,idle,0,1
2026-01-22 19:20:00,2026-01-22,19,20,entrance,0,313.4,-0.082,-0.018,9.898,0,0,idle,0,0
2026-01-22 19:25:00,2026-01-22,19,25,entrance,0,377.8,-0.055,-0.034,9.82,0,0,idle,0,0
2026-01-22 19:30:00,2026-01-22,19,30,entrance,0,277.9,-0.066,0.057,9.814,0,0,idle,0,0
2026-01-22 19:35:00,2026-01-22,19,35,entrance,0,343.7,0.014,-0.046,9.817,0,0,idle,0,0
2026-01-22 19:40:00,2026-01-22,19,40,lab,0,246.3,0.094,-0.057,9.884,0,0,idle,0,0
2026-01-22 19:45:00,2026-01-22,19,45,entrance,0,331.4,-0.059,0.037,9.807,0,0,idle,0,0
2026-01-22 19:50:00,2026-01-22,19,50,entrance,0,365.1,0.009,0.038,9.718,0,0,idle,0,0
2026-01-22 19:55:00,2026-01-22,19,55,classroom_B,0,373.0,-0.001,-0.057,9.715,0,0,idle,0,0
2026-01-22 20:00:00,2026-01-22,20,0,library,0,218.2,-0.02,0.095,9.816,0,0,idle,0,0
2026-01-22 20:05:00,2026-01-22,20,5,classroom_A,0,216.6,-0.095,0.07,9.831,0,0,idle,0,0
2026-01-22 20:10:00,2026-01-22,20,10,lab,0,207.7,0.006,0.066,9.783,0,0,idle,0,0
2026-01-22 20:15:00,2026-01-22,20,15,library,0,280.8,0.009,-0.093,9.893,0,0,idle,0,0
2026-01-22 20:20:00,2026-01-22,20,20,classroom_B,0,249.3,-0.071,0.091,9.854,0,0,idle,0,0
2026-01-22 20:25:00,2026-01-22,20,25,entrance,0,348.5,-0.034,0.011,9.878,0,0,idle,0,0
2026-01-22 20:30:00,2026-01-22,20,30,entrance,0,239.5,-0.015,0.039,9.813,0,0,idle,0,0
2026-01-22 20:35:00,2026-01-22,20,35,entrance,0,387.8,0.018,-0.059,9.809,0,0,idle,0,0
2026-01-22 20:40:00,2026-01-22,20,40,lab,0,357.4,-0.08,0.04,9.717,0,0,idle,0,0
2026-01-22 20:45:00,2026-01-22,20,45,entrance,0,375.4,0.057,-0.08,9.836,0,0,idle,0,0
2026-01-22 20:50:00,2026-01-22,20,50,library,0,260.7,-0.007,0.073,9.732,0,0,idle,0,0
2026-01-22 20:55:00,2026-01-22,20,55,lab,0,331.0,-0.042,-0.076,9.868,0,0,idle,0,0
2026-01-22 21:00:00,2026-01-22,21,0,library,0,259.8,-0.073,-0.003,9.839,0,0,idle,0,0
2026-01-22 21:05:00,2026-01-22,21,5,lab,0,287.2,0.07,-0.026,9.776,0,0,idle,0,0
2026-01-22 21:10:00,2026-01-22,21,10,lab,0,214.3,0.011,0.093,9.708,0,0,idle,0,0
2026-01-22 21:15:00,2026-01-22,21,15,classroom_B,0,394.1,0.032,-0.024,9.856,0,0,idle,0,0
2026-01-22 21:20:00,2026-01-22,21,20,classroom_A,0,328.3,-0.076,-0.043,9.71,0,0,idle,0,0
2026-01-22 21:25:00,2026-01-22,21,25,classroom_A,0,267.1,-0.034,-0.018,9.833,0,0,idle,0,0
2026-01-22 21:30:00,2026-01-22,21,30,classroom_B,0,281.3,-0.049,-0.031,9.733,0,0,idle,0,0
2026-01-22 21:35:00,2026-01-22,21,35,classroom_B,0,331.2,0.048,0.079,9.7,0,0,idle,0,0
2026-01-22 21:40:00,2026-01-22,21,40,library,0,344.1,-0.087,0.042,9.817,0,0,idle,0,0
2026-01-22 21:45:00,2026-01-22,21,45,library,0,255.2,0.005,0.082,9.785,0,0,idle,0,0
2026-01-22 21:50:00,2026-01-22,21,50,classroom_B,0,314.0,0.09,-0.056,9.712,0,0,idle,0,0
2026-01-22 21:55:00,2026-01-22,21,55,lab,0,398.1,0.04,-0.032,9.79,0,0,idle,0,0
2026-01-25 07:00:00,2026-01-25,7,0,classroom_A,0,272.8,0.001,0.077,9.87,0,0,idle,0,0
2026-01-25 07:05:00,2026-01-25,7,5,classroom_B,0,344.9,-0.009,-0.022,9.727,0,0,idle,0,0
2026-01-25 07:10:00,2026-01-25,7,10,entrance,0,205.2,-0.023,-0.098,9.705,0,0,idle,0,0
2026-01-25 07:15:00,2026-01-25,7,15,entrance,0,371.8,0.031,-0.045,9.868,0,0,idle,0,0
2026-01-25 07:20:00,2026-01-25,7,20,classroom_B,0,275.6,0.03,0.092,9.872,0,0,idle,0,0
2026-01-25 07:25:00,2026-01-25,7,25,lab,1,73.0,0.062,0.075,9.701,0,0,idle,0,1
2026-01-25 07:30:00,2026-01-25,7,30,lab,0,211.8,-0.046,0.094,9.852,0,0,idle,0,0
2026-01-25 07:35:00,2026-01-25,7,35,entrance,0,228.1,-0.006,-0.066,9.8,0,0,idle,0,0
2026-01-25 07:40:00,2026-01-25,7,40,classroom_A,0,374.0,0.032,-0.072,9.729,0,0,idle,0,0
2026-01-25 07:45:00,2026-01-25,7,45,classroom_A,0,311.2,-0.043,0.007,9.794,0,0,idle,0,0
2026-01-25 07:50:00,2026-01-25,7,50,classroom_B,0,271.6,0.021,0.019,9.706,0,0,idle,0,0
2026-01-25 07:55:00,2026-01-25,7,55,classroom_A,0,345.3,0.011,-0.01,9.861,0,0,idle,0,0
2026-01-25 08:00:00,2026-01-25,8,0,classroom_A,1,80.4,0.087,-0.031,9.706,0,0,idle,1,0
2026-01-25 08:05:00,2026-01-25,8,5,lab,1,80.2,-0.071,0.053,9.806,1,0,idle,1,0
2026-01-25 08:10:00,2026-01-25,8,10,classroom_A,1,67.6,-0.028,-0.002,9.896,0,0,idle,1,0
2026-01-25 08:15:00,2026-01-25,8,15,classroom_B,1,93.4,-1.709,1.58,8.307,0,0,standing,1,0
2026-01-25 08:20:00,2026-01-25,8,20,classroom_B,1,16.9,0.052,0.057,9.802,0,0,idle,1,0
2026-01-25 08:25:00,2026-01-25,8,25,library,1,60.0,-0.042,0.077,9.726,1,1,idle,1,0
2026-01-25 08:30:00,2026-01-25,8,30,classroom_A,1,93.4,-0.458,1.024,9.493,0,0,running,1,0
2026-01-25 08:35:00,2026-01-25,8,35,classroom_A,1,62.7,-1.416,-1.112,9.982,0,0,sitting,1,0
2026-01-25 08:40:00,2026-01-25,8,40,classroom_B,0,280.5,0.015,-0.036,9.766,0,0,idle,1,0
2026-01-25 08:45:00,2026-01-25,8,45,entrance,0,383.0,0.057,0.018,9.761,0,0,idle,1,0
2026-01-25 08:50:00,2026-01-25,8,50,classroom_B,1,35.0,0.047,0.067,9.821,0,0,idle,1,0
2026-01-25 08:55:00,2026-01-25,8,55,lab,1,23.8,0.009,-0.097,9.713,1,0,idle,1,0
2026-01-25 09:00:00,2026-01-25,9,0,classroom_A,1,50.7,-0.224,-1.827,9.197,0,1,walking,1,0
2026-01-25 09:05:00,2026-01-25,9,5,lab,1,60.4,1.596,-1.766,9.073,0,0,walking,1,0
2026-01-25 09:10:00,2026-01-25,9,10,classroom_A,1,24.5,-0.02,-0.046,9.792,0,0,idle,1,0
2026-01-25 09:15:00,2026-01-25,9,15,entrance,1,88.9,-0.872,-1.263,10.232,0,0,standing,1,0
2026-01-25 09:20:00,2026-01-25,9,20,classroom_B,0,254.8,-0.009,-0.075,9.722,0,0,idle,1,0
2026-01-25 09:25:00,2026-01-25,9,25,entrance,1,94.8,-0.078,0.007,9.763,0,0,idle,1,0
2026-01-25 09:30:00,2026-01-25,9,30,classroom_A,1,85.1,-0.024,-0.068,9.733,0,0,idle,1,0
2026-01-25 09:35:00,2026-01-25,9,35,library,1,23.0,0.035,-0.042,9.736,0,1,idle,1,0
2026-01-25 09:40:00,2026-01-25,9,40,classroom_A,0,227.9,-0.023,-0.091,9.704,0,0,idle,1,0
2026-01-25 09:45:00,2026-01-25,9,45,classroom_A,1,45.3,0.038,0.02,9.789,1,0,idle,1,0
2026-01-25 09:50:00,2026-01-25,9,50,classroom_A,1,84.6,-1.652,-0.144,10.783,0,0,walking,1,0
2026-01-25 09:55:00,2026-01-25,9,55,classroom_B,1,91.0,-0.058,0.072,9.867,0,0,idle,1,0
2026-01-25 10:00:00,2026-01-25,10,0,entrance,0,394.2,-0.076,-0.054,9.731,0,0,idle,1,0
2026-01-25 10:05:00,2026-01-25,10,5,library,1,80.2,-0.098,-0.07,9.784,0,1,idle,1,0
2026-01-25 10:10:00,2026-01-25,10,10,entrance,1,31.9,-0.055,0.021,9.717,1,1,idle,1,0
2026-01-25 10:15:00,2026-01-25,10,15,classroom_B,1,62.4,-0.08,-0.071,9.868,0,0,idle,1,0
2026-01-25 10:20:00,2026-01-25,10,20,entrance,0,212.8,0.048,-0.029,9.82,0,0,idle,1,0
2026-01-25 10:25:00,2026-01-25,10,25,classroom_B,0,315.9,0.024,0.08,9.745,0,0,idle,1,0
2026-01-25 10:30:00,2026-01-25,10,30,entrance,0,268.8,0.061,-0.057,9.849,0,0,idle,1,0
2026-01-25 10:35:00,2026-01-25,10,35,entrance,0,330.2,-0.006,0.083,9.807,0,0,idle,1,0
2026-01-25 10:40:00,2026-01-25,10,40,classroom_B,1,43.9,-0.042,-0.051,9.703,0,0,idle,1,0
2026-01-25 10:45:00,2026-01-25,10,45,lab,1,65.3,0.084,0.034,9.895,0,0,idle,1,0
2026-01-25 10:50:00,2026-01-25,10,50,library,1,41.0,0.03,0.052,9.713,1,0,idle,1,0
2026-01-25 10:55:00,2026-01-25,10,55,classroom_A,1,73.0,0.009,-0.019,9.715,0,1,idle,1,0
2026-01-25 11:00:00,2026-01-25,11,0,lab,1,70.8,0.025,0.036,9.788,0,0,idle,1,0
2026-01-25 11:05:00,2026-01-25,11,5,library,1,32.1,0.736,-1.508,9.067,1,0,walking,1,0
2026-01-25 11:10:00,2026-01-25,11,10,entrance,0,329.4,-0.026,-0.056,9.8,0,0,idle,1,0
2026-01-25 11:15:00,2026-01-25,11,15,classroom_A,1,23.7,-0.096,-0.094,9.849,0,0,idle,1,0
2026-01-25 11:20:00,2026-01-25,11,20,classroom_B,1,58.4,-0.07,-0.051,9.839,0,0,idle,1,0
2026-01-25 11:25:00,2026-01-25,11,25,classroom_B,1,66.4,-0.024,-0.058,9.894,0,0,idle,1,0
2026-01-25 11:30:00,2026-01-25,11,30,classroom_A,1,69.3,0.732,-0.349,9.71,0,0,standing,1,0
2026-01-25 11:35:00,2026-01-25,11,35,classroom_A,1,18.9,1.483,1.258,10.411,0,0,walking,1,0
2026-01-25 11:40:00,2026-01-25,11,40,classroom_B,1,87.9,0.074,-0.026,9.861,0,0,idle,1,0
2026-01-25 11:45:00,2026-01-25,11,45,classroom_B,0,244.1,0.062,-0.05,9.89,0,0,idle,1,0
2026-01-25 11:50:00,2026-01-25,11,50,lab,1,38.3,0.023,0.095,9.752,0,0,idle,1,0
2026-01-25 11:55:00,2026-01-25,11,55,classroom_B,1,35.1,-0.042,-0.026,9.724,0,0,idle,1,0
2026-01-25 12:00:00,2026-01-25,12,0,entrance,1,47.2,0.27,-0.692,9.601,0,0,standing,1,0
2026-01-25 12:05:00,2026-01-25,12,5,classroom_A,0,353.2,0.05,0.075,9.842,0,0,idle,1,0
2026-01-25 12:10:00,2026-01-25,12,10,classroom_A,1,30.8,-0.096,-0.012,9.856,0,0,idle,1,0
2026-01-25 12:15:00,2026-01-25,12,15,classroom_B,1,61.8,0.074,0.031,9.88,0,0,idle,1,0
2026-01-25 12:20:00,2026-01-25,12,20,entrance,0,292.3,0.097,0.038,9.871,0,0,idle,1,0
2026-01-25 12:25:00,2026-01-25,12,25,entrance,1,41.0,0.013,0.072,9.727,1,0,idle,1,0
2026-01-25 12:30:00,2026-01-25,12,30,classroom_A,1,28.3,0.006,-0.081,9.791,0,0,idle,1,0
2026-01-25 12:35:00,2026-01-25,12,35,library,0,238.6,0.029,0.076,9.839,0,0,idle,1,0
2026-01-25 12:40:00,2026-01-25,12,40,classroom_A,1,34.3,1.69,-0.047,10.298,1,0,sitting,1,0
2026-01-25 12:45:00,2026-01-25,12,45,classroom_A,1,86.4,0.062,-0.015,9.701,1,0,idle,1,0
2026-01-25 12:50:00,2026-01-25,12,50,library,1,95.4,1.552,0.704,8.877,1,0,standing,1,0
2026-01-25 12:55:00,2026-01-25,12,55,library,1,99.4,1.396,0.703,9.143,0,0,running,1,0
2026-01-25 13:00:00,2026-01-25,13,0,library,1,54.9,-0.083,-0.059,9.702,0,0,idle,1,0
2026-01-25 13:05:00,2026-01-25,13,5,classroom_B,0,378.1,0.075,0.02,9.705,0,0,idle,1,0
2026-01-25 13:10:00,2026-01-25,13,10,classroom_A,0,256.0,0.043,-0.09,9.873,0,0,idle,1,0
2026-01-25 13:15:00,2026-01-25,13,15,entrance,1,43.3,0.082,0.086,9.775,0,0,idle,1,0
2026-01-25 13:20:00,2026-01-25,13,20,library,1,90.9,-1.561,-0.62,10.699,0,1,walking,1,0
2026-01-25 13:25:00,2026-01-25,13,25,entrance,0,315.4,0.051,0.047,9.757,0,0,idle,1,0
2026-01-25 13:30:00,2026-01-25,13,30,classroom_A,1,15.5,-0.606,-0.46,9.527,0,0,walking,1,0
2026-01-25 13:35:00,2026-01-25,13,35,library,1,68.9,0.583,-0.091,9.374,0,0,standing,1,0
2026-01-25 13:40:00,2026-01-25,13,40,library,1,19.3,0.086,-0.024,9.789,0,0,idle,1,0
2026-01-25 13:45:00,2026-01-25,13,45,library,1,18.2,-0.093,0.078,9.858,0,0,idle,1,0
2026-01-25 13:50:00,2026-01-25,13,50,lab,1,60.3,-0.003,-0.079,9.719,0,0,idle,1,0
2026-01-25 13:55:00,2026-01-25,13,55,lab,0,303.5,-0.016,-0.083,9.814,0,0,idle,1,0
2026-01-25 14:00:00,2026-01-25,14,0,classroom_B,1,62.1,-0.06,-0.06,9.783,0,1,idle,1,0
2026-01-25 14:05:00,2026-01-25,14,5,classroom_B,0,266.6,0.096,-0.059,9.738,0,0,idle,1,0
2026-01-25 14:10:00,2026-01-25,14,10,classroom_A,1,16.0,-0.035,0.041,9.809,0,0,idle,1,0
2026-01-25 14:15:00,2026-01-25,14,15,lab,1,63.4,-0.067,-0.068,9.78,1,0,idle,1,0
2026-01-25 14:20:00,2026-01-25,14,20,classroom_A,1,13.9,0.008,-0.046,9.785,0,0,idle,1,0
2026-01-25 14:25:00,2026-01-25,14,25,lab,1,88.7,-1.394,0.062,8.614,0,0,sitting,1,0
2026-01-25 14:30:00,2026-01-25,14,30,library,1,83.0,-0.733,0.552,10.433,0,0,walking,1,0
2026-01-25 14:35:00,2026-01-25,14,35,library,1,37.0,-1.046,1.215,9.401,0,1,walking,1,0
2026-01-25 14:40:00,2026-01-25,14,40,classroom_A,0,225.0,0.044,-0.098,9.791,0,0,idle,1,0
2026-01-25 14:45:00,2026-01-25,14,45,classroom_B,1,74.4,-0.065,-0.1,9.368,1,0,walking,1,0
2026-01-25 14:50:00,2026-01-25,14,50,lab,1,21.5,0.03,0.084,9.74,0,1,idle,1,0
2026-01-25 14:55:00,2026-01-25,14,55,classroom_A,0,229.3,-0.09,-0.072,9.872,0,0,idle,1,0
2026-01-25 15:00:00,2026-01-25,15,0,lab,1,70.8,0.078,0.093,9.77,0,0,idle,1,0
2026-01-25 15:05:00,2026-01-25,15,5,lab,0,218.8,0.024,0.086,9.842,0,0,idle,1,0
2026-01-25 15:10:00,2026-01-25,15,10,library,0,335.6,0.017,-0.005,9.775,0,0,idle,1,0
2026-01-25 15:15:00,2026-01-25,15,15,classroom_A,1,79.5,-0.009,-0.041,9.821,0,0,idle,1,0
2026-01-25 15:20:00,2026-01-25,15,20,lab,1,80.1,0.46,-0.533,8.484,0,0,standing,1,0
2026-01-25 15:25:00,2026-01-25,15,25,classroom_B,1,42.8,0.025,0.091,9.736,0,0,idle,1,0
2026-01-25 15:30:00,2026-01-25,15,30,classroom_B,1,66.1,-1.915,0.773,9.435,0,0,walking,1,0
2026-01-25 15:35:00,2026-01-25,15,35,classroom_A,1,67.6,1.631,-0.685,10.236,1,0,walking,1,0
2026-01-25 15:40:00,2026-01-25,15,40,library,1,12.8,-0.395,0.242,10.153,0,0,standing,1,0
2026-01-25 15:45:00,2026-01-25,15,45,entrance,1,60.1,-0.056,-0.042,9.8,0,0,idle,1,0
2026-01-25 15:50:00,2026-01-25,15,50,library,1,19.7,-0.006,-0.082,9.75,0,0,idle,1,0
2026-01-25 15:55:00,2026-01-25,15,55,classroom_A,0,397.0,-0.023,-0.043,9.866,0,0,idle,1,0
2026-01-25 16:00:00,2026-01-25,16,0,library,1,28.7,0.09,0.039,9.863,0,0,idle,1,0
2026-01-25 16:05:00,2026-01-25,16,5,classroom_B,1,45.4,0.072,0.018,9.733,0,0,idle,1,0
2026-01-25 16:10:00,2026-01-25,16,10,classroom_B,1,83.0,0.047,0.032,9.704,0,1,idle,1,0
2026-01-25 16:15:00,2026-01-25,16,15,entrance,1,43.9,-1.656,-1.904,10.297,0,0,standing,1,0
2026-01-25 16:20:00,2026-01-25,16,20,classroom_A,1,68.7,0.076,0.039,9.74,0,0,idle,1,0
2026-01-25 16:25:00,2026-01-25,16,25,entrance,1,74.1,-0.06,-0.097,9.881,1,1,idle,1,0
2026-01-25 16:30:00,2026-01-25,16,30,entrance,1,63.6,0.212,0.084,10.181,0,0,standing,1,0
2026-01-25 16:35:00,2026-01-25,16,35,classroom_A,1,67.9,-0.033,0.09,9.713,0,0,idle,1,0
2026-01-25 16:40:00,2026-01-25,16,40,classroom_A,1,14.6,-0.09,-0.047,9.744,0,0,idle,1,0
2026-01-25 16:45:00,2026-01-25,16,45,entrance,0,278.8,0.007,0.029,9.802,0,0,idle,1,0
2026-01-25 16:50:00,2026-01-25,16,50,lab,1,22.3,0.004,-0.03,9.897,0,0,idle,1,0
2026-01-25 16:55:00,2026-01-25,16,55,classroom_A,0,396.3,0.054,0.069,9.874,0,0,idle,1,0
2026-01-25 17:00:00,2026-01-25,17,0,classroom_A,1,84.5,-0.093,-0.03,9.81,0,0,idle,1,0
2026-01-25 17:05:00,2026-01-25,17,5,library,1,65.2,-0.059,-0.01,9.801,0,1,idle,1,0
2026-01-25 17:10:00,2026-01-25,17,10,lab,0,349.4,-0.072,-0.016,9.747,0,0,idle,1,0
2026-01-25 17:15:00,2026-01-25,17,15,lab,0,271.2,-0.094,0.046,9.781,0,0,idle,1,0
2026-01-25 17:20:00,2026-01-25,17,20,lab,1,72.1,-0.019,-0.407,10.694,0,0,running,1,0
2026-01-25 17:25:00,2026-01-25,17,25,entrance,0,286.5,0.005,0.033,9.772,0,0,idle,1,0
2026-01-25 17:30:00,2026-01-25,17,30,lab,0,279.3,0.055,0.028,9.792,0,0,idle,1,0
2026-01-25 17:35:00,2026-01-25,17,35,classroom_A,1,24.3,-0.013,0.003,9.838,1,0,idle,1,0
2026-01-25 17:40:00,2026-01-25,17,40,library,1,45.7,0.098,-0.035,9.737,0,0,idle,1,0
2026-01-25 17:45:00,2026-01-25,17,45,library,0,200.1,-0.042,0.017,9.862,0,0,idle,1,0
2026-01-25 17:50:00,2026-01-25,17,50,lab,1,22.2,-0.005,-0.007,9.787,0,0,idle,1,0
2026-01-25 17:55:00,2026-01-25,17,55,classroom_B,1,59.4,0.228,1.838,9.597,1,1,standing,1,0
2026-01-25 18:00:00,2026-01-25,18,0,library,0,288.2,0.078,0.056,9.766,0,0,idle,0,0
2026-01-25 18:05:00,2026-01-25,18,5,classroom_B,0,314.3,0.091,-0.072,9.891,0,0,idle,0,0
2026-01-25 18:10:00,2026-01-25,18,10,entrance,0,270.2,-0.081,0.007,9.716,0,0,idle,0,0
2026-01-25 18:15:00,2026-01-25,18,15,entrance,0,261.7,-0.014,-0.089,9.83,0,0,idle,0,0
2026-01-25 18:20:00,2026-01-25,18,20,classroom_B,1,64.3,0.377,0.554,9.569,0,0,sitting,0,1
2026-01-25 18:25:00,2026-01-25,18,25,library,0,398.5,0.025,0.029,9.855,0,0,idle,0,0
2026-01-25 18:30:00,2026-01-25,18,30,entrance,0,224.7,0.046,-0.07,9.827,0,0,idle,0,0
2026-01-25 18:35:00,2026-01-25,18,35,entrance,0,278.3,0.025,-0.001,9.734,0,0,idle,0,0
2026-01-25 18:40:00,2026-01-25,18,40,classroom_A,0,328.6,-0.031,0.099,9.732,0,0,idle,0,0
2026-01-25 18:45:00,2026-01-25,18,45,entrance,0,242.2,-0.076,0.012,9.777,0,0,idle,0,0
2026-01-25 18:50:00,2026-01-25,18,50,lab,1,95.7,-0.096,-0.073,9.752,0,0,idle,0,1
2026-01-25 18:55:00,2026-01-25,18,55,classroom_B,0,340.3,0.015,-0.027,9.794,0,0,idle,0,0
2026-01-25 19:00:00,2026-01-25,19,0,classroom_B,0,339.5,-0.035,0.077,9.838,0,0,idle,0,0
2026-01-25 19:05:00,2026-01-25,19,5,lab,0,389.2,0.092,-0.027,9.782,0,0,idle,0,0
2026-01-25 19:10:00,2026-01-25,19,10,classroom_B,0,344.1,0.009,-0.001,9.742,0,0,idle,0,0
2026-01-25 19:15:00,2026-01-25,19,15,lab,0,274.5,-0.049,0.045,9.756,0,0,idle,0,0
2026-01-25 19:20:00,2026-01-25,19,20,library,0,395.0,0.033,-0.016,9.885,0,0,idle,0,0
2026-01-25 19:25:00,2026-01-25,19,25,classroom_A,0,349.5,-0.046,-0.06,9.759,0,0,idle,0,0
2026-01-25 19:30:00,2026-01-25,19,30,lab,0,385.4,0.031,0.089,9.826,0,0,idle,0,0
2026-01-25 19:35:00,2026-01-25,19,35,classroom_A,0,243.2,0.096,0.066,9.804,0,0,idle,0,0
2026-01-25 19:40:00,2026-01-25,19,40,entrance,0,372.1,0.062,-0.005,9.805,0,0,idle,0,0
2026-01-25 19:45:00,2026-01-25,19,45,lab,0,380.2,-0.042,-0.068,9.877,0,0,idle,0,0
2026-01-25 19:50:00,2026-01-25,19,50,classroom_A,0,322.0,-0.056,0.066,9.75,0,0,idle,0,0
2026-01-25 19:55:00,2026-01-25,19,55,entrance,0,345.8,0.099,0.038,9.873,0,0,idle,0,0
2026-01-25 20:00:00,2026-01-25,20,0,entrance,0,352.6,0.058,-0.036,9.712,0,0,idle,0,0
2026-01-25 20:05:00,2026-01-25,20,5,entrance,0,306.4,-0.02,-0.067,9.865,0,0,idle,0,0
2026-01-25 20:10:00,2026-01-25,20,10,library,0,256.1,0.084,0.052,9.852,0,0,idle,0,0
2026-01-25 20:15:00,2026-01-25,20,15,classroom_B,1,52.1,0.953,1.628,10.534,0,0,running,0,1
2026-01-25 20:20:00,2026-01-25,20,20,lab,0,393.9,-0.099,0.012,9.706,0,0,idle,0,0
2026-01-25 20:25:00,2026-01-25,20,25,entrance,0,311.8,-0.03,-0.029,9.835,0,0,idle,0,0
2026-01-25 20:30:00,2026-01-25,20,30,classroom_A,0,268.7,0.032,0.092,9.719,0,0,idle,0,0
2026-01-25 20:35:00,2026-01-25,20,35,classroom_A,0,376.9,-0.072,-0.007,9.753,0,0,idle,0,0
2026-01-25 20:40:00,2026-01-25,20,40,entrance,0,350.1,0.024,0.066,9.766,0,0,idle,0,0
2026-01-25 20:45:00,2026-01-25,20,45,library,0,345.0,-0.08,-0.072,9.831,0,0,idle,0,0
2026-01-25 20:50:00,2026-01-25,20,50,lab,1,99.4,-0.568,1.54,10.451,0,0,walking,0,1
2026-01-25 20:55:00,2026-01-25,20,55,lab,0,361.2,-0.031,0.038,9.805,0,0,idle,0,0
2026-01-25 21:00:00,2026-01-25,21,0,entrance,0,238.5,0.043,-0.03,9.759,0,0,idle,0,0
2026-01-25 21:05:00,2026-01-25,21,5,entrance,0,351.3,0.095,0.06,9.865,0,0,idle,0,0
2026-01-25 21:10:00,2026-01-25,21,10,classroom_B,0,264.8,-0.084,0.033,9.885,0,0,idle,0,0
2026-01-25 21:15:00,2026-01-25,21,15,lab,0,262.5,0.037,0.038,9.84,0,0,idle,0,0
2026-01-25 21:20:00,2026-01-25,21,20,lab,0,237.3,0.069,-0.017,9.74,0,0,idle,0,0
2026-01-25 21:25:00,2026-01-25,21,25,lab,0,219.1,0.069,0.069,9.834,0,0,idle,0,0
2026-01-25 21:30:00,2026-01-25,21,30,lab,0,284.6,0.044,0.074,9.733,0,0,idle,0,0
2026-01-25 21:35:00,2026-01-25,21,35,entrance,0,220.3,0.051,-0.094,9.752,0,0,idle,0,0
2026-01-25 21:40:00,2026-01-25,21,40,entrance,0,356.7,-0.012,-0.068,9.818,0,0,idle,0,0
2026-01-25 21:45:00,2026-01-25,21,45,classroom_A,0,246.8,0.021,-0.014,9.704,0,0,idle,0,0
2026-01-25 21:50:00,2026-01-25,21,50,entrance,0,319.5,0.09,-0.013,9.799,0,0,idle,0,0
2026-01-25 21:55:00,2026-01-25,21,55,classroom_A,0,206.5,-0.034,0.023,9.818,0,0,idle,0,0
2026-01-26 07:00:00,2026-01-26,7,0,entrance,0,225.0,0.035,0.045,9.788,0,0,idle,0,0
2026-01-26 07:05:00,2026-01-26,7,5,library,0,390.5,-0.057,0.056,9.866,0,0,idle,0,0
2026-01-26 07:10:00,2026-01-26,7,10,entrance,0,306.1,-0.092,0.0,9.87,0,0,idle,0,0
2026-01-26 07:15:00,2026-01-26,7,15,lab,0,330.0,-0.089,-0.026,9.863,0,0,idle,0,0
2026-01-26 07:20:00,2026-01-26,7,20,classroom_A,0,209.2,0.036,0.011,9.857,0,0,idle,0,0
2026-01-26 07:25:00,2026-01-26,7,25,lab,0,251.1,-0.006,0.053,9.788,0,0,idle,0,0
2026-01-26 07:30:00,2026-01-26,7,30,classroom_B,0,321.9,-0.078,-0.034,9.818,0,0,idle,0,0
2026-01-26 07:35:00,2026-01-26,7,35,classroom_B,0,238.8,-0.083,0.07,9.741,0,0,idle,0,0
2026-01-26 07:40:00,2026-01-26,7,40,entrance,0,376.6,-0.025,0.083,9.717,0,0,idle,0,0
2026-01-26 07:45:00,2026-01-26,7,45,entrance,0,371.2,0.033,0.017,9.797,0,0,idle,0,0
2026-01-26 07:50:00,2026-01-26,7,50,lab,0,281.6,0.037,-0.077,9.835,0,0,idle,0,0
2026-01-26 07:55:00,2026-01-26,7,55,lab,0,278.0,0.056,-0.032,9.713,0,0,idle,0,0
2026-01-26 08:00:00,2026-01-26,8,0,library,1,24.6,-0.291,0.741,8.25,0,0,walking,1,0
2026-01-26 08:05:00,2026-01-26,8,5,lab,1,18.8,-0.021,0.08,9.857,0,0,idle,1,0
2026-01-26 08:10:00,2026-01-26,8,10,lab,0,222.8,-0.095,-0.073,9.803,0,0,idle,1,0
2026-01-26 08:15:00,2026-01-26,8,15,classroom_B,1,49.8,1.402,0.962,10.521,0,0,walking,1,0
2026-01-26 08:20:00,2026-01-26,8,20,library,1,14.6,-0.064,-0.074,9.829,0,0,idle,1,0
2026-01-26 08:25:00,2026-01-26,8,25,library,1,65.2,0.049,-0.038,9.769,1,0,idle,1,0
2026-01-26 08:30:00,2026-01-26,8,30,lab,1,78.5,0.594,-1.81,8.026,0,0,walking,1,0
2026-01-26 08:35:00,2026-01-26,8,35,classroom_A,1,36.8,0.844,-1.415,10.366,0,1,running,1,0
2026-01-26 08:40:00,2026-01-26,8,40,classroom_B,0,333.0,-0.011,-0.086,9.874,0,0,idle,1,0
2026-01-26 08:45:00,2026-01-26,8,45,library,1,32.0,-0.08,-0.038,9.73,1,0,idle,1,0
2026-01-26 08:50:00,2026-01-26,8,50,library,1,81.6,1.084,0.961,10.055,0,0,walking,1,0
2026-01-26 08:55:00,2026-01-26,8,55,lab,1,80.2,-0.017,-0.098,9.807,0,0,idle,1,0
2026-01-26 09:00:00,2026-01-26,9,0,classroom_B,0,347.7,0.02,-0.007,9.802,0,0,idle,1,0
2026-01-26 09:05:00,2026-01-26,9,5,entrance,1,48.6,-1.829,-0.586,8.242,0,0,walking,1,0
2026-01-26 09:10:00,2026-01-26,9,10,classroom_A,1,49.0,-0.539,1.177,10.383,0,0,running,1,0
2026-01-26 09:15:00,2026-01-26,9,15,classroom_B,1,10.6,0.053,0.076,9.817,1,0,idle,1,0
2026-01-26 09:20:00,2026-01-26,9,20,classroom_A,1,94.1,-0.005,0.023,9.769,0,0,idle,1,0
2026-01-26 09:25:00,2026-01-26,9,25,lab,1,54.9,-0.215,0.737,8.349,0,0,running,1,0
2026-01-26 09:30:00,2026-01-26,9,30,classroom_B,1,41.9,0.969,1.06,9.145,0,0,sitting,1,0
2026-01-26 09:35:00,2026-01-26,9,35,classroom_A,1,28.7,0.178,1.408,9.433,0,1,standing,1,0
2026-01-26 09:40:00,2026-01-26,9,40,lab,1,69.0,0.091,0.033,9.892,0,0,idle,1,0
2026-01-26 09:45:00,2026-01-26,9,45,entrance,1,48.2,-0.1,0.09,9.722,0,0,idle,1,0
2026-01-26 09:50:00,2026-01-26,9,50,lab,1,25.7,-0.025,-0.041,9.745,0,0,idle,1,0
2026-01-26 09:55:00,2026-01-26,9,55,library,1,93.1,-1.891,-0.999,8.94,0,0,running,1,0
2026-01-26 10:00:00,2026-01-26,10,0,classroom_A,0,385.4,-0.057,0.01,9.856,0,0,idle,1,0
2026-01-26 10:05:00,2026-01-26,10,5,classroom_B,1,35.0,0.732,1.682,8.684,0,1,walking,1,0
2026-01-26 10:10:00,2026-01-26,10,10,lab,1,26.3,0.056,0.041,9.89,1,0,idle,1,0
2026-01-26 10:15:00,2026-01-26,10,15,classroom_B,0,276.7,0.02,-0.044,9.709,0,0,idle,1,0
2026-01-26 10:20:00,2026-01-26,10,20,lab,1,76.9,0.016,-0.084,9.79,1,0,idle,1,0
2026-01-26 10:25:00,2026-01-26,10,25,lab,1,27.3,-1.543,0.786,10.318,0,0,sitting,1,0
2026-01-26 10:30:00,2026-01-26,10,30,classroom_B,1,50.3,0.058,0.045,9.831,0,0,idle,1,0
2026-01-26 10:35:00,2026-01-26,10,35,library,1,50.4,-0.037,0.086,9.727,0,0,idle,1,0
2026-01-26 10:40:00,2026-01-26,10,40,library,0,358.1,0.098,-0.029,9.848,0,0,idle,1,0
2026-01-26 10:45:00,2026-01-26,10,45,classroom_B,1,69.7,0.078,-0.098,9.715,0,0,idle,1,0
2026-01-26 10:50:00,2026-01-26,10,50,classroom_B,1,31.9,-0.06,-0.081,9.819,0,0,idle,1,0
2026-01-26 10:55:00,2026-01-26,10,55,library,1,26.0,-0.017,-0.016,9.761,0,0,idle,1,0
2026-01-26 11:00:00,2026-01-26,11,0,entrance,1,18.0,-0.058,0.071,9.842,0,0,idle,1,0
2026-01-26 11:05:00,2026-01-26,11,5,lab,1,98.0,-1.811,1.054,9.929,0,0,walking,1,0
2026-01-26 11:10:00,2026-01-26,11,10,classroom_A,1,81.6,-0.077,-0.056,9.897,0,0,idle,1,0
2026-01-26 11:15:00,2026-01-26,11,15,entrance,1,65.3,-0.046,-0.093,9.87,0,0,idle,1,0
2026-01-26 11:20:00,2026-01-26,11,20,lab,1,70.5,0.05,-0.026,9.855,0,0,idle,1,0
2026-01-26 11:25:00,2026-01-26,11,25,entrance,0,364.1,-0.053,0.02,9.817,0,0,idle,1,0
2026-01-26 11:30:00,2026-01-26,11,30,classroom_B,1,86.6,-0.056,0.026,9.729,0,0,idle,1,0
2026-01-26 11:35:00,2026-01-26,11,35,classroom_B,1,82.8,0.401,0.959,8.968,0,0,walking,1,0
2026-01-26 11:40:00,2026-01-26,11,40,classroom_A,0,373.5,0.08,0.081,9.721,0,0,idle,1,0
2026-01-26 11:45:00,2026-01-26,11,45,library,0,281.2,-0.093,0.039,9.779,0,0,idle,1,0
2026-01-26 11:50:00,2026-01-26,11,50,entrance,1,42.2,-1.168,1.09,8.755,1,0,walking,1,0
2026-01-26 11:55:00,2026-01-26,11,55,entrance,1,10.8,-0.006,-0.02,9.832,0,0,idle,1,0
2026-01-26 12:00:00,2026-01-26,12,0,entrance,1,48.6,-0.028,0.058,9.808,1,0,idle,1,0
2026-01-26 12:05:00,2026-01-26,12,5,entrance,1,77.4,-0.065,-0.078,9.797,0,0,idle,1,0
2026-01-26 12:10:00,2026-01-26,12,10,classroom_A,1,55.7,-1.175,1.852,9.411,0,0,sitting,1,0
2026-01-26 12:15:00,2026-01-26,12,15,classroom_A,1,69.1,0.095,0.041,9.736,1,0,idle,1,0
2026-01-26 12:20:00,2026-01-26,12,20,classroom_A,0,389.0,-0.081,0.023,9.876,0,0,idle,1,0
2026-01-26 12:25:00,2026-01-26,12,25,lab,0,212.3,0.035,-0.051,9.847,0,0,idle,1,0
2026-01-26 12:30:00,2026-01-26,12,30,library,1,91.2,0.177,0.595,8.93,0,0,standing,1,0
2026-01-26 12:35:00,2026-01-26,12,35,classroom_B,0,254.2,0.034,0.034,9.731,0,0,idle,1,0
2026-01-26 12:40:00,2026-01-26,12,40,entrance,1,85.3,0.04,-0.038,9.782,0,0,idle,1,0
2026-01-26 12:45:00,2026-01-26,12,45,entrance,1,56.3,0.096,-0.017,9.755,0,0,idle,1,0
2026-01-26 12:50:00,2026-01-26,12,50,classroom_A,1,41.6,0.024,-0.087,9.739,1,0,idle,1,0
2026-01-26 12:55:00,2026-01-26,12,55,entrance,1,39.2,0.534,-1.777,10.728,0,1,walking,1,0
2026-01-26 13:00:00,2026-01-26,13,0,classroom_A,1,28.0,0.023,-0.064,9.816,0,1,idle,1,0
2026-01-26 13:05:00,2026-01-26,13,5,classroom_B,1,44.4,0.017,0.087,9.785,0,0,idle,1,0
2026-01-26 13:10:00,2026-01-26,13,10,entrance,1,58.4,-1.0,1.339,9.875,0,0,running,1,0
2026-01-26 13:15:00,2026-01-26,13,15,classroom_A,0,358.6,0.057,-0.039,9.756,0,0,idle,1,0
2026-01-26 13:20:00,2026-01-26,13,20,library,1,44.1,0.002,-0.062,9.782,0,0,idle,1,0
2026-01-26 13:25:00,2026-01-26,13,25,classroom_B,1,30.7,-1.165,-0.516,10.817,0,0,running,1,0
2026-01-26 13:30:00,2026-01-26,13,30,classroom_B,0,301.5,0.055,-0.028,9.758,0,0,idle,1,0
2026-01-26 13:35:00,2026-01-26,13,35,classroom_B,1,60.6,0.024,-0.073,9.766,1,0,idle,1,0
2026-01-26 13:40:00,2026-01-26,13,40,library,0,204.3,0.072,-0.067,9.852,0,0,idle,1,0
2026-01-26 13:45:00,2026-01-26,13,45,entrance,1,94.2,0.098,0.022,9.876,0,0,idle,1,0
2026-01-26 13:50:00,2026-01-26,13,50,lab,1,48.4,0.075,-0.016,9.765,0,1,idle,1,0
2026-01-26 13:55:00,2026-01-26,13,55,classroom_B,1,14.0,0.061,0.005,9.701,0,0,idle,1,0
2026-01-26 14:00:00,2026-01-26,14,0,lab,1,59.5,-0.058,-0.045,9.757,0,0,idle,1,0
2026-01-26 14:05:00,2026-01-26,14,5,entrance,1,49.0,0.008,0.016,9.791,0,0,idle,1,0
2026-01-26 14:10:00,2026-01-26,14,10,library,0,373.3,-0.013,-0.09,9.869,0,0,idle,1,0
2026-01-26 14:15:00,2026-01-26,14,15,classroom_B,1,17.4,1.035,1.194,8.782,1,0,sitting,1,0
2026-01-26 14:20:00,2026-01-26,14,20,classroom_B,1,75.5,-0.645,0.171,9.516,0,0,walking,1,0
2026-01-26 14:25:00,2026-01-26,14,25,lab,1,89.8,-0.059,0.039,9.894,0,0,idle,1,0
2026-01-26 14:30:00,2026-01-26,14,30,lab,1,39.5,0.098,-0.044,9.852,1,0,idle,1,0
2026-01-26 14:35:00,2026-01-26,14,35,classroom_B,1,73.7,-0.054,-0.031,9.709,0,0,idle,1,0
2026-01-26 14:40:00,2026-01-26,14,40,library,0,359.1,-0.013,-0.006,9.841,0,0,idle,1,0
2026-01-26 14:45:00,2026-01-26,14,45,classroom_A,1,39.8,-0.04,-0.093,9.726,1,0,idle,1,0
2026-01-26 14:50:00,2026-01-26,14,50,entrance,1,88.4,-0.014,-0.066,9.775,0,0,idle,1,0
2026-01-26 14:55:00,2026-01-26,14,55,lab,1,78.5,0.587,0.292,10.276,0,0,sitting,1,0
2026-01-26 15:00:00,2026-01-26,15,0,library,1,56.1,0.88,-1.662,10.309,0,0,walking,1,0
2026-01-26 15:05:00,2026-01-26,15,5,lab,1,97.0,-0.058,0.052,9.829,0,0,idle,1,0
2026-01-26 15:10:00,2026-01-26,15,10,lab,1,57.2,-0.09,-0.057,9.766,1,0,idle,1,0
2026-01-26 15:15:00,2026-01-26,15,15,classroom_A,1,37.4,0.515,-0.967,9.526,0,0,running,1,0
2026-01-26 15:20:00,2026-01-26,15,20,entrance,1,58.3,-0.07,-0.056,9.788,0,0,idle,1,0
2026-01-26 15:25:00,2026-01-26,15,25,lab,1,29.8,-0.214,-0.88,9.072,0,0,sitting,1,0
2026-01-26 15:30:00,2026-01-26,15,30,entrance,0,277.6,0.089,-0.011,9.763,0,0,idle,1,0
2026-01-26 15:35:00,2026-01-26,15,35,classroom_B,1,91.2,0.077,-0.002,9.799,0,0,idle,1,0
2026-01-26 15:40:00,2026-01-26,15,40,classroom_A,1,71.6,0.088,0.068,9.843,1,0,idle,1,0
2026-01-26 15:45:00,2026-01-26,15,45,library,1,51.4,1.303,-1.89,10.26,0,0,walking,1,0
2026-01-26 15:50:00,2026-01-26,15,50,lab,1,12.3,-0.095,0.073,9.784,0,0,idle,1,0
2026-01-26 15:55:00,2026-01-26,15,55,entrance,1,36.8,1.018,1.066,9.955,1,0,walking,1,0
2026-01-26 16:00:00,2026-01-26,16,0,classroom_A,1,14.2,0.048,0.059,9.775,0,0,idle,1,0
2026-01-26 16:05:00,2026-01-26,16,5,classroom_B,0,344.5,-0.031,0.005,9.892,0,0,idle,1,0
2026-01-26 16:10:00,2026-01-26,16,10,entrance,1,48.0,1.815,1.655,10.595,0,0,walking,1,0
2026-01-26 16:15:00,2026-01-26,16,15,entrance,1,92.4,-0.097,0.092,9.752,1,0,idle,1,0
2026-01-26 16:20:00,2026-01-26,16,20,library,1,76.2,0.017,0.051,9.772,0,1,idle,1,0
2026-01-26 16:25:00,2026-01-26,16,25,classroom_A,1,63.2,-0.037,-0.084,9.81,0,0,idle,1,0
2026-01-26 16:30:00,2026-01-26,16,30,classroom_B,0,289.6,0.086,-0.02,9.715,0,0,idle,1,0
2026-01-26 16:35:00,2026-01-26,16,35,library,1,48.3,0.571,0.592,9.533,0,0,walking,1,0
2026-01-26 16:40:00,2026-01-26,16,40,classroom_A,1,70.4,0.067,0.01,9.729,0,0,idle,1,0
2026-01-26 16:45:00,2026-01-26,16,45,classroom_A,1,40.9,-0.025,0.005,9.824,0,0,idle,1,0
2026-01-26 16:50:00,2026-01-26,16,50,classroom_A,1,10.3,0.817,-0.014,10.725,0,0,walking,1,0
2026-01-26 16:55:00,2026-01-26,16,55,lab,1,48.0,-0.087,-0.089,9.713,0,0,idle,1,0
2026-01-26 17:00:00,2026-01-26,17,0,library,1,53.6,-0.051,0.01,9.868,0,0,idle,1,0
2026-01-26 17:05:00,2026-01-26,17,5,classroom_A,1,33.5,-0.79,-1.487,8.564,0,0,running,1,0
2026-01-26 17:10:00,2026-01-26,17,10,entrance,0,245.2,0.001,0.029,9.868,0,0,idle,1,0
2026-01-26 17:15:00,2026-01-26,17,15,entrance,1,77.3,0.072,-0.017,9.885,0,0,idle,1,0
2026-01-26 17:20:00,2026-01-26,17,20,classroom_B,1,97.2,-0.085,0.035,9.702,0,0,idle,1,0
2026-01-26 17:25:00,2026-01-26,17,25,classroom_A,0,394.1,0.054,0.007,9.716,0,0,idle,1,0
2026-01-26 17:30:00,2026-01-26,17,30,entrance,0,387.1,0.055,-0.027,9.734,0,0,idle,1,0
2026-01-26 17:35:00,2026-01-26,17,35,entrance,1,64.2,0.025,0.024,9.862,0,0,idle,1,0
2026-01-26 17:40:00,2026-01-26,17,40,library,0,394.2,0.011,-0.025,9.772,0,0,idle,1,0
2026-01-26 17:45:00,2026-01-26,17,45,classroom_A,0,394.6,-0.078,-0.008,9.852,0,0,idle,1,0
2026-01-26 17:50:00,2026-01-26,17,50,entrance,1,28.5,0.018,-0.038,9.852,0,0,idle,1,0
2026-01-26 17:55:00,2026-01-26,17,55,lab,0,398.6,0.092,-0.087,9.752,0,0,idle,1,0
2026-01-26 18:00:00,2026-01-26,18,0,classroom_A,0,225.4,0.021,0.063,9.762,0,0,idle,0,0
2026-01-26 18:05:00,2026-01-26,18,5,entrance,0,321.7,-0.026,-0.007,9.868,0,0,idle,0,0
2026-01-26 18:10:00,2026-01-26,18,10,lab,0,347.1,-0.08,-0.087,9.763,0,0,idle,0,0
2026-01-26 18:15:00,2026-01-26,18,15,classroom_A,0,259.0,0.098,-0.041,9.78,0,0,idle,0,0
2026-01-26 18:20:00,2026-01-26,18,20,entrance,0,266.5,0.028,-0.028,9.87,0,0,idle,0,0
2026-01-26 18:25:00,2026-01-26,18,25,lab,0,207.8,-0.088,-0.039,9.702,0,0,idle,0,0
2026-01-26 18:30:00,2026-01-26,18,30,lab,0,334.3,-0.08,-0.091,9.9,0,0,idle,0,0
2026-01-26 18:35:00,2026-01-26,18,35,lab,0,309.8,0.033,-0.037,9.791,0,0,idle,0,0
2026-01-26 18:40:00,2026-01-26,18,40,library,0,360.0,-0.035,0.077,9.724,0,0,idle,0,0
2026-01-26 18:45:00,2026-01-26,18,45,library,0,236.8,0.018,-0.072,9.888,0,0,idle,0,0
2026-01-26 18:50:00,2026-01-26,18,50,entrance,0,230.5,-0.017,0.037,9.887,0,0,idle,0,0
2026-01-26 18:55:00,2026-01-26,18,55,library,1,97.5,0.05,0.096,9.776,0,1,idle,0,1
2026-01-26 19:00:00,2026-01-26,19,0,library,0,232.0,-0.05,0.06,9.725,0,0,idle,0,0
2026-01-26 19:05:00,2026-01-26,19,5,lab,0,364.8,0.085,-0.07,9.717,0,0,idle,0,0
2026-01-26 19:10:00,2026-01-26,19,10,library,0,327.6,-0.066,0.056,9.867,0,0,idle,0,0
2026-01-26 19:15:00,2026-01-26,19,15,library,0,390.9,-0.094,-0.061,9.754,0,0,idle,0,0
2026-01-26 19:20:00,2026-01-26,19,20,classroom_A,0,341.7,0.049,-0.098,9.814,0,0,idle,0,0
2026-01-26 19:25:00,2026-01-26,19,25,classroom_A,0,326.8,0.084,0.089,9.77,0,0,idle,0,0
2026-01-26 19:30:00,2026-01-26,19,30,entrance,0,310.3,-0.009,0.041,9.732,0,0,idle,0,0
2026-01-26 19:35:00,2026-01-26,19,35,classroom_A,1,68.1,0.069,0.012,9.823,0,0,idle,0,1
2026-01-26 19:40:00,2026-01-26,19,40,classroom_A,0,387.9,-0.071,-0.03,9.759,0,0,idle,0,0
2026-01-26 19:45:00,2026-01-26,19,45,entrance,0,362.3,-0.034,0.099,9.877,0,0,idle,0,0
2026-01-26 19:50:00,2026-01-26,19,50,lab,0,229.5,0.026,0.003,9.703,0,0,idle,0,0
2026-01-26 19:55:00,2026-01-26,19,55,classroom_B,1,59.7,1.741,-1.272,8.038,0,0,standing,0,1
2026-01-26 20:00:00,2026-01-26,20,0,library,0,360.9,0.039,0.021,9.768,0,0,idle,0,0
2026-01-26 20:05:00,2026-01-26,20,5,classroom_A,1,88.4,0.094,0.017,9.766,0,0,idle,0,1
2026-01-26 20:10:00,2026-01-26,20,10,library,1,91.1,0.068,-0.014,9.727,0,0,idle,0,1
2026-01-26 20:15:00,2026-01-26,20,15,library,0,288.6,0.076,-0.03,9.839,0,0,idle,0,0
2026-01-26 20:20:00,2026-01-26,20,20,classroom_A,0,247.5,-0.059,0.032,9.71,0,0,idle,0,0
2026-01-26 20:25:00,2026-01-26,20,25,classroom_A,0,227.6,0.018,0.077,9.898,0,0,idle,0,0
2026-01-26 20:30:00,2026-01-26,20,30,lab,0,201.8,-0.044,0.066,9.755,0,0,idle,0,0
2026-01-26 20:35:00,2026-01-26,20,35,classroom_A,0,215.9,0.015,-0.097,9.802,0,0,idle,0,0
2026-01-26 20:40:00,2026-01-26,20,40,classroom_B,0,352.0,0.046,0.071,9.804,0,0,idle,0,0
2026-01-26 20:45:00,2026-01-26,20,45,library,0,312.0,0.09,0.014,9.762,0,0,idle,0,0
2026-01-26 20:50:00,2026-01-26,20,50,classroom_B,0,224.4,-0.008,0.013,9.71,0,0,idle,0,0
2026-01-26 20:55:00,2026-01-26,20,55,lab,0,288.1,0.012,0.018,9.877,0,0,idle,0,0
2026-01-26 21:00:00,2026-01-26,21,0,lab,0,327.9,0.064,-0.034,9.744,0,0,idle,0,0
2026-01-26 21:05:00,2026-01-26,21,5,library,0,361.6,-0.049,0.002,9.803,0,0,idle,0,0
2026-01-26 21:10:00,2026-01-26,21,10,library,0,282.8,0.06,-0.024,9.832,0,0,idle,0,0
2026-01-26 21:15:00,2026-01-26,21,15,classroom_A,0,273.5,0.033,0.032,9.833,0,0,idle,0,0
2026-01-26 21:20:00,2026-01-26,21,20,library,0,232.9,0.007,-0.1,9.853,0,0,idle,0,0
2026-01-26 21:25:00,2026-01-26,21,25,classroom_B,0,249.1,-0.058,-0.013,9.802,0,0,idle,0,0
2026-01-26 21:30:00,2026-01-26,21,30,lab,0,345.5,0.036,0.066,9.797,0,0,idle,0,0
2026-01-26 21:35:00,2026-01-26,21,35,library,0,300.5,0.022,-0.02,9.765,0,0,idle,0,0
2026-01-26 21:40:00,2026-01-26,21,40,lab,0,394.7,0.047,0.015,9.866,0,0,idle,0,0
2026-01-26 21:45:00,2026-01-26,21,45,classroom_B,0,215.9,-0.029,-0.06,9.888,0,0,idle,0,0
2026-01-26 21:50:00,2026-01-26,21,50,library,0,336.7,0.042,0.02,9.732,0,0,idle,0,0
2026-01-26 21:55:00,2026-01-26,21,55,entrance,0,297.7,0.007,-0.009,9.755,0,0,idle,0,0
2026-01-27 07:00:00,2026-01-27,7,0,classroom_A,0,258.2,0.005,0.037,9.897,0,0,idle,0,0
2026-01-27 07:05:00,2026-01-27,7,5,library,0,264.6,-0.076,0.05,9.724,0,0,idle,0,0
2026-01-27 07:10:00,2026-01-27,7,10,classroom_B,0,284.9,-0.033,-0.046,9.781,0,0,idle,0,0
2026-01-27 07:15:00,2026-01-27,7,15,lab,0,271.6,0.028,-0.038,9.722,0,0,idle,0,0
2026-01-27 07:20:00,2026-01-27,7,20,entrance,0,319.8,-0.052,0.045,9.883,0,0,idle,0,0
2026-01-27 07:25:00,2026-01-27,7,25,entrance,0,241.3,0.047,0.064,9.712,0,0,idle,0,0
2026-01-27 07:30:00,2026-01-27,7,30,lab,0,238.3,-0.092,0.052,9.765,0,0,idle,0,0
2026-01-27 07:35:00,2026-01-27,7,35,library,0,231.0,0.084,-0.071,9.805,0,0,idle,0,0
2026-01-27 07:40:00,2026-01-27,7,40,lab,0,243.0,0.054,0.02,9.796,0,0,idle,0,0
2026-01-27 07:45:00,2026-01-27,7,45,entrance,0,313.5,0.004,-0.049,9.831,0,0,idle,0,0
2026-01-27 07:50:00,2026-01-27,7,50,classroom_A,0,360.9,0.075,0.094,9.755,0,0,idle,0,0
2026-01-27 07:55:00,2026-01-27,7,55,classroom_A,0,260.0,-0.099,0.068,9.767,0,0,idle,0,0
2026-01-27 08:00:00,2026-01-27,8,0,classroom_B,1,31.8,0.005,-0.02,9.849,1,0,idle,1,0
2026-01-27 08:05:00,2026-01-27,8,5,classroom_B,1,89.3,0.017,0.078,9.708,0,0,idle,1,0
2026-01-27 08:10:00,2026-01-27,8,10,entrance,0,364.9,-0.019,0.04,9.799,0,0,idle,1,0
2026-01-27 08:15:00,2026-01-27,8,15,classroom_A,1,77.4,0.039,0.059,9.825,1,0,idle,1,0
2026-01-27 08:20:00,2026-01-27,8,20,classroom_A,0,364.2,-0.03,-0.011,9.825,0,0,idle,1,0
2026-01-27 08:25:00,2026-01-27,8,25,classroom_B,0,272.9,-0.091,0.096,9.876,0,0,idle,1,0
2026-01-27 08:30:00,2026-01-27,8,30,library,0,344.5,0.07,0.03,9.831,0,0,idle,1,0
2026-01-27 08:35:00,2026-01-27,8,35,lab,1,11.8,-0.032,-0.036,9.728,0,0,idle,1,0
2026-01-27 08:40:00,2026-01-27,8,40,library,1,94.8,-0.004,0.002,9.758,0,0,idle,1,0
2026-01-27 08:45:00,2026-01-27,8,45,library,0,204.5,-0.004,-0.031,9.833,0,0,idle,1,0
2026-01-27 08:50:00,2026-01-27,8,50,classroom_B,1,94.4,-0.087,-0.003,9.774,0,0,idle,1,0
2026-01-27 08:55:00,2026-01-27,8,55,classroom_A,1,81.4,-0.067,-0.059,9.72,0,0,idle,1,0
2026-01-27 09:00:00,2026-01-27,9,0,lab,1,70.6,1.122,-0.655,9.711,0,0,standing,1,0
2026-01-27 09:05:00,2026-01-27,9,5,library,0,316.5,-0.093,-0.096,9.765,0,0,idle,1,0
2026-01-27 09:10:00,2026-01-27,9,10,classroom_B,1,81.4,1.341,-1.109,10.298,0,0,running,1,0
2026-01-27 09:15:00,2026-01-27,9,15,library,0,360.1,-0.065,-0.072,9.701,0,0,idle,1,0
2026-01-27 09:20:00,2026-01-27,9,20,classroom_A,1,65.1,-0.003,0.089,9.839,0,0,idle,1,0
2026-01-27 09:25:00,2026-01-27,9,25,classroom_A,1,51.7,-1.796,-1.809,8.369,0,0,standing,1,0
2026-01-27 09:30:00,2026-01-27,9,30,classroom_B,0,322.9,-0.047,0.033,9.864,0,0,idle,1,0
2026-01-27 09:35:00,2026-01-27,9,35,classroom_B,1,53.5,1.77,-0.127,9.501,0,0,sitting,1,0
2026-01-27 09:40:00,2026-01-27,9,40,classroom_B,1,75.8,-0.081,0.007,9.875,0,0,idle,1,0
2026-01-27 09:45:00,2026-01-27,9,45,classroom_B,1,87.5,0.093,-0.03,9.704,0,0,idle,1,0
2026-01-27 09:50:00,2026-01-27,9,50,library,1,63.8,-0.028,0.0,9.831,0,0,idle,1,0
2026-01-27 09:55:00,2026-01-27,9,55,classroom_A,0,252.5,0.028,0.055,9.782,0,0,idle,1,0
2026-01-27 10:00:00,2026-01-27,10,0,library,1,76.2,0.028,-0.011,9.76,0,0,idle,1,0
2026-01-27 10:05:00,2026-01-27,10,5,library,0,288.9,0.043,-0.049,9.896,0,0,idle,1,0
2026-01-27 10:10:00,2026-01-27,10,10,entrance,1,82.8,-0.051,-0.042,9.811,0,0,idle,1,0
2026-01-27 10:15:00,2026-01-27,10,15,lab,1,29.5,-0.025,0.053,9.707,0,0,idle,1,0
2026-01-27 10:20:00,2026-01-27,10,20,lab,1,17.0,0.036,0.032,9.708,1,0,idle,1,0
2026-01-27 10:25:00,2026-01-27,10,25,entrance,1,81.2,-1.866,0.172,10.102,0,0,walking,1,0
2026-01-27 10:30:00,2026-01-27,10,30,lab,1,73.3,1.193,0.313,10.342,0,0,running,1,0
2026-01-27 10:35:00,2026-01-27,10,35,classroom_B,1,70.9,-0.06,-0.014,9.9,0,0,idle,1,0
2026-01-27 10:40:00,2026-01-27,10,40,library,0,318.9,-0.091,-0.088,9.726,0,0,idle,1,0
2026-01-27 10:45:00,2026-01-27,10,45,classroom_A,1,34.3,-1.145,1.203,10.461,0,1,walking,1,0
2026-01-27 10:50:00,2026-01-27,10,50,classroom_A,1,52.1,-0.067,0.027,9.895,0,0,idle,1,0
2026-01-27 10:55:00,2026-01-27,10,55,entrance,1,74.1,-0.017,0.054,9.877,0,0,idle,1,0
2026-01-27 11:00:00,2026-01-27,11,0,classroom_B,1,79.1,0.034,0.033,9.883,0,0,idle,1,0
2026-01-27 11:05:00,2026-01-27,11,5,entrance,0,287.4,-0.027,0.063,9.778,0,0,idle,1,0
2026-01-27 11:10:00,2026-01-27,11,10,classroom_B,1,97.7,0.09,0.034,9.747,0,0,idle,1,0
2026-01-27 11:15:00,2026-01-27,11,15,lab,0,360.0,-0.072,0.001,9.853,0,0,idle,1,0
2026-01-27 11:20:00,2026-01-27,11,20,classroom_A,1,62.5,-1.495,-1.486,8.588,1,0,walking,1,0
2026-01-27 11:25:00,2026-01-27,11,25,classroom_A,1,24.3,0.085,0.017,9.858,0,0,idle,1,0
2026-01-27 11:30:00,2026-01-27,11,30,classroom_B,0,362.0,0.073,-0.021,9.852,0,0,idle,1,0
2026-01-27 11:35:00,2026-01-27,11,35,classroom_B,1,33.8,-0.024,-0.026,9.743,0,0,idle,1,0
2026-01-27 11:40:00,2026-01-27,11,40,entrance,1,16.9,0.059,0.038,9.833,0,0,idle,1,0
2026-01-27 11:45:00,2026-01-27,11,45,library,1,92.9,1.865,0.749,8.433,0,0,walking,1,0
2026-01-27 11:50:00,2026-01-27,11,50,classroom_B,1,63.4,0.09,-0.014,9.76,1,0,idle,1,0
2026-01-27 11:55:00,2026-01-27,11,55,entrance,0,387.8,-0.048,0.034,9.733,0,0,idle,1,0
2026-01-27 12:00:00,2026-01-27,12,0,classroom_A,1,57.0,-0.705,1.899,10.698,0,0,walking,1,0
2026-01-27 12:05:00,2026-01-27,12,5,classroom_B,0,202.3,-0.1,-0.004,9.856,0,0,idle,1,0
2026-01-27 12:10:00,2026-01-27,12,10,classroom_A,1,53.5,-0.098,-0.016,9.833,0,0,idle,1,0
2026-01-27 12:15:00,2026-01-27,12,15,lab,0,275.4,0.048,-0.025,9.797,0,0,idle,1,0
2026-01-27 12:20:00,2026-01-27,12,20,lab,1,15.9,0.092,-0.0,9.708,0,0,idle,1,0
2026-01-27 12:25:00,2026-01-27,12,25,classroom_B,1,69.1,-0.44,0.297,8.134,0,0,walking,1,0
2026-01-27 12:30:00,2026-01-27,12,30,entrance,0,251.3,-0.014,-0.04,9.818,0,0,idle,1,0
2026-01-27 12:35:00,2026-01-27,12,35,library,1,39.1,0.051,0.022,9.704,0,0,idle,1,0
2026-01-27 12:40:00,2026-01-27,12,40,entrance,1,60.8,-0.003,-0.097,9.76,0,0,idle,1,0
2026-01-27 12:45:00,2026-01-27,12,45,classroom_B,0,319.2,0.037,-0.075,9.714,0,0,idle,1,0
2026-01-27 12:50:00,2026-01-27,12,50,entrance,1,19.0,0.009,0.016,9.793,1,0,idle,1,0
2026-01-27 12:55:00,2026-01-27,12,55,classroom_A,0,384.5,-0.087,-0.05,9.88,0,0,idle,1,0
2026-01-27 13:00:00,2026-01-27,13,0,entrance,0,268.2,-0.066,0.059,9.728,0,0,idle,1,0
2026-01-27 13:05:00,2026-01-27,13,5,library,1,76.1,0.01,0.002,9.773,0,1,idle,1,0
2026-01-27 13:10:00,2026-01-27,13,10,entrance,1,79.5,-0.054,0.001,9.76,0,0,idle,1,0
2026-01-27 13:15:00,2026-01-27,13,15,classroom_A,1,42.6,1.214,1.405,9.44,0,0,standing,1,0
2026-01-27 13:20:00,2026-01-27,13,20,classroom_B,0,341.2,-0.076,0.075,9.847,0,0,idle,1,0
2026-01-27 13:25:00,2026-01-27,13,25,library,1,82.7,1.644,-1.022,8.26,0,0,standing,1,0
2026-01-27 13:30:00,2026-01-27,13,30,library,0,313.3,-0.098,-0.056,9.862,0,0,idle,1,0
2026-01-27 13:35:00,2026-01-27,13,35,entrance,1,54.4,0.071,0.04,9.738,0,0,idle,1,0
2026-01-27 13:40:00,2026-01-27,13,40,entrance,0,260.7,-0.074,0.082,9.84,0,0,idle,1,0
2026-01-27 13:45:00,2026-01-27,13,45,lab,1,96.7,1.237,1.043,9.894,0,0,running,1,0
2026-01-27 13:50:00,2026-01-27,13,50,entrance,1,20.4,0.053,-0.019,9.793,0,0,idle,1,0
2026-01-27 13:55:00,2026-01-27,13,55,classroom_A,1,30.2,0.091,0.069,9.886,0,0,idle,1,0
2026-01-27 14:00:00,2026-01-27,14,0,classroom_A,0,327.8,-0.006,-0.053,9.746,0,0,idle,1,0
2026-01-27 14:05:00,2026-01-27,14,5,classroom_B,1,81.2,0.045,-0.01,9.882,0,0,idle,1,0
2026-01-27 14:10:00,2026-01-27,14,10,library,0,268.1,0.056,-0.04,9.756,0,0,idle,1,0
2026-01-27 14:15:00,2026-01-27,14,15,classroom_A,0,317.3,0.04,0.097,9.845,0,0,idle,1,0
2026-01-27 14:20:00,2026-01-27,14,20,classroom_B,0,308.3,0.098,-0.023,9.871,0,0,idle,1,0
2026-01-27 14:25:00,2026-01-27,14,25,lab,1,14.6,0.07,0.078,9.772,0,0,idle,1,0
2026-01-27 14:30:00,2026-01-27,14,30,classroom_B,1,20.6,-0.064,1.973,9.418,0,0,standing,1,0
2026-01-27 14:35:00,2026-01-27,14,35,classroom_B,1,51.5,0.058,-0.07,9.777,0,0,idle,1,0
2026-01-27 14:40:00,2026-01-27,14,40,lab,1,99.0,-1.187,-1.958,9.522,0,0,sitting,1,0
2026-01-27 14:45:00,2026-01-27,14,45,entrance,1,49.0,0.046,-0.064,9.873,0,0,idle,1,0
2026-01-27 14:50:00,2026-01-27,14,50,lab,1,21.9,0.01,-0.093,9.854,0,0,idle,1,0
2026-01-27 14:55:00,2026-01-27,14,55,lab,1,43.7,0.617,0.278,10.679,1,0,sitting,1,0
2026-01-27 15:00:00,2026-01-27,15,0,classroom_A,1,89.1,0.085,-0.086,9.857,1,0,idle,1,0
2026-01-27 15:05:00,2026-01-27,15,5,entrance,0,224.6,0.011,-0.016,9.737,0,0,idle,1,0
2026-01-27 15:10:00,2026-01-27,15,10,entrance,1,97.0,-0.066,-0.06,9.746,0,0,idle,1,0
2026-01-27 15:15:00,2026-01-27,15,15,entrance,0,243.1,0.018,-0.054,9.756,0,0,idle,1,0
2026-01-27 15:20:00,2026-01-27,15,20,lab,0,362.9,0.078,0.067,9.89,0,0,idle,1,0
2026-01-27 15:25:00,2026-01-27,15,25,lab,1,97.7,0.036,-0.1,9.822,0,0,idle,1,0
2026-01-27 15:30:00,2026-01-27,15,30,entrance,1,45.3,0.02,-0.082,9.801,0,0,idle,1,0
2026-01-27 15:35:00,2026-01-27,15,35,classroom_B,1,44.4,-0.049,0.077,9.811,0,0,idle,1,0
2026-01-27 15:40:00,2026-01-27,15,40,classroom_B,1,20.5,0.051,0.06,9.857,0,0,idle,1,0
2026-01-27 15:45:00,2026-01-27,15,45,classroom_B,0,305.9,-0.099,-0.05,9.789,0,0,idle,1,0
2026-01-27 15:50:00,2026-01-27,15,50,lab,0,273.0,0.06,-0.004,9.872,0,0,idle,1,0
2026-01-27 15:55:00,2026-01-27,15,55,classroom_A,1,67.4,-0.021,0.036,9.708,0,0,idle,1,0
2026-01-27 16:00:00,2026-01-27,16,0,lab,1,89.9,-0.093,0.08,9.824,0,0,idle,1,0
2026-01-27 16:05:00,2026-01-27,16,5,library,0,384.5,0.09,0.055,9.832,0,0,idle,1,0
2026-01-27 16:10:00,2026-01-27,16,10,lab,0,313.2,0.055,-0.068,9.877,0,0,idle,1,0
2026-01-27 16:15:00,2026-01-27,16,15,lab,1,81.8,1.206,1.222,9.702,0,0,sitting,1,0
2026-01-27 16:20:00,2026-01-27,16,20,classroom_A,0,315.5,-0.038,-0.077,9.702,0,0,idle,1,0
2026-01-27 16:25:00,2026-01-27,16,25,entrance,0,308.4,0.001,-0.006,9.704,0,0,idle,1,0
2026-01-27 16:30:00,2026-01-27,16,30,entrance,0,235.8,-0.002,-0.032,9.716,0,0,idle,1,0
2026-01-27 16:35:00,2026-01-27,16,35,classroom_B,1,24.3,0.05,-0.084,9.877,0,0,idle,1,0
2026-01-27 16:40:00,2026-01-27,16,40,lab,1,34.8,-0.073,0.073,9.714,0,0,idle,1,0
2026-01-27 16:45:00,2026-01-27,16,45,classroom_B,1,52.0,-0.096,-0.08,9.734,0,0,idle,1,0
2026-01-27 16:50:00,2026-01-27,16,50,classroom_A,1,84.3,0.885,-1.778,9.604,0,0,standing,1,0
2026-01-27 16:55:00,2026-01-27,16,55,entrance,1,61.6,0.09,-0.072,9.748,0,0,idle,1,0
2026-01-27 17:00:00,2026-01-27,17,0,classroom_B,1,81.6,-0.033,0.096,9.731,1,0,idle,1,0
2026-01-27 17:05:00,2026-01-27,17,5,entrance,0,306.3,0.0,-0.08,9.827,0,0,idle,1,0
2026-01-27 17:10:00,2026-01-27,17,10,classroom_A,1,14.0,-0.271,0.437,10.541,0,1,sitting,1,0
2026-01-27 17:15:00,2026-01-27,17,15,classroom_A,1,61.4,1.394,-1.381,10.171,1,0,standing,1,0
2026-01-27 17:20:00,2026-01-27,17,20,classroom_A,0,290.0,-0.099,-0.046,9.829,0,0,idle,1,0
2026-01-27 17:25:00,2026-01-27,17,25,library,0,317.1,0.001,0.019,9.721,0,0,idle,1,0
2026-01-27 17:30:00,2026-01-27,17,30,lab,0,326.3,-0.026,-0.035,9.725,0,0,idle,1,0
2026-01-27 17:35:00,2026-01-27,17,35,entrance,0,360.4,0.029,-0.083,9.82,0,0,idle,1,0
2026-01-27 17:40:00,2026-01-27,17,40,entrance,0,293.3,0.066,-0.008,9.839,0,0,idle,1,0
2026-01-27 17:45:00,2026-01-27,17,45,classroom_A,0,392.6,0.083,-0.04,9.862,0,0,idle,1,0
2026-01-27 17:50:00,2026-01-27,17,50,lab,1,24.3,0.405,0.069,9.636,0,0,walking,1,0
2026-01-27 17:55:00,2026-01-27,17,55,lab,0,247.1,0.085,-0.013,9.858,0,0,idle,1,0
2026-01-27 18:00:00,2026-01-27,18,0,classroom_B,0,350.3,-0.041,0.027,9.74,0,0,idle,0,0
2026-01-27 18:05:00,2026-01-27,18,5,lab,0,324.5,-0.008,-0.001,9.821,0,0,idle,0,0
2026-01-27 18:10:00,2026-01-27,18,10,classroom_A,0,222.1,0.081,0.051,9.87,0,0,idle,0,0
2026-01-27 18:15:00,2026-01-27,18,15,library,0,373.3,0.03,0.067,9.823,0,0,idle,0,0
2026-01-27 18:20:00,2026-01-27,18,20,entrance,1,82.5,0.136,-1.925,8.89,0,0,standing,0,1
2026-01-27 18:25:00,2026-01-27,18,25,classroom_B,0,344.2,0.014,-0.098,9.713,0,0,idle,0,0
2026-01-27 18:30:00,2026-01-27,18,30,classroom_A,0,295.6,-0.075,0.076,9.781,0,0,idle,0,0
2026-01-27 18:35:00,2026-01-27,18,35,library,0,252.3,-0.069,-0.093,9.783,0,0,idle,0,0
2026-01-27 18:40:00,2026-01-27,18,40,entrance,0,319.1,-0.083,0.091,9.885,0,0,idle,0,0
2026-01-27 18:45:00,2026-01-27,18,45,entrance,0,335.8,-0.07,-0.052,9.889,0,0,idle,0,0
2026-01-27 18:50:00,2026-01-27,18,50,lab,0,236.9,-0.064,-0.038,9.713,0,0,idle,0,0
2026-01-27 18:55:00,2026-01-27,18,55,entrance,0,265.7,0.014,0.058,9.876,0,0,idle,0,0
2026-01-27 19:00:00,2026-01-27,19,0,library,0,225.2,0.022,-0.055,9.896,0,0,idle,0,0
2026-01-27 19:05:00,2026-01-27,19,5,library,0,347.4,-0.01,-0.039,9.732,0,0,idle,0,0
2026-01-27 19:10:00,2026-01-27,19,10,lab,0,366.8,0.093,0.029,9.765,0,0,idle,0,0
2026-01-27 19:15:00,2026-01-27,19,15,classroom_B,0,382.3,-0.004,-0.005,9.887,0,0,idle,0,0
2026-01-27 19:20:00,2026-01-27,19,20,classroom_A,0,319.0,0.058,-0.067,9.854,0,0,idle,0,0
2026-01-27 19:25:00,2026-01-27,19,25,classroom_A,0,293.0,0.056,-0.019,9.702,0,0,idle,0,0
2026-01-27 19:30:00,2026-01-27,19,30,lab,0,312.6,0.015,0.041,9.827,0,0,idle,0,0
2026-01-27 19:35:00,2026-01-27,19,35,classroom_A,0,290.7,-0.086,0.068,9.762,0,0,idle,0,0
2026-01-27 19:40:00,2026-01-27,19,40,entrance,0,297.8,0.068,0.041,9.764,0,0,idle,0,0
2026-01-27 19:45:00,2026-01-27,19,45,library,0,256.8,0.028,-0.075,9.824,0,0,idle,0,0
2026-01-27 19:50:00,2026-01-27,19,50,classroom_B,0,341.1,-0.088,-0.013,9.89,0,0,idle,0,0
2026-01-27 19:55:00,2026-01-27,19,55,lab,0,244.9,-0.061,0.091,9.837,0,0,idle,0,0
2026-01-27 20:00:00,2026-01-27,20,0,classroom_A,0,255.4,0.071,0.048,9.834,0,0,idle,0,0
2026-01-27 20:05:00,2026-01-27,20,5,classroom_B,0,337.8,-0.065,-0.006,9.839,0,0,idle,0,0
2026-01-27 20:10:00,2026-01-27,20,10,classroom_A,0,249.6,0.06,0.002,9.878,0,0,idle,0,0
2026-01-27 20:15:00,2026-01-27,20,15,classroom_B,1,53.3,-1.006,1.593,10.038,0,0,walking,0,1
2026-01-27 20:20:00,2026-01-27,20,20,library,0,235.7,-0.041,-0.005,9.751,0,0,idle,0,0
2026-01-27 20:25:00,2026-01-27,20,25,classroom_B,0,238.2,0.064,-0.069,9.748,0,0,idle,0,0
2026-01-27 20:30:00,2026-01-27,20,30,entrance,1,92.4,-0.075,0.064,9.765,0,0,idle,0,1
2026-01-27 20:35:00,2026-01-27,20,35,classroom_B,0,271.3,0.007,-0.0,9.861,0,0,idle,0,0
2026-01-27 20:40:00,2026-01-27,20,40,classroom_B,0,339.7,-0.045,-0.07,9.83,0,0,idle,0,0
2026-01-27 20:45:00,2026-01-27,20,45,classroom_B,0,278.7,-0.086,0.019,9.731,0,0,idle,0,0
2026-01-27 20:50:00,2026-01-27,20,50,lab,0,226.3,-0.053,0.06,9.707,0,0,idle,0,0
2026-01-27 20:55:00,2026-01-27,20,55,classroom_B,0,215.1,-0.082,-0.05,9.895,0,0,idle,0,0
2026-01-27 21:00:00,2026-01-27,21,0,classroom_B,0,269.9,0.049,0.046,9.762,0,0,idle,0,0
2026-01-27 21:05:00,2026-01-27,21,5,lab,0,394.8,0.023,0.075,9.722,0,0,idle,0,0
2026-01-27 21:10:00,2026-01-27,21,10,lab,0,262.8,-0.001,-0.076,9.886,0,0,idle,0,0
2026-01-27 21:15:00,2026-01-27,21,15,lab,0,234.7,0.003,0.03,9.896,0,0,idle,0,0
2026-01-27 21:20:00,2026-01-27,21,20,entrance,0,368.0,-0.014,0.049,9.727,0,0,idle,0,0
2026-01-27 21:25:00,2026-01-27,21,25,classroom_A,0,374.5,0.031,0.078,9.843,0,0,idle,0,0
2026-01-27 21:30:00,2026-01-27,21,30,classroom_B,0,201.9,0.056,-0.008,9.888,0,0,idle,0,0
2026-01-27 21:35:00,2026-01-27,21,35,lab,1,23.8,0.012,-0.023,9.862,0,0,idle,0,1
2026-01-27 21:40:00,2026-01-27,21,40,entrance,0,215.5,-0.062,-0.057,9.893,0,0,idle,0,0
2026-01-27 21:45:00,2026-01-27,21,45,entrance,0,301.0,0.049,0.019,9.722,0,0,idle,0,0
2026-01-27 21:50:00,2026-01-27,21,50,classroom_A,0,353.1,-0.016,-0.081,9.71,0,0,idle,0,0
2026-01-27 21:55:00,2026-01-27,21,55,library,0,297.1,0.003,0.0,9.72,0,0,idle,0,0
2026-01-28 07:00:00,2026-01-28,7,0,classroom_A,0,256.2,0.095,-0.022,9.723,0,0,idle,0,0
2026-01-28 07:05:00,2026-01-28,7,5,classroom_B,0,222.8,0.093,-0.005,9.807,0,0,idle,0,0
2026-01-28 07:10:00,2026-01-28,7,10,classroom_B,0,363.5,-0.029,-0.016,9.819,0,0,idle,0,0
2026-01-28 07:15:00,2026-01-28,7,15,library,0,332.2,-0.024,0.099,9.852,0,0,idle,0,0
2026-01-28 07:20:00,2026-01-28,7,20,classroom_A,0,276.0,-0.065,-0.093,9.796,0,0,idle,0,0
2026-01-28 07:25:00,2026-01-28,7,25,classroom_B,0,231.3,-0.1,0.028,9.811,0,0,idle,0,0
2026-01-28 07:30:00,2026-01-28,7,30,lab,0,326.5,-0.008,-0.03,9.757,0,0,idle,0,0
2026-01-28 07:35:00,2026-01-28,7,35,entrance,0,345.4,0.042,-0.094,9.807,0,0,idle,0,0
2026-01-28 07:40:00,2026-01-28,7,40,library,0,320.7,0.09,0.004,9.82,0,0,idle,0,0
2026-01-28 07:45:00,2026-01-28,7,45,lab,0,328.3,-0.031,-0.043,9.81,0,0,idle,0,0
2026-01-28 07:50:00,2026-01-28,7,50,lab,0,215.9,-0.022,-0.047,9.707,0,0,idle,0,0
2026-01-28 07:55:00,2026-01-28,7,55,classroom_B,0,303.0,-0.016,-0.025,9.874,0,0,idle,0,0
2026-01-28 08:00:00,2026-01-28,8,0,classroom_B,0,378.6,-0.083,-0.039,9.786,0,0,idle,1,0
2026-01-28 08:05:00,2026-01-28,8,5,lab,1,81.6,-0.059,-0.039,9.885,1,1,idle,1,0
2026-01-28 08:10:00,2026-01-28,8,10,classroom_A,1,93.9,-1.871,-0.602,10.505,0,0,standing,1,0
2026-01-28 08:15:00,2026-01-28,8,15,lab,1,52.3,0.059,-0.096,9.74,0,0,idle,1,0
2026-01-28 08:20:00,2026-01-28,8,20,classroom_A,1,80.4,-0.078,-0.043,9.796,0,0,idle,1,0
2026-01-28 08:25:00,2026-01-28,8,25,classroom_B,1,15.2,0.091,-0.042,9.764,0,0,idle,1,0
2026-01-28 08:30:00,2026-01-28,8,30,lab,1,12.8,0.044,0.033,9.817,0,0,idle,1,0
2026-01-28 08:35:00,2026-01-28,8,35,classroom_B,1,51.2,-0.004,-0.038,9.719,0,0,idle,1,0
2026-01-28 08:40:00,2026-01-28,8,40,library,1,29.8,-0.095,0.016,9.758,0,0,idle,1,0
2026-01-28 08:45:00,2026-01-28,8,45,lab,0,397.2,-0.002,0.095,9.756,0,0,idle,1,0
2026-01-28 08:50:00,2026-01-28,8,50,lab,0,313.3,0.029,-0.037,9.754,0,0,idle,1,0
2026-01-28 08:55:00,2026-01-28,8,55,lab,1,65.7,-0.028,0.004,9.86,0,0,idle,1,0
2026-01-28 09:00:00,2026-01-28,9,0,classroom_A,0,326.4,-0.089,-0.067,9.75,0,0,idle,1,0
2026-01-28 09:05:00,2026-01-28,9,5,classroom_B,1,95.9,-0.471,-0.128,10.559,0,1,walking,1,0
2026-01-28 09:10:00,2026-01-28,9,10,entrance,1,76.3,-0.08,0.003,9.826,0,0,idle,1,0
2026-01-28 09:15:00,2026-01-28,9,15,library,1,47.2,0.042,0.06,9.87,0,0,idle,1,0
2026-01-28 09:20:00,2026-01-28,9,20,classroom_A,1,79.4,0.023,0.017,9.776,0,1,idle,1,0
2026-01-28 09:25:00,2026-01-28,9,25,classroom_A,1,65.0,0.062,0.071,9.756,0,1,idle,1,0
2026-01-28 09:30:00,2026-01-28,9,30,lab,0,251.9,0.011,-0.05,9.809,0,0,idle,1,0
2026-01-28 09:35:00,2026-01-28,9,35,entrance,1,16.3,-0.053,-0.085,9.773,0,1,idle,1,0
2026-01-28 09:40:00,2026-01-28,9,40,entrance,0,206.3,-0.07,0.036,9.826,0,0,idle,1,0
2026-01-28 09:45:00,2026-01-28,9,45,entrance,0,357.6,0.021,-0.05,9.815,0,0,idle,1,0
2026-01-28 09:50:00,2026-01-28,9,50,entrance,1,12.2,0.057,-0.081,9.8,0,0,idle,1,0
2026-01-28 09:55:00,2026-01-28,9,55,lab,0,360.8,0.023,0.047,9.869,0,0,idle,1,0
2026-01-28 10:00:00,2026-01-28,10,0,library,0,335.3,-0.071,-0.039,9.797,0,0,idle,1,0
2026-01-28 10:05:00,2026-01-28,10,5,entrance,1,79.9,1.875,-1.118,8.235,0,1,walking,1,0
2026-01-28 10:10:00,2026-01-28,10,10,classroom_A,1,87.2,0.027,-0.038,9.89,0,1,idle,1,0
2026-01-28 10:15:00,2026-01-28,10,15,entrance,1,67.3,0.017,-0.1,9.762,1,0,idle,1,0
2026-01-28 10:20:00,2026-01-28,10,20,entrance,1,34.7,1.997,-0.454,8.3,0,0,running,1,0
2026-01-28 10:25:00,2026-01-28,10,25,lab,1,33.6,0.053,-0.022,9.763,1,0,idle,1,0
2026-01-28 10:30:00,2026-01-28,10,30,lab,1,97.9,0.058,-0.009,9.754,0,0,idle,1,0
2026-01-28 10:35:00,2026-01-28,10,35,entrance,1,65.6,0.084,0.005,9.701,0,0,idle,1,0
2026-01-28 10:40:00,2026-01-28,10,40,lab,0,278.6,0.094,0.023,9.718,0,0,idle,1,0
2026-01-28 10:45:00,2026-01-28,10,45,lab,0,214.2,0.067,-0.097,9.734,0,0,idle,1,0
2026-01-28 10:50:00,2026-01-28,10,50,entrance,1,94.6,0.011,-0.03,9.885,0,1,idle,1,0
2026-01-28 10:55:00,2026-01-28,10,55,entrance,1,99.7,0.029,-0.041,9.857,0,0,idle,1,0
2026-01-28 11:00:00,2026-01-28,11,0,library,1,36.0,-0.237,1.802,9.2,0,0,running,1,0
2026-01-28 11:05:00,2026-01-28,11,5,classroom_A,0,318.2,0.002,0.003,9.793,0,0,idle,1,0
2026-01-28 11:10:00,2026-01-28,11,10,classroom_A,1,19.6,0.084,-0.009,9.794,0,0,idle,1,0
2026-01-28 11:15:00,2026-01-28,11,15,entrance,1,38.2,0.019,0.062,9.863,0,0,idle,1,0
2026-01-28 11:20:00,2026-01-28,11,20,entrance,1,89.6,0.015,0.052,9.866,0,0,idle,1,0
2026-01-28 11:25:00,2026-01-28,11,25,classroom_A,1,18.4,-1.655,1.887,9.07,0,0,running,1,0
2026-01-28 11:30:00,2026-01-28,11,30,classroom_A,1,69.6,0.013,-0.019,9.84,0,0,idle,1,0
2026-01-28 11:35:00,2026-01-28,11,35,entrance,1,19.8,-0.095,-0.058,9.747,0,1,idle,1,0
2026-01-28 11:40:00,2026-01-28,11,40,entrance,1,72.5,-0.064,0.025,9.896,0,0,idle,1,0
2026-01-28 11:45:00,2026-01-28,11,45,lab,0,322.7,0.03,-0.009,9.721,0,0,idle,1,0
2026-01-28 11:50:00,2026-01-28,11,50,classroom_A,1,61.1,-0.014,0.083,9.755,0,0,idle,1,0
2026-01-28 11:55:00,2026-01-28,11,55,classroom_B,0,362.4,0.065,0.069,9.775,0,0,idle,1,0
2026-01-28 12:00:00,2026-01-28,12,0,lab,0,248.7,0.024,0.073,9.832,0,0,idle,1,0
2026-01-28 12:05:00,2026-01-28,12,5,lab,1,69.7,-1.687,1.702,8.724,0,0,running,1,0
2026-01-28 12:10:00,2026-01-28,12,10,library,0,278.1,0.087,-0.014,9.773,0,0,idle,1,0
2026-01-28 12:15:00,2026-01-28,12,15,lab,1,53.0,-0.722,0.43,8.355,0,0,walking,1,0
2026-01-28 12:20:00,2026-01-28,12,20,library,1,62.9,0.087,-0.026,9.753,0,0,idle,1,0
2026-01-28 12:25:00,2026-01-28,12,25,classroom_A,1,63.6,1.755,0.65,9.885,0,1,standing,1,0
2026-01-28 12:30:00,2026-01-28,12,30,library,1,31.4,-0.005,0.068,9.72,0,0,idle,1,0
2026-01-28 12:35:00,2026-01-28,12,35,classroom_B,0,272.4,-0.075,0.067,9.83,0,0,idle,1,0
2026-01-28 12:40:00,2026-01-28,12,40,entrance,1,93.2,-0.089,-0.09,9.716,0,0,idle,1,0
2026-01-28 12:45:00,2026-01-28,12,45,library,1,39.4,-1.718,0.342,8.578,0,0,standing,1,0
2026-01-28 12:50:00,2026-01-28,12,50,classroom_A,1,17.4,0.071,-0.1,9.835,0,0,idle,1,0
2026-01-28 12:55:00,2026-01-28,12,55,library,1,37.3,0.066,0.025,9.853,0,0,idle,1,0
2026-01-28 13:00:00,2026-01-28,13,0,classroom_B,0,295.6,-0.061,0.086,9.715,0,0,idle,1,0
2026-01-28 13:05:00,2026-01-28,13,5,classroom_B,1,57.6,0.078,0.096,9.89,0,0,idle,1,0
2026-01-28 13:10:00,2026-01-28,13,10,library,0,344.9,-0.086,-0.072,9.898,0,0,idle,1,0
2026-01-28 13:15:00,2026-01-28,13,15,lab,1,89.1,-1.147,-1.674,10.182,0,0,sitting,1,0
2026-01-28 13:20:00,2026-01-28,13,20,lab,1,66.7,-0.055,-0.094,9.738,0,0,idle,1,0
2026-01-28 13:25:00,2026-01-28,13,25,classroom_A,1,48.1,1.652,0.438,8.198,0,1,sitting,1,0
2026-01-28 13:30:00,2026-01-28,13,30,library,1,80.3,0.043,0.047,9.832,0,0,idle,1,0
2026-01-28 13:35:00,2026-01-28,13,35,library,1,89.8,0.061,0.082,9.735,0,0,idle,1,0
2026-01-28 13:40:00,2026-01-28,13,40,classroom_B,1,86.1,0.069,-0.067,9.737,0,0,idle,1,0
2026-01-28 13:45:00,2026-01-28,13,45,lab,1,71.5,1.846,1.206,10.241,0,0,sitting,1,0
2026-01-28 13:50:00,2026-01-28,13,50,library,1,88.5,-0.085,0.057,9.745,1,0,idle,1,0
2026-01-28 13:55:00,2026-01-28,13,55,classroom_B,0,204.9,0.012,-0.004,9.868,0,0,idle,1,0
2026-01-28 14:00:00,2026-01-28,14,0,lab,0,318.8,0.032,0.039,9.854,0,0,idle,1,0
2026-01-28 14:05:00,2026-01-28,14,5,classroom_A,1,25.0,-0.004,0.022,9.734,0,1,idle,1,0
2026-01-28 14:10:00,2026-01-28,14,10,lab,1,75.7,0.091,-0.006,9.723,0,0,idle,1,0
2026-01-28 14:15:00,2026-01-28,14,15,library,1,12.0,-0.704,-0.812,9.606,0,0,walking,1,0
2026-01-28 14:20:00,2026-01-28,14,20,classroom_B,1,95.6,-0.055,-0.009,9.883,0,0,idle,1,0
2026-01-28 14:25:00,2026-01-28,14,25,classroom_A,0,370.5,-0.037,-0.031,9.813,0,0,idle,1,0
2026-01-28 14:30:00,2026-01-28,14,30,entrance,1,50.6,-0.085,-0.004,9.743,0,0,idle,1,0
2026-01-28 14:35:00,2026-01-28,14,35,library,1,57.5,-0.579,1.831,9.389,1,0,sitting,1,0
2026-01-28 14:40:00,2026-01-28,14,40,library,1,86.5,-1.877,-1.942,8.129,0,1,sitting,1,0
2026-01-28 14:45:00,2026-01-28,14,45,classroom_A,1,62.0,-0.989,0.55,8.418,0,0,sitting,1,0
2026-01-28 14:50:00,2026-01-28,14,50,entrance,0,207.9,-0.006,0.043,9.805,0,0,idle,1,0
2026-01-28 14:55:00,2026-01-28,14,55,lab,1,49.7,0.096,0.052,9.758,0,0,idle,1,0
2026-01-28 15:00:00,2026-01-28,15,0,lab,1,15.8,-0.095,-0.041,9.809,0,0,idle,1,0
2026-01-28 15:05:00,2026-01-28,15,5,classroom_B,1,24.4,-0.014,0.078,9.826,0,0,idle,1,0
2026-01-28 15:10:00,2026-01-28,15,10,library,1,18.2,-0.096,-0.027,9.716,0,0,idle,1,0
2026-01-28 15:15:00,2026-01-28,15,15,entrance,0,342.0,-0.074,0.075,9.742,0,0,idle,1,0
2026-01-28 15:20:00,2026-01-28,15,20,entrance,1,47.7,-0.073,-0.052,9.708,0,0,idle,1,0
2026-01-28 15:25:00,2026-01-28,15,25,classroom_B,0,238.1,-0.046,-0.072,9.864,0,0,idle,1,0
2026-01-28 15:30:00,2026-01-28,15,30,entrance,1,51.1,0.015,0.096,9.854,1,0,idle,1,0
2026-01-28 15:35:00,2026-01-28,15,35,lab,0,222.4,-0.017,-0.021,9.725,0,0,idle,1,0
2026-01-28 15:40:00,2026-01-28,15,40,classroom_B,1,85.3,0.035,-0.098,9.741,1,0,idle,1,0
2026-01-28 15:45:00,2026-01-28,15,45,classroom_B,1,11.7,-0.436,0.321,8.013,0,0,running,1,0
2026-01-28 15:50:00,2026-01-28,15,50,classroom_A,1,19.0,-0.081,-0.019,9.729,0,0,idle,1,0
2026-01-28 15:55:00,2026-01-28,15,55,library,1,62.8,-1.524,-1.976,10.454,0,0,running,1,0
2026-01-28 16:00:00,2026-01-28,16,0,classroom_A,0,283.1,0.046,0.055,9.724,0,0,idle,1,0
2026-01-28 16:05:00,2026-01-28,16,5,library,0,274.5,0.04,0.039,9.727,0,0,idle,1,0
2026-01-28 16:10:00,2026-01-28,16,10,lab,0,264.9,0.067,-0.061,9.791,0,0,idle,1,0
2026-01-28 16:15:00,2026-01-28,16,15,classroom_A,1,31.2,0.048,0.091,9.87,0,0,idle,1,0
2026-01-28 16:20:00,2026-01-28,16,20,entrance,0,349.2,0.035,0.019,9.709,0,0,idle,1,0
2026-01-28 16:25:00,2026-01-28,16,25,library,1,92.3,0.063,-0.036,9.837,0,0,idle,1,0
2026-01-28 16:30:00,2026-01-28,16,30,classroom_B,1,25.9,-1.67,-0.219,9.595,0,1,walking,1,0
2026-01-28 16:35:00,2026-01-28,16,35,lab,0,306.7,0.06,-0.099,9.852,0,0,idle,1,0
2026-01-28 16:40:00,2026-01-28,16,40,classroom_A,1,58.9,1.555,1.374,10.48,0,0,walking,1,0
2026-01-28 16:45:00,2026-01-28,16,45,classroom_B,1,73.2,0.054,0.032,9.773,0,1,idle,1,0
2026-01-28 16:50:00,2026-01-28,16,50,library,1,49.9,0.02,0.097,9.718,0,0,idle,1,0
2026-01-28 16:55:00,2026-01-28,16,55,classroom_A,0,244.7,0.042,0.052,9.794,0,0,idle,1,0
2026-01-28 17:00:00,2026-01-28,17,0,classroom_B,1,32.5,0.037,-0.082,9.778,0,0,idle,1,0
2026-01-28 17:05:00,2026-01-28,17,5,classroom_B,0,314.1,0.082,-0.092,9.851,0,0,idle,1,0
2026-01-28 17:10:00,2026-01-28,17,10,library,1,96.8,1.106,-1.194,10.128,0,1,running,1,0
2026-01-28 17:15:00,2026-01-28,17,15,classroom_A,1,51.3,-0.086,0.034,9.827,0,0,idle,1,0
2026-01-28 17:20:00,2026-01-28,17,20,library,1,99.0,-0.022,-0.079,9.723,0,0,idle,1,0
2026-01-28 17:25:00,2026-01-28,17,25,entrance,0,295.8,0.077,0.069,9.725,0,0,idle,1,0
2026-01-28 17:30:00,2026-01-28,17,30,lab,1,93.6,0.087,0.082,9.871,0,0,idle,1,0
2026-01-28 17:35:00,2026-01-28,17,35,classroom_B,0,376.4,0.035,0.077,9.729,0,0,idle,1,0
2026-01-28 17:40:00,2026-01-28,17,40,entrance,0,392.6,0.012,0.023,9.779,0,0,idle,1,0
2026-01-28 17:45:00,2026-01-28,17,45,library,1,79.0,0.094,-0.007,9.839,1,0,idle,1,0
2026-01-28 17:50:00,2026-01-28,17,50,classroom_B,1,10.4,0.35,0.462,10.941,0,0,standing,1,0
2026-01-28 17:55:00,2026-01-28,17,55,library,0,261.9,-0.078,0.093,9.79,0,0,idle,1,0
2026-01-28 18:00:00,2026-01-28,18,0,classroom_B,0,234.1,-0.015,-0.023,9.854,0,0,idle,0,0
2026-01-28 18:05:00,2026-01-28,18,5,entrance,0,246.5,0.054,0.066,9.899,0,0,idle,0,0
2026-01-28 18:10:00,2026-01-28,18,10,library,0,206.2,0.06,-0.048,9.768,0,0,idle,0,0
2026-01-28 18:15:00,2026-01-28,18,15,library,0,322.2,-0.034,0.025,9.842,0,0,idle,0,0
2026-01-28 18:20:00,2026-01-28,18,20,classroom_B,0,292.4,0.021,0.057,9.893,0,0,idle,0,0
2026-01-28 18:25:00,2026-01-28,18,25,classroom_B,0,262.8,0.001,-0.055,9.834,0,0,idle,0,0
2026-01-28 18:30:00,2026-01-28,18,30,classroom_A,0,397.2,0.01,-0.024,9.805,0,0,idle,0,0
2026-01-28 18:35:00,2026-01-28,18,35,lab,0,335.4,-0.002,0.091,9.742,0,0,idle,0,0
2026-01-28 18:40:00,2026-01-28,18,40,entrance,0,219.6,0.037,-0.007,9.891,0,0,idle,0,0
2026-01-28 18:45:00,2026-01-28,18,45,entrance,0,337.2,0.072,-0.037,9.705,0,0,idle,0,0
2026-01-28 18:50:00,2026-01-28,18,50,library,0,306.9,-0.022,-0.069,9.738,0,0,idle,0,0
2026-01-28 18:55:00,2026-01-28,18,55,classroom_B,0,202.7,0.081,-0.018,9.818,0,0,idle,0,0
2026-01-28 19:00:00,2026-01-28,19,0,entrance,0,310.9,0.036,-0.091,9.737,0,0,idle,0,0
2026-01-28 19:05:00,2026-01-28,19,5,classroom_A,0,392.4,0.086,0.037,9.779,0,0,idle,0,0
2026-01-28 19:10:00,2026-01-28,19,10,classroom_B,0,247.6,0.039,0.042,9.862,0,0,idle,0,0
2026-01-28 19:15:00,2026-01-28,19,15,classroom_A,0,231.2,0.019,-0.089,9.728,0,0,idle,0,0
2026-01-28 19:20:00,2026-01-28,19,20,entrance,0,296.4,-0.085,-0.015,9.822,0,0,idle,0,0
2026-01-28 19:25:00,2026-01-28,19,25,entrance,0,342.1,-0.037,-0.031,9.79,0,0,idle,0,0
2026-01-28 19:30:00,2026-01-28,19,30,classroom_A,0,229.8,-0.092,-0.077,9.75,0,0,idle,0,0
2026-01-28 19:35:00,2026-01-28,19,35,lab,0,261.8,0.087,0.059,9.813,0,0,idle,0,0
2026-01-28 19:40:00,2026-01-28,19,40,library,0,222.2,-0.068,0.01,9.75,0,0,idle,0,0
2026-01-28 19:45:00,2026-01-28,19,45,lab,0,327.0,-0.004,0.046,9.857,0,0,idle,0,0
2026-01-28 19:50:00,2026-01-28,19,50,classroom_A,0,287.5,-0.019,0.081,9.734,0,0,idle,0,0
2026-01-28 19:55:00,2026-01-28,19,55,lab,0,308.2,-0.053,0.042,9.705,0,0,idle,0,0
2026-01-28 20:00:00,2026-01-28,20,0,classroom_B,0,283.8,0.039,-0.05,9.701,0,0,idle,0,0
2026-01-28 20:05:00,2026-01-28,20,5,lab,0,264.8,0.088,0.016,9.71,0,0,idle,0,0
2026-01-28 20:10:00,2026-01-28,20,10,library,0,266.6,-0.099,-0.0,9.854,0,0,idle,0,0
2026-01-28 20:15:00,2026-01-28,20,15,lab,0,262.3,0.059,-0.054,9.727,0,0,idle,0,0
2026-01-28 20:20:00,2026-01-28,20,20,lab,0,238.3,0.045,-0.088,9.836,0,0,idle,0,0
2026-01-28 20:25:00,2026-01-28,20,25,classroom_A,1,56.8,0.065,-0.02,9.775,0,0,idle,0,1
2026-01-28 20:30:00,2026-01-28,20,30,classroom_A,0,284.8,0.086,-0.097,9.889,0,0,idle,0,0
2026-01-28 20:35:00,2026-01-28,20,35,entrance,0,312.8,-0.025,-0.033,9.705,0,0,idle,0,0
2026-01-28 20:40:00,2026-01-28,20,40,entrance,0,321.1,-0.014,0.088,9.792,0,0,idle,0,0
2026-01-28 20:45:00,2026-01-28,20,45,classroom_A,0,335.6,-0.065,-0.089,9.817,0,0,idle,0,0
2026-01-28 20:50:00,2026-01-28,20,50,entrance,0,322.3,-0.009,0.02,9.879,0,0,idle,0,0
2026-01-28 20:55:00,2026-01-28,20,55,classroom_A,0,345.6,0.01,-0.061,9.748,0,0,idle,0,0
2026-01-28 21:00:00,2026-01-28,21,0,lab,0,327.0,0.068,0.048,9.732,0,0,idle,0,0
2026-01-28 21:05:00,2026-01-28,21,5,lab,0,321.9,-0.078,0.07,9.745,0,0,idle,0,0
2026-01-28 21:10:00,2026-01-28,21,10,classroom_A,0,234.7,-0.016,0.073,9.88,0,0,idle,0,0
2026-01-28 21:15:00,2026-01-28,21,15,lab,0,302.2,0.03,-0.011,9.756,0,0,idle,0,0
2026-01-28 21:20:00,2026-01-28,21,20,library,0,263.1,0.024,-0.035,9.847,0,0,idle,0,0
2026-01-28 21:25:00,2026-01-28,21,25,classroom_A,0,357.9,0.078,0.087,9.712,0,0,idle,0,0
2026-01-28 21:30:00,2026-01-28,21,30,entrance,0,338.6,0.004,0.039,9.849,0,0,idle,0,0
2026-01-28 21:35:00,2026-01-28,21,35,classroom_B,0,233.5,0.095,0.011,9.88,0,0,idle,0,0
2026-01-28 21:40:00,2026-01-28,21,40,classroom_B,0,283.8,0.001,-0.035,9.848,0,0,idle,0,0
2026-01-28 21:45:00,2026-01-28,21,45,lab,0,202.6,0.014,0.064,9.864,0,0,idle,0,0
2026-01-28 21:50:00,2026-01-28,21,50,classroom_B,0,390.2,-0.012,0.039,9.751,0,0,idle,0,0
2026-01-28 21:55:00,2026-01-28,21,55,lab,0,292.2,-0.009,-0.007,9.75,0,0,idle,0,0
2026-01-29 07:00:00,2026-01-29,7,0,library,0,307.3,-0.097,-0.099,9.839,0,0,idle,0,0
2026-01-29 07:05:00,2026-01-29,7,5,lab,0,263.6,-0.006,0.055,9.711,0,0,idle,0,0
2026-01-29 07:10:00,2026-01-29,7,10,classroom_A,0,381.0,0.003,0.021,9.891,0,0,idle,0,0
2026-01-29 07:15:00,2026-01-29,7,15,classroom_A,0,231.0,0.004,0.059,9.727,0,0,idle,0,0
2026-01-29 07:20:00,2026-01-29,7,20,entrance,0,337.4,-0.086,0.029,9.776,0,0,idle,0,0
2026-01-29 07:25:00,2026-01-29,7,25,lab,0,200.3,-0.061,-0.001,9.829,0,0,idle,0,0
2026-01-29 07:30:00,2026-01-29,7,30,lab,1,44.8,0.009,-0.098,9.74,0,0,idle,0,1
2026-01-29 07:35:00,2026-01-29,7,35,entrance,0,399.9,0.094,0.015,9.774,0,0,idle,0,0
2026-01-29 07:40:00,2026-01-29,7,40,classroom_B,0,316.5,-0.062,-0.075,9.735,0,0,idle,0,0
2026-01-29 07:45:00,2026-01-29,7,45,entrance,0,336.9,-0.052,-0.025,9.837,0,0,idle,0,0
2026-01-29 07:50:00,2026-01-29,7,50,library,0,358.4,-0.083,0.021,9.895,0,0,idle,0,0
2026-01-29 07:55:00,2026-01-29,7,55,lab,0,311.2,0.004,-0.099,9.84,0,0,idle,0,0
2026-01-29 08:00:00,2026-01-29,8,0,entrance,1,56.3,-0.02,0.074,9.721,0,0,idle,1,0
2026-01-29 08:05:00,2026-01-29,8,5,lab,0,211.0,0.065,-0.088,9.745,0,0,idle,1,0
2026-01-29 08:10:00,2026-01-29,8,10,classroom_A,0,315.8,0.046,0.019,9.791,0,0,idle,1,0
2026-01-29 08:15:00,2026-01-29,8,15,lab,1,36.4,-1.785,1.898,8.275,0,1,running,1,0
2026-01-29 08:20:00,2026-01-29,8,20,classroom_B,1,19.6,-0.028,0.045,9.702,1,0,idle,1,0
2026-01-29 08:25:00,2026-01-29,8,25,classroom_A,1,24.7,0.025,0.041,9.824,1,1,idle,1,0
2026-01-29 08:30:00,2026-01-29,8,30,classroom_B,1,89.7,0.025,0.021,9.754,0,0,idle,1,0
2026-01-29 08:35:00,2026-01-29,8,35,classroom_A,1,88.1,0.019,0.05,9.79,0,0,idle,1,0
2026-01-29 08:40:00,2026-01-29,8,40,lab,1,44.5,0.023,0.048,9.834,0,0,idle,1,0
2026-01-29 08:45:00,2026-01-29,8,45,classroom_A,1,41.4,-0.012,-0.092,9.859,0,0,idle,1,0
2026-01-29 08:50:00,2026-01-29,8,50,library,1,94.4,0.053,0.074,9.858,0,0,idle,1,0
2026-01-29 08:55:00,2026-01-29,8,55,lab,0,337.3,-0.011,0.007,9.849,0,0,idle,1,0
2026-01-29 09:00:00,2026-01-29,9,0,lab,0,201.0,0.006,-0.031,9.853,0,0,idle,1,0
2026-01-29 09:05:00,2026-01-29,9,5,library,1,69.2,0.004,0.023,9.778,0,0,idle,1,0
2026-01-29 09:10:00,2026-01-29,9,10,lab,1,56.4,1.278,-0.65,9.202,0,0,standing,1,0
2026-01-29 09:15:00,2026-01-29,9,15,classroom_A,1,39.8,0.016,-0.013,9.737,0,0,idle,1,0
2026-01-29 09:20:00,2026-01-29,9,20,entrance,0,347.3,-0.078,0.08,9.718,0,0,idle,1,0
2026-01-29 09:25:00,2026-01-29,9,25,classroom_B,0,303.6,0.06,0.072,9.892,0,0,idle,1,0
2026-01-29 09:30:00,2026-01-29,9,30,classroom_A,1,48.2,0.011,0.099,9.764,0,0,idle,1,0
2026-01-29 09:35:00,2026-01-29,9,35,library,1,61.9,0.664,-1.791,9.977,0,0,walking,1,0
2026-01-29 09:40:00,2026-01-29,9,40,lab,1,78.3,-0.07,0.072,9.753,0,0,idle,1,0
2026-01-29 09:45:00,2026-01-29,9,45,lab,1,22.1,-0.034,0.009,9.733,0,0,idle,1,0
2026-01-29 09:50:00,2026-01-29,9,50,classroom_B,0,309.6,-0.08,0.022,9.894,0,0,idle,1,0
2026-01-29 09:55:00,2026-01-29,9,55,lab,1,71.5,0.008,-0.011,9.777,0,0,idle,1,0
2026-01-29 10:00:00,2026-01-29,10,0,classroom_A,0,296.4,0.01,-0.05,9.795,0,0,idle,1,0
2026-01-29 10:05:00,2026-01-29,10,5,classroom_A,1,48.7,-0.0,0.007,9.862,0,0,idle,1,0
2026-01-29 10:10:00,2026-01-29,10,10,library,1,87.8,0.024,0.001,9.83,0,0,idle,1,0
2026-01-29 10:15:00,2026-01-29,10,15,entrance,1,52.4,-0.682,-0.968,9.356,0,0,standing,1,0
2026-01-29 10:20:00,2026-01-29,10,20,entrance,1,64.9,0.044,0.016,9.838,0,0,idle,1,0
2026-01-29 10:25:00,2026-01-29,10,25,classroom_B,1,96.6,0.039,-0.033,9.898,0,0,idle,1,0
2026-01-29 10:30:00,2026-01-29,10,30,lab,1,32.4,-0.078,0.068,9.868,0,0,idle,1,0
2026-01-29 10:35:00,2026-01-29,10,35,lab,1,48.0,-0.03,-0.076,9.877,0,0,idle,1,0
2026-01-29 10:40:00,2026-01-29,10,40,classroom_B,1,21.9,0.074,-0.088,9.888,0,0,idle,1,0
2026-01-29 10:45:00,2026-01-29,10,45,classroom_B,1,56.7,0.094,-0.08,9.707,0,0,idle,1,0
2026-01-29 10:50:00,2026-01-29,10,50,lab,1,14.8,0.092,-0.065,9.877,0,0,idle,1,0
2026-01-29 10:55:00,2026-01-29,10,55,entrance,1,47.2,-0.043,-0.009,9.875,0,0,idle,1,0
2026-01-29 11:00:00,2026-01-29,11,0,entrance,1,16.9,-0.097,0.009,9.737,0,0,idle,1,0
2026-01-29 11:05:00,2026-01-29,11,5,library,0,283.2,-0.036,0.076,9.769,0,0,idle,1,0
2026-01-29 11:10:00,2026-01-29,11,10,library,1,46.1,-0.268,0.835,8.889,0,0,running,1,0
2026-01-29 11:15:00,2026-01-29,11,15,classroom_B,1,25.8,1.753,1.659,9.57,0,0,running,1,0
2026-01-29 11:20:00,2026-01-29,11,20,classroom_B,0,322.7,-0.022,0.084,9.821,0,0,idle,1,0
2026-01-29 11:25:00,2026-01-29,11,25,entrance,1,55.1,0.771,0.13,8.86,0,1,walking,1,0
2026-01-29 11:30:00,2026-01-29,11,30,classroom_A,1,85.6,0.468,0.222,10.714,0,0,walking,1,0
2026-01-29 11:35:00,2026-01-29,11,35,lab,1,24.3,1.47,1.779,9.569,1,0,standing,1,0
2026-01-29 11:40:00,2026-01-29,11,40,lab,1,22.3,0.04,0.056,9.737,1,0,idle,1,0
2026-01-29 11:45:00,2026-01-29,11,45,lab,0,344.5,-0.07,0.001,9.883,0,0,idle,1,0
2026-01-29 11:50:00,2026-01-29,11,50,classroom_A,1,84.8,-0.084,0.049,9.781,0,0,idle,1,0
2026-01-29 11:55:00,2026-01-29,11,55,lab,1,67.0,0.051,0.096,9.827,0,0,idle,1,0
2026-01-29 12:00:00,2026-01-29,12,0,classroom_B,1,95.9,1.217,1.357,9.499,1,0,walking,1,0
2026-01-29 12:05:00,2026-01-29,12,5,classroom_A,1,73.5,-0.088,-0.075,9.792,0,0,idle,1,0
2026-01-29 12:10:00,2026-01-29,12,10,classroom_A,1,41.0,-0.01,0.082,9.762,0,0,idle,1,0
2026-01-29 12:15:00,2026-01-29,12,15,lab,1,40.4,0.004,0.045,9.84,0,0,idle,1,0
2026-01-29 12:20:00,2026-01-29,12,20,lab,0,396.6,0.03,-0.041,9.721,0,0,idle,1,0
2026-01-29 12:25:00,2026-01-29,12,25,classroom_B,0,307.5,0.091,-0.028,9.817,0,0,idle,1,0
2026-01-29 12:30:00,2026-01-29,12,30,classroom_B,1,68.0,-0.436,1.147,10.621,0,0,sitting,1,0
2026-01-29 12:35:00,2026-01-29,12,35,entrance,1,93.5,0.685,-0.002,8.685,0,0,walking,1,0
2026-01-29 12:40:00,2026-01-29,12,40,lab,0,232.6,0.009,-0.034,9.807,0,0,idle,1,0
2026-01-29 12:45:00,2026-01-29,12,45,classroom_B,1,69.3,-0.068,0.035,9.752,0,0,idle,1,0
2026-01-29 12:50:00,2026-01-29,12,50,library,0,284.3,-0.094,-0.017,9.827,0,0,idle,1,0
2026-01-29 12:55:00,2026-01-29,12,55,classroom_A,1,15.3,0.874,-1.098,10.866,0,0,running,1,0
2026-01-29 13:00:00,2026-01-29,13,0,classroom_A,0,300.9,-0.082,0.052,9.729,0,0,idle,1,0
2026-01-29 13:05:00,2026-01-29,13,5,entrance,1,48.2,-0.036,0.078,9.855,1,0,idle,1,0
2026-01-29 13:10:00,2026-01-29,13,10,classroom_A,0,273.2,-0.056,-0.009,9.868,0,0,idle,1,0
2026-01-29 13:15:00,2026-01-29,13,15,lab,1,51.3,0.624,-0.036,9.534,1,0,sitting,1,0
2026-01-29 13:20:00,2026-01-29,13,20,classroom_B,1,48.8,-0.007,0.083,9.834,0,0,idle,1,0
2026-01-29 13:25:00,2026-01-29,13,25,lab,1,65.0,-0.026,0.078,9.765,0,0,idle,1,0
2026-01-29 13:30:00,2026-01-29,13,30,library,1,73.9,-1.541,0.056,10.626,0,0,standing,1,0
2026-01-29 13:35:00,2026-01-29,13,35,lab,1,24.4,0.048,0.033,9.773,0,1,idle,1,0
2026-01-29 13:40:00,2026-01-29,13,40,entrance,0,354.7,0.029,0.0,9.855,0,0,idle,1,0
2026-01-29 13:45:00,2026-01-29,13,45,classroom_B,1,38.2,0.022,0.042,9.719,0,0,idle,1,0
2026-01-29 13:50:00,2026-01-29,13,50,classroom_A,0,263.9,-0.088,-0.059,9.858,0,0,idle,1,0
2026-01-29 13:55:00,2026-01-29,13,55,entrance,1,44.7,-0.048,-0.06,9.803,0,0,idle,1,0
2026-01-29 14:00:00,2026-01-29,14,0,classroom_B,1,75.6,-0.052,0.045,9.718,0,0,idle,1,0
2026-01-29 14:05:00,2026-01-29,14,5,library,1,73.2,0.1,-0.013,9.758,0,0,idle,1,0
2026-01-29 14:10:00,2026-01-29,14,10,lab,1,25.8,0.065,0.08,9.772,0,0,idle,1,0
2026-01-29 14:15:00,2026-01-29,14,15,classroom_A,1,62.5,-1.892,1.7,9.435,1,0,standing,1,0
2026-01-29 14:20:00,2026-01-29,14,20,entrance,0,265.0,-0.019,-0.083,9.88,0,0,idle,1,0
2026-01-29 14:25:00,2026-01-29,14,25,classroom_A,0,356.3,-0.059,-0.039,9.893,0,0,idle,1,0
2026-01-29 14:30:00,2026-01-29,14,30,lab,1,55.2,-0.086,-0.057,9.853,0,0,idle,1,0
2026-01-29 14:35:00,2026-01-29,14,35,library,1,47.4,-1.043,1.278,8.348,0,0,walking,1,0
2026-01-29 14:40:00,2026-01-29,14,40,classroom_A,1,72.6,-1.666,-1.105,8.277,0,0,running,1,0
2026-01-29 14:45:00,2026-01-29,14,45,classroom_B,1,95.6,0.18,0.113,8.211,0,0,sitting,1,0
2026-01-29 14:50:00,2026-01-29,14,50,classroom_A,1,20.5,0.035,0.074,9.707,0,0,idle,1,0
2026-01-29 14:55:00,2026-01-29,14,55,lab,1,96.8,0.039,-0.081,9.892,0,0,idle,1,0
2026-01-29 15:00:00,2026-01-29,15,0,classroom_A,1,99.3,0.042,0.039,9.714,0,1,idle,1,0
2026-01-29 15:05:00,2026-01-29,15,5,entrance,1,91.2,-1.539,0.025,10.288,1,0,standing,1,0
2026-01-29 15:10:00,2026-01-29,15,10,classroom_B,1,75.0,-0.095,0.077,9.75,0,0,idle,1,0
2026-01-29 15:15:00,2026-01-29,15,15,classroom_B,1,96.2,1.577,-0.101,9.173,0,0,walking,1,0
2026-01-29 15:20:00,2026-01-29,15,20,entrance,0,230.7,0.041,0.031,9.73,0,0,idle,1,0
2026-01-29 15:25:00,2026-01-29,15,25,lab,0,351.2,-0.058,-0.021,9.867,0,0,idle,1,0
2026-01-29 15:30:00,2026-01-29,15,30,entrance,0,300.8,-0.085,0.03,9.871,0,0,idle,1,0
2026-01-29 15:35:00,2026-01-29,15,35,lab,1,90.0,0.095,0.094,9.891,0,0,idle,1,0
2026-01-29 15:40:00,2026-01-29,15,40,classroom_B,0,241.2,-0.015,0.074,9.705,0,0,idle,1,0
2026-01-29 15:45:00,2026-01-29,15,45,classroom_A,1,35.3,0.073,0.094,9.779,0,0,idle,1,0
2026-01-29 15:50:00,2026-01-29,15,50,classroom_B,0,249.6,0.038,-0.088,9.799,0,0,idle,1,0
2026-01-29 15:55:00,2026-01-29,15,55,classroom_A,1,10.8,-0.018,1.652,8.823,0,0,walking,1,0
2026-01-29 16:00:00,2026-01-29,16,0,library,1,29.4,1.011,-0.649,9.604,0,0,sitting,1,0
2026-01-29 16:05:00,2026-01-29,16,5,lab,1,59.7,0.03,-0.051,9.767,0,0,idle,1,0
2026-01-29 16:10:00,2026-01-29,16,10,classroom_B,1,57.2,0.083,0.068,9.728,0,0,idle,1,0
2026-01-29 16:15:00,2026-01-29,16,15,classroom_B,1,99.9,0.481,-1.543,9.728,0,0,sitting,1,0
2026-01-29 16:20:00,2026-01-29,16,20,lab,1,24.9,-0.014,0.009,9.882,0,0,idle,1,0
2026-01-29 16:25:00,2026-01-29,16,25,entrance,0,368.2,-0.061,0.091,9.806,0,0,idle,1,0
2026-01-29 16:30:00,2026-01-29,16,30,classroom_B,1,31.2,-0.544,-0.755,9.263,0,0,standing,1,0
2026-01-29 16:35:00,2026-01-29,16,35,library,1,30.8,-0.074,-0.02,9.721,0,0,idle,1,0
2026-01-29 16:40:00,2026-01-29,16,40,entrance,1,46.0,-0.567,-0.792,9.539,0,0,walking,1,0
2026-01-29 16:45:00,2026-01-29,16,45,entrance,1,26.0,-0.754,-1.143,9.138,1,0,walking,1,0
2026-01-29 16:50:00,2026-01-29,16,50,entrance,1,44.8,-1.207,-0.5,8.268,0,0,running,1,0
2026-01-29 16:55:00,2026-01-29,16,55,classroom_B,0,268.3,0.042,-0.046,9.894,0,0,idle,1,0
2026-01-29 17:00:00,2026-01-29,17,0,classroom_A,1,45.8,-0.024,0.051,9.885,0,0,idle,1,0
2026-01-29 17:05:00,2026-01-29,17,5,classroom_B,1,18.1,-1.891,-0.84,10.398,0,0,standing,1,0
2026-01-29 17:10:00,2026-01-29,17,10,entrance,0,270.8,-0.018,-0.015,9.702,0,0,idle,1,0
2026-01-29 17:15:00,2026-01-29,17,15,lab,0,218.5,0.091,0.029,9.728,0,0,idle,1,0
2026-01-29 17:20:00,2026-01-29,17,20,classroom_B,0,391.3,0.094,-0.025,9.817,0,0,idle,1,0
2026-01-29 17:25:00,2026-01-29,17,25,library,1,72.1,0.045,0.053,9.849,0,0,idle,1,0
2026-01-29 17:30:00,2026-01-29,17,30,library,1,43.1,-0.089,0.016,9.868,0,1,idle,1,0
2026-01-29 17:35:00,2026-01-29,17,35,entrance,1,12.6,0.015,-0.019,9.884,0,0,idle,1,0
2026-01-29 17:40:00,2026-01-29,17,40,classroom_B,1,82.3,0.071,0.051,9.889,0,0,idle,1,0
2026-01-29 17:45:00,2026-01-29,17,45,library,1,27.0,-0.005,-0.007,9.703,0,0,idle,1,0
2026-01-29 17:50:00,2026-01-29,17,50,library,1,69.5,0.042,-0.039,9.736,0,0,idle,1,0
2026-01-29 17:55:00,2026-01-29,17,55,lab,0,285.5,-0.034,-0.072,9.717,0,0,idle,1,0
2026-01-29 18:00:00,2026-01-29,18,0,classroom_A,0,339.6,-0.029,-0.013,9.795,0,0,idle,0,0
2026-01-29 18:05:00,2026-01-29,18,5,entrance,0,393.4,-0.078,0.093,9.848,0,0,idle,0,0
2026-01-29 18:10:00,2026-01-29,18,10,classroom_B,0,289.4,-0.046,-0.008,9.832,0,0,idle,0,0
2026-01-29 18:15:00,2026-01-29,18,15,lab,0,263.8,-0.063,-0.037,9.724,0,0,idle,0,0
2026-01-29 18:20:00,2026-01-29,18,20,library,0,310.2,0.065,-0.015,9.882,0,0,idle,0,0
2026-01-29 18:25:00,2026-01-29,18,25,entrance,0,343.7,0.037,0.037,9.709,0,0,idle,0,0
2026-01-29 18:30:00,2026-01-29,18,30,library,0,293.0,0.093,-0.079,9.837,0,0,idle,0,0
2026-01-29 18:35:00,2026-01-29,18,35,classroom_A,0,331.2,-0.01,0.09,9.848,0,0,idle,0,0
2026-01-29 18:40:00,2026-01-29,18,40,classroom_B,1,34.4,0.089,0.013,9.812,1,0,idle,0,1
2026-01-29 18:45:00,2026-01-29,18,45,classroom_B,0,341.1,0.027,0.078,9.749,0,0,idle,0,0
2026-01-29 18:50:00,2026-01-29,18,50,classroom_A,0,357.4,0.077,0.078,9.74,0,0,idle,0,0
2026-01-29 18:55:00,2026-01-29,18,55,lab,0,334.9,0.062,0.043,9.872,0,0,idle,0,0
2026-01-29 19:00:00,2026-01-29,19,0,classroom_B,0,311.0,0.032,-0.09,9.728,0,0,idle,0,0
2026-01-29 19:05:00,2026-01-29,19,5,classroom_B,0,327.4,0.09,-0.006,9.866,0,0,idle,0,0
2026-01-29 19:10:00,2026-01-29,19,10,lab,0,226.0,0.046,0.097,9.867,0,0,idle,0,0
2026-01-29 19:15:00,2026-01-29,19,15,entrance,0,335.0,0.004,0.019,9.715,0,0,idle,0,0
2026-01-29 19:20:00,2026-01-29,19,20,lab,0,315.4,-0.077,-0.017,9.715,0,0,idle,0,0
2026-01-29 19:25:00,2026-01-29,19,25,library,0,276.4,0.03,0.094,9.9,0,0,idle,0,0
2026-01-29 19:30:00,2026-01-29,19,30,classroom_B,0,351.6,-0.009,0.06,9.734,0,0,idle,0,0
2026-01-29 19:35:00,2026-01-29,19,35,library,0,297.9,0.092,0.063,9.834,0,0,idle,0,0
2026-01-29 19:40:00,2026-01-29,19,40,lab,0,353.1,0.094,-0.063,9.799,0,0,idle,0,0
2026-01-29 19:45:00,2026-01-29,19,45,entrance,0,311.9,0.068,0.046,9.792,0,0,idle,0,0
2026-01-29 19:50:00,2026-01-29,19,50,classroom_B,0,312.1,-0.076,-0.071,9.748,0,0,idle,0,0
2026-01-29 19:55:00,2026-01-29,19,55,entrance,0,231.4,0.05,0.045,9.811,0,0,idle,0,0
2026-01-29 20:00:00,2026-01-29,20,0,entrance,0,232.7,-0.067,-0.003,9.894,0,0,idle,0,0
2026-01-29 20:05:00,2026-01-29,20,5,classroom_B,0,333.2,-0.018,-0.096,9.808,0,0,idle,0,0
2026-01-29 20:10:00,2026-01-29,20,10,classroom_B,0,368.7,0.01,-0.057,9.814,0,0,idle,0,0
2026-01-29 20:15:00,2026-01-29,20,15,entrance,0,282.0,-0.019,0.065,9.806,0,0,idle,0,0
2026-01-29 20:20:00,2026-01-29,20,20,entrance,0,200.2,-0.097,0.037,9.849,0,0,idle,0,0
2026-01-29 20:25:00,2026-01-29,20,25,classroom_A,0,349.9,0.069,-0.096,9.709,0,0,idle,0,0
2026-01-29 20:30:00,2026-01-29,20,30,lab,0,355.3,0.006,0.002,9.847,0,0,idle,0,0
2026-01-29 20:35:00,2026-01-29,20,35,entrance,0,387.8,-0.055,-0.093,9.86,0,0,idle,0,0
2026-01-29 20:40:00,2026-01-29,20,40,classroom_A,0,377.9,0.003,-0.045,9.754,0,0,idle,0,0
2026-01-29 20:45:00,2026-01-29,20,45,lab,0,338.3,-0.002,-0.039,9.788,0,0,idle,0,0
2026-01-29 20:50:00,2026-01-29,20,50,classroom_B,0,235.2,-0.018,-0.088,9.795,0,0,idle,0,0
2026-01-29 20:55:00,2026-01-29,20,55,lab,0,253.8,-0.032,-0.037,9.727,0,0,idle,0,0
2026-01-29 21:00:00,2026-01-29,21,0,entrance,0,335.4,-0.082,0.02,9.732,0,0,idle,0,0
2026-01-29 21:05:00,2026-01-29,21,5,entrance,0,317.2,-0.0,0.015,9.701,0,0,idle,0,0
2026-01-29 21:10:00,2026-01-29,21,10,classroom_A,0,266.8,-0.074,-0.07,9.737,0,0,idle,0,0
2026-01-29 21:15:00,2026-01-29,21,15,lab,0,398.3,-0.055,-0.057,9.869,0,0,idle,0,0
2026-01-29 21:20:00,2026-01-29,21,20,lab,0,380.8,-0.031,0.091,9.774,0,0,idle,0,0
2026-01-29 21:25:00,2026-01-29,21,25,lab,0,202.0,0.082,0.052,9.9,0,0,idle,0,0
2026-01-29 21:30:00,2026-01-29,21,30,classroom_B,0,364.0,0.055,-0.092,9.776,0,0,idle,0,0
2026-01-29 21:35:00,2026-01-29,21,35,lab,0,303.0,-0.071,-0.07,9.793,0,0,idle,0,0
2026-01-29 21:40:00,2026-01-29,21,40,library,0,225.0,0.042,-0.06,9.852,0,0,idle,0,0
2026-01-29 21:45:00,2026-01-29,21,45,classroom_A,0,204.9,0.044,-0.028,9.868,0,0,idle,0,0
2026-01-29 21:50:00,2026-01-29,21,50,lab,0,384.8,-0.018,0.086,9.739,0,0,idle,0,0
2026-01-29 21:55:00,2026-01-29,21,55,lab,0,243.4,-0.048,-0.07,9.889,0,0,idle,0,0
