date,day_of_week,student_id,department,semester,fingerprint_id,fingerprint_confidence,status,entry_time,exit_time,duration_hours,is_late,is_early_leave,pir_motion,ultrasonic_cm,accel_magnitude,activity_at_entry,zone
2026-01-01,Thursday,STU-001,CSE,1,1,280,present,08:16:00,15:55:00,7.65,0,0,1,26.6,0.54,walking,lab
2026-01-01,Thursday,STU-002,EEE,4,2,287,present,09:16:00,17:55:00,8.65,0,0,1,76.5,1.381,walking,classroom_B
2026-01-01,Thursday,STU-003,CSE,3,3,264,present,08:14:00,14:32:00,6.3,0,1,1,65.7,1.669,walking,classroom_B
2026-01-01,Thursday,STU-004,CSE,2,4,241,present,10:48:00,17:58:00,7.17,1,0,1,20.0,1.033,walking,entrance
2026-01-01,Thursday,STU-005,CSE,7,5,208,present,09:07:00,13:05:00,3.97,0,1,1,63.9,1.767,walking,classroom_A
2026-01-01,Thursday,STU-006,CSE,1,6,296,present,09:16:00,16:13:00,6.95,0,0,1,75.7,1.395,walking,classroom_A
2026-01-01,Thursday,STU-007,CSE,4,7,208,present,09:14:00,16:07:00,6.88,0,0,1,34.9,0.807,walking,classroom_A
2026-01-01,Thursday,STU-008,CSE,1,8,265,present,08:07:00,13:55:00,5.8,0,1,1,39.8,0.657,walking,lab
2026-01-01,Thursday,STU-009,CSE,4,9,284,present,09:07:00,16:12:00,7.08,0,0,1,25.7,0.947,walking,lab
2026-01-01,Thursday,STU-010,CSE,7,10,0,absent,,,0.0,0,0,0,0.0,0.0,,
2026-01-01,Thursday,STU-011,CSE,8,11,0,absent,,,0.0,0,0,0,0.0,0.0,,
2026-01-01,Thursday,STU-012,CSE,5,12,223,present,08:07:00,17:28:00,9.35,0,0,1,28.4,0.718,walking,classroom_A
2026-01-01,Thursday,STU-013,CSE,3,13,211,present,08:01:00,17:53:00,9.87,0,0,1,20.9,1.69,walking,classroom_A
2026-01-01,Thursday,STU-014,BBA,6,14,233,present,09:28:00,14:00:00,4.53,0,1,1,79.1,1.69,walking,lab
2026-01-01,Thursday,STU-015,EEE,3,15,0,absent,,,0.0,0,0,0,0.0,0.0,,
2026-01-01,Thursday,STU-016,CSE,6,16,269,present,09:04:00,15:03:00,5.98,0,0,1,54.8,0.391,standing,classroom_B
2026-01-01,Thursday,STU-017,CSE,2,17,276,present,08:01:00,15:54:00,7.88,0,0,1,31.1,0.402,standing,classroom_A
2026-01-01,Thursday,STU-018,BBA,2,18,0,absent,,,0.0,0,0,0,0.0,0.0,,
2026-01-01,Thursday,STU-019,EEE,6,19,233,present,09:26:00,17:33:00,8.12,1,0,1,39.0,0.606,walking,classroom_B
2026-01-01,Thursday,STU-020,CSE,5,20,272,present,09:14:00,15:00:00,5.77,0,0,1,47.5,1.794,walking,entrance
2026-01-01,Thursday,STU-021,CSE,8,21,256,present,10:56:00,13:23:00,2.45,1,1,1,37.1,1.551,walking,classroom_B
2026-01-01,Thursday,STU-022,CSE,2,22,0,absent,,,0.0,0,0,0,0.0,0.0,,
2026-01-01,Thursday,STU-023,BBA,2,23,213,present,09:29:00,15:16:00,5.78,0,0,1,26.9,1.414,walking,classroom_A
2026-01-01,Thursday,STU-024,CSE,5,24,206,present,08:21:00,16:32:00,8.18,0,0,1,49.3,0.438,standing,lab
2026-01-01,Thursday,STU-025,CSE,6,25,290,present,08:20:00,15:47:00,7.45,0,0,1,46.5,0.942,walking,entrance
2026-01-01,Thursday,STU-026,CSE,4,26,0,absent,,,0.0,0,0,0,0.0,0.0,,
2026-01-01,Thursday,STU-027,CSE,1,27,246,present,10:37:00,16:08:00,5.52,1,0,1,22.5,1.648,walking,entrance
2026-01-01,Thursday,STU-028,CSE,5,28,230,present,08:11:00,16:39:00,8.47,0,0,1,65.0,1.597,walking,classroom_A
2026-01-01,Thursday,STU-029,CSE,4,29,231,present,09:25:00,17:55:00,8.5,0,0,1,64.1,0.7,walking,entrance
2026-01-01,Thursday,STU-030,CSE,7,30,229,present,08:26:00,16:19:00,7.88,0,0,1,69.2,0.634,walking,classroom_A
2026-01-01,Thursday,STU-031,EEE,8,31,268,present,10:22:00,16:43:00,6.35,1,0,1,78.9,0.797,walking,entrance
2026-01-01,Thursday,STU-032,EEE,3,32,0,absent,,,0.0,0,0,0,0.0,0.0,,
2026-01-01,Thursday,STU-033,EEE,6,33,0,absent,,,0.0,0,0,0,0.0,0.0,,
2026-01-01,Thursday,STU-034,CSE,5,34,273,present,09:13:00,17:07:00,7.9,0,0,1,43.1,0.585,walking,entrance
2026-01-01,Thursday,STU-035,CSE,3,35,240,present,08:11:00,17:58:00,9.78,0,0,1,39.8,1.295,walking,entrance
2026-01-01,Thursday,STU-036,CSE,4,36,253,present,09:10:00,16:35:00,7.42,0,0,1,27.6,1.297,walking,lab
2026-01-01,Thursday,STU-037,CSE,8,37,0,absent,,,0.0,0,0,0,0.0,0.0,,
2026-01-01,Thursday,STU-038,BBA,5,38,283,present,08:09:00,16:50:00,8.68,0,0,1,54.8,0.783,walking,lab
2026-01-01,Thursday,STU-039,CSE,4,39,296,present,08:21:00,14:05:00,5.73,0,1,1,69.1,0.652,walking,classroom_B
2026-01-01,Thursday,STU-040,EEE,1,40,280,present,09:30:00,15:29:00,5.98,1,0,1,44.9,1.164,walking,lab
2026-01-01,Thursday,STU-041,CSE,1,41,222,present,08:28:00,15:49:00,7.35,0,0,1,45.5,1.506,walking,lab
2026-01-01,Thursday,STU-042,EEE,7,42,276,present,09:04:00,17:33:00,8.48,0,0,1,79.3,0.776,walking,lab
2026-01-01,Thursday,STU-043,EEE,2,43,231,present,09:28:00,16:28:00,7.0,0,0,1,35.6,1.56,walking,classroom_B
2026-01-01,Thursday,STU-044,CSE,6,44,240,present,09:14:00,14:15:00,5.02,0,1,1,36.3,1.64,walking,entrance
2026-01-01,Thursday,STU-045,CSE,8,45,207,present,08:02:00,16:34:00,8.53,0,0,1,48.0,0.61,walking,lab
2026-01-01,Thursday,STU-046,BBA,8,46,0,absent,,,0.0,0,0,0,0.0,0.0,,
2026-01-01,Thursday,STU-047,CSE,5,47,253,present,09:15:00,14:19:00,5.07,0,1,1,65.2,1.107,walking,classroom_A
2026-01-01,Thursday,STU-048,CSE,4,48,259,present,09:10:00,16:46:00,7.6,0,0,1,29.9,1.679,walking,entrance
2026-01-01,Thursday,STU-049,CSE,5,49,248,present,08:20:00,16:11:00,7.85,0,0,1,23.0,0.791,walking,lab
2026-01-01,Thursday,STU-050,CSE,7,50,0,absent,,,0.0,0,0,0,0.0,0.0,,
2026-01-04,Sunday,STU-001,CSE,1,1,0,absent,,,0.0,0,0,0,0.0,0.0,,
2026-01-04,Sunday,STU-002,EEE,4,2,299,present,09:47:00,16:14:00,6.45,1,0,1,59.0,1.736,walking,entrance
2026-01-04,Sunday,STU-003,CSE,3,3,0,absent,,,0.0,0,0,0,0.0,0.0,,
2026-01-04,Sunday,STU-004,CSE,2,4,232,present,09:30:00,17:13:00,7.72,1,0,1,47.9,1.45,walking,classroom_A
2026-01-04,Sunday,STU-005,CSE,7,5,0,absent,,,0.0,0,0,0,0.0,0.0,,
2026-01-04,Sunday,STU-006,CSE,1,6,248,present,10:06:00,16:36:00,6.5,1,0,1,60.6,0.895,walking,classroom_A
2026-01-04,Sunday,STU-007,CSE,4,7,0,absent,,,0.0,0,0,0,0.0,0.0,,
2026-01-04,Sunday,STU-008,CSE,1,8,284,present,08:25:00,15:22:00,6.95,0,0,1,52.0,0.856,walking,classroom_B
2026-01-04,Sunday,STU-009,CSE,4,9,222,present,09:30:00,16:45:00,7.25,0,0,1,29.2,1.401,walking,classroom_B
2026-01-04,Sunday,STU-010,CSE,7,10,0,absent,,,0.0,0,0,0,0.0,0.0,,
2026-01-04,Sunday,STU-011,CSE,8,11,231,present,09:10:00,15:17:00,6.12,0,0,1,72.9,1.426,walking,lab
2026-01-04,Sunday,STU-012,CSE,5,12,276,present,09:06:00,16:21:00,7.25,0,0,1,36.8,1.352,walking,classroom_B
2026-01-04,Sunday,STU-013,CSE,3,13,260,present,09:46:00,17:48:00,8.03,1,0,1,34.4,1.269,walking,lab
2026-01-04,Sunday,STU-014,BBA,6,14,270,present,09:22:00,17:37:00,8.25,0,0,1,42.1,1.096,walking,lab
2026-01-04,Sunday,STU-015,EEE,3,15,240,present,09:08:00,15:07:00,5.98,0,0,1,63.3,0.479,standing,classroom_A
2026-01-04,Sunday,STU-016,CSE,6,16,0,absent,,,0.0,0,0,0,0.0,0.0,,
2026-01-04,Sunday,STU-017,CSE,2,17,238,present,09:03:00,16:14:00,7.18,0,0,1,41.7,0.321,standing,classroom_A
2026-01-04,Sunday,STU-018,BBA,2,18,0,absent,,,0.0,0,0,0,0.0,0.0,,
2026-01-04,Sunday,STU-019,EEE,6,19,256,present,10:06:00,17:18:00,7.2,1,0,1,48.2,0.811,walking,entrance
2026-01-04,Sunday,STU-020,CSE,5,20,0,absent,,,0.0,0,0,0,0.0,0.0,,
2026-01-04,Sunday,STU-021,CSE,8,21,231,present,08:04:00,17:19:00,9.25,0,0,1,25.1,0.478,standing,lab
2026-01-04,Sunday,STU-022,CSE,2,22,254,present,09:14:00,16:55:00,7.68,0,0,1,55.3,0.758,walking,entrance
2026-01-04,Sunday,STU-023,BBA,2,23,222,present,08:20:00,17:05:00,8.75,0,0,1,29.4,1.128,walking,classroom_A
2026-01-04,Sunday,STU-024,CSE,5,24,258,present,09:01:00,17:18:00,8.28,0,0,1,62.2,0.407,standing,classroom_A
2026-01-04,Sunday,STU-025,CSE,6,25,234,present,08:13:00,15:41:00,7.47,0,0,1,28.9,1.54,walking,entrance
2026-01-04,Sunday,STU-026,CSE,4,26,0,absent,,,0.0,0,0,0,0.0,0.0,,
2026-01-04,Sunday,STU-027,CSE,1,27,234,present,09:03:00,16:44:00,7.68,0,0,1,44.2,1.051,walking,lab
2026-01-04,Sunday,STU-028,CSE,5,28,273,present,09:19:00,15:14:00,5.92,0,0,1,77.7,1.181,walking,entrance
2026-01-04,Sunday,STU-029,CSE,4,29,235,present,08:24:00,16:33:00,8.15,0,0,1,59.1,0.572,walking,lab
2026-01-04,Sunday,STU-030,CSE,7,30,242,present,10:26:00,17:06:00,6.67,1,0,1,71.5,0.917,walking,lab
2026-01-04,Sunday,STU-031,EEE,8,31,0,absent,,,0.0,0,0,0,0.0,0.0,,
2026-01-04,Sunday,STU-032,EEE,3,32,200,present,09:08:00,16:55:00,7.78,0,0,1,50.9,1.286,walking,lab
2026-01-04,Sunday,STU-033,EEE,6,33,216,present,09:20:00,15:13:00,5.88,0,0,1,36.0,1.692,walking,lab
2026-01-04,Sunday,STU-034,CSE,5,34,211,present,09:45:00,17:00:00,7.25,1,0,1,53.1,0.637,walking,entrance
2026-01-04,Sunday,STU-035,CSE,3,35,261,present,09:29:00,17:45:00,8.27,0,0,1,36.4,1.77,walking,classroom_A
2026-01-04,Sunday,STU-036,CSE,4,36,264,present,09:55:00,14:21:00,4.43,1,1,1,76.1,0.701,walking,entrance
2026-01-04,Sunday,STU-037,CSE,8,37,270,present,09:27:00,17:30:00,8.05,0,0,1,40.7,1.444,walking,lab
2026-01-04,Sunday,STU-038,BBA,5,38,260,present,09:36:00,16:02:00,6.43,1,0,1,39.1,1.358,walking,lab
2026-01-04,Sunday,STU-039,CSE,4,39,242,present,08:15:00,15:32:00,7.28,0,0,1,77.9,1.605,walking,lab
2026-01-04,Sunday,STU-040,EEE,1,40,0,absent,,,0.0,0,0,0,0.0,0.0,,
2026-01-04,Sunday,STU-041,CSE,1,41,250,present,08:02:00,16:21:00,8.32,0,0,1,57.4,1.275,walking,classroom_B
2026-01-04,Sunday,STU-042,EEE,7,42,279,present,09:20:00,16:55:00,7.58,0,0,1,52.5,0.403,standing,classroom_B
2026-01-04,Sunday,STU-043,EEE,2,43,238,present,08:24:00,15:28:00,7.07,0,0,1,30.0,1.655,walking,entrance
2026-01-04,Sunday,STU-044,CSE,6,44,223,present,09:04:00,16:36:00,7.53,0,0,1,60.9,0.555,walking,entrance
2026-01-04,Sunday,STU-045,CSE,8,45,258,present,09:29:00,15:29:00,6.0,0,0,1,58.3,0.683,walking,entrance
2026-01-04,Sunday,STU-046,BBA,8,46,254,present,08:02:00,16:37:00,8.58,0,0,1,37.9,1.335,walking,lab
2026-01-04,Sunday,STU-047,CSE,5,47,289,present,09:03:00,17:22:00,8.32,0,0,1,54.5,0.743,walking,lab
2026-01-04,Sunday,STU-048,CSE,4,48,236,present,08:29:00,16:53:00,8.4,0,0,1,74.2,1.464,walking,classroom_A
2026-01-04,Sunday,STU-049,CSE,5,49,280,present,09:21:00,17:43:00,8.37,0,0,1,70.3,0.446,standing,entrance
2026-01-04,Sunday,STU-050,CSE,7,50,225,present,08:02:00,16:47:00,8.75,0,0,1,44.9,0.498,standing,classroom_B
2026-01-05,Monday,STU-001,CSE,1,1,0,absent,,,0.0,0,0,0,0.0,0.0,,
2026-01-05,Monday,STU-002,EEE,4,2,214,present,09:30:00,17:55:00,8.42,0,0,1,40.3,1.002,walking,entrance
2026-01-05,Monday,STU-003,CSE,3,3,0,absent,,,0.0,0,0,0,0.0,0.0,,
2026-01-05,Monday,STU-004,CSE,2,4,258,present,09:02:00,15:16:00,6.23,0,0,1,52.2,0.853,walking,classroom_B
2026-01-05,Monday,STU-005,CSE,7,5,0,absent,,,0.0,0,0,0,0.0,0.0,,
2026-01-05,Monday,STU-006,CSE,1,6,228,present,08:19:00,17:20:00,9.02,0,0,1,74.9,1.271,walking,lab
2026-01-05,Monday,STU-007,CSE,4,7,230,present,08:01:00,16:31:00,8.5,0,0,1,27.0,1.631,walking,classroom_A
2026-01-05,Monday,STU-008,CSE,1,8,212,present,09:18:00,15:56:00,6.63,0,0,1,44.9,1.551,walking,lab
2026-01-05,Monday,STU-009,CSE,4,9,287,present,08:14:00,15:54:00,7.67,0,0,1,41.8,0.851,walking,classroom_B
2026-01-05,Monday,STU-010,CSE,7,10,202,present,09:02:00,17:40:00,8.63,0,0,1,55.8,0.376,standing,classroom_B
2026-01-05,Monday,STU-011,CSE,8,11,229,present,08:26:00,15:37:00,7.18,0,0,1,33.0,0.793,walking,classroom_A
2026-01-05,Monday,STU-012,CSE,5,12,203,present,08:04:00,15:07:00,7.05,0,0,1,59.7,0.498,standing,classroom_B
2026-01-05,Monday,STU-013,CSE,3,13,208,present,08:08:00,14:33:00,6.42,0,1,1,26.8,1.014,walking,classroom_B
2026-01-05,Monday,STU-014,BBA,6,14,282,present,08:23:00,17:33:00,9.17,0,0,1,38.1,1.746,walking,entrance
2026-01-05,Monday,STU-015,EEE,3,15,241,present,08:15:00,16:04:00,7.82,0,0,1,74.0,1.212,walking,entrance
2026-01-05,Monday,STU-016,CSE,6,16,0,absent,,,0.0,0,0,0,0.0,0.0,,
2026-01-05,Monday,STU-017,CSE,2,17,214,present,09:14:00,16:06:00,6.87,0,0,1,67.6,1.579,walking,classroom_A
2026-01-05,Monday,STU-018,BBA,2,18,0,absent,,,0.0,0,0,0,0.0,0.0,,
2026-01-05,Monday,STU-019,EEE,6,19,0,absent,,,0.0,0,0,0,0.0,0.0,,
2026-01-05,Monday,STU-020,CSE,5,20,0,absent,,,0.0,0,0,0,0.0,0.0,,
2026-01-05,Monday,STU-021,CSE,8,21,211,present,08:21:00,15:05:00,6.73,0,0,1,69.9,0.948,walking,classroom_B
2026-01-05,Monday,STU-022,CSE,2,22,296,present,09:21:00,16:55:00,7.57,0,0,1,59.9,0.934,walking,entrance
2026-01-05,Monday,STU-023,BBA,2,23,271,present,08:04:00,15:54:00,7.83,0,0,1,26.5,0.851,walking,classroom_B
2026-01-05,Monday,STU-024,CSE,5,24,0,absent,,,0.0,0,0,0,0.0,0.0,,
2026-01-05,Monday,STU-025,CSE,6,25,0,absent,,,0.0,0,0,0,0.0,0.0,,
2026-01-05,Monday,STU-026,CSE,4,26,234,present,08:19:00,17:17:00,8.97,0,0,1,21.7,1.354,walking,classroom_B
2026-01-05,Monday,STU-027,CSE,1,27,203,present,09:36:00,15:09:00,5.55,1,0,1,64.5,0.438,standing,classroom_A
2026-01-05,Monday,STU-028,CSE,5,28,206,present,10:46:00,17:38:00,6.87,1,0,1,25.1,0.533,walking,entrance
2026-01-05,Monday,STU-029,CSE,4,29,214,present,09:19:00,16:13:00,6.9,0,0,1,65.3,0.818,walking,entrance
2026-01-05,Monday,STU-030,CSE,7,30,0,absent,,,0.0,0,0,0,0.0,0.0,,
2026-01-05,Monday,STU-031,EEE,8,31,298,present,10:38:00,13:19:00,2.68,1,1,1,76.7,0.506,walking,classroom_B
2026-01-05,Monday,STU-032,EEE,3,32,271,present,09:05:00,17:45:00,8.67,0,0,1,33.8,1.55,walking,classroom_B
2026-01-05,Monday,STU-033,EEE,6,33,0,absent,,,0.0,0,0,0,0.0,0.0,,
2026-01-05,Monday,STU-034,CSE,5,34,237,present,09:18:00,16:45:00,7.45,0,0,1,58.4,0.473,standing,entrance
2026-01-05,Monday,STU-035,CSE,3,35,213,present,09:26:00,16:05:00,6.65,0,0,1,46.2,0.665,walking,lab
2026-01-05,Monday,STU-036,CSE,4,36,214,present,09:07:00,15:04:00,5.95,0,0,1,50.6,1.096,walking,classroom_A
2026-01-05,Monday,STU-037,CSE,8,37,219,present,08:07:00,16:12:00,8.08,0,0,1,30.4,1.44,walking,entrance
2026-01-05,Monday,STU-038,BBA,5,38,0,absent,,,0.0,0,0,0,0.0,0.0,,
2026-01-05,Monday,STU-039,CSE,4,39,0,absent,,,0.0,0,0,0,0.0,0.0,,
2026-01-05,Monday,STU-040,EEE,1,40,260,present,09:27:00,16:09:00,6.7,0,0,1,46.4,0.963,walking,classroom_B
2026-01-05,Monday,STU-041,CSE,1,41,236,present,08:09:00,15:03:00,6.9,0,0,1,42.1,0.415,standing,entrance
2026-01-05,Monday,STU-042,EEE,7,42,277,present,08:14:00,17:41:00,9.45,0,0,1,31.3,1.013,walking,classroom_A
2026-01-05,Monday,STU-043,EEE,2,43,256,present,09:22:00,13:02:00,3.67,0,1,1,34.9,1.786,walking,classroom_A
2026-01-05,Monday,STU-044,CSE,6,44,0,absent,,,0.0,0,0,0,0.0,0.0,,
2026-01-05,Monday,STU-045,CSE,8,45,0,absent,,,0.0,0,0,0,0.0,0.0,,
2026-01-05,Monday,STU-046,BBA,8,46,232,present,09:02:00,17:43:00,8.68,0,0,1,43.2,1.386,walking,classroom_A
2026-01-05,Monday,STU-047,CSE,5,47,276,present,10:19:00,17:42:00,7.38,1,0,1,43.5,1.363,walking,entrance
2026-01-05,Monday,STU-048,CSE,4,48,211,present,08:21:00,17:43:00,9.37,0,0,1,74.7,1.269,walking,lab
2026-01-05,Monday,STU-049,CSE,5,49,217,present,08:10:00,16:12:00,8.03,0,0,1,33.6,0.532,walking,classroom_B
2026-01-05,Monday,STU-050,CSE,7,50,219,present,08:21:00,17:08:00,8.78,0,0,1,55.8,0.543,walking,classroom_A
2026-01-06,Tuesday,STU-001,CSE,1,1,268,present,08:14:00,17:50:00,9.6,0,0,1,46.9,0.659,walking,lab
2026-01-06,Tuesday,STU-002,EEE,4,2,220,present,09:14:00,16:32:00,7.3,0,0,1,51.6,1.525,walking,classroom_A
2026-01-06,Tuesday,STU-003,CSE,3,3,215,present,09:17:00,17:54:00,8.62,0,0,1,51.0,0.728,walking,classroom_A
2026-01-06,Tuesday,STU-004,CSE,2,4,0,absent,,,0.0,0,0,0,0.0,0.0,,
2026-01-06,Tuesday,STU-005,CSE,7,5,206,present,08:26:00,16:59:00,8.55,0,0,1,21.6,0.895,walking,classroom_B
2026-01-06,Tuesday,STU-006,CSE,1,6,0,absent,,,0.0,0,0,0,0.0,0.0,,
2026-01-06,Tuesday,STU-007,CSE,4,7,260,present,09:25:00,15:18:00,5.88,0,0,1,75.0,1.344,walking,classroom_A
2026-01-06,Tuesday,STU-008,CSE,1,8,277,present,08:00:00,15:35:00,7.58,0,0,1,76.4,1.092,walking,entrance
2026-01-06,Tuesday,STU-009,CSE,4,9,263,present,09:26:00,17:29:00,8.05,1,0,1,23.8,1.195,walking,entrance
2026-01-06,Tuesday,STU-010,CSE,7,10,223,present,09:13:00,14:15:00,5.03,0,1,1,54.2,1.297,walking,entrance
2026-01-06,Tuesday,STU-011,CSE,8,11,247,present,08:12:00,15:40:00,7.47,0,0,1,43.2,0.68,walking,entrance
2026-01-06,Tuesday,STU-012,CSE,5,12,269,present,08:24:00,16:08:00,7.73,0,0,1,22.7,0.808,walking,classroom_A
2026-01-06,Tuesday,STU-013,CSE,3,13,258,present,09:20:00,15:04:00,5.73,0,0,1,63.0,0.355,standing,classroom_A
2026-01-06,Tuesday,STU-014,BBA,6,14,296,present,10:32:00,17:30:00,6.97,1,0,1,35.2,1.27,walking,classroom_B
2026-01-06,Tuesday,STU-015,EEE,3,15,0,absent,,,0.0,0,0,0,0.0,0.0,,
2026-01-06,Tuesday,STU-016,CSE,6,16,249,present,10:27:00,17:28:00,7.02,1,0,1,73.7,0.809,walking,classroom_A
2026-01-06,Tuesday,STU-017,CSE,2,17,223,present,09:25:00,14:05:00,4.67,0,1,1,45.8,1.118,walking,classroom_B
2026-01-06,Tuesday,STU-018,BBA,2,18,257,present,09:19:00,15:44:00,6.42,0,0,1,46.6,0.364,standing,classroom_B
2026-01-06,Tuesday,STU-019,EEE,6,19,295,present,08:02:00,16:23:00,8.35,0,0,1,50.8,1.319,walking,entrance
2026-01-06,Tuesday,STU-020,CSE,5,20,272,present,08:04:00,14:23:00,6.32,0,1,1,43.0,0.349,standing,classroom_A
2026-01-06,Tuesday,STU-021,CSE,8,21,0,absent,,,0.0,0,0,0,0.0,0.0,,
2026-01-06,Tuesday,STU-022,CSE,2,22,0,absent,,,0.0,0,0,0,0.0,0.0,,
2026-01-06,Tuesday,STU-023,BBA,2,23,266,present,09:07:00,15:47:00,6.67,0,0,1,31.2,0.88,walking,entrance
2026-01-06,Tuesday,STU-024,CSE,5,24,209,present,09:22:00,16:12:00,6.83,0,0,1,27.4,0.978,walking,lab
2026-01-06,Tuesday,STU-025,CSE,6,25,238,present,09:21:00,15:35:00,6.23,0,0,1,52.5,1.577,walking,classroom_A
2026-01-06,Tuesday,STU-026,CSE,4,26,273,present,09:50:00,16:01:00,6.18,1,0,1,41.7,0.853,walking,classroom_A
2026-01-06,Tuesday,STU-027,CSE,1,27,216,present,09:16:00,16:52:00,7.6,0,0,1,54.5,1.759,walking,entrance
2026-01-06,Tuesday,STU-028,CSE,5,28,207,present,08:24:00,16:32:00,8.13,0,0,1,74.6,1.547,walking,classroom_A
2026-01-06,Tuesday,STU-029,CSE,4,29,210,present,08:11:00,17:57:00,9.77,0,0,1,37.0,0.676,walking,classroom_B
2026-01-06,Tuesday,STU-030,CSE,7,30,292,present,08:18:00,15:10:00,6.87,0,0,1,59.5,1.653,walking,classroom_B
2026-01-06,Tuesday,STU-031,EEE,8,31,273,present,08:02:00,14:41:00,6.65,0,1,1,32.6,0.925,walking,entrance
2026-01-06,Tuesday,STU-032,EEE,3,32,209,present,09:15:00,17:25:00,8.17,0,0,1,37.8,1.333,walking,classroom_A
2026-01-06,Tuesday,STU-033,EEE,6,33,244,present,08:10:00,16:46:00,8.6,0,0,1,79.3,1.763,walking,classroom_A
2026-01-06,Tuesday,STU-034,CSE,5,34,206,present,09:29:00,16:15:00,6.77,1,0,1,28.5,0.735,walking,lab
2026-01-06,Tuesday,STU-035,CSE,3,35,297,present,08:26:00,17:46:00,9.33,0,0,1,38.8,0.539,walking,lab
2026-01-06,Tuesday,STU-036,CSE,4,36,206,present,10:32:00,15:13:00,4.68,1,0,1,55.0,0.376,standing,lab
2026-01-06,Tuesday,STU-037,CSE,8,37,0,absent,,,0.0,0,0,0,0.0,0.0,,
2026-01-06,Tuesday,STU-038,BBA,5,38,251,present,09:27:00,16:46:00,7.32,1,0,1,41.9,0.849,walking,lab
2026-01-06,Tuesday,STU-039,CSE,4,39,279,present,09:02:00,16:48:00,7.77,0,0,1,53.0,1.321,walking,entrance
2026-01-06,Tuesday,STU-040,EEE,1,40,251,present,09:17:00,15:12:00,5.92,0,0,1,56.1,1.05,walking,entrance
2026-01-06,Tuesday,STU-041,CSE,1,41,0,absent,,,0.0,0,0,0,0.0,0.0,,
2026-01-06,Tuesday,STU-042,EEE,7,42,278,present,09:20:00,16:10:00,6.83,1,0,1,43.6,1.409,walking,classroom_B
2026-01-06,Tuesday,STU-043,EEE,2,43,242,present,09:22:00,16:52:00,7.5,0,0,1,21.0,1.311,walking,lab
2026-01-06,Tuesday,STU-044,CSE,6,44,274,present,08:19:00,17:50:00,9.52,0,0,1,78.3,1.166,walking,entrance
2026-01-06,Tuesday,STU-045,CSE,8,45,289,present,09:04:00,15:02:00,5.97,0,0,1,54.4,0.465,standing,entrance
2026-01-06,Tuesday,STU-046,BBA,8,46,294,present,08:13:00,17:58:00,9.75,0,0,1,48.3,1.391,walking,classroom_A
2026-01-06,Tuesday,STU-047,CSE,5,47,243,present,09:16:00,15:29:00,6.22,0,0,1,74.7,1.119,walking,classroom_B
2026-01-06,Tuesday,STU-048,CSE,4,48,226,present,09:07:00,16:49:00,7.7,0,0,1,37.3,1.335,walking,lab
2026-01-06,Tuesday,STU-049,CSE,5,49,250,present,09:09:00,17:34:00,8.42,0,0,1,42.8,1.528,walking,classroom_A
2026-01-06,Tuesday,STU-050,CSE,7,50,225,present,09:29:00,16:47:00,7.3,0,0,1,48.7,1.542,walking,classroom_B
2026-01-07,Wednesday,STU-001,CSE,1,1,212,present,09:15:00,13:40:00,4.42,1,1,1,34.0,0.92,walking,lab
2026-01-07,Wednesday,STU-002,EEE,4,2,0,absent,,,0.0,0,0,0,0.0,0.0,,
2026-01-07,Wednesday,STU-003,CSE,3,3,296,present,09:20:00,16:30:00,7.17,0,0,1,59.0,1.746,walking,classroom_B
2026-01-07,Wednesday,STU-004,CSE,2,4,253,present,08:17:00,15:58:00,7.68,0,0,1,75.3,1.623,walking,classroom_A
2026-01-07,Wednesday,STU-005,CSE,7,5,238,present,09:05:00,16:56:00,7.85,0,0,1,22.2,1.152,walking,entrance
2026-01-07,Wednesday,STU-006,CSE,1,6,214,present,09:28:00,17:29:00,8.02,0,0,1,36.4,0.796,walking,lab
2026-01-07,Wednesday,STU-007,CSE,4,7,278,present,10:50:00,17:48:00,6.97,1,0,1,31.6,1.584,walking,lab
2026-01-07,Wednesday,STU-008,CSE,1,8,200,present,09:11:00,16:20:00,7.15,1,0,1,76.1,0.691,walking,classroom_A
2026-01-07,Wednesday,STU-009,CSE,4,9,215,present,08:08:00,17:15:00,9.12,0,0,1,23.7,0.998,walking,classroom_A
2026-01-07,Wednesday,STU-010,CSE,7,10,228,present,09:22:00,16:23:00,7.02,0,0,1,56.9,1.736,walking,lab
2026-01-07,Wednesday,STU-011,CSE,8,11,0,absent,,,0.0,0,0,0,0.0,0.0,,
2026-01-07,Wednesday,STU-012,CSE,5,12,231,present,09:24:00,17:52:00,8.47,0,0,1,33.1,1.321,walking,entrance
2026-01-07,Wednesday,STU-013,CSE,3,13,219,present,08:01:00,17:12:00,9.18,0,0,1,54.4,0.547,walking,lab
2026-01-07,Wednesday,STU-014,BBA,6,14,253,present,08:28:00,15:29:00,7.02,0,0,1,27.9,0.985,walking,entrance
2026-01-07,Wednesday,STU-015,EEE,3,15,209,present,08:12:00,15:47:00,7.58,0,0,1,33.1,0.368,standing,classroom_B
2026-01-07,Wednesday,STU-016,CSE,6,16,217,present,09:59:00,16:26:00,6.45,1,0,1,30.8,1.449,walking,lab
2026-01-07,Wednesday,STU-017,CSE,2,17,0,absent,,,0.0,0,0,0,0.0,0.0,,
2026-01-07,Wednesday,STU-018,BBA,2,18,0,absent,,,0.0,0,0,0,0.0,0.0,,
2026-01-07,Wednesday,STU-019,EEE,6,19,250,present,08:20:00,15:11:00,6.85,0,0,1,79.6,1.093,walking,classroom_A
2026-01-07,Wednesday,STU-020,CSE,5,20,229,present,09:21:00,16:34:00,7.22,0,0,1,42.8,0.671,walking,classroom_B
2026-01-07,Wednesday,STU-021,CSE,8,21,202,present,08:01:00,16:39:00,8.63,0,0,1,66.0,0.661,walking,entrance
2026-01-07,Wednesday,STU-022,CSE,2,22,227,present,08:07:00,16:28:00,8.35,0,0,1,34.1,1.432,walking,entrance
2026-01-07,Wednesday,STU-023,BBA,2,23,0,absent,,,0.0,0,0,0,0.0,0.0,,
2026-01-07,Wednesday,STU-024,CSE,5,24,0,absent,,,0.0,0,0,0,0.0,0.0,,
2026-01-07,Wednesday,STU-025,CSE,6,25,252,present,09:07:00,15:42:00,6.58,0,0,1,51.3,0.751,walking,entrance
2026-01-07,Wednesday,STU-026,CSE,4,26,244,present,08:20:00,17:31:00,9.18,0,0,1,22.8,1.712,walking,lab
2026-01-07,Wednesday,STU-027,CSE,1,27,228,present,08:09:00,17:30:00,9.35,0,0,1,34.5,0.751,walking,classroom_A
2026-01-07,Wednesday,STU-028,CSE,5,28,0,absent,,,0.0,0,0,0,0.0,0.0,,
2026-01-07,Wednesday,STU-029,CSE,4,29,0,absent,,,0.0,0,0,0,0.0,0.0,,
2026-01-07,Wednesday,STU-030,CSE,7,30,268,present,08:10:00,16:54:00,8.73,0,0,1,42.3,1.387,walking,classroom_A
2026-01-07,Wednesday,STU-031,EEE,8,31,242,present,08:27:00,13:30:00,5.05,0,1,1,32.5,0.755,walking,entrance
2026-01-07,Wednesday,STU-032,EEE,3,32,230,present,09:29:00,17:45:00,8.27,0,0,1,32.3,1.128,walking,classroom_B
2026-01-07,Wednesday,STU-033,EEE,6,33,292,present,09:11:00,16:29:00,7.3,0,0,1,25.9,1.004,walking,classroom_B
2026-01-07,Wednesday,STU-034,CSE,5,34,274,present,08:23:00,16:35:00,8.2,0,0,1,76.1,1.38,walking,classroom_B
2026-01-07,Wednesday,STU-035,CSE,3,35,262,present,08:15:00,17:21:00,9.1,0,0,1,35.4,1.75,walking,lab
2026-01-07,Wednesday,STU-036,CSE,4,36,282,present,08:23:00,15:58:00,7.58,0,0,1,73.4,1.736,walking,entrance
2026-01-07,Wednesday,STU-037,CSE,8,37,208,present,08:24:00,13:53:00,5.48,0,1,1,57.8,1.361,walking,entrance
2026-01-07,Wednesday,STU-038,BBA,5,38,201,present,10:42:00,15:34:00,4.87,1,0,1,53.1,0.325,standing,classroom_B
2026-01-07,Wednesday,STU-039,CSE,4,39,267,present,09:25:00,15:06:00,5.68,0,0,1,75.1,0.523,walking,classroom_A
2026-01-07,Wednesday,STU-040,EEE,1,40,289,present,09:02:00,16:29:00,7.45,0,0,1,53.9,0.639,walking,entrance
2026-01-07,Wednesday,STU-041,CSE,1,41,0,absent,,,0.0,0,0,0,0.0,0.0,,
2026-01-07,Wednesday,STU-042,EEE,7,42,255,present,09:01:00,17:10:00,8.15,0,0,1,25.0,1.267,walking,classroom_B
2026-01-07,Wednesday,STU-043,EEE,2,43,0,absent,,,0.0,0,0,0,0.0,0.0,,
2026-01-07,Wednesday,STU-044,CSE,6,44,209,present,09:57:00,17:30:00,7.55,1,0,1,36.3,1.327,walking,classroom_B
2026-01-07,Wednesday,STU-045,CSE,8,45,291,present,10:01:00,17:09:00,7.13,1,0,1,65.1,1.531,walking,entrance
2026-01-07,Wednesday,STU-046,BBA,8,46,217,present,09:21:00,16:24:00,7.05,0,0,1,65.3,1.486,walking,entrance
2026-01-07,Wednesday,STU-047,CSE,5,47,0,absent,,,0.0,0,0,0,0.0,0.0,,
2026-01-07,Wednesday,STU-048,CSE,4,48,241,present,09:19:00,17:25:00,8.1,0,0,1,78.1,0.344,standing,classroom_B
2026-01-07,Wednesday,STU-049,CSE,5,49,298,present,09:13:00,17:42:00,8.48,0,0,1,42.8,1.228,walking,classroom_A
2026-01-07,Wednesday,STU-050,CSE,7,50,239,present,09:47:00,16:06:00,6.32,1,0,1,25.5,0.967,walking,classroom_B
2026-01-08,Thursday,STU-001,CSE,1,1,276,present,09:03:00,14:35:00,5.53,0,1,1,25.6,1.477,walking,lab
2026-01-08,Thursday,STU-002,EEE,4,2,234,present,08:18:00,17:24:00,9.1,0,0,1,30.2,0.752,walking,lab
2026-01-08,Thursday,STU-003,CSE,3,3,292,present,09:15:00,16:16:00,7.02,0,0,1,76.7,1.238,walking,classroom_A
2026-01-08,Thursday,STU-004,CSE,2,4,256,present,10:21:00,16:51:00,6.5,1,0,1,71.7,0.802,walking,classroom_A
2026-01-08,Thursday,STU-005,CSE,7,5,288,present,09:10:00,16:20:00,7.17,0,0,1,37.5,1.249,walking,classroom_A
2026-01-08,Thursday,STU-006,CSE,1,6,223,present,09:03:00,15:37:00,6.57,0,0,1,79.8,1.323,walking,entrance
2026-01-08,Thursday,STU-007,CSE,4,7,252,present,09:25:00,17:04:00,7.65,0,0,1,69.1,1.309,walking,classroom_A
2026-01-08,Thursday,STU-008,CSE,1,8,251,present,09:25:00,16:38:00,7.22,0,0,1,48.8,1.102,walking,lab
2026-01-08,Thursday,STU-009,CSE,4,9,0,absent,,,0.0,0,0,0,0.0,0.0,,
2026-01-08,Thursday,STU-010,CSE,7,10,0,absent,,,0.0,0,0,0,0.0,0.0,,
2026-01-08,Thursday,STU-011,CSE,8,11,272,present,09:42:00,15:41:00,5.98,1,0,1,56.8,1.775,walking,lab
2026-01-08,Thursday,STU-012,CSE,5,12,271,present,08:00:00,13:32:00,5.53,0,1,1,64.8,1.171,walking,classroom_A
2026-01-08,Thursday,STU-013,CSE,3,13,210,present,08:11:00,16:06:00,7.92,0,0,1,37.7,0.474,standing,classroom_A
2026-01-08,Thursday,STU-014,BBA,6,14,240,present,09:11:00,16:46:00,7.58,0,0,1,61.8,0.401,standing,entrance
2026-01-08,Thursday,STU-015,EEE,3,15,270,present,08:21:00,17:15:00,8.9,0,0,1,51.0,0.54,walking,lab
2026-01-08,Thursday,STU-016,CSE,6,16,278,present,08:05:00,16:25:00,8.33,0,0,1,21.8,1.625,walking,lab
2026-01-08,Thursday,STU-017,CSE,2,17,268,present,08:08:00,15:36:00,7.47,0,0,1,26.1,0.58,walking,classroom_B
2026-01-08,Thursday,STU-018,BBA,2,18,250,present,09:16:00,16:38:00,7.37,0,0,1,43.3,1.181,walking,classroom_B
2026-01-08,Thursday,STU-019,EEE,6,19,215,present,10:58:00,15:43:00,4.75,1,0,1,28.0,0.658,walking,entrance
2026-01-08,Thursday,STU-020,CSE,5,20,0,absent,,,0.0,0,0,0,0.0,0.0,,
2026-01-08,Thursday,STU-021,CSE,8,21,282,present,10:27:00,17:34:00,7.12,1,0,1,61.6,1.696,walking,classroom_A
2026-01-08,Thursday,STU-022,CSE,2,22,201,present,10:53:00,15:55:00,5.03,1,0,1,41.5,1.027,walking,classroom_A
2026-01-08,Thursday,STU-023,BBA,2,23,0,absent,,,0.0,0,0,0,0.0,0.0,,
2026-01-08,Thursday,STU-024,CSE,5,24,203,present,09:22:00,16:10:00,6.8,0,0,1,25.0,1.494,walking,classroom_A
2026-01-08,Thursday,STU-025,CSE,6,25,270,present,08:24:00,17:49:00,9.42,0,0,1,66.0,1.066,walking,entrance
2026-01-08,Thursday,STU-026,CSE,4,26,213,present,08:24:00,17:13:00,8.82,0,0,1,79.4,1.404,walking,classroom_A
2026-01-08,Thursday,STU-027,CSE,1,27,0,absent,,,0.0,0,0,0,0.0,0.0,,
2026-01-08,Thursday,STU-028,CSE,5,28,275,present,09:27:00,15:13:00,5.77,0,0,1,68.6,1.334,walking,lab
2026-01-08,Thursday,STU-029,CSE,4,29,268,present,08:25:00,14:34:00,6.15,0,1,1,36.9,0.553,walking,classroom_B
2026-01-08,Thursday,STU-030,CSE,7,30,235,present,08:04:00,16:58:00,8.9,0,0,1,23.6,1.601,walking,classroom_A
2026-01-08,Thursday,STU-031,EEE,8,31,273,present,10:53:00,17:25:00,6.53,1,0,1,49.4,1.249,walking,lab
2026-01-08,Thursday,STU-032,EEE,3,32,247,present,08:12:00,16:44:00,8.53,0,0,1,76.2,0.982,walking,lab
2026-01-08,Thursday,STU-033,EEE,6,33,208,present,08:23:00,17:42:00,9.32,0,0,1,61.8,1.494,walking,lab
2026-01-08,Thursday,STU-034,CSE,5,34,272,present,09:10:00,16:35:00,7.42,0,0,1,54.7,1.579,walking,classroom_B
2026-01-08,Thursday,STU-035,CSE,3,35,254,present,10:01:00,15:28:00,5.45,1,0,1,47.4,0.603,walking,classroom_A
2026-01-08,Thursday,STU-036,CSE,4,36,283,present,09:02:00,16:05:00,7.05,0,0,1,42.3,0.548,walking,lab
2026-01-08,Thursday,STU-037,CSE,8,37,209,present,09:20:00,13:00:00,3.67,0,1,1,32.8,0.499,standing,classroom_A
2026-01-08,Thursday,STU-038,BBA,5,38,209,present,10:52:00,16:44:00,5.87,1,0,1,27.9,0.643,walking,entrance
2026-01-08,Thursday,STU-039,CSE,4,39,218,present,09:04:00,15:41:00,6.62,0,0,1,79.6,0.403,standing,entrance
2026-01-08,Thursday,STU-040,EEE,1,40,227,present,08:20:00,16:39:00,8.32,0,0,1,61.2,0.43,standing,entrance
2026-01-08,Thursday,STU-041,CSE,1,41,210,present,09:30:00,15:15:00,5.75,0,0,1,36.6,0.672,walking,classroom_B
2026-01-08,Thursday,STU-042,EEE,7,42,237,present,09:06:00,17:12:00,8.1,0,0,1,64.9,1.269,walking,classroom_A
2026-01-08,Thursday,STU-043,EEE,2,43,216,present,08:16:00,15:23:00,7.12,0,0,1,76.0,0.88,walking,lab
2026-01-08,Thursday,STU-044,CSE,6,44,207,present,08:00:00,15:16:00,7.27,0,0,1,32.9,1.723,walking,lab
2026-01-08,Thursday,STU-045,CSE,8,45,278,present,09:13:00,15:40:00,6.45,0,0,1,52.2,0.529,walking,entrance
2026-01-08,Thursday,STU-046,BBA,8,46,283,present,08:17:00,17:40:00,9.38,0,0,1,65.8,1.322,walking,entrance
2026-01-08,Thursday,STU-047,CSE,5,47,277,present,08:01:00,16:07:00,8.1,0,0,1,47.2,0.383,standing,classroom_A
2026-01-08,Thursday,STU-048,CSE,4,48,0,absent,,,0.0,0,0,0,0.0,0.0,,
2026-01-08,Thursday,STU-049,CSE,5,49,293,present,09:05:00,17:49:00,8.73,0,0,1,72.4,1.63,walking,entrance
2026-01-08,Thursday,STU-050,CSE,7,50,265,present,09:22:00,17:04:00,7.7,0,0,1,49.8,0.84,walking,lab
2026-01-11,Sunday,STU-001,CSE,1,1,265,present,09:57:00,17:07:00,7.17,1,0,1,33.7,0.304,standing,entrance
2026-01-11,Sunday,STU-002,EEE,4,2,291,present,08:05:00,15:35:00,7.5,0,0,1,68.2,1.411,walking,lab
2026-01-11,Sunday,STU-003,CSE,3,3,286,present,09:08:00,17:23:00,8.25,0,0,1,27.2,1.653,walking,classroom_A
2026-01-11,Sunday,STU-004,CSE,2,4,241,present,10:04:00,16:49:00,6.75,1,0,1,70.7,0.43,standing,lab
2026-01-11,Sunday,STU-005,CSE,7,5,263,present,09:23:00,16:23:00,7.0,0,0,1,55.5,1.797,walking,classroom_A
2026-01-11,Sunday,STU-006,CSE,1,6,281,present,08:00:00,15:14:00,7.23,0,0,1,52.5,1.559,walking,entrance
2026-01-11,Sunday,STU-007,CSE,4,7,207,present,09:03:00,15:26:00,6.38,0,0,1,49.5,1.759,walking,classroom_A
2026-01-11,Sunday,STU-008,CSE,1,8,212,present,09:22:00,16:47:00,7.42,0,0,1,25.1,1.058,walking,lab
2026-01-11,Sunday,STU-009,CSE,4,9,289,present,08:07:00,16:59:00,8.87,0,0,1,68.0,1.548,walking,classroom_B
2026-01-11,Sunday,STU-010,CSE,7,10,221,present,09:08:00,17:06:00,7.97,1,0,1,29.3,0.974,walking,classroom_B
2026-01-11,Sunday,STU-011,CSE,8,11,220,present,08:14:00,16:54:00,8.67,0,0,1,27.2,1.511,walking,classroom_B
2026-01-11,Sunday,STU-012,CSE,5,12,206,present,10:09:00,13:22:00,3.22,1,1,1,43.8,1.316,walking,classroom_B
2026-01-11,Sunday,STU-013,CSE,3,13,217,present,09:17:00,15:06:00,5.82,0,0,1,47.7,0.482,standing,entrance
2026-01-11,Sunday,STU-014,BBA,6,14,0,absent,,,0.0,0,0,0,0.0,0.0,,
2026-01-11,Sunday,STU-015,EEE,3,15,0,absent,,,0.0,0,0,0,0.0,0.0,,
2026-01-11,Sunday,STU-016,CSE,6,16,282,present,09:29:00,15:04:00,5.58,0,0,1,31.9,0.965,walking,classroom_A
2026-01-11,Sunday,STU-017,CSE,2,17,0,absent,,,0.0,0,0,0,0.0,0.0,,
2026-01-11,Sunday,STU-018,BBA,2,18,263,present,08:05:00,16:52:00,8.78,0,0,1,63.5,0.344,standing,lab
2026-01-11,Sunday,STU-019,EEE,6,19,231,present,10:28:00,15:39:00,5.18,1,0,1,57.2,1.271,walking,lab
2026-01-11,Sunday,STU-020,CSE,5,20,267,present,10:24:00,15:41:00,5.28,1,0,1,73.1,0.674,walking,entrance
2026-01-11,Sunday,STU-021,CSE,8,21,223,present,09:11:00,17:20:00,8.15,0,0,1,43.3,0.339,standing,classroom_A
2026-01-11,Sunday,STU-022,CSE,2,22,0,absent,,,0.0,0,0,0,0.0,0.0,,
2026-01-11,Sunday,STU-023,BBA,2,23,0,absent,,,0.0,0,0,0,0.0,0.0,,
2026-01-11,Sunday,STU-024,CSE,5,24,294,present,08:05:00,17:15:00,9.17,0,0,1,36.0,0.384,standing,classroom_A
2026-01-11,Sunday,STU-025,CSE,6,25,0,absent,,,0.0,0,0,0,0.0,0.0,,
2026-01-11,Sunday,STU-026,CSE,4,26,0,absent,,,0.0,0,0,0,0.0,0.0,,
2026-01-11,Sunday,STU-027,CSE,1,27,290,present,09:25:00,16:58:00,7.55,0,0,1,55.5,1.351,walking,classroom_A
2026-01-11,Sunday,STU-028,CSE,5,28,229,present,09:17:00,16:02:00,6.75,0,0,1,25.4,1.202,walking,entrance
2026-01-11,Sunday,STU-029,CSE,4,29,241,present,08:25:00,17:11:00,8.77,0,0,1,75.1,0.389,standing,classroom_A
2026-01-11,Sunday,STU-030,CSE,7,30,0,absent,,,0.0,0,0,0,0.0,0.0,,
2026-01-11,Sunday,STU-031,EEE,8,31,243,present,08:11:00,17:25:00,9.23,0,0,1,55.2,0.753,walking,classroom_A
2026-01-11,Sunday,STU-032,EEE,3,32,278,present,09:20:00,17:35:00,8.25,0,0,1,61.6,1.48,walking,classroom_A
2026-01-11,Sunday,STU-033,EEE,6,33,250,present,09:04:00,15:44:00,6.67,0,0,1,76.9,1.576,walking,entrance
2026-01-11,Sunday,STU-034,CSE,5,34,209,present,08:20:00,16:09:00,7.82,0,0,1,39.9,0.657,walking,classroom_B
2026-01-11,Sunday,STU-035,CSE,3,35,0,absent,,,0.0,0,0,0,0.0,0.0,,
2026-01-11,Sunday,STU-036,CSE,4,36,0,absent,,,0.0,0,0,0,0.0,0.0,,
2026-01-11,Sunday,STU-037,CSE,8,37,0,absent,,,0.0,0,0,0,0.0,0.0,,
2026-01-11,Sunday,STU-038,BBA,5,38,249,present,08:11:00,15:46:00,7.58,0,0,1,20.1,0.957,walking,lab
2026-01-11,Sunday,STU-039,CSE,4,39,273,present,09:11:00,15:53:00,6.7,0,0,1,48.8,1.276,walking,classroom_A
2026-01-11,Sunday,STU-040,EEE,1,40,248,present,09:00:00,15:04:00,6.07,0,0,1,40.5,0.541,walking,entrance
2026-01-11,Sunday,STU-041,CSE,1,41,0,absent,,,0.0,0,0,0,0.0,0.0,,
2026-01-11,Sunday,STU-042,EEE,7,42,220,present,09:22:00,13:38:00,4.27,0,1,1,73.4,0.38,standing,classroom_B
2026-01-11,Sunday,STU-043,EEE,2,43,273,present,09:21:00,15:06:00,5.75,0,0,1,23.0,1.124,walking,lab
2026-01-11,Sunday,STU-044,CSE,6,44,203,present,09:26:00,17:30:00,8.07,0,0,1,32.0,0.61,walking,classroom_B
2026-01-11,Sunday,STU-045,CSE,8,45,269,present,10:30:00,17:16:00,6.77,1,0,1,25.5,0.881,walking,classroom_B
2026-01-11,Sunday,STU-046,BBA,8,46,207,present,09:14:00,15:53:00,6.65,0,0,1,36.1,0.527,walking,entrance
2026-01-11,Sunday,STU-047,CSE,5,47,268,present,08:17:00,14:52:00,6.58,0,1,1,51.4,1.331,walking,lab
2026-01-11,Sunday,STU-048,CSE,4,48,266,present,09:28:00,15:32:00,6.07,0,0,1,54.3,1.501,walking,classroom_A
2026-01-11,Sunday,STU-049,CSE,5,49,0,absent,,,0.0,0,0,0,0.0,0.0,,
2026-01-11,Sunday,STU-050,CSE,7,50,0,absent,,,0.0,0,0,0,0.0,0.0,,
2026-01-12,Monday,STU-001,CSE,1,1,280,present,10:05:00,16:12:00,6.12,1,0,1,79.8,0.522,walking,classroom_B
2026-01-12,Monday,STU-002,EEE,4,2,0,absent,,,0.0,0,0,0,0.0,0.0,,
2026-01-12,Monday,STU-003,CSE,3,3,300,present,09:27:00,16:58:00,7.52,0,0,1,72.4,1.351,walking,lab
2026-01-12,Monday,STU-004,CSE,2,4,268,present,08:29:00,15:50:00,7.35,0,0,1,37.2,1.62,walking,lab
2026-01-12,Monday,STU-005,CSE,7,5,287,present,09:01:00,16:09:00,7.13,0,0,1,57.1,1.34,walking,entrance
2026-01-12,Monday,STU-006,CSE,1,6,0,absent,,,0.0,0,0,0,0.0,0.0,,
2026-01-12,Monday,STU-007,CSE,4,7,239,present,09:28:00,16:52:00,7.4,0,0,1,67.6,0.721,walking,lab
2026-01-12,Monday,STU-008,CSE,1,8,241,present,08:04:00,17:28:00,9.4,0,0,1,66.4,0.704,walking,lab
2026-01-12,Monday,STU-009,CSE,4,9,207,present,09:23:00,17:55:00,8.53,0,0,1,42.4,1.073,walking,classroom_A
2026-01-12,Monday,STU-010,CSE,7,10,0,absent,,,0.0,0,0,0,0.0,0.0,,
2026-01-12,Monday,STU-011,CSE,8,11,0,absent,,,0.0,0,0,0,0.0,0.0,,
2026-01-12,Monday,STU-012,CSE,5,12,246,present,09:53:00,13:29:00,3.6,1,1,1,23.0,1.357,walking,classroom_B
2026-01-12,Monday,STU-013,CSE,3,13,222,present,08:21:00,14:31:00,6.17,0,1,1,55.6,1.741,walking,lab
2026-01-12,Monday,STU-014,BBA,6,14,206,present,10:47:00,15:18:00,4.52,1,0,1,21.6,0.544,walking,classroom_A
2026-01-12,Monday,STU-015,EEE,3,15,298,present,09:20:00,15:55:00,6.58,0,0,1,66.8,1.323,walking,lab
2026-01-12,Monday,STU-016,CSE,6,16,282,present,08:07:00,16:45:00,8.63,0,0,1,78.0,0.713,walking,lab
2026-01-12,Monday,STU-017,CSE,2,17,200,present,09:21:00,17:25:00,8.07,0,0,1,55.1,1.067,walking,classroom_B
2026-01-12,Monday,STU-018,BBA,2,18,235,present,08:15:00,14:40:00,6.42,0,1,1,39.5,0.692,walking,classroom_B
2026-01-12,Monday,STU-019,EEE,6,19,287,present,08:25:00,17:25:00,9.0,0,0,1,59.6,0.51,walking,entrance
2026-01-12,Monday,STU-020,CSE,5,20,0,absent,,,0.0,0,0,0,0.0,0.0,,
2026-01-12,Monday,STU-021,CSE,8,21,292,present,08:18:00,17:52:00,9.57,0,0,1,31.4,1.37,walking,lab
2026-01-12,Monday,STU-022,CSE,2,22,260,present,08:26:00,17:11:00,8.75,0,0,1,37.6,0.492,standing,classroom_B
2026-01-12,Monday,STU-023,BBA,2,23,239,present,09:20:00,14:14:00,4.9,0,1,1,64.7,0.931,walking,classroom_B
2026-01-12,Monday,STU-024,CSE,5,24,264,present,08:15:00,13:30:00,5.25,0,1,1,73.4,0.48,standing,lab
2026-01-12,Monday,STU-025,CSE,6,25,258,present,08:04:00,16:26:00,8.37,0,0,1,79.2,0.515,walking,classroom_A
2026-01-12,Monday,STU-026,CSE,4,26,297,present,08:10:00,15:28:00,7.3,0,0,1,36.4,1.46,walking,classroom_A
2026-01-12,Monday,STU-027,CSE,1,27,0,absent,,,0.0,0,0,0,0.0,0.0,,
2026-01-12,Monday,STU-028,CSE,5,28,0,absent,,,0.0,0,0,0,0.0,0.0,,
2026-01-12,Monday,STU-029,CSE,4,29,201,present,09:00:00,13:46:00,4.77,0,1,1,42.4,1.638,walking,classroom_A
2026-01-12,Monday,STU-030,CSE,7,30,264,present,08:22:00,16:08:00,7.77,0,0,1,26.2,1.183,walking,classroom_A
2026-01-12,Monday,STU-031,EEE,8,31,287,present,09:23:00,17:21:00,7.97,0,0,1,46.0,1.793,walking,classroom_B
2026-01-12,Monday,STU-032,EEE,3,32,293,present,08:30:00,16:01:00,7.52,0,0,1,33.7,1.777,walking,classroom_A
2026-01-12,Monday,STU-033,EEE,6,33,232,present,10:45:00,15:24:00,4.65,1,0,1,72.6,1.457,walking,entrance
2026-01-12,Monday,STU-034,CSE,5,34,270,present,09:03:00,16:28:00,7.42,1,0,1,42.8,0.679,walking,classroom_A
2026-01-12,Monday,STU-035,CSE,3,35,0,absent,,,0.0,0,0,0,0.0,0.0,,
2026-01-12,Monday,STU-036,CSE,4,36,213,present,10:39:00,15:26:00,4.78,1,0,1,69.8,1.067,walking,entrance
2026-01-12,Monday,STU-037,CSE,8,37,0,absent,,,0.0,0,0,0,0.0,0.0,,
2026-01-12,Monday,STU-038,BBA,5,38,263,present,08:11:00,16:10:00,7.98,0,0,1,22.4,1.666,walking,lab
2026-01-12,Monday,STU-039,CSE,4,39,299,present,08:26:00,16:09:00,7.72,0,0,1,77.0,1.068,walking,entrance
2026-01-12,Monday,STU-040,EEE,1,40,205,present,09:08:00,15:52:00,6.73,0,0,1,30.5,1.578,walking,classroom_B
2026-01-12,Monday,STU-041,CSE,1,41,284,present,08:27:00,15:00:00,6.55,0,0,1,71.1,1.271,walking,classroom_B
2026-01-12,Monday,STU-042,EEE,7,42,258,present,08:11:00,15:07:00,6.93,0,0,1,44.0,0.708,walking,lab
2026-01-12,Monday,STU-043,EEE,2,43,220,present,08:03:00,17:03:00,9.0,0,0,1,78.9,0.456,standing,lab
2026-01-12,Monday,STU-044,CSE,6,44,293,present,10:49:00,15:55:00,5.1,1,0,1,61.1,1.76,walking,classroom_A
2026-01-12,Monday,STU-045,CSE,8,45,286,present,09:01:00,14:00:00,4.98,0,1,1,62.3,1.087,walking,classroom_A
2026-01-12,Monday,STU-046,BBA,8,46,286,present,08:13:00,15:30:00,7.28,0,0,1,40.7,1.262,walking,classroom_A
2026-01-12,Monday,STU-047,CSE,5,47,263,present,08:00:00,15:32:00,7.53,0,0,1,70.9,1.604,walking,entrance
2026-01-12,Monday,STU-048,CSE,4,48,230,present,09:01:00,17:41:00,8.67,0,0,1,42.7,0.418,standing,lab
2026-01-12,Monday,STU-049,CSE,5,49,213,present,09:10:00,16:47:00,7.62,0,0,1,59.2,0.905,walking,entrance
2026-01-12,Monday,STU-050,CSE,7,50,243,present,10:56:00,15:41:00,4.75,1,0,1,60.3,0.845,walking,entrance
2026-01-13,Tuesday,STU-001,CSE,1,1,297,present,09:22:00,17:28:00,8.1,0,0,1,26.8,1.288,walking,entrance
2026-01-13,Tuesday,STU-002,EEE,4,2,0,absent,,,0.0,0,0,0,0.0,0.0,,
2026-01-13,Tuesday,STU-003,CSE,3,3,295,present,08:01:00,16:08:00,8.12,0,0,1,69.3,1.382,walking,entrance
2026-01-13,Tuesday,STU-004,CSE,2,4,296,present,10:13:00,15:45:00,5.53,1,0,1,40.3,0.922,walking,entrance
2026-01-13,Tuesday,STU-005,CSE,7,5,255,present,08:30:00,17:47:00,9.28,0,0,1,22.9,1.558,walking,lab
2026-01-13,Tuesday,STU-006,CSE,1,6,277,present,08:23:00,15:24:00,7.02,0,0,1,59.5,1.624,walking,lab
2026-01-13,Tuesday,STU-007,CSE,4,7,217,present,08:08:00,16:18:00,8.17,0,0,1,47.2,0.507,walking,classroom_B
2026-01-13,Tuesday,STU-008,CSE,1,8,286,present,08:06:00,17:18:00,9.2,0,0,1,61.2,0.499,standing,classroom_A
2026-01-13,Tuesday,STU-009,CSE,4,9,285,present,08:24:00,16:37:00,8.22,0,0,1,54.2,1.365,walking,classroom_B
2026-01-13,Tuesday,STU-010,CSE,7,10,234,present,09:01:00,15:42:00,6.68,1,0,1,23.4,1.425,walking,classroom_A
2026-01-13,Tuesday,STU-011,CSE,8,11,245,present,09:44:00,15:48:00,6.07,1,0,1,52.5,1.521,walking,entrance
2026-01-13,Tuesday,STU-012,CSE,5,12,289,present,08:23:00,16:15:00,7.87,0,0,1,50.7,0.731,walking,entrance
2026-01-13,Tuesday,STU-013,CSE,3,13,279,present,09:30:00,15:47:00,6.28,0,0,1,35.1,1.603,walking,lab
2026-01-13,Tuesday,STU-014,BBA,6,14,292,present,09:24:00,17:38:00,8.23,0,0,1,31.8,1.746,walking,classroom_B
2026-01-13,Tuesday,STU-015,EEE,3,15,0,absent,,,0.0,0,0,0,0.0,0.0,,
2026-01-13,Tuesday,STU-016,CSE,6,16,0,absent,,,0.0,0,0,0,0.0,0.0,,
2026-01-13,Tuesday,STU-017,CSE,2,17,200,present,10:35:00,15:37:00,5.03,1,0,1,70.8,0.796,walking,classroom_A
2026-01-13,Tuesday,STU-018,BBA,2,18,0,absent,,,0.0,0,0,0,0.0,0.0,,
2026-01-13,Tuesday,STU-019,EEE,6,19,290,present,09:15:00,17:22:00,8.12,0,0,1,24.4,0.777,walking,classroom_A
2026-01-13,Tuesday,STU-020,CSE,5,20,227,present,08:13:00,16:05:00,7.87,0,0,1,41.0,1.295,walking,classroom_B
2026-01-13,Tuesday,STU-021,CSE,8,21,244,present,09:17:00,17:00:00,7.72,0,0,1,26.9,0.969,walking,classroom_A
2026-01-13,Tuesday,STU-022,CSE,2,22,266,present,08:12:00,17:18:00,9.1,0,0,1,21.5,1.533,walking,classroom_B
2026-01-13,Tuesday,STU-023,BBA,2,23,212,present,09:28:00,16:32:00,7.07,0,0,1,24.9,0.551,walking,entrance
2026-01-13,Tuesday,STU-024,CSE,5,24,289,present,08:27:00,15:13:00,6.77,0,0,1,52.3,1.618,walking,lab
2026-01-13,Tuesday,STU-025,CSE,6,25,0,absent,,,0.0,0,0,0,0.0,0.0,,
2026-01-13,Tuesday,STU-026,CSE,4,26,271,present,09:01:00,13:11:00,4.17,0,1,1,67.7,0.406,standing,classroom_A
2026-01-13,Tuesday,STU-027,CSE,1,27,200,present,09:13:00,16:43:00,7.5,0,0,1,27.1,1.262,walking,entrance
2026-01-13,Tuesday,STU-028,CSE,5,28,238,present,08:11:00,15:18:00,7.12,0,0,1,67.2,1.21,walking,classroom_B
2026-01-13,Tuesday,STU-029,CSE,4,29,269,present,08:15:00,15:08:00,6.88,0,0,1,64.8,0.742,walking,classroom_A
2026-01-13,Tuesday,STU-030,CSE,7,30,0,absent,,,0.0,0,0,0,0.0,0.0,,
2026-01-13,Tuesday,STU-031,EEE,8,31,273,present,08:17:00,15:07:00,6.83,0,0,1,22.5,1.195,walking,entrance
2026-01-13,Tuesday,STU-032,EEE,3,32,0,absent,,,0.0,0,0,0,0.0,0.0,,
2026-01-13,Tuesday,STU-033,EEE,6,33,214,present,08:05:00,17:53:00,9.8,0,0,1,35.2,0.572,walking,entrance
2026-01-13,Tuesday,STU-034,CSE,5,34,0,absent,,,0.0,0,0,0,0.0,0.0,,
2026-01-13,Tuesday,STU-035,CSE,3,35,262,present,09:21:00,13:12:00,3.85,0,1,1,63.5,1.727,walking,classroom_B
2026-01-13,Tuesday,STU-036,CSE,4,36,0,absent,,,0.0,0,0,0,0.0,0.0,,
2026-01-13,Tuesday,STU-037,CSE,8,37,274,present,09:15:00,17:42:00,8.45,0,0,1,38.3,0.529,walking,classroom_B
2026-01-13,Tuesday,STU-038,BBA,5,38,0,absent,,,0.0,0,0,0,0.0,0.0,,
2026-01-13,Tuesday,STU-039,CSE,4,39,261,present,09:08:00,15:43:00,6.58,0,0,1,64.0,0.994,walking,classroom_B
2026-01-13,Tuesday,STU-040,EEE,1,40,233,present,09:53:00,15:57:00,6.07,1,0,1,52.3,1.4,walking,entrance
2026-01-13,Tuesday,STU-041,CSE,1,41,0,absent,,,0.0,0,0,0,0.0,0.0,,
2026-01-13,Tuesday,STU-042,EEE,7,42,269,present,09:24:00,15:35:00,6.18,0,0,1,35.6,1.008,walking,classroom_A
2026-01-13,Tuesday,STU-043,EEE,2,43,264,present,09:04:00,17:05:00,8.02,0,0,1,43.8,0.316,standing,classroom_A
2026-01-13,Tuesday,STU-044,CSE,6,44,272,present,08:24:00,16:10:00,7.77,0,0,1,30.7,1.289,walking,classroom_A
2026-01-13,Tuesday,STU-045,CSE,8,45,205,present,08:24:00,15:16:00,6.87,0,0,1,42.2,1.303,walking,classroom_B
2026-01-13,Tuesday,STU-046,BBA,8,46,0,absent,,,0.0,0,0,0,0.0,0.0,,
2026-01-13,Tuesday,STU-047,CSE,5,47,294,present,08:22:00,17:53:00,9.52,0,0,1,36.4,0.695,walking,classroom_A
2026-01-13,Tuesday,STU-048,CSE,4,48,244,present,08:16:00,15:33:00,7.28,0,0,1,44.4,1.03,walking,lab
2026-01-13,Tuesday,STU-049,CSE,5,49,219,present,09:05:00,17:41:00,8.6,0,0,1,36.8,0.58,walking,classroom_B
2026-01-13,Tuesday,STU-050,CSE,7,50,261,present,09:25:00,15:30:00,6.08,0,0,1,60.5,0.616,walking,classroom_A
2026-01-14,Wednesday,STU-001,CSE,1,1,273,present,08:18:00,15:40:00,7.37,0,0,1,50.8,0.52,walking,classroom_A
2026-01-14,Wednesday,STU-002,EEE,4,2,210,present,08:28:00,17:52:00,9.4,0,0,1,37.0,0.625,walking,lab
2026-01-14,Wednesday,STU-003,CSE,3,3,233,present,08:25:00,15:39:00,7.23,0,0,1,59.6,0.552,walking,classroom_B
2026-01-14,Wednesday,STU-004,CSE,2,4,264,present,10:24:00,15:12:00,4.8,1,0,1,51.4,1.327,walking,classroom_A
2026-01-14,Wednesday,STU-005,CSE,7,5,261,present,08:28:00,17:48:00,9.33,0,0,1,27.1,1.289,walking,entrance
2026-01-14,Wednesday,STU-006,CSE,1,6,261,present,09:11:00,17:33:00,8.37,0,0,1,45.7,1.484,walking,lab
2026-01-14,Wednesday,STU-007,CSE,4,7,0,absent,,,0.0,0,0,0,0.0,0.0,,
2026-01-14,Wednesday,STU-008,CSE,1,8,236,present,09:04:00,15:58:00,6.9,0,0,1,71.5,1.197,walking,lab
2026-01-14,Wednesday,STU-009,CSE,4,9,226,present,08:18:00,17:00:00,8.7,0,0,1,42.5,1.332,walking,classroom_B
2026-01-14,Wednesday,STU-010,CSE,7,10,235,present,09:08:00,16:36:00,7.47,0,0,1,41.9,1.788,walking,lab
2026-01-14,Wednesday,STU-011,CSE,8,11,239,present,09:05:00,17:30:00,8.42,0,0,1,35.2,1.166,walking,lab
2026-01-14,Wednesday,STU-012,CSE,5,12,251,present,08:14:00,15:06:00,6.87,0,0,1,32.9,1.479,walking,entrance
2026-01-14,Wednesday,STU-013,CSE,3,13,0,absent,,,0.0,0,0,0,0.0,0.0,,
2026-01-14,Wednesday,STU-014,BBA,6,14,204,present,10:05:00,13:23:00,3.3,1,1,1,24.8,1.387,walking,lab
2026-01-14,Wednesday,STU-015,EEE,3,15,201,present,08:30:00,15:40:00,7.17,0,0,1,49.7,0.603,walking,classroom_B
2026-01-14,Wednesday,STU-016,CSE,6,16,0,absent,,,0.0,0,0,0,0.0,0.0,,
2026-01-14,Wednesday,STU-017,CSE,2,17,235,present,08:11:00,15:10:00,6.98,0,0,1,25.2,1.47,walking,classroom_B
2026-01-14,Wednesday,STU-018,BBA,2,18,271,present,08:23:00,15:35:00,7.2,0,0,1,37.1,1.673,walking,classroom_B
2026-01-14,Wednesday,STU-019,EEE,6,19,0,absent,,,0.0,0,0,0,0.0,0.0,,
2026-01-14,Wednesday,STU-020,CSE,5,20,0,absent,,,0.0,0,0,0,0.0,0.0,,
2026-01-14,Wednesday,STU-021,CSE,8,21,243,present,09:26:00,17:04:00,7.63,1,0,1,50.2,1.721,walking,classroom_B
2026-01-14,Wednesday,STU-022,CSE,2,22,243,present,09:30:00,16:49:00,7.32,0,0,1,34.6,1.742,walking,lab
2026-01-14,Wednesday,STU-023,BBA,2,23,0,absent,,,0.0,0,0,0,0.0,0.0,,
2026-01-14,Wednesday,STU-024,CSE,5,24,240,present,09:20:00,15:43:00,6.38,0,0,1,62.1,0.919,walking,classroom_B
2026-01-14,Wednesday,STU-025,CSE,6,25,222,present,08:09:00,14:04:00,5.92,0,1,1,53.3,1.015,walking,classroom_B
2026-01-14,Wednesday,STU-026,CSE,4,26,233,present,09:31:00,15:47:00,6.27,1,0,1,34.5,0.61,walking,classroom_A
2026-01-14,Wednesday,STU-027,CSE,1,27,200,present,08:03:00,17:42:00,9.65,0,0,1,49.6,1.446,walking,entrance
2026-01-14,Wednesday,STU-028,CSE,5,28,296,present,09:15:00,17:17:00,8.03,0,0,1,43.9,1.165,walking,entrance
2026-01-14,Wednesday,STU-029,CSE,4,29,215,present,08:16:00,17:49:00,9.55,0,0,1,30.5,1.347,walking,lab
2026-01-14,Wednesday,STU-030,CSE,7,30,223,present,09:18:00,16:39:00,7.35,0,0,1,71.7,1.123,walking,classroom_A
2026-01-14,Wednesday,STU-031,EEE,8,31,0,absent,,,0.0,0,0,0,0.0,0.0,,
2026-01-14,Wednesday,STU-032,EEE,3,32,257,present,09:22:00,16:54:00,7.53,0,0,1,44.0,0.57,walking,classroom_A
2026-01-14,Wednesday,STU-033,EEE,6,33,218,present,09:25:00,16:54:00,7.48,0,0,1,42.9,1.5,walking,classroom_A
2026-01-14,Wednesday,STU-034,CSE,5,34,300,present,08:28:00,17:34:00,9.1,0,0,1,63.2,1.03,walking,classroom_B
2026-01-14,Wednesday,STU-035,CSE,3,35,212,present,08:01:00,16:30:00,8.48,0,0,1,70.3,0.975,walking,classroom_B
2026-01-14,Wednesday,STU-036,CSE,4,36,277,present,09:11:00,13:22:00,4.18,0,1,1,72.0,0.598,walking,classroom_A
2026-01-14,Wednesday,STU-037,CSE,8,37,259,present,09:24:00,15:24:00,6.0,0,0,1,56.8,1.248,walking,classroom_A
2026-01-14,Wednesday,STU-038,BBA,5,38,210,present,09:20:00,16:54:00,7.57,0,0,1,74.4,0.543,walking,classroom_A
2026-01-14,Wednesday,STU-039,CSE,4,39,257,present,09:08:00,16:47:00,7.65,0,0,1,55.2,0.921,walking,classroom_A
2026-01-14,Wednesday,STU-040,EEE,1,40,250,present,09:30:00,17:05:00,7.58,0,0,1,32.6,0.455,standing,entrance
2026-01-14,Wednesday,STU-041,CSE,1,41,219,present,10:33:00,15:06:00,4.55,1,0,1,35.7,0.426,standing,lab
2026-01-14,Wednesday,STU-042,EEE,7,42,245,present,08:04:00,15:01:00,6.95,0,0,1,22.1,1.591,walking,classroom_B
2026-01-14,Wednesday,STU-043,EEE,2,43,276,present,09:17:00,17:34:00,8.28,0,0,1,30.6,0.985,walking,lab
2026-01-14,Wednesday,STU-044,CSE,6,44,252,present,09:15:00,15:28:00,6.22,0,0,1,38.5,0.69,walking,classroom_B
2026-01-14,Wednesday,STU-045,CSE,8,45,262,present,08:11:00,17:00:00,8.82,0,0,1,61.3,1.72,walking,lab
2026-01-14,Wednesday,STU-046,BBA,8,46,0,absent,,,0.0,0,0,0,0.0,0.0,,
2026-01-14,Wednesday,STU-047,CSE,5,47,220,present,09:06:00,17:27:00,8.35,0,0,1,43.7,1.372,walking,lab
2026-01-14,Wednesday,STU-048,CSE,4,48,234,present,09:33:00,17:51:00,8.3,1,0,1,61.6,0.727,walking,classroom_B
2026-01-14,Wednesday,STU-049,CSE,5,49,0,absent,,,0.0,0,0,0,0.0,0.0,,
2026-01-14,Wednesday,STU-050,CSE,7,50,219,present,09:08:00,16:12:00,7.07,0,0,1,39.2,0.374,standing,entrance
2026-01-15,Thursday,STU-001,CSE,1,1,227,present,09:23:00,13:09:00,3.77,0,1,1,20.9,0.813,walking,classroom_B
2026-01-15,Thursday,STU-002,EEE,4,2,250,present,08:10:00,13:03:00,4.88,0,1,1,36.0,0.407,standing,lab
2026-01-15,Thursday,STU-003,CSE,3,3,0,absent,,,0.0,0,0,0,0.0,0.0,,
2026-01-15,Thursday,STU-004,CSE,2,4,204,present,09:24:00,16:15:00,6.85,1,0,1,64.3,0.599,walking,entrance
2026-01-15,Thursday,STU-005,CSE,7,5,0,absent,,,0.0,0,0,0,0.0,0.0,,
2026-01-15,Thursday,STU-006,CSE,1,6,266,present,09:05:00,15:47:00,6.7,0,0,1,76.2,0.483,standing,lab
2026-01-15,Thursday,STU-007,CSE,4,7,235,present,08:03:00,16:20:00,8.28,0,0,1,20.9,1.177,walking,lab
2026-01-15,Thursday,STU-008,CSE,1,8,220,present,10:44:00,16:49:00,6.08,1,0,1,25.4,1.05,walking,classroom_B
2026-01-15,Thursday,STU-009,CSE,4,9,0,absent,,,0.0,0,0,0,0.0,0.0,,
2026-01-15,Thursday,STU-010,CSE,7,10,296,present,08:04:00,16:35:00,8.52,0,0,1,67.3,0.821,walking,lab
2026-01-15,Thursday,STU-011,CSE,8,11,237,present,08:08:00,16:45:00,8.62,0,0,1,46.3,1.114,walking,lab
2026-01-15,Thursday,STU-012,CSE,5,12,220,present,09:08:00,17:58:00,8.83,0,0,1,71.6,0.403,standing,classroom_A
2026-01-15,Thursday,STU-013,CSE,3,13,0,absent,,,0.0,0,0,0,0.0,0.0,,
2026-01-15,Thursday,STU-014,BBA,6,14,299,present,09:23:00,15:39:00,6.27,0,0,1,71.4,1.23,walking,classroom_B
2026-01-15,Thursday,STU-015,EEE,3,15,278,present,09:06:00,16:49:00,7.72,0,0,1,53.1,0.725,walking,lab
2026-01-15,Thursday,STU-016,CSE,6,16,225,present,08:01:00,15:11:00,7.17,0,0,1,72.4,0.461,standing,classroom_A
2026-01-15,Thursday,STU-017,CSE,2,17,228,present,09:16:00,17:16:00,8.0,0,0,1,22.9,1.209,walking,entrance
2026-01-15,Thursday,STU-018,BBA,2,18,0,absent,,,0.0,0,0,0,0.0,0.0,,
2026-01-15,Thursday,STU-019,EEE,6,19,0,absent,,,0.0,0,0,0,0.0,0.0,,
2026-01-15,Thursday,STU-020,CSE,5,20,290,present,09:17:00,16:52:00,7.58,0,0,1,42.1,0.387,standing,classroom_B
2026-01-15,Thursday,STU-021,CSE,8,21,229,present,08:30:00,17:06:00,8.6,0,0,1,26.1,1.097,walking,classroom_A
2026-01-15,Thursday,STU-022,CSE,2,22,0,absent,,,0.0,0,0,0,0.0,0.0,,
2026-01-15,Thursday,STU-023,BBA,2,23,0,absent,,,0.0,0,0,0,0.0,0.0,,
2026-01-15,Thursday,STU-024,CSE,5,24,221,present,09:21:00,17:27:00,8.1,0,0,1,73.0,1.489,walking,lab
2026-01-15,Thursday,STU-025,CSE,6,25,241,present,09:29:00,16:35:00,7.1,0,0,1,79.5,1.567,walking,lab
2026-01-15,Thursday,STU-026,CSE,4,26,295,present,08:18:00,16:49:00,8.52,0,0,1,53.0,0.681,walking,lab
2026-01-15,Thursday,STU-027,CSE,1,27,238,present,09:19:00,13:56:00,4.62,0,1,1,38.1,1.777,walking,classroom_A
2026-01-15,Thursday,STU-028,CSE,5,28,219,present,09:29:00,17:36:00,8.12,0,0,1,75.6,0.441,standing,lab
2026-01-15,Thursday,STU-029,CSE,4,29,272,present,08:07:00,16:05:00,7.97,0,0,1,54.2,1.677,walking,entrance
2026-01-15,Thursday,STU-030,CSE,7,30,248,present,09:38:00,15:46:00,6.13,1,0,1,68.5,0.418,standing,entrance
2026-01-15,Thursday,STU-031,EEE,8,31,295,present,09:13:00,15:55:00,6.7,0,0,1,66.2,1.279,walking,entrance
2026-01-15,Thursday,STU-032,EEE,3,32,228,present,09:20:00,15:20:00,6.0,1,0,1,50.1,0.53,walking,lab
2026-01-15,Thursday,STU-033,EEE,6,33,210,present,08:07:00,16:09:00,8.03,0,0,1,27.9,1.014,walking,entrance
2026-01-15,Thursday,STU-034,CSE,5,34,262,present,09:24:00,15:30:00,6.1,0,0,1,53.6,0.893,walking,classroom_A
2026-01-15,Thursday,STU-035,CSE,3,35,0,absent,,,0.0,0,0,0,0.0,0.0,,
2026-01-15,Thursday,STU-036,CSE,4,36,252,present,09:10:00,17:05:00,7.92,0,0,1,26.8,0.935,walking,classroom_B
2026-01-15,Thursday,STU-037,CSE,8,37,256,present,09:05:00,17:52:00,8.78,0,0,1,79.4,1.235,walking,lab
2026-01-15,Thursday,STU-038,BBA,5,38,0,absent,,,0.0,0,0,0,0.0,0.0,,
2026-01-15,Thursday,STU-039,CSE,4,39,236,present,08:03:00,15:39:00,7.6,0,0,1,75.6,0.321,standing,entrance
2026-01-15,Thursday,STU-040,EEE,1,40,293,present,08:06:00,16:35:00,8.48,0,0,1,49.0,1.788,walking,entrance
2026-01-15,Thursday,STU-041,CSE,1,41,0,absent,,,0.0,0,0,0,0.0,0.0,,
2026-01-15,Thursday,STU-042,EEE,7,42,201,present,09:50:00,16:03:00,6.22,1,0,1,47.9,0.4,standing,classroom_B
2026-01-15,Thursday,STU-043,EEE,2,43,0,absent,,,0.0,0,0,0,0.0,0.0,,
2026-01-15,Thursday,STU-044,CSE,6,44,240,present,09:07:00,17:45:00,8.63,0,0,1,26.0,1.027,walking,entrance
2026-01-15,Thursday,STU-045,CSE,8,45,250,present,08:01:00,17:19:00,9.3,0,0,1,40.0,1.417,walking,entrance
2026-01-15,Thursday,STU-046,BBA,8,46,249,present,08:16:00,15:40:00,7.4,0,0,1,35.5,1.636,walking,entrance
2026-01-15,Thursday,STU-047,CSE,5,47,0,absent,,,0.0,0,0,0,0.0,0.0,,
2026-01-15,Thursday,STU-048,CSE,4,48,280,present,08:02:00,17:43:00,9.68,0,0,1,56.7,1.33,walking,lab
2026-01-15,Thursday,STU-049,CSE,5,49,269,present,09:14:00,15:41:00,6.45,0,0,1,28.3,1.326,walking,classroom_A
2026-01-15,Thursday,STU-050,CSE,7,50,220,present,08:13:00,15:41:00,7.47,0,0,1,76.0,0.776,walking,entrance
2026-01-18,Sunday,STU-001,CSE,1,1,0,absent,,,0.0,0,0,0,0.0,0.0,,
2026-01-18,Sunday,STU-002,EEE,4,2,281,present,09:30:00,16:47:00,7.28,0,0,1,76.0,1.7,walking,classroom_B
2026-01-18,Sunday,STU-003,CSE,3,3,278,present,09:48:00,17:17:00,7.48,1,0,1,56.3,0.646,walking,classroom_A
2026-01-18,Sunday,STU-004,CSE,2,4,247,present,10:08:00,17:30:00,7.37,1,0,1,62.7,0.576,walking,lab
2026-01-18,Sunday,STU-005,CSE,7,5,252,present,09:26:00,15:59:00,6.55,1,0,1,36.2,0.634,walking,classroom_A
2026-01-18,Sunday,STU-006,CSE,1,6,231,present,09:27:00,17:20:00,7.88,0,0,1,72.0,0.941,walking,entrance
2026-01-18,Sunday,STU-007,CSE,4,7,282,present,09:19:00,17:38:00,8.32,0,0,1,52.2,1.614,walking,entrance
2026-01-18,Sunday,STU-008,CSE,1,8,294,present,08:28:00,17:34:00,9.1,0,0,1,43.7,0.359,standing,lab
2026-01-18,Sunday,STU-009,CSE,4,9,259,present,10:28:00,16:49:00,6.35,1,0,1,69.7,0.55,walking,classroom_B
2026-01-18,Sunday,STU-010,CSE,7,10,214,present,08:14:00,16:05:00,7.85,0,0,1,63.4,0.57,walking,classroom_A
2026-01-18,Sunday,STU-011,CSE,8,11,232,present,10:37:00,15:56:00,5.32,1,0,1,47.3,0.786,walking,classroom_A
2026-01-18,Sunday,STU-012,CSE,5,12,265,present,10:40:00,17:45:00,7.08,1,0,1,43.0,1.218,walking,classroom_A
2026-01-18,Sunday,STU-013,CSE,3,13,222,present,09:18:00,15:10:00,5.87,0,0,1,72.1,1.454,walking,entrance
2026-01-18,Sunday,STU-014,BBA,6,14,225,present,09:09:00,15:57:00,6.8,0,0,1,27.9,0.305,standing,classroom_B
2026-01-18,Sunday,STU-015,EEE,3,15,260,present,08:19:00,15:13:00,6.9,0,0,1,55.3,0.981,walking,lab
2026-01-18,Sunday,STU-016,CSE,6,16,207,present,09:19:00,15:03:00,5.73,0,0,1,31.1,1.28,walking,entrance
2026-01-18,Sunday,STU-017,CSE,2,17,222,present,09:10:00,15:06:00,5.93,0,0,1,45.0,0.542,walking,classroom_B
2026-01-18,Sunday,STU-018,BBA,2,18,211,present,08:30:00,17:23:00,8.88,0,0,1,75.9,1.453,walking,classroom_B
2026-01-18,Sunday,STU-019,EEE,6,19,288,present,10:53:00,16:30:00,5.62,1,0,1,28.1,1.589,walking,classroom_B
2026-01-18,Sunday,STU-020,CSE,5,20,261,present,08:03:00,17:33:00,9.5,0,0,1,79.2,1.386,walking,classroom_B
2026-01-18,Sunday,STU-021,CSE,8,21,0,absent,,,0.0,0,0,0,0.0,0.0,,
2026-01-18,Sunday,STU-022,CSE,2,22,263,present,08:19:00,17:46:00,9.45,0,0,1,57.9,1.512,walking,classroom_A
2026-01-18,Sunday,STU-023,BBA,2,23,0,absent,,,0.0,0,0,0,0.0,0.0,,
2026-01-18,Sunday,STU-024,CSE,5,24,242,present,08:23:00,17:26:00,9.05,0,0,1,44.8,0.824,walking,classroom_A
2026-01-18,Sunday,STU-025,CSE,6,25,214,present,08:09:00,17:20:00,9.18,0,0,1,66.0,1.329,walking,classroom_B
2026-01-18,Sunday,STU-026,CSE,4,26,260,present,08:06:00,16:59:00,8.88,0,0,1,60.3,1.496,walking,classroom_A
2026-01-18,Sunday,STU-027,CSE,1,27,266,present,09:14:00,16:59:00,7.75,0,0,1,64.6,0.749,walking,classroom_B
2026-01-18,Sunday,STU-028,CSE,5,28,235,present,09:25:00,16:04:00,6.65,0,0,1,78.2,1.561,walking,classroom_B
2026-01-18,Sunday,STU-029,CSE,4,29,290,present,09:05:00,16:45:00,7.67,0,0,1,71.5,0.347,standing,lab
2026-01-18,Sunday,STU-030,CSE,7,30,0,absent,,,0.0,0,0,0,0.0,0.0,,
2026-01-18,Sunday,STU-031,EEE,8,31,0,absent,,,0.0,0,0,0,0.0,0.0,,
2026-01-18,Sunday,STU-032,EEE,3,32,264,present,10:50:00,13:58:00,3.13,1,1,1,25.6,0.337,standing,lab
2026-01-18,Sunday,STU-033,EEE,6,33,298,present,09:23:00,16:49:00,7.43,0,0,1,39.6,1.608,walking,classroom_A
2026-01-18,Sunday,STU-034,CSE,5,34,211,present,08:00:00,15:43:00,7.72,0,0,1,70.9,0.8,walking,entrance
2026-01-18,Sunday,STU-035,CSE,3,35,0,absent,,,0.0,0,0,0,0.0,0.0,,
2026-01-18,Sunday,STU-036,CSE,4,36,298,present,08:10:00,16:17:00,8.12,0,0,1,51.9,0.962,walking,entrance
2026-01-18,Sunday,STU-037,CSE,8,37,290,present,09:13:00,17:20:00,8.12,1,0,1,36.3,1.506,walking,classroom_A
2026-01-18,Sunday,STU-038,BBA,5,38,213,present,09:01:00,16:57:00,7.93,0,0,1,60.5,0.875,walking,entrance
2026-01-18,Sunday,STU-039,CSE,4,39,297,present,09:19:00,16:52:00,7.55,0,0,1,31.9,1.306,walking,entrance
2026-01-18,Sunday,STU-040,EEE,1,40,239,present,08:02:00,17:29:00,9.45,0,0,1,25.8,1.327,walking,lab
2026-01-18,Sunday,STU-041,CSE,1,41,0,absent,,,0.0,0,0,0,0.0,0.0,,
2026-01-18,Sunday,STU-042,EEE,7,42,0,absent,,,0.0,0,0,0,0.0,0.0,,
2026-01-18,Sunday,STU-043,EEE,2,43,208,present,10:50:00,16:29:00,5.65,1,0,1,49.3,1.013,walking,classroom_B
2026-01-18,Sunday,STU-044,CSE,6,44,0,absent,,,0.0,0,0,0,0.0,0.0,,
2026-01-18,Sunday,STU-045,CSE,8,45,209,present,08:12:00,15:20:00,7.13,0,0,1,53.4,1.489,walking,lab
2026-01-18,Sunday,STU-046,BBA,8,46,275,present,08:15:00,16:13:00,7.97,0,0,1,68.8,0.947,walking,lab
2026-01-18,Sunday,STU-047,CSE,5,47,262,present,08:21:00,17:59:00,9.63,0,0,1,62.7,0.471,standing,lab
2026-01-18,Sunday,STU-048,CSE,4,48,276,present,09:30:00,17:06:00,7.6,0,0,1,61.1,1.457,walking,lab
2026-01-18,Sunday,STU-049,CSE,5,49,200,present,09:52:00,17:57:00,8.08,1,0,1,65.3,1.436,walking,classroom_A
2026-01-18,Sunday,STU-050,CSE,7,50,286,present,09:06:00,16:19:00,7.22,0,0,1,54.2,0.757,walking,lab
2026-01-19,Monday,STU-001,CSE,1,1,0,absent,,,0.0,0,0,0,0.0,0.0,,
2026-01-19,Monday,STU-002,EEE,4,2,270,present,09:27:00,16:03:00,6.6,0,0,1,42.2,1.752,walking,entrance
2026-01-19,Monday,STU-003,CSE,3,3,280,present,09:27:00,14:44:00,5.28,0,1,1,55.4,0.777,walking,lab
2026-01-19,Monday,STU-004,CSE,2,4,246,present,08:15:00,17:24:00,9.15,0,0,1,70.6,1.56,walking,classroom_A
2026-01-19,Monday,STU-005,CSE,7,5,0,absent,,,0.0,0,0,0,0.0,0.0,,
2026-01-19,Monday,STU-006,CSE,1,6,217,present,08:23:00,17:27:00,9.07,0,0,1,78.5,0.427,standing,lab
2026-01-19,Monday,STU-007,CSE,4,7,0,absent,,,0.0,0,0,0,0.0,0.0,,
2026-01-19,Monday,STU-008,CSE,1,8,0,absent,,,0.0,0,0,0,0.0,0.0,,
2026-01-19,Monday,STU-009,CSE,4,9,273,present,09:12:00,15:27:00,6.25,0,0,1,56.3,1.047,walking,classroom_A
2026-01-19,Monday,STU-010,CSE,7,10,214,present,09:01:00,17:30:00,8.48,0,0,1,62.3,1.17,walking,entrance
2026-01-19,Monday,STU-011,CSE,8,11,0,absent,,,0.0,0,0,0,0.0,0.0,,
2026-01-19,Monday,STU-012,CSE,5,12,0,absent,,,0.0,0,0,0,0.0,0.0,,
2026-01-19,Monday,STU-013,CSE,3,13,209,present,09:15:00,17:42:00,8.45,1,0,1,77.6,1.326,walking,classroom_B
2026-01-19,Monday,STU-014,BBA,6,14,0,absent,,,0.0,0,0,0,0.0,0.0,,
2026-01-19,Monday,STU-015,EEE,3,15,237,present,09:18:00,16:22:00,7.07,0,0,1,77.6,0.734,walking,entrance
2026-01-19,Monday,STU-016,CSE,6,16,284,present,09:01:00,17:10:00,8.15,0,0,1,54.4,1.786,walking,entrance
2026-01-19,Monday,STU-017,CSE,2,17,201,present,09:08:00,16:17:00,7.15,0,0,1,71.5,1.412,walking,classroom_A
2026-01-19,Monday,STU-018,BBA,2,18,267,present,09:25:00,17:15:00,7.83,0,0,1,49.1,1.593,walking,classroom_B
2026-01-19,Monday,STU-019,EEE,6,19,0,absent,,,0.0,0,0,0,0.0,0.0,,
2026-01-19,Monday,STU-020,CSE,5,20,0,absent,,,0.0,0,0,0,0.0,0.0,,
2026-01-19,Monday,STU-021,CSE,8,21,273,present,09:07:00,17:40:00,8.55,0,0,1,30.0,1.402,walking,classroom_B
2026-01-19,Monday,STU-022,CSE,2,22,296,present,08:05:00,16:19:00,8.23,0,0,1,48.6,1.684,walking,classroom_A
2026-01-19,Monday,STU-023,BBA,2,23,257,present,08:16:00,15:18:00,7.03,0,0,1,75.6,0.873,walking,classroom_B
2026-01-19,Monday,STU-024,CSE,5,24,234,present,10:54:00,17:54:00,7.0,1,0,1,36.4,0.701,walking,entrance
2026-01-19,Monday,STU-025,CSE,6,25,288,present,08:23:00,15:33:00,7.17,0,0,1,40.2,1.79,walking,classroom_B
2026-01-19,Monday,STU-026,CSE,4,26,228,present,08:13:00,13:43:00,5.5,0,1,1,46.8,1.388,walking,classroom_B
2026-01-19,Monday,STU-027,CSE,1,27,277,present,09:38:00,17:07:00,7.48,1,0,1,25.2,0.495,standing,classroom_A
2026-01-19,Monday,STU-028,CSE,5,28,235,present,09:21:00,17:29:00,8.13,0,0,1,75.4,1.454,walking,classroom_B
2026-01-19,Monday,STU-029,CSE,4,29,0,absent,,,0.0,0,0,0,0.0,0.0,,
2026-01-19,Monday,STU-030,CSE,7,30,262,present,08:08:00,16:11:00,8.05,0,0,1,46.4,1.769,walking,classroom_A
2026-01-19,Monday,STU-031,EEE,8,31,256,present,08:17:00,15:39:00,7.37,0,0,1,58.6,1.373,walking,entrance
2026-01-19,Monday,STU-032,EEE,3,32,204,present,09:00:00,15:41:00,6.68,0,0,1,58.4,1.297,walking,classroom_B
2026-01-19,Monday,STU-033,EEE,6,33,293,present,08:16:00,16:30:00,8.23,0,0,1,46.2,1.471,walking,entrance
2026-01-19,Monday,STU-034,CSE,5,34,251,present,09:03:00,16:21:00,7.3,0,0,1,60.9,0.383,standing,entrance
2026-01-19,Monday,STU-035,CSE,3,35,0,absent,,,0.0,0,0,0,0.0,0.0,,
2026-01-19,Monday,STU-036,CSE,4,36,0,absent,,,0.0,0,0,0,0.0,0.0,,
2026-01-19,Monday,STU-037,CSE,8,37,213,present,08:30:00,15:19:00,6.82,0,0,1,61.8,1.246,walking,classroom_B
2026-01-19,Monday,STU-038,BBA,5,38,0,absent,,,0.0,0,0,0,0.0,0.0,,
2026-01-19,Monday,STU-039,CSE,4,39,269,present,09:46:00,15:31:00,5.75,1,0,1,43.3,1.265,walking,lab
2026-01-19,Monday,STU-040,EEE,1,40,0,absent,,,0.0,0,0,0,0.0,0.0,,
2026-01-19,Monday,STU-041,CSE,1,41,0,absent,,,0.0,0,0,0,0.0,0.0,,
2026-01-19,Monday,STU-042,EEE,7,42,286,present,08:12:00,17:42:00,9.5,0,0,1,51.4,1.605,walking,classroom_A
2026-01-19,Monday,STU-043,EEE,2,43,205,present,09:31:00,16:58:00,7.45,1,0,1,75.1,0.664,walking,classroom_A
2026-01-19,Monday,STU-044,CSE,6,44,0,absent,,,0.0,0,0,0,0.0,0.0,,
2026-01-19,Monday,STU-045,CSE,8,45,278,present,09:53:00,15:07:00,5.23,1,0,1,49.8,0.631,walking,classroom_A
2026-01-19,Monday,STU-046,BBA,8,46,0,absent,,,0.0,0,0,0,0.0,0.0,,
2026-01-19,Monday,STU-047,CSE,5,47,222,present,08:10:00,15:48:00,7.63,0,0,1,22.7,0.803,walking,entrance
2026-01-19,Monday,STU-048,CSE,4,48,0,absent,,,0.0,0,0,0,0.0,0.0,,
2026-01-19,Monday,STU-049,CSE,5,49,280,present,09:59:00,15:06:00,5.12,1,0,1,67.5,1.219,walking,classroom_A
2026-01-19,Monday,STU-050,CSE,7,50,298,present,09:59:00,14:26:00,4.45,1,1,1,61.6,1.014,walking,classroom_A
2026-01-20,Tuesday,STU-001,CSE,1,1,223,present,09:07:00,17:44:00,8.62,0,0,1,22.3,1.376,walking,entrance
2026-01-20,Tuesday,STU-002,EEE,4,2,279,present,08:17:00,15:33:00,7.27,0,0,1,78.6,0.843,walking,classroom_A
2026-01-20,Tuesday,STU-003,CSE,3,3,260,present,08:06:00,15:43:00,7.62,0,0,1,70.6,1.046,walking,classroom_A
2026-01-20,Tuesday,STU-004,CSE,2,4,297,present,09:06:00,16:39:00,7.55,0,0,1,68.3,0.98,walking,entrance
2026-01-20,Tuesday,STU-005,CSE,7,5,0,absent,,,0.0,0,0,0,0.0,0.0,,
2026-01-20,Tuesday,STU-006,CSE,1,6,0,absent,,,0.0,0,0,0,0.0,0.0,,
2026-01-20,Tuesday,STU-007,CSE,4,7,241,present,09:18:00,16:12:00,6.9,0,0,1,64.8,0.645,walking,entrance
2026-01-20,Tuesday,STU-008,CSE,1,8,206,present,08:12:00,15:30:00,7.3,0,0,1,55.1,1.636,walking,classroom_A
2026-01-20,Tuesday,STU-009,CSE,4,9,234,present,10:08:00,15:40:00,5.53,1,0,1,41.5,0.603,walking,classroom_A
2026-01-20,Tuesday,STU-010,CSE,7,10,228,present,08:27:00,16:10:00,7.72,0,0,1,65.6,1.63,walking,classroom_A
2026-01-20,Tuesday,STU-011,CSE,8,11,266,present,08:18:00,15:05:00,6.78,0,0,1,44.7,1.034,walking,classroom_A
2026-01-20,Tuesday,STU-012,CSE,5,12,0,absent,,,0.0,0,0,0,0.0,0.0,,
2026-01-20,Tuesday,STU-013,CSE,3,13,0,absent,,,0.0,0,0,0,0.0,0.0,,
2026-01-20,Tuesday,STU-014,BBA,6,14,200,present,08:28:00,15:58:00,7.5,0,0,1,54.4,0.927,walking,entrance
2026-01-20,Tuesday,STU-015,EEE,3,15,212,present,08:13:00,16:51:00,8.63,0,0,1,67.9,0.979,walking,classroom_A
2026-01-20,Tuesday,STU-016,CSE,6,16,0,absent,,,0.0,0,0,0,0.0,0.0,,
2026-01-20,Tuesday,STU-017,CSE,2,17,239,present,09:09:00,15:01:00,5.87,0,0,1,48.8,0.543,walking,lab
2026-01-20,Tuesday,STU-018,BBA,2,18,247,present,10:29:00,17:25:00,6.93,1,0,1,31.1,1.24,walking,entrance
2026-01-20,Tuesday,STU-019,EEE,6,19,278,present,09:16:00,14:48:00,5.53,0,1,1,36.2,1.114,walking,classroom_A
2026-01-20,Tuesday,STU-020,CSE,5,20,214,present,08:16:00,17:23:00,9.12,0,0,1,73.3,0.874,walking,lab
2026-01-20,Tuesday,STU-021,CSE,8,21,230,present,09:35:00,15:08:00,5.55,1,0,1,78.9,1.109,walking,lab
2026-01-20,Tuesday,STU-022,CSE,2,22,234,present,08:24:00,15:20:00,6.93,0,0,1,41.2,1.055,walking,lab
2026-01-20,Tuesday,STU-023,BBA,2,23,286,present,09:16:00,15:30:00,6.23,0,0,1,62.6,1.538,walking,classroom_B
2026-01-20,Tuesday,STU-024,CSE,5,24,222,present,08:06:00,16:05:00,7.98,0,0,1,24.8,0.733,walking,entrance
2026-01-20,Tuesday,STU-025,CSE,6,25,253,present,09:04:00,17:40:00,8.6,0,0,1,21.4,1.754,walking,classroom_A
2026-01-20,Tuesday,STU-026,CSE,4,26,266,present,08:09:00,15:55:00,7.77,0,0,1,68.1,1.267,walking,lab
2026-01-20,Tuesday,STU-027,CSE,1,27,258,present,09:18:00,17:53:00,8.58,0,0,1,52.9,0.756,walking,classroom_A
2026-01-20,Tuesday,STU-028,CSE,5,28,218,present,08:15:00,16:49:00,8.57,0,0,1,70.7,0.83,walking,lab
2026-01-20,Tuesday,STU-029,CSE,4,29,219,present,10:11:00,17:44:00,7.55,1,0,1,74.3,0.542,walking,entrance
2026-01-20,Tuesday,STU-030,CSE,7,30,240,present,10:23:00,17:45:00,7.37,1,0,1,22.1,1.767,walking,classroom_A
2026-01-20,Tuesday,STU-031,EEE,8,31,218,present,10:07:00,16:59:00,6.87,1,0,1,50.0,1.722,walking,classroom_B
2026-01-20,Tuesday,STU-032,EEE,3,32,0,absent,,,0.0,0,0,0,0.0,0.0,,
2026-01-20,Tuesday,STU-033,EEE,6,33,272,present,09:15:00,17:42:00,8.45,0,0,1,28.8,1.393,walking,lab
2026-01-20,Tuesday,STU-034,CSE,5,34,279,present,08:04:00,15:19:00,7.25,0,0,1,21.5,1.561,walking,lab
2026-01-20,Tuesday,STU-035,CSE,3,35,268,present,08:18:00,16:12:00,7.9,0,0,1,21.4,1.574,walking,entrance
2026-01-20,Tuesday,STU-036,CSE,4,36,254,present,08:29:00,16:09:00,7.67,0,0,1,63.0,0.854,walking,classroom_B
2026-01-20,Tuesday,STU-037,CSE,8,37,294,present,09:27:00,15:46:00,6.32,0,0,1,73.3,1.789,walking,lab
2026-01-20,Tuesday,STU-038,BBA,5,38,0,absent,,,0.0,0,0,0,0.0,0.0,,
2026-01-20,Tuesday,STU-039,CSE,4,39,260,present,08:26:00,15:09:00,6.72,0,0,1,32.5,1.783,walking,classroom_B
2026-01-20,Tuesday,STU-040,EEE,1,40,0,absent,,,0.0,0,0,0,0.0,0.0,,
2026-01-20,Tuesday,STU-041,CSE,1,41,217,present,09:13:00,16:45:00,7.53,0,0,1,54.1,0.599,walking,lab
2026-01-20,Tuesday,STU-042,EEE,7,42,228,present,09:26:00,16:35:00,7.15,0,0,1,64.4,0.34,standing,entrance
2026-01-20,Tuesday,STU-043,EEE,2,43,288,present,09:03:00,16:26:00,7.38,0,0,1,30.8,1.267,walking,entrance
2026-01-20,Tuesday,STU-044,CSE,6,44,233,present,08:19:00,17:30:00,9.18,0,0,1,53.9,1.242,walking,lab
2026-01-20,Tuesday,STU-045,CSE,8,45,259,present,08:27:00,17:03:00,8.6,0,0,1,28.8,1.617,walking,classroom_A
2026-01-20,Tuesday,STU-046,BBA,8,46,265,present,09:01:00,17:40:00,8.65,0,0,1,76.2,0.591,walking,classroom_A
2026-01-20,Tuesday,STU-047,CSE,5,47,287,present,10:55:00,17:51:00,6.93,1,0,1,38.1,1.347,walking,classroom_B
2026-01-20,Tuesday,STU-048,CSE,4,48,243,present,08:04:00,16:49:00,8.75,0,0,1,49.1,1.681,walking,classroom_A
2026-01-20,Tuesday,STU-049,CSE,5,49,267,present,08:25:00,17:44:00,9.32,0,0,1,69.9,1.569,walking,entrance
2026-01-20,Tuesday,STU-050,CSE,7,50,0,absent,,,0.0,0,0,0,0.0,0.0,,
2026-01-21,Wednesday,STU-001,CSE,1,1,276,present,10:19:00,15:52:00,5.55,1,0,1,46.5,1.085,walking,classroom_B
2026-01-21,Wednesday,STU-002,EEE,4,2,239,present,08:07:00,17:09:00,9.03,0,0,1,61.3,0.488,standing,classroom_A
2026-01-21,Wednesday,STU-003,CSE,3,3,225,present,08:02:00,14:48:00,6.77,0,1,1,45.9,0.462,standing,entrance
2026-01-21,Wednesday,STU-004,CSE,2,4,0,absent,,,0.0,0,0,0,0.0,0.0,,
2026-01-21,Wednesday,STU-005,CSE,7,5,225,present,09:50:00,17:13:00,7.38,1,0,1,55.3,0.577,walking,classroom_B
2026-01-21,Wednesday,STU-006,CSE,1,6,299,present,09:30:00,16:10:00,6.67,0,0,1,71.3,1.393,walking,classroom_A
2026-01-21,Wednesday,STU-007,CSE,4,7,296,present,08:16:00,15:18:00,7.03,0,0,1,30.3,1.106,walking,entrance
2026-01-21,Wednesday,STU-008,CSE,1,8,213,present,09:11:00,15:28:00,6.28,0,0,1,60.4,0.571,walking,classroom_B
2026-01-21,Wednesday,STU-009,CSE,4,9,266,present,09:03:00,16:07:00,7.07,0,0,1,48.0,0.504,walking,classroom_B
2026-01-21,Wednesday,STU-010,CSE,7,10,239,present,10:31:00,16:29:00,5.97,1,0,1,56.0,1.331,walking,lab
2026-01-21,Wednesday,STU-011,CSE,8,11,201,present,09:06:00,16:43:00,7.62,0,0,1,42.0,1.798,walking,lab
2026-01-21,Wednesday,STU-012,CSE,5,12,213,present,08:03:00,16:44:00,8.68,0,0,1,55.4,1.412,walking,classroom_A
2026-01-21,Wednesday,STU-013,CSE,3,13,0,absent,,,0.0,0,0,0,0.0,0.0,,
2026-01-21,Wednesday,STU-014,BBA,6,14,291,present,08:07:00,17:31:00,9.4,0,0,1,36.7,1.449,walking,classroom_B
2026-01-21,Wednesday,STU-015,EEE,3,15,218,present,09:15:00,16:31:00,7.27,0,0,1,50.7,1.452,walking,entrance
2026-01-21,Wednesday,STU-016,CSE,6,16,286,present,08:00:00,13:53:00,5.88,0,1,1,24.1,0.34,standing,classroom_A
2026-01-21,Wednesday,STU-017,CSE,2,17,237,present,09:48:00,14:50:00,5.03,1,1,1,48.0,1.293,walking,lab
2026-01-21,Wednesday,STU-018,BBA,2,18,249,present,08:30:00,16:56:00,8.43,0,0,1,74.9,0.975,walking,lab
2026-01-21,Wednesday,STU-019,EEE,6,19,291,present,10:56:00,16:27:00,5.52,1,0,1,28.1,0.884,walking,entrance
2026-01-21,Wednesday,STU-020,CSE,5,20,233,present,09:15:00,15:32:00,6.28,0,0,1,23.3,1.042,walking,lab
2026-01-21,Wednesday,STU-021,CSE,8,21,244,present,09:01:00,13:08:00,4.12,0,1,1,70.2,1.514,walking,entrance
2026-01-21,Wednesday,STU-022,CSE,2,22,231,present,09:11:00,16:22:00,7.18,0,0,1,23.4,0.671,walking,classroom_B
2026-01-21,Wednesday,STU-023,BBA,2,23,0,absent,,,0.0,0,0,0,0.0,0.0,,
2026-01-21,Wednesday,STU-024,CSE,5,24,272,present,08:17:00,16:42:00,8.42,0,0,1,71.8,1.072,walking,lab
2026-01-21,Wednesday,STU-025,CSE,6,25,262,present,09:12:00,16:36:00,7.4,0,0,1,25.9,0.45,standing,classroom_A
2026-01-21,Wednesday,STU-026,CSE,4,26,281,present,09:05:00,16:27:00,7.37,0,0,1,32.1,1.571,walking,entrance
2026-01-21,Wednesday,STU-027,CSE,1,27,295,present,08:09:00,16:51:00,8.7,0,0,1,33.6,1.737,walking,entrance
2026-01-21,Wednesday,STU-028,CSE,5,28,264,present,09:13:00,15:41:00,6.47,0,0,1,69.4,1.506,walking,lab
2026-01-21,Wednesday,STU-029,CSE,4,29,202,present,09:19:00,17:48:00,8.48,0,0,1,52.9,1.242,walking,classroom_A
2026-01-21,Wednesday,STU-030,CSE,7,30,298,present,09:08:00,17:51:00,8.72,0,0,1,56.9,1.66,walking,entrance
2026-01-21,Wednesday,STU-031,EEE,8,31,240,present,09:47:00,16:54:00,7.12,1,0,1,46.1,1.59,walking,entrance
2026-01-21,Wednesday,STU-032,EEE,3,32,0,absent,,,0.0,0,0,0,0.0,0.0,,
2026-01-21,Wednesday,STU-033,EEE,6,33,239,present,09:25:00,15:12:00,5.78,1,0,1,21.7,0.996,walking,lab
2026-01-21,Wednesday,STU-034,CSE,5,34,0,absent,,,0.0,0,0,0,0.0,0.0,,
2026-01-21,Wednesday,STU-035,CSE,3,35,292,present,10:42:00,17:54:00,7.2,1,0,1,22.5,1.029,walking,entrance
2026-01-21,Wednesday,STU-036,CSE,4,36,0,absent,,,0.0,0,0,0,0.0,0.0,,
2026-01-21,Wednesday,STU-037,CSE,8,37,292,present,10:57:00,17:56:00,6.98,1,0,1,25.4,1.564,walking,classroom_A
2026-01-21,Wednesday,STU-038,BBA,5,38,0,absent,,,0.0,0,0,0,0.0,0.0,,
2026-01-21,Wednesday,STU-039,CSE,4,39,240,present,09:15:00,15:38:00,6.38,0,0,1,27.3,0.794,walking,lab
2026-01-21,Wednesday,STU-040,EEE,1,40,232,present,08:04:00,15:17:00,7.22,0,0,1,46.4,1.594,walking,entrance
2026-01-21,Wednesday,STU-041,CSE,1,41,300,present,09:17:00,17:15:00,7.97,0,0,1,77.8,1.705,walking,classroom_B
2026-01-21,Wednesday,STU-042,EEE,7,42,285,present,08:26:00,15:44:00,7.3,0,0,1,75.0,0.66,walking,lab
2026-01-21,Wednesday,STU-043,EEE,2,43,0,absent,,,0.0,0,0,0,0.0,0.0,,
2026-01-21,Wednesday,STU-044,CSE,6,44,0,absent,,,0.0,0,0,0,0.0,0.0,,
2026-01-21,Wednesday,STU-045,CSE,8,45,0,absent,,,0.0,0,0,0,0.0,0.0,,
2026-01-21,Wednesday,STU-046,BBA,8,46,296,present,09:29:00,16:19:00,6.83,0,0,1,25.4,0.653,walking,classroom_A
2026-01-21,Wednesday,STU-047,CSE,5,47,235,present,09:28:00,17:26:00,7.97,0,0,1,67.4,1.6,walking,lab
2026-01-21,Wednesday,STU-048,CSE,4,48,233,present,09:28:00,15:52:00,6.4,0,0,1,29.6,1.06,walking,classroom_B
2026-01-21,Wednesday,STU-049,CSE,5,49,280,present,09:14:00,15:41:00,6.45,0,0,1,58.5,0.965,walking,classroom_A
2026-01-21,Wednesday,STU-050,CSE,7,50,283,present,08:03:00,17:45:00,9.7,0,0,1,78.2,1.445,walking,lab
2026-01-22,Thursday,STU-001,CSE,1,1,236,present,08:08:00,17:52:00,9.73,0,0,1,39.7,0.598,walking,lab
2026-01-22,Thursday,STU-002,EEE,4,2,229,present,08:00:00,17:41:00,9.68,0,0,1,56.7,1.66,walking,lab
2026-01-22,Thursday,STU-003,CSE,3,3,0,absent,,,0.0,0,0,0,0.0,0.0,,
2026-01-22,Thursday,STU-004,CSE,2,4,215,present,09:04:00,14:10:00,5.1,0,1,1,76.8,0.321,standing,lab
2026-01-22,Thursday,STU-005,CSE,7,5,0,absent,,,0.0,0,0,0,0.0,0.0,,
2026-01-22,Thursday,STU-006,CSE,1,6,248,present,08:06:00,16:18:00,8.2,0,0,1,64.8,0.495,standing,classroom_A
2026-01-22,Thursday,STU-007,CSE,4,7,0,absent,,,0.0,0,0,0,0.0,0.0,,
2026-01-22,Thursday,STU-008,CSE,1,8,0,absent,,,0.0,0,0,0,0.0,0.0,,
2026-01-22,Thursday,STU-009,CSE,4,9,274,present,10:16:00,16:58:00,6.7,1,0,1,34.9,1.326,walking,lab
2026-01-22,Thursday,STU-010,CSE,7,10,276,present,09:21:00,16:45:00,7.4,0,0,1,45.4,0.684,walking,entrance
2026-01-22,Thursday,STU-011,CSE,8,11,276,present,09:29:00,17:42:00,8.22,0,0,1,78.0,1.364,walking,entrance
2026-01-22,Thursday,STU-012,CSE,5,12,233,present,09:21:00,17:02:00,7.68,0,0,1,54.8,0.555,walking,lab
2026-01-22,Thursday,STU-013,CSE,3,13,205,present,10:45:00,15:16:00,4.52,1,0,1,27.0,1.768,walking,lab
2026-01-22,Thursday,STU-014,BBA,6,14,233,present,09:09:00,16:39:00,7.5,0,0,1,69.8,1.075,walking,lab
2026-01-22,Thursday,STU-015,EEE,3,15,206,present,08:17:00,17:40:00,9.38,0,0,1,67.9,0.583,walking,entrance
2026-01-22,Thursday,STU-016,CSE,6,16,290,present,09:13:00,16:02:00,6.82,0,0,1,46.5,1.141,walking,lab
2026-01-22,Thursday,STU-017,CSE,2,17,0,absent,,,0.0,0,0,0,0.0,0.0,,
2026-01-22,Thursday,STU-018,BBA,2,18,272,present,10:11:00,17:32:00,7.35,1,0,1,69.4,1.636,walking,classroom_A
2026-01-22,Thursday,STU-019,EEE,6,19,0,absent,,,0.0,0,0,0,0.0,0.0,,
2026-01-22,Thursday,STU-020,CSE,5,20,203,present,08:07:00,17:06:00,8.98,0,0,1,73.2,0.726,walking,entrance
2026-01-22,Thursday,STU-021,CSE,8,21,261,present,09:04:00,14:53:00,5.82,0,1,1,62.5,0.981,walking,classroom_B
2026-01-22,Thursday,STU-022,CSE,2,22,272,present,09:10:00,17:58:00,8.8,0,0,1,77.4,0.494,standing,entrance
2026-01-22,Thursday,STU-023,BBA,2,23,222,present,08:17:00,16:05:00,7.8,0,0,1,43.9,0.66,walking,lab
2026-01-22,Thursday,STU-024,CSE,5,24,0,absent,,,0.0,0,0,0,0.0,0.0,,
2026-01-22,Thursday,STU-025,CSE,6,25,0,absent,,,0.0,0,0,0,0.0,0.0,,
2026-01-22,Thursday,STU-026,CSE,4,26,0,absent,,,0.0,0,0,0,0.0,0.0,,
2026-01-22,Thursday,STU-027,CSE,1,27,216,present,09:23:00,16:57:00,7.57,0,0,1,61.1,0.839,walking,entrance
2026-01-22,Thursday,STU-028,CSE,5,28,254,present,09:15:00,17:27:00,8.2,0,0,1,25.4,1.516,walking,classroom_A
2026-01-22,Thursday,STU-029,CSE,4,29,263,present,10:29:00,17:43:00,7.23,1,0,1,62.8,1.091,walking,entrance
2026-01-22,Thursday,STU-030,CSE,7,30,231,present,09:09:00,15:43:00,6.57,0,0,1,74.2,1.085,walking,classroom_B
2026-01-22,Thursday,STU-031,EEE,8,31,272,present,08:16:00,15:29:00,7.22,0,0,1,59.7,1.519,walking,classroom_B
2026-01-22,Thursday,STU-032,EEE,3,32,250,present,08:23:00,15:50:00,7.45,0,0,1,30.9,0.368,standing,lab
2026-01-22,Thursday,STU-033,EEE,6,33,223,present,09:24:00,17:51:00,8.45,0,0,1,35.9,0.617,walking,entrance
2026-01-22,Thursday,STU-034,CSE,5,34,221,present,08:13:00,15:25:00,7.2,0,0,1,27.0,1.284,walking,lab
2026-01-22,Thursday,STU-035,CSE,3,35,0,absent,,,0.0,0,0,0,0.0,0.0,,
2026-01-22,Thursday,STU-036,CSE,4,36,238,present,09:22:00,17:43:00,8.35,0,0,1,43.7,0.431,standing,classroom_A
2026-01-22,Thursday,STU-037,CSE,8,37,230,present,09:54:00,14:41:00,4.78,1,1,1,28.7,0.954,walking,classroom_A
2026-01-22,Thursday,STU-038,BBA,5,38,0,absent,,,0.0,0,0,0,0.0,0.0,,
2026-01-22,Thursday,STU-039,CSE,4,39,257,present,09:47:00,16:30:00,6.72,1,0,1,21.2,1.178,walking,classroom_A
2026-01-22,Thursday,STU-040,EEE,1,40,0,absent,,,0.0,0,0,0,0.0,0.0,,
2026-01-22,Thursday,STU-041,CSE,1,41,270,present,10:26:00,17:37:00,7.18,1,0,1,55.8,1.799,walking,entrance
2026-01-22,Thursday,STU-042,EEE,7,42,240,present,09:07:00,17:01:00,7.9,0,0,1,45.3,1.13,walking,classroom_B
2026-01-22,Thursday,STU-043,EEE,2,43,202,present,09:19:00,16:28:00,7.15,0,0,1,61.9,0.542,walking,classroom_A
2026-01-22,Thursday,STU-044,CSE,6,44,237,present,09:29:00,17:42:00,8.22,0,0,1,48.1,1.384,walking,lab
2026-01-22,Thursday,STU-045,CSE,8,45,288,present,09:25:00,15:39:00,6.23,0,0,1,32.4,1.424,walking,lab
2026-01-22,Thursday,STU-046,BBA,8,46,271,present,08:25:00,16:19:00,7.9,0,0,1,34.1,0.371,standing,entrance
2026-01-22,Thursday,STU-047,CSE,5,47,243,present,08:26:00,17:02:00,8.6,0,0,1,68.4,0.946,walking,classroom_A
2026-01-22,Thursday,STU-048,CSE,4,48,234,present,09:25:00,15:49:00,6.4,0,0,1,72.7,1.644,walking,entrance
2026-01-22,Thursday,STU-049,CSE,5,49,0,absent,,,0.0,0,0,0,0.0,0.0,,
2026-01-22,Thursday,STU-050,CSE,7,50,213,present,08:03:00,17:50:00,9.78,0,0,1,71.5,1.535,walking,entrance
2026-01-25,Sunday,STU-001,CSE,1,1,297,present,09:58:00,17:18:00,7.33,1,0,1,62.5,1.059,walking,entrance
2026-01-25,Sunday,STU-002,EEE,4,2,231,present,08:27:00,16:49:00,8.37,0,0,1,66.1,1.552,walking,lab
2026-01-25,Sunday,STU-003,CSE,3,3,219,present,10:45:00,16:40:00,5.92,1,0,1,59.9,1.43,walking,lab
2026-01-25,Sunday,STU-004,CSE,2,4,203,present,09:28:00,17:50:00,8.37,0,0,1,60.9,0.964,walking,entrance
2026-01-25,Sunday,STU-005,CSE,7,5,297,present,10:20:00,15:27:00,5.12,1,0,1,23.7,0.356,standing,classroom_A
2026-01-25,Sunday,STU-006,CSE,1,6,238,present,09:13:00,17:44:00,8.52,0,0,1,53.2,1.382,walking,classroom_B
2026-01-25,Sunday,STU-007,CSE,4,7,279,present,08:22:00,17:13:00,8.85,0,0,1,73.3,1.483,walking,lab
2026-01-25,Sunday,STU-008,CSE,1,8,0,absent,,,0.0,0,0,0,0.0,0.0,,
2026-01-25,Sunday,STU-009,CSE,4,9,294,present,10:05:00,14:24:00,4.32,1,1,1,63.5,1.62,walking,classroom_B
2026-01-25,Sunday,STU-010,CSE,7,10,269,present,09:24:00,15:01:00,5.62,0,0,1,73.4,1.189,walking,classroom_A
2026-01-25,Sunday,STU-011,CSE,8,11,245,present,08:23:00,14:16:00,5.88,0,1,1,57.6,0.486,standing,entrance
2026-01-25,Sunday,STU-012,CSE,5,12,280,present,10:15:00,17:36:00,7.35,1,0,1,62.9,1.298,walking,classroom_A
2026-01-25,Sunday,STU-013,CSE,3,13,266,present,08:22:00,17:15:00,8.88,0,0,1,26.3,1.174,walking,classroom_B
2026-01-25,Sunday,STU-014,BBA,6,14,227,present,09:02:00,14:56:00,5.9,0,1,1,27.8,0.969,walking,classroom_B
2026-01-25,Sunday,STU-015,EEE,3,15,256,present,09:27:00,16:40:00,7.22,0,0,1,45.4,1.334,walking,lab
2026-01-25,Sunday,STU-016,CSE,6,16,267,present,09:31:00,15:45:00,6.23,1,0,1,50.8,0.477,standing,classroom_A
2026-01-25,Sunday,STU-017,CSE,2,17,215,present,10:58:00,17:54:00,6.93,1,0,1,44.5,0.854,walking,classroom_B
2026-01-25,Sunday,STU-018,BBA,2,18,300,present,09:09:00,15:50:00,6.68,0,0,1,28.6,1.184,walking,entrance
2026-01-25,Sunday,STU-019,EEE,6,19,208,present,08:26:00,15:07:00,6.68,0,0,1,52.9,1.606,walking,lab
2026-01-25,Sunday,STU-020,CSE,5,20,297,present,09:25:00,17:53:00,8.47,0,0,1,56.3,0.508,walking,lab
2026-01-25,Sunday,STU-021,CSE,8,21,229,present,10:05:00,17:39:00,7.57,1,0,1,44.6,1.65,walking,classroom_B
2026-01-25,Sunday,STU-022,CSE,2,22,0,absent,,,0.0,0,0,0,0.0,0.0,,
2026-01-25,Sunday,STU-023,BBA,2,23,282,present,08:22:00,14:35:00,6.22,0,1,1,58.7,1.139,walking,classroom_A
2026-01-25,Sunday,STU-024,CSE,5,24,268,present,08:24:00,15:07:00,6.72,0,0,1,59.5,0.57,walking,entrance
2026-01-25,Sunday,STU-025,CSE,6,25,205,present,09:02:00,17:20:00,8.3,0,0,1,44.1,1.037,walking,entrance
2026-01-25,Sunday,STU-026,CSE,4,26,236,present,10:24:00,15:06:00,4.7,1,0,1,52.5,0.516,walking,classroom_B
2026-01-25,Sunday,STU-027,CSE,1,27,207,present,08:01:00,16:11:00,8.17,0,0,1,21.6,0.747,walking,entrance
2026-01-25,Sunday,STU-028,CSE,5,28,296,present,09:30:00,15:03:00,5.55,0,0,1,32.2,1.196,walking,classroom_A
2026-01-25,Sunday,STU-029,CSE,4,29,261,present,08:08:00,14:35:00,6.45,0,1,1,44.4,0.343,standing,classroom_A
2026-01-25,Sunday,STU-030,CSE,7,30,272,present,08:07:00,17:50:00,9.72,0,0,1,27.5,0.91,walking,entrance
2026-01-25,Sunday,STU-031,EEE,8,31,254,present,08:11:00,15:50:00,7.65,0,0,1,34.7,1.742,walking,lab
2026-01-25,Sunday,STU-032,EEE,3,32,0,absent,,,0.0,0,0,0,0.0,0.0,,
2026-01-25,Sunday,STU-033,EEE,6,33,287,present,08:00:00,14:17:00,6.28,0,1,1,55.9,0.87,walking,classroom_B
2026-01-25,Sunday,STU-034,CSE,5,34,211,present,09:01:00,17:36:00,8.58,0,0,1,24.2,0.893,walking,entrance
2026-01-25,Sunday,STU-035,CSE,3,35,243,present,09:06:00,16:56:00,7.83,0,0,1,60.9,1.253,walking,lab
2026-01-25,Sunday,STU-036,CSE,4,36,217,present,08:14:00,16:01:00,7.78,0,0,1,74.8,1.27,walking,entrance
2026-01-25,Sunday,STU-037,CSE,8,37,250,present,09:26:00,17:45:00,8.32,1,0,1,49.3,1.107,walking,entrance
2026-01-25,Sunday,STU-038,BBA,5,38,0,absent,,,0.0,0,0,0,0.0,0.0,,
2026-01-25,Sunday,STU-039,CSE,4,39,289,present,10:52:00,16:11:00,5.32,1,0,1,70.3,1.776,walking,entrance
2026-01-25,Sunday,STU-040,EEE,1,40,0,absent,,,0.0,0,0,0,0.0,0.0,,
2026-01-25,Sunday,STU-041,CSE,1,41,278,present,10:43:00,16:12:00,5.48,1,0,1,25.4,1.238,walking,classroom_A
2026-01-25,Sunday,STU-042,EEE,7,42,225,present,09:15:00,17:38:00,8.38,0,0,1,32.5,1.776,walking,lab
2026-01-25,Sunday,STU-043,EEE,2,43,277,present,08:17:00,17:36:00,9.32,0,0,1,60.3,1.148,walking,entrance
2026-01-25,Sunday,STU-044,CSE,6,44,202,present,09:56:00,16:12:00,6.27,1,0,1,70.9,1.788,walking,classroom_B
2026-01-25,Sunday,STU-045,CSE,8,45,0,absent,,,0.0,0,0,0,0.0,0.0,,
2026-01-25,Sunday,STU-046,BBA,8,46,235,present,08:27:00,16:54:00,8.45,0,0,1,79.7,0.483,standing,lab
2026-01-25,Sunday,STU-047,CSE,5,47,200,present,09:03:00,16:34:00,7.52,1,0,1,46.9,0.888,walking,classroom_B
2026-01-25,Sunday,STU-048,CSE,4,48,221,present,09:44:00,15:58:00,6.23,1,0,1,35.0,0.794,walking,entrance
2026-01-25,Sunday,STU-049,CSE,5,49,213,present,08:18:00,16:53:00,8.58,0,0,1,35.0,1.01,walking,classroom_B
2026-01-25,Sunday,STU-050,CSE,7,50,257,present,08:30:00,14:48:00,6.3,0,1,1,25.7,1.168,walking,entrance
2026-01-26,Monday,STU-001,CSE,1,1,280,present,08:25:00,16:03:00,7.63,0,0,1,38.1,0.948,walking,entrance
2026-01-26,Monday,STU-002,EEE,4,2,300,present,09:12:00,14:14:00,5.03,0,1,1,71.9,1.29,walking,entrance
2026-01-26,Monday,STU-003,CSE,3,3,266,present,08:10:00,17:50:00,9.67,0,0,1,21.6,0.792,walking,classroom_A
2026-01-26,Monday,STU-004,CSE,2,4,253,present,08:28:00,17:32:00,9.07,0,0,1,35.4,1.022,walking,lab
2026-01-26,Monday,STU-005,CSE,7,5,239,present,09:19:00,17:41:00,8.37,1,0,1,65.3,1.175,walking,classroom_A
2026-01-26,Monday,STU-006,CSE,1,6,230,present,09:00:00,17:43:00,8.72,0,0,1,28.7,1.061,walking,entrance
2026-01-26,Monday,STU-007,CSE,4,7,288,present,08:25:00,13:42:00,5.28,0,1,1,48.5,1.773,walking,classroom_B
2026-01-26,Monday,STU-008,CSE,1,8,205,present,09:13:00,15:29:00,6.27,0,0,1,72.6,1.044,walking,entrance
2026-01-26,Monday,STU-009,CSE,4,9,226,present,08:07:00,16:51:00,8.73,0,0,1,64.4,0.9,walking,entrance
2026-01-26,Monday,STU-010,CSE,7,10,297,present,09:09:00,15:40:00,6.52,1,0,1,55.1,0.84,walking,entrance
2026-01-26,Monday,STU-011,CSE,8,11,202,present,09:23:00,17:15:00,7.87,0,0,1,30.7,0.564,walking,classroom_B
2026-01-26,Monday,STU-012,CSE,5,12,239,present,09:20:00,15:21:00,6.02,0,0,1,76.2,0.984,walking,classroom_B
2026-01-26,Monday,STU-013,CSE,3,13,216,present,09:28:00,15:09:00,5.68,0,0,1,73.0,1.492,walking,classroom_A
2026-01-26,Monday,STU-014,BBA,6,14,224,present,09:20:00,15:48:00,6.47,0,0,1,57.0,1.582,walking,classroom_B
2026-01-26,Monday,STU-015,EEE,3,15,226,present,10:55:00,17:37:00,6.7,1,0,1,73.2,1.391,walking,lab
2026-01-26,Monday,STU-016,CSE,6,16,259,present,10:48:00,17:23:00,6.58,1,0,1,49.9,0.568,walking,classroom_B
2026-01-26,Monday,STU-017,CSE,2,17,283,present,09:08:00,17:58:00,8.83,0,0,1,67.4,0.355,standing,classroom_A
2026-01-26,Monday,STU-018,BBA,2,18,247,present,08:09:00,16:36:00,8.45,0,0,1,29.4,0.682,walking,entrance
2026-01-26,Monday,STU-019,EEE,6,19,254,present,09:07:00,16:32:00,7.42,0,0,1,57.3,0.977,walking,lab
2026-01-26,Monday,STU-020,CSE,5,20,0,absent,,,0.0,0,0,0,0.0,0.0,,
2026-01-26,Monday,STU-021,CSE,8,21,264,present,09:16:00,16:57:00,7.68,1,0,1,24.9,1.069,walking,entrance
2026-01-26,Monday,STU-022,CSE,2,22,0,absent,,,0.0,0,0,0,0.0,0.0,,
2026-01-26,Monday,STU-023,BBA,2,23,298,present,09:21:00,16:16:00,6.92,1,0,1,38.2,1.325,walking,classroom_B
2026-01-26,Monday,STU-024,CSE,5,24,251,present,10:00:00,16:52:00,6.87,1,0,1,40.8,1.719,walking,entrance
2026-01-26,Monday,STU-025,CSE,6,25,260,present,08:27:00,15:46:00,7.32,0,0,1,64.9,0.651,walking,lab
2026-01-26,Monday,STU-026,CSE,4,26,257,present,09:27:00,17:26:00,7.98,0,0,1,32.6,1.579,walking,entrance
2026-01-26,Monday,STU-027,CSE,1,27,254,present,09:31:00,16:21:00,6.83,1,0,1,33.5,1.329,walking,lab
2026-01-26,Monday,STU-028,CSE,5,28,242,present,08:18:00,15:09:00,6.85,0,0,1,78.6,1.152,walking,lab
2026-01-26,Monday,STU-029,CSE,4,29,281,present,09:06:00,16:36:00,7.5,0,0,1,77.7,1.642,walking,entrance
2026-01-26,Monday,STU-030,CSE,7,30,0,absent,,,0.0,0,0,0,0.0,0.0,,
2026-01-26,Monday,STU-031,EEE,8,31,0,absent,,,0.0,0,0,0,0.0,0.0,,
2026-01-26,Monday,STU-032,EEE,3,32,258,present,10:18:00,16:42:00,6.4,1,0,1,51.5,0.386,standing,entrance
2026-01-26,Monday,STU-033,EEE,6,33,0,absent,,,0.0,0,0,0,0.0,0.0,,
2026-01-26,Monday,STU-034,CSE,5,34,216,present,10:30:00,16:57:00,6.45,1,0,1,71.9,1.606,walking,classroom_B
2026-01-26,Monday,STU-035,CSE,3,35,225,present,09:18:00,17:43:00,8.42,0,0,1,47.5,0.311,standing,classroom_A
2026-01-26,Monday,STU-036,CSE,4,36,0,absent,,,0.0,0,0,0,0.0,0.0,,
2026-01-26,Monday,STU-037,CSE,8,37,282,present,09:14:00,15:47:00,6.55,0,0,1,25.5,1.621,walking,lab
2026-01-26,Monday,STU-038,BBA,5,38,0,absent,,,0.0,0,0,0,0.0,0.0,,
2026-01-26,Monday,STU-039,CSE,4,39,249,present,08:13:00,17:46:00,9.55,0,0,1,45.9,1.666,walking,classroom_A
2026-01-26,Monday,STU-040,EEE,1,40,268,present,08:07:00,15:17:00,7.17,0,0,1,73.0,0.738,walking,entrance
2026-01-26,Monday,STU-041,CSE,1,41,209,present,09:13:00,17:07:00,7.9,0,0,1,79.7,1.433,walking,classroom_B
2026-01-26,Monday,STU-042,EEE,7,42,251,present,08:14:00,14:24:00,6.17,0,1,1,40.6,1.584,walking,lab
2026-01-26,Monday,STU-043,EEE,2,43,210,present,08:10:00,16:31:00,8.35,0,0,1,47.7,1.123,walking,classroom_A
2026-01-26,Monday,STU-044,CSE,6,44,237,present,09:26:00,15:38:00,6.2,0,0,1,26.0,0.486,standing,lab
2026-01-26,Monday,STU-045,CSE,8,45,0,absent,,,0.0,0,0,0,0.0,0.0,,
2026-01-26,Monday,STU-046,BBA,8,46,289,present,08:06:00,17:34:00,9.47,0,0,1,33.0,0.372,standing,entrance
2026-01-26,Monday,STU-047,CSE,5,47,230,present,09:03:00,15:59:00,6.93,1,0,1,35.0,0.6,walking,entrance
2026-01-26,Monday,STU-048,CSE,4,48,0,absent,,,0.0,0,0,0,0.0,0.0,,
2026-01-26,Monday,STU-049,CSE,5,49,205,present,08:30:00,17:10:00,8.67,0,0,1,63.4,0.924,walking,entrance
2026-01-26,Monday,STU-050,CSE,7,50,213,present,08:29:00,16:07:00,7.63,0,0,1,33.9,0.835,walking,classroom_A
2026-01-27,Tuesday,STU-001,CSE,1,1,0,absent,,,0.0,0,0,0,0.0,0.0,,
2026-01-27,Tuesday,STU-002,EEE,4,2,252,present,09:20:00,15:04:00,5.73,0,0,1,73.1,0.752,walking,lab
2026-01-27,Tuesday,STU-003,CSE,3,3,289,present,08:08:00,17:20:00,9.2,0,0,1,78.9,0.883,walking,classroom_A
2026-01-27,Tuesday,STU-004,CSE,2,4,274,present,09:27:00,15:21:00,5.9,0,0,1,21.1,0.973,walking,classroom_A
2026-01-27,Tuesday,STU-005,CSE,7,5,254,present,09:39:00,15:19:00,5.67,1,0,1,34.2,1.436,walking,entrance
2026-01-27,Tuesday,STU-006,CSE,1,6,276,present,08:12:00,15:15:00,7.05,0,0,1,75.4,1.783,walking,lab
2026-01-27,Tuesday,STU-007,CSE,4,7,296,present,08:16:00,16:41:00,8.42,0,0,1,68.8,0.336,standing,classroom_B
2026-01-27,Tuesday,STU-008,CSE,1,8,248,present,09:51:00,17:14:00,7.38,1,0,1,56.5,1.082,walking,classroom_A
2026-01-27,Tuesday,STU-009,CSE,4,9,216,present,08:30:00,17:09:00,8.65,0,0,1,76.3,0.438,standing,classroom_A
2026-01-27,Tuesday,STU-010,CSE,7,10,231,present,09:05:00,15:27:00,6.37,0,0,1,30.6,0.755,walking,lab
2026-01-27,Tuesday,STU-011,CSE,8,11,260,present,09:02:00,16:25:00,7.38,0,0,1,42.7,0.962,walking,lab
2026-01-27,Tuesday,STU-012,CSE,5,12,238,present,08:24:00,15:48:00,7.4,0,0,1,74.4,1.193,walking,classroom_A
2026-01-27,Tuesday,STU-013,CSE,3,13,242,present,09:14:00,17:38:00,8.4,0,0,1,48.9,0.505,walking,lab
2026-01-27,Tuesday,STU-014,BBA,6,14,0,absent,,,0.0,0,0,0,0.0,0.0,,
2026-01-27,Tuesday,STU-015,EEE,3,15,0,absent,,,0.0,0,0,0,0.0,0.0,,
2026-01-27,Tuesday,STU-016,CSE,6,16,239,present,09:30:00,17:23:00,7.88,0,0,1,43.0,1.262,walking,entrance
2026-01-27,Tuesday,STU-017,CSE,2,17,232,present,09:29:00,15:48:00,6.32,0,0,1,46.2,1.457,walking,classroom_B
2026-01-27,Tuesday,STU-018,BBA,2,18,261,present,08:20:00,16:47:00,8.45,0,0,1,34.8,0.352,standing,classroom_B
2026-01-27,Tuesday,STU-019,EEE,6,19,277,present,08:08:00,17:09:00,9.02,0,0,1,35.3,1.168,walking,classroom_A
2026-01-27,Tuesday,STU-020,CSE,5,20,0,absent,,,0.0,0,0,0,0.0,0.0,,
2026-01-27,Tuesday,STU-021,CSE,8,21,0,absent,,,0.0,0,0,0,0.0,0.0,,
2026-01-27,Tuesday,STU-022,CSE,2,22,264,present,08:28:00,16:16:00,7.8,0,0,1,61.5,1.752,walking,lab
2026-01-27,Tuesday,STU-023,BBA,2,23,295,present,08:03:00,16:52:00,8.82,0,0,1,28.6,0.614,walking,lab
2026-01-27,Tuesday,STU-024,CSE,5,24,236,present,10:00:00,14:33:00,4.55,1,1,1,45.0,1.4,walking,classroom_A
2026-01-27,Tuesday,STU-025,CSE,6,25,227,present,10:11:00,15:28:00,5.28,1,0,1,54.0,0.578,walking,entrance
2026-01-27,Tuesday,STU-026,CSE,4,26,221,present,10:28:00,17:06:00,6.63,1,0,1,72.1,0.42,standing,entrance
2026-01-27,Tuesday,STU-027,CSE,1,27,296,present,08:15:00,15:00:00,6.75,0,0,1,23.7,1.733,walking,entrance
2026-01-27,Tuesday,STU-028,CSE,5,28,247,present,10:59:00,16:38:00,5.65,1,0,1,45.8,1.323,walking,classroom_B
2026-01-27,Tuesday,STU-029,CSE,4,29,212,present,09:12:00,16:55:00,7.72,0,0,1,39.8,0.305,standing,lab
2026-01-27,Tuesday,STU-030,CSE,7,30,0,absent,,,0.0,0,0,0,0.0,0.0,,
2026-01-27,Tuesday,STU-031,EEE,8,31,287,present,09:30:00,15:23:00,5.88,0,0,1,47.1,1.288,walking,lab
2026-01-27,Tuesday,STU-032,EEE,3,32,286,present,10:01:00,15:51:00,5.83,1,0,1,64.1,0.966,walking,lab
2026-01-27,Tuesday,STU-033,EEE,6,33,212,present,10:59:00,16:42:00,5.72,1,0,1,71.4,1.401,walking,classroom_B
2026-01-27,Tuesday,STU-034,CSE,5,34,270,present,08:04:00,15:19:00,7.25,0,0,1,69.9,1.781,walking,lab
2026-01-27,Tuesday,STU-035,CSE,3,35,255,present,09:15:00,17:44:00,8.48,1,0,1,25.4,1.79,walking,entrance
2026-01-27,Tuesday,STU-036,CSE,4,36,0,absent,,,0.0,0,0,0,0.0,0.0,,
2026-01-27,Tuesday,STU-037,CSE,8,37,268,present,09:21:00,17:07:00,7.77,0,0,1,59.9,1.25,walking,lab
2026-01-27,Tuesday,STU-038,BBA,5,38,0,absent,,,0.0,0,0,0,0.0,0.0,,
2026-01-27,Tuesday,STU-039,CSE,4,39,0,absent,,,0.0,0,0,0,0.0,0.0,,
2026-01-27,Tuesday,STU-040,EEE,1,40,282,present,09:29:00,17:46:00,8.28,0,0,1,42.9,1.478,walking,lab
2026-01-27,Tuesday,STU-041,CSE,1,41,273,present,09:07:00,13:47:00,4.67,1,1,1,76.5,0.852,walking,classroom_B
2026-01-27,Tuesday,STU-042,EEE,7,42,246,present,09:37:00,16:27:00,6.83,1,0,1,39.2,1.496,walking,classroom_A
2026-01-27,Tuesday,STU-043,EEE,2,43,237,present,09:00:00,16:20:00,7.33,0,0,1,28.7,1.556,walking,lab
2026-01-27,Tuesday,STU-044,CSE,6,44,290,present,08:19:00,17:44:00,9.42,0,0,1,27.4,1.161,walking,classroom_A
2026-01-27,Tuesday,STU-045,CSE,8,45,228,present,09:04:00,15:54:00,6.83,0,0,1,64.0,1.351,walking,entrance
2026-01-27,Tuesday,STU-046,BBA,8,46,202,present,09:09:00,17:58:00,8.82,0,0,1,70.9,1.122,walking,classroom_B
2026-01-27,Tuesday,STU-047,CSE,5,47,224,present,09:12:00,14:18:00,5.1,0,1,1,61.8,1.352,walking,lab
2026-01-27,Tuesday,STU-048,CSE,4,48,273,present,08:27:00,16:29:00,8.03,0,0,1,59.3,0.506,walking,lab
2026-01-27,Tuesday,STU-049,CSE,5,49,213,present,08:23:00,16:46:00,8.38,0,0,1,71.4,1.317,walking,classroom_A
2026-01-27,Tuesday,STU-050,CSE,7,50,0,absent,,,0.0,0,0,0,0.0,0.0,,
2026-01-28,Wednesday,STU-001,CSE,1,1,283,present,10:30:00,15:07:00,4.62,1,0,1,78.8,0.808,walking,lab
2026-01-28,Wednesday,STU-002,EEE,4,2,222,present,08:03:00,16:19:00,8.27,0,0,1,61.3,1.279,walking,lab
2026-01-28,Wednesday,STU-003,CSE,3,3,0,absent,,,0.0,0,0,0,0.0,0.0,,
2026-01-28,Wednesday,STU-004,CSE,2,4,214,present,09:08:00,16:23:00,7.25,0,0,1,20.7,0.424,standing,lab
2026-01-28,Wednesday,STU-005,CSE,7,5,0,absent,,,0.0,0,0,0,0.0,0.0,,
2026-01-28,Wednesday,STU-006,CSE,1,6,249,present,09:08:00,15:50:00,6.7,0,0,1,55.6,1.026,walking,lab
2026-01-28,Wednesday,STU-007,CSE,4,7,268,present,08:12:00,15:25:00,7.22,0,0,1,53.4,1.475,walking,lab
2026-01-28,Wednesday,STU-008,CSE,1,8,0,absent,,,0.0,0,0,0,0.0,0.0,,
2026-01-28,Wednesday,STU-009,CSE,4,9,0,absent,,,0.0,0,0,0,0.0,0.0,,
2026-01-28,Wednesday,STU-010,CSE,7,10,257,present,08:05:00,17:11:00,9.1,0,0,1,20.3,1.501,walking,entrance
2026-01-28,Wednesday,STU-011,CSE,8,11,264,present,08:17:00,15:05:00,6.8,0,0,1,78.8,0.748,walking,classroom_A
2026-01-28,Wednesday,STU-012,CSE,5,12,0,absent,,,0.0,0,0,0,0.0,0.0,,
2026-01-28,Wednesday,STU-013,CSE,3,13,240,present,09:21:00,15:36:00,6.25,0,0,1,49.4,1.084,walking,classroom_B
2026-01-28,Wednesday,STU-014,BBA,6,14,227,present,08:07:00,13:19:00,5.2,0,1,1,71.4,1.736,walking,classroom_A
2026-01-28,Wednesday,STU-015,EEE,3,15,220,present,09:02:00,16:24:00,7.37,0,0,1,59.0,0.9,walking,entrance
2026-01-28,Wednesday,STU-016,CSE,6,16,281,present,08:17:00,17:46:00,9.48,0,0,1,36.2,1.345,walking,classroom_A
2026-01-28,Wednesday,STU-017,CSE,2,17,203,present,08:13:00,16:50:00,8.62,0,0,1,46.0,1.746,walking,classroom_A
2026-01-28,Wednesday,STU-018,BBA,2,18,299,present,10:04:00,15:23:00,5.32,1,0,1,74.6,0.71,walking,classroom_A
2026-01-28,Wednesday,STU-019,EEE,6,19,239,present,08:12:00,15:11:00,6.98,0,0,1,51.6,1.183,walking,lab
2026-01-28,Wednesday,STU-020,CSE,5,20,240,present,09:17:00,15:57:00,6.67,0,0,1,22.9,1.72,walking,lab
2026-01-28,Wednesday,STU-021,CSE,8,21,0,absent,,,0.0,0,0,0,0.0,0.0,,
2026-01-28,Wednesday,STU-022,CSE,2,22,291,present,09:15:00,16:00:00,6.75,0,0,1,61.2,0.533,walking,classroom_A
2026-01-28,Wednesday,STU-023,BBA,2,23,258,present,09:22:00,17:38:00,8.27,0,0,1,45.1,0.575,walking,classroom_B
2026-01-28,Wednesday,STU-024,CSE,5,24,211,present,09:16:00,15:19:00,6.05,0,0,1,58.1,1.721,walking,lab
2026-01-28,Wednesday,STU-025,CSE,6,25,210,present,08:23:00,15:10:00,6.78,0,0,1,54.5,1.415,walking,lab
2026-01-28,Wednesday,STU-026,CSE,4,26,289,present,08:15:00,17:43:00,9.47,0,0,1,73.3,0.487,standing,entrance
2026-01-28,Wednesday,STU-027,CSE,1,27,0,absent,,,0.0,0,0,0,0.0,0.0,,
2026-01-28,Wednesday,STU-028,CSE,5,28,267,present,09:07:00,17:58:00,8.85,0,0,1,69.4,1.326,walking,entrance
2026-01-28,Wednesday,STU-029,CSE,4,29,0,absent,,,0.0,0,0,0,0.0,0.0,,
2026-01-28,Wednesday,STU-030,CSE,7,30,0,absent,,,0.0,0,0,0,0.0,0.0,,
2026-01-28,Wednesday,STU-031,EEE,8,31,221,present,09:32:00,15:27:00,5.92,1,0,1,49.7,0.86,walking,entrance
2026-01-28,Wednesday,STU-032,EEE,3,32,294,present,08:09:00,16:16:00,8.12,0,0,1,32.8,1.247,walking,lab
2026-01-28,Wednesday,STU-033,EEE,6,33,245,present,08:29:00,17:54:00,9.42,0,0,1,49.3,0.309,standing,lab
2026-01-28,Wednesday,STU-034,CSE,5,34,210,present,09:25:00,15:27:00,6.03,1,0,1,49.5,1.094,walking,classroom_A
2026-01-28,Wednesday,STU-035,CSE,3,35,0,absent,,,0.0,0,0,0,0.0,0.0,,
2026-01-28,Wednesday,STU-036,CSE,4,36,0,absent,,,0.0,0,0,0,0.0,0.0,,
2026-01-28,Wednesday,STU-037,CSE,8,37,256,present,09:13:00,17:51:00,8.63,0,0,1,36.2,1.284,walking,lab
2026-01-28,Wednesday,STU-038,BBA,5,38,205,present,09:28:00,15:07:00,5.65,0,0,1,31.4,0.501,walking,lab
2026-01-28,Wednesday,STU-039,CSE,4,39,0,absent,,,0.0,0,0,0,0.0,0.0,,
2026-01-28,Wednesday,STU-040,EEE,1,40,291,present,09:03:00,17:31:00,8.47,0,0,1,68.0,0.491,standing,lab
2026-01-28,Wednesday,STU-041,CSE,1,41,0,absent,,,0.0,0,0,0,0.0,0.0,,
2026-01-28,Wednesday,STU-042,EEE,7,42,298,present,09:50:00,13:22:00,3.53,1,1,1,50.0,1.327,walking,entrance
2026-01-28,Wednesday,STU-043,EEE,2,43,254,present,08:13:00,16:31:00,8.3,0,0,1,25.0,0.672,walking,classroom_A
2026-01-28,Wednesday,STU-044,CSE,6,44,254,present,08:27:00,17:15:00,8.8,0,0,1,60.0,0.598,walking,entrance
2026-01-28,Wednesday,STU-045,CSE,8,45,224,present,09:14:00,16:02:00,6.8,1,0,1,36.4,1.694,walking,lab
2026-01-28,Wednesday,STU-046,BBA,8,46,228,present,09:13:00,17:40:00,8.45,0,0,1,78.8,0.804,walking,lab
2026-01-28,Wednesday,STU-047,CSE,5,47,240,present,09:17:00,16:45:00,7.47,1,0,1,45.1,1.643,walking,classroom_A
2026-01-28,Wednesday,STU-048,CSE,4,48,232,present,08:09:00,17:06:00,8.95,0,0,1,45.9,1.722,walking,classroom_B
2026-01-28,Wednesday,STU-049,CSE,5,49,267,present,08:10:00,16:47:00,8.62,0,0,1,66.7,1.207,walking,classroom_A
2026-01-28,Wednesday,STU-050,CSE,7,50,283,present,08:04:00,17:07:00,9.05,0,0,1,22.5,1.526,walking,classroom_A
2026-01-29,Thursday,STU-001,CSE,1,1,0,absent,,,0.0,0,0,0,0.0,0.0,,
2026-01-29,Thursday,STU-002,EEE,4,2,224,present,09:24:00,17:09:00,7.75,0,0,1,22.6,0.927,walking,classroom_B
2026-01-29,Thursday,STU-003,CSE,3,3,255,present,09:28:00,17:45:00,8.28,0,0,1,27.0,0.402,standing,lab
2026-01-29,Thursday,STU-004,CSE,2,4,0,absent,,,0.0,0,0,0,0.0,0.0,,
2026-01-29,Thursday,STU-005,CSE,7,5,224,present,08:09:00,13:50:00,5.68,0,1,1,78.3,1.411,walking,lab
2026-01-29,Thursday,STU-006,CSE,1,6,249,present,08:05:00,17:24:00,9.32,0,0,1,53.7,0.901,walking,classroom_B
2026-01-29,Thursday,STU-007,CSE,4,7,292,present,08:28:00,17:29:00,9.02,0,0,1,50.2,1.088,walking,classroom_B
2026-01-29,Thursday,STU-008,CSE,1,8,281,present,08:05:00,17:15:00,9.17,0,0,1,37.5,0.522,walking,classroom_B
2026-01-29,Thursday,STU-009,CSE,4,9,280,present,08:26:00,15:00:00,6.57,0,0,1,58.9,1.208,walking,classroom_B
2026-01-29,Thursday,STU-010,CSE,7,10,0,absent,,,0.0,0,0,0,0.0,0.0,,
2026-01-29,Thursday,STU-011,CSE,8,11,245,present,10:20:00,17:52:00,7.53,1,0,1,20.6,0.629,walking,classroom_B
2026-01-29,Thursday,STU-012,CSE,5,12,0,absent,,,0.0,0,0,0,0.0,0.0,,
2026-01-29,Thursday,STU-013,CSE,3,13,0,absent,,,0.0,0,0,0,0.0,0.0,,
2026-01-29,Thursday,STU-014,BBA,6,14,226,present,10:41:00,17:40:00,6.98,1,0,1,56.3,1.525,walking,classroom_A
2026-01-29,Thursday,STU-015,EEE,3,15,218,present,09:04:00,17:46:00,8.7,0,0,1,46.0,1.653,walking,entrance
2026-01-29,Thursday,STU-016,CSE,6,16,202,present,08:06:00,17:11:00,9.08,0,0,1,58.9,0.765,walking,classroom_A
2026-01-29,Thursday,STU-017,CSE,2,17,251,present,09:04:00,16:58:00,7.9,1,0,1,58.7,0.45,standing,classroom_A
2026-01-29,Thursday,STU-018,BBA,2,18,205,present,09:12:00,13:48:00,4.6,0,1,1,69.8,0.498,standing,entrance
2026-01-29,Thursday,STU-019,EEE,6,19,0,absent,,,0.0,0,0,0,0.0,0.0,,
2026-01-29,Thursday,STU-020,CSE,5,20,0,absent,,,0.0,0,0,0,0.0,0.0,,
2026-01-29,Thursday,STU-021,CSE,8,21,0,absent,,,0.0,0,0,0,0.0,0.0,,
2026-01-29,Thursday,STU-022,CSE,2,22,0,absent,,,0.0,0,0,0,0.0,0.0,,
2026-01-29,Thursday,STU-023,BBA,2,23,207,present,10:52:00,16:30:00,5.63,1,0,1,29.3,1.115,walking,classroom_B
2026-01-29,Thursday,STU-024,CSE,5,24,218,present,08:17:00,17:56:00,9.65,0,0,1,70.2,0.302,standing,classroom_A
2026-01-29,Thursday,STU-025,CSE,6,25,291,present,10:14:00,17:24:00,7.17,1,0,1,61.2,1.534,walking,entrance
2026-01-29,Thursday,STU-026,CSE,4,26,0,absent,,,0.0,0,0,0,0.0,0.0,,
2026-01-29,Thursday,STU-027,CSE,1,27,0,absent,,,0.0,0,0,0,0.0,0.0,,
2026-01-29,Thursday,STU-028,CSE,5,28,219,present,09:29:00,15:57:00,6.47,0,0,1,22.6,0.567,walking,classroom_B
2026-01-29,Thursday,STU-029,CSE,4,29,263,present,10:39:00,16:56:00,6.28,1,0,1,26.2,1.293,walking,classroom_B
2026-01-29,Thursday,STU-030,CSE,7,30,240,present,09:55:00,15:49:00,5.9,1,0,1,59.4,0.522,walking,lab
2026-01-29,Thursday,STU-031,EEE,8,31,241,present,08:03:00,17:17:00,9.23,0,0,1,28.7,1.792,walking,classroom_A
2026-01-29,Thursday,STU-032,EEE,3,32,217,present,09:22:00,17:50:00,8.47,0,0,1,58.2,1.503,walking,classroom_A
2026-01-29,Thursday,STU-033,EEE,6,33,291,present,09:17:00,15:24:00,6.12,0,0,1,25.0,0.933,walking,classroom_A
2026-01-29,Thursday,STU-034,CSE,5,34,244,present,09:23:00,15:58:00,6.58,1,0,1,26.6,0.841,walking,classroom_A
2026-01-29,Thursday,STU-035,CSE,3,35,215,present,09:07:00,15:03:00,5.93,0,0,1,64.8,1.743,walking,classroom_A
2026-01-29,Thursday,STU-036,CSE,4,36,276,present,09:01:00,17:37:00,8.6,0,0,1,24.4,1.606,walking,entrance
2026-01-29,Thursday,STU-037,CSE,8,37,260,present,08:18:00,16:09:00,7.85,0,0,1,65.9,1.415,walking,classroom_B
2026-01-29,Thursday,STU-038,BBA,5,38,277,present,08:09:00,15:56:00,7.78,0,0,1,58.5,1.427,walking,classroom_A
2026-01-29,Thursday,STU-039,CSE,4,39,0,absent,,,0.0,0,0,0,0.0,0.0,,
2026-01-29,Thursday,STU-040,EEE,1,40,0,absent,,,0.0,0,0,0,0.0,0.0,,
2026-01-29,Thursday,STU-041,CSE,1,41,0,absent,,,0.0,0,0,0,0.0,0.0,,
2026-01-29,Thursday,STU-042,EEE,7,42,216,present,09:29:00,15:33:00,6.07,0,0,1,42.7,1.415,walking,lab
2026-01-29,Thursday,STU-043,EEE,2,43,251,present,09:52:00,16:20:00,6.47,1,0,1,59.2,1.541,walking,classroom_A
2026-01-29,Thursday,STU-044,CSE,6,44,242,present,09:03:00,16:38:00,7.58,0,0,1,66.7,0.342,standing,classroom_B
2026-01-29,Thursday,STU-045,CSE,8,45,204,present,08:24:00,15:35:00,7.18,0,0,1,32.1,0.661,walking,entrance
2026-01-29,Thursday,STU-046,BBA,8,46,245,present,09:01:00,13:19:00,4.3,0,1,1,20.5,1.428,walking,lab
2026-01-29,Thursday,STU-047,CSE,5,47,294,present,09:04:00,15:21:00,6.28,0,0,1,44.4,1.055,walking,classroom_A
2026-01-29,Thursday,STU-048,CSE,4,48,0,absent,,,0.0,0,0,0,0.0,0.0,,
2026-01-29,Thursday,STU-049,CSE,5,49,0,absent,,,0.0,0,0,0,0.0,0.0,,
2026-01-29,Thursday,STU-050,CSE,7,50,287,present,08:28:00,17:14:00,8.77,0,0,1,73.1,1.281,walking,classroom_A
2026-02-01,Sunday,STU-001,CSE,1,1,255,present,09:14:00,16:18:00,7.07,0,0,1,41.6,0.36,standing,lab
2026-02-01,Sunday,STU-002,EEE,4,2,0,absent,,,0.0,0,0,0,0.0,0.0,,
2026-02-01,Sunday,STU-003,CSE,3,3,0,absent,,,0.0,0,0,0,0.0,0.0,,
2026-02-01,Sunday,STU-004,CSE,2,4,0,absent,,,0.0,0,0,0,0.0,0.0,,
2026-02-01,Sunday,STU-005,CSE,7,5,240,present,09:17:00,15:31:00,6.23,0,0,1,25.6,0.555,walking,classroom_B
2026-02-01,Sunday,STU-006,CSE,1,6,232,present,08:02:00,16:16:00,8.23,0,0,1,79.2,1.445,walking,lab
2026-02-01,Sunday,STU-007,CSE,4,7,279,present,10:02:00,16:25:00,6.38,1,0,1,44.5,1.676,walking,classroom_A
2026-02-01,Sunday,STU-008,CSE,1,8,287,present,09:11:00,14:32:00,5.35,0,1,1,47.0,0.364,standing,entrance
2026-02-01,Sunday,STU-009,CSE,4,9,251,present,08:04:00,16:24:00,8.33,0,0,1,29.5,1.581,walking,classroom_A
2026-02-01,Sunday,STU-010,CSE,7,10,293,present,10:29:00,16:06:00,5.62,1,0,1,25.1,0.463,standing,lab
2026-02-01,Sunday,STU-011,CSE,8,11,260,present,09:10:00,16:13:00,7.05,0,0,1,62.1,0.471,standing,lab
2026-02-01,Sunday,STU-012,CSE,5,12,246,present,08:10:00,17:49:00,9.65,0,0,1,42.8,1.484,walking,lab
2026-02-01,Sunday,STU-013,CSE,3,13,235,present,10:17:00,15:05:00,4.8,1,0,1,28.5,0.908,walking,classroom_B
2026-02-01,Sunday,STU-014,BBA,6,14,254,present,08:21:00,15:53:00,7.53,0,0,1,23.2,0.813,walking,classroom_B
2026-02-01,Sunday,STU-015,EEE,3,15,288,present,09:17:00,15:44:00,6.45,0,0,1,46.2,1.155,walking,entrance
2026-02-01,Sunday,STU-016,CSE,6,16,0,absent,,,0.0,0,0,0,0.0,0.0,,
2026-02-01,Sunday,STU-017,CSE,2,17,0,absent,,,0.0,0,0,0,0.0,0.0,,
2026-02-01,Sunday,STU-018,BBA,2,18,240,present,09:00:00,16:59:00,7.98,0,0,1,28.8,0.47,standing,lab
2026-02-01,Sunday,STU-019,EEE,6,19,0,absent,,,0.0,0,0,0,0.0,0.0,,
2026-02-01,Sunday,STU-020,CSE,5,20,224,present,09:20:00,15:02:00,5.7,0,0,1,33.1,0.93,walking,classroom_A
2026-02-01,Sunday,STU-021,CSE,8,21,202,present,08:21:00,15:23:00,7.03,0,0,1,68.8,0.753,walking,classroom_B
2026-02-01,Sunday,STU-022,CSE,2,22,0,absent,,,0.0,0,0,0,0.0,0.0,,
2026-02-01,Sunday,STU-023,BBA,2,23,297,present,09:11:00,17:27:00,8.27,0,0,1,51.4,0.804,walking,classroom_A
2026-02-01,Sunday,STU-024,CSE,5,24,287,present,08:17:00,16:54:00,8.62,0,0,1,59.6,0.956,walking,classroom_B
2026-02-01,Sunday,STU-025,CSE,6,25,0,absent,,,0.0,0,0,0,0.0,0.0,,
2026-02-01,Sunday,STU-026,CSE,4,26,263,present,09:05:00,17:59:00,8.9,1,0,1,44.7,1.425,walking,entrance
2026-02-01,Sunday,STU-027,CSE,1,27,248,present,09:27:00,15:49:00,6.37,0,0,1,47.3,0.472,standing,lab
2026-02-01,Sunday,STU-028,CSE,5,28,250,present,09:13:00,17:45:00,8.53,0,0,1,67.1,0.311,standing,classroom_B
2026-02-01,Sunday,STU-029,CSE,4,29,253,present,09:09:00,16:43:00,7.57,0,0,1,34.5,0.349,standing,entrance
2026-02-01,Sunday,STU-030,CSE,7,30,250,present,09:10:00,17:27:00,8.28,0,0,1,34.5,0.589,walking,lab
2026-02-01,Sunday,STU-031,EEE,8,31,240,present,08:30:00,17:11:00,8.68,0,0,1,44.2,1.076,walking,lab
2026-02-01,Sunday,STU-032,EEE,3,32,0,absent,,,0.0,0,0,0,0.0,0.0,,
2026-02-01,Sunday,STU-033,EEE,6,33,241,present,09:26:00,16:53:00,7.45,0,0,1,53.2,0.606,walking,entrance
2026-02-01,Sunday,STU-034,CSE,5,34,273,present,08:00:00,17:58:00,9.97,0,0,1,78.3,0.874,walking,classroom_A
2026-02-01,Sunday,STU-035,CSE,3,35,231,present,08:07:00,15:19:00,7.2,0,0,1,31.6,1.389,walking,lab
2026-02-01,Sunday,STU-036,CSE,4,36,276,present,08:20:00,13:07:00,4.78,0,1,1,47.5,0.484,standing,classroom_A
2026-02-01,Sunday,STU-037,CSE,8,37,0,absent,,,0.0,0,0,0,0.0,0.0,,
2026-02-01,Sunday,STU-038,BBA,5,38,280,present,08:12:00,15:26:00,7.23,0,0,1,24.4,0.414,standing,lab
2026-02-01,Sunday,STU-039,CSE,4,39,277,present,08:05:00,15:42:00,7.62,0,0,1,54.0,1.582,walking,entrance
2026-02-01,Sunday,STU-040,EEE,1,40,0,absent,,,0.0,0,0,0,0.0,0.0,,
2026-02-01,Sunday,STU-041,CSE,1,41,268,present,08:16:00,15:12:00,6.93,0,0,1,56.4,0.335,standing,classroom_A
2026-02-01,Sunday,STU-042,EEE,7,42,216,present,08:10:00,15:46:00,7.6,0,0,1,61.5,0.701,walking,lab
2026-02-01,Sunday,STU-043,EEE,2,43,251,present,09:14:00,16:27:00,7.22,0,0,1,50.8,1.684,walking,classroom_B
2026-02-01,Sunday,STU-044,CSE,6,44,0,absent,,,0.0,0,0,0,0.0,0.0,,
2026-02-01,Sunday,STU-045,CSE,8,45,257,present,09:05:00,17:31:00,8.43,0,0,1,46.0,0.936,walking,classroom_B
2026-02-01,Sunday,STU-046,BBA,8,46,208,present,09:06:00,16:57:00,7.85,0,0,1,58.0,0.974,walking,entrance
2026-02-01,Sunday,STU-047,CSE,5,47,223,present,09:12:00,13:51:00,4.65,0,1,1,39.4,0.837,walking,entrance
2026-02-01,Sunday,STU-048,CSE,4,48,259,present,10:07:00,13:45:00,3.63,1,1,1,39.7,1.151,walking,classroom_B
2026-02-01,Sunday,STU-049,CSE,5,49,285,present,08:16:00,17:17:00,9.02,0,0,1,63.0,0.412,standing,lab
2026-02-01,Sunday,STU-050,CSE,7,50,235,present,08:06:00,14:31:00,6.42,0,1,1,22.8,0.932,walking,entrance
2026-02-02,Monday,STU-001,CSE,1,1,273,present,08:18:00,13:41:00,5.38,0,1,1,67.0,1.782,walking,lab
2026-02-02,Monday,STU-002,EEE,4,2,0,absent,,,0.0,0,0,0,0.0,0.0,,
2026-02-02,Monday,STU-003,CSE,3,3,0,absent,,,0.0,0,0,0,0.0,0.0,,
2026-02-02,Monday,STU-004,CSE,2,4,240,present,08:15:00,14:46:00,6.52,0,1,1,38.1,1.431,walking,lab
2026-02-02,Monday,STU-005,CSE,7,5,0,absent,,,0.0,0,0,0,0.0,0.0,,
2026-02-02,Monday,STU-006,CSE,1,6,279,present,09:15:00,15:53:00,6.63,0,0,1,42.4,0.454,standing,classroom_A
2026-02-02,Monday,STU-007,CSE,4,7,224,present,10:55:00,16:14:00,5.32,1,0,1,30.2,1.386,walking,classroom_B
2026-02-02,Monday,STU-008,CSE,1,8,238,present,09:16:00,15:07:00,5.85,1,0,1,22.9,0.413,standing,classroom_B
2026-02-02,Monday,STU-009,CSE,4,9,218,present,08:29:00,16:07:00,7.63,0,0,1,27.6,1.43,walking,lab
2026-02-02,Monday,STU-010,CSE,7,10,293,present,08:18:00,16:17:00,7.98,0,0,1,39.3,1.024,walking,entrance
2026-02-02,Monday,STU-011,CSE,8,11,263,present,09:42:00,15:44:00,6.03,1,0,1,24.7,0.39,standing,entrance
2026-02-02,Monday,STU-012,CSE,5,12,240,present,09:03:00,17:48:00,8.75,0,0,1,51.7,1.441,walking,classroom_B
2026-02-02,Monday,STU-013,CSE,3,13,279,present,08:29:00,16:24:00,7.92,0,0,1,78.5,1.07,walking,lab
2026-02-02,Monday,STU-014,BBA,6,14,213,present,10:55:00,15:09:00,4.23,1,0,1,47.7,1.418,walking,classroom_A
2026-02-02,Monday,STU-015,EEE,3,15,270,present,09:21:00,16:16:00,6.92,0,0,1,27.1,0.426,standing,lab
2026-02-02,Monday,STU-016,CSE,6,16,248,present,09:01:00,16:06:00,7.08,0,0,1,22.9,1.398,walking,lab
2026-02-02,Monday,STU-017,CSE,2,17,206,present,10:33:00,17:27:00,6.9,1,0,1,26.6,1.27,walking,entrance
2026-02-02,Monday,STU-018,BBA,2,18,279,present,10:15:00,13:17:00,3.03,1,1,1,33.6,1.349,walking,lab
2026-02-02,Monday,STU-019,EEE,6,19,290,present,09:15:00,15:22:00,6.12,0,0,1,58.2,1.194,walking,entrance
2026-02-02,Monday,STU-020,CSE,5,20,287,present,09:23:00,17:15:00,7.87,0,0,1,30.2,0.404,standing,classroom_A
2026-02-02,Monday,STU-021,CSE,8,21,221,present,09:13:00,15:16:00,6.05,0,0,1,72.9,1.319,walking,entrance
2026-02-02,Monday,STU-022,CSE,2,22,0,absent,,,0.0,0,0,0,0.0,0.0,,
2026-02-02,Monday,STU-023,BBA,2,23,229,present,08:01:00,17:43:00,9.7,0,0,1,79.4,1.088,walking,classroom_A
2026-02-02,Monday,STU-024,CSE,5,24,262,present,10:28:00,16:34:00,6.1,1,0,1,35.4,0.68,walking,lab
2026-02-02,Monday,STU-025,CSE,6,25,218,present,09:03:00,17:46:00,8.72,0,0,1,58.4,1.768,walking,classroom_A
2026-02-02,Monday,STU-026,CSE,4,26,211,present,08:18:00,16:23:00,8.08,0,0,1,32.4,0.591,walking,lab
2026-02-02,Monday,STU-027,CSE,1,27,0,absent,,,0.0,0,0,0,0.0,0.0,,
2026-02-02,Monday,STU-028,CSE,5,28,244,present,09:30:00,15:16:00,5.77,0,0,1,74.6,1.632,walking,lab
2026-02-02,Monday,STU-029,CSE,4,29,0,absent,,,0.0,0,0,0,0.0,0.0,,
2026-02-02,Monday,STU-030,CSE,7,30,244,present,09:26:00,16:50:00,7.4,0,0,1,47.3,0.733,walking,entrance
2026-02-02,Monday,STU-031,EEE,8,31,238,present,08:16:00,17:35:00,9.32,0,0,1,59.9,1.03,walking,entrance
2026-02-02,Monday,STU-032,EEE,3,32,255,present,10:52:00,15:31:00,4.65,1,0,1,38.3,0.828,walking,entrance
2026-02-02,Monday,STU-033,EEE,6,33,225,present,08:30:00,14:09:00,5.65,0,1,1,79.8,0.948,walking,entrance
2026-02-02,Monday,STU-034,CSE,5,34,212,present,08:25:00,16:27:00,8.03,0,0,1,43.9,1.64,walking,classroom_B
2026-02-02,Monday,STU-035,CSE,3,35,217,present,09:25:00,17:49:00,8.4,0,0,1,32.0,0.924,walking,classroom_A
2026-02-02,Monday,STU-036,CSE,4,36,256,present,09:17:00,16:06:00,6.82,0,0,1,28.3,1.341,walking,classroom_B
2026-02-02,Monday,STU-037,CSE,8,37,296,present,09:14:00,13:49:00,4.58,0,1,1,45.3,0.511,walking,classroom_B
2026-02-02,Monday,STU-038,BBA,5,38,200,present,09:01:00,16:08:00,7.12,0,0,1,44.2,0.994,walking,lab
2026-02-02,Monday,STU-039,CSE,4,39,242,present,08:10:00,16:36:00,8.43,0,0,1,48.9,1.596,walking,entrance
2026-02-02,Monday,STU-040,EEE,1,40,263,present,08:22:00,15:35:00,7.22,0,0,1,64.4,0.505,walking,classroom_A
2026-02-02,Monday,STU-041,CSE,1,41,200,present,08:25:00,17:12:00,8.78,0,0,1,26.9,0.53,walking,entrance
2026-02-02,Monday,STU-042,EEE,7,42,238,present,09:53:00,16:03:00,6.17,1,0,1,75.6,0.907,walking,classroom_A
2026-02-02,Monday,STU-043,EEE,2,43,202,present,09:27:00,15:27:00,6.0,0,0,1,28.8,0.577,walking,classroom_A
2026-02-02,Monday,STU-044,CSE,6,44,0,absent,,,0.0,0,0,0,0.0,0.0,,
2026-02-02,Monday,STU-045,CSE,8,45,249,present,08:30:00,16:42:00,8.2,0,0,1,36.5,1.346,walking,entrance
2026-02-02,Monday,STU-046,BBA,8,46,0,absent,,,0.0,0,0,0,0.0,0.0,,
2026-02-02,Monday,STU-047,CSE,5,47,284,present,10:00:00,15:41:00,5.68,1,0,1,59.0,1.23,walking,entrance
2026-02-02,Monday,STU-048,CSE,4,48,264,present,10:17:00,13:22:00,3.08,1,1,1,50.0,0.616,walking,lab
2026-02-02,Monday,STU-049,CSE,5,49,284,present,10:29:00,15:17:00,4.8,1,0,1,67.1,0.754,walking,lab
2026-02-02,Monday,STU-050,CSE,7,50,0,absent,,,0.0,0,0,0,0.0,0.0,,
2026-02-03,Tuesday,STU-001,CSE,1,1,0,absent,,,0.0,0,0,0,0.0,0.0,,
2026-02-03,Tuesday,STU-002,EEE,4,2,279,present,09:04:00,17:37:00,8.55,0,0,1,40.9,1.545,walking,entrance
2026-02-03,Tuesday,STU-003,CSE,3,3,0,absent,,,0.0,0,0,0,0.0,0.0,,
2026-02-03,Tuesday,STU-004,CSE,2,4,222,present,10:20:00,17:50:00,7.5,1,0,1,34.2,1.392,walking,lab
2026-02-03,Tuesday,STU-005,CSE,7,5,277,present,10:07:00,13:28:00,3.35,1,1,1,65.8,1.247,walking,entrance
2026-02-03,Tuesday,STU-006,CSE,1,6,232,present,09:04:00,17:35:00,8.52,0,0,1,32.0,1.037,walking,classroom_B
2026-02-03,Tuesday,STU-007,CSE,4,7,0,absent,,,0.0,0,0,0,0.0,0.0,,
2026-02-03,Tuesday,STU-008,CSE,1,8,217,present,08:18:00,13:13:00,4.92,0,1,1,22.0,1.64,walking,classroom_B
2026-02-03,Tuesday,STU-009,CSE,4,9,224,present,09:05:00,17:41:00,8.6,0,0,1,51.7,1.549,walking,lab
2026-02-03,Tuesday,STU-010,CSE,7,10,209,present,08:25:00,14:40:00,6.25,0,1,1,42.6,1.154,walking,classroom_A
2026-02-03,Tuesday,STU-011,CSE,8,11,237,present,09:03:00,16:01:00,6.97,1,0,1,33.4,1.683,walking,classroom_B
2026-02-03,Tuesday,STU-012,CSE,5,12,266,present,08:30:00,17:36:00,9.1,0,0,1,34.5,1.698,walking,classroom_B
2026-02-03,Tuesday,STU-013,CSE,3,13,243,present,08:18:00,16:41:00,8.38,0,0,1,21.8,0.932,walking,classroom_A
2026-02-03,Tuesday,STU-014,BBA,6,14,0,absent,,,0.0,0,0,0,0.0,0.0,,
2026-02-03,Tuesday,STU-015,EEE,3,15,297,present,08:07:00,17:57:00,9.83,0,0,1,56.6,1.511,walking,classroom_B
2026-02-03,Tuesday,STU-016,CSE,6,16,213,present,08:28:00,15:17:00,6.82,0,0,1,63.4,0.353,standing,classroom_A
2026-02-03,Tuesday,STU-017,CSE,2,17,225,present,08:00:00,15:49:00,7.82,0,0,1,66.9,1.101,walking,lab
2026-02-03,Tuesday,STU-018,BBA,2,18,254,present,08:12:00,17:08:00,8.93,0,0,1,45.8,1.124,walking,entrance
2026-02-03,Tuesday,STU-019,EEE,6,19,0,absent,,,0.0,0,0,0,0.0,0.0,,
2026-02-03,Tuesday,STU-020,CSE,5,20,229,present,10:58:00,13:05:00,2.12,1,1,1,55.3,0.92,walking,entrance
2026-02-03,Tuesday,STU-021,CSE,8,21,240,present,08:02:00,14:11:00,6.15,0,1,1,37.0,0.825,walking,classroom_A
2026-02-03,Tuesday,STU-022,CSE,2,22,290,present,08:21:00,14:34:00,6.22,0,1,1,32.4,1.403,walking,classroom_B
2026-02-03,Tuesday,STU-023,BBA,2,23,231,present,09:30:00,17:18:00,7.8,0,0,1,72.1,1.09,walking,classroom_B
2026-02-03,Tuesday,STU-024,CSE,5,24,226,present,10:57:00,17:31:00,6.57,1,0,1,36.8,1.668,walking,classroom_A
2026-02-03,Tuesday,STU-025,CSE,6,25,258,present,09:02:00,17:28:00,8.43,1,0,1,59.0,1.73,walking,entrance
2026-02-03,Tuesday,STU-026,CSE,4,26,278,present,09:09:00,15:03:00,5.9,0,0,1,36.7,0.876,walking,entrance
2026-02-03,Tuesday,STU-027,CSE,1,27,239,present,09:24:00,16:34:00,7.17,1,0,1,23.1,0.347,standing,classroom_B
2026-02-03,Tuesday,STU-028,CSE,5,28,227,present,09:29:00,16:51:00,7.37,0,0,1,65.2,1.436,walking,classroom_B
2026-02-03,Tuesday,STU-029,CSE,4,29,236,present,08:25:00,16:46:00,8.35,0,0,1,75.9,1.588,walking,lab
2026-02-03,Tuesday,STU-030,CSE,7,30,230,present,09:05:00,16:47:00,7.7,0,0,1,79.6,0.498,standing,entrance
2026-02-03,Tuesday,STU-031,EEE,8,31,278,present,08:24:00,16:36:00,8.2,0,0,1,43.7,0.711,walking,classroom_B
2026-02-03,Tuesday,STU-032,EEE,3,32,222,present,08:03:00,17:20:00,9.28,0,0,1,70.2,0.966,walking,entrance
2026-02-03,Tuesday,STU-033,EEE,6,33,210,present,09:20:00,15:26:00,6.1,0,0,1,23.5,0.715,walking,classroom_B
2026-02-03,Tuesday,STU-034,CSE,5,34,218,present,09:08:00,15:14:00,6.1,0,0,1,57.8,1.607,walking,entrance
2026-02-03,Tuesday,STU-035,CSE,3,35,291,present,10:37:00,17:45:00,7.13,1,0,1,33.7,1.788,walking,classroom_B
2026-02-03,Tuesday,STU-036,CSE,4,36,0,absent,,,0.0,0,0,0,0.0,0.0,,
2026-02-03,Tuesday,STU-037,CSE,8,37,209,present,09:22:00,17:28:00,8.1,1,0,1,26.8,0.655,walking,classroom_B
2026-02-03,Tuesday,STU-038,BBA,5,38,0,absent,,,0.0,0,0,0,0.0,0.0,,
2026-02-03,Tuesday,STU-039,CSE,4,39,283,present,09:04:00,14:21:00,5.28,0,1,1,78.5,0.862,walking,classroom_B
2026-02-03,Tuesday,STU-040,EEE,1,40,240,present,09:58:00,15:38:00,5.67,1,0,1,32.7,1.066,walking,classroom_B
2026-02-03,Tuesday,STU-041,CSE,1,41,228,present,08:12:00,17:05:00,8.88,0,0,1,77.3,1.148,walking,lab
2026-02-03,Tuesday,STU-042,EEE,7,42,234,present,08:19:00,17:33:00,9.23,0,0,1,46.5,0.593,walking,classroom_B
2026-02-03,Tuesday,STU-043,EEE,2,43,256,present,09:07:00,17:07:00,8.0,0,0,1,61.6,1.399,walking,lab
2026-02-03,Tuesday,STU-044,CSE,6,44,229,present,09:20:00,15:28:00,6.13,0,0,1,67.2,1.154,walking,classroom_A
2026-02-03,Tuesday,STU-045,CSE,8,45,210,present,08:19:00,16:21:00,8.03,0,0,1,38.8,0.913,walking,classroom_A
2026-02-03,Tuesday,STU-046,BBA,8,46,297,present,08:28:00,15:07:00,6.65,0,0,1,45.1,1.132,walking,lab
2026-02-03,Tuesday,STU-047,CSE,5,47,267,present,10:01:00,15:08:00,5.12,1,0,1,50.9,1.678,walking,lab
2026-02-03,Tuesday,STU-048,CSE,4,48,213,present,09:03:00,16:37:00,7.57,0,0,1,56.5,1.791,walking,entrance
2026-02-03,Tuesday,STU-049,CSE,5,49,0,absent,,,0.0,0,0,0,0.0,0.0,,
2026-02-03,Tuesday,STU-050,CSE,7,50,292,present,09:09:00,17:08:00,7.98,0,0,1,64.0,1.449,walking,entrance
2026-02-04,Wednesday,STU-001,CSE,1,1,235,present,09:12:00,15:32:00,6.33,0,0,1,63.4,1.717,walking,entrance
2026-02-04,Wednesday,STU-002,EEE,4,2,218,present,10:18:00,16:48:00,6.5,1,0,1,30.7,0.363,standing,classroom_A
2026-02-04,Wednesday,STU-003,CSE,3,3,262,present,09:03:00,15:07:00,6.07,0,0,1,37.3,0.958,walking,classroom_A
2026-02-04,Wednesday,STU-004,CSE,2,4,0,absent,,,0.0,0,0,0,0.0,0.0,,
2026-02-04,Wednesday,STU-005,CSE,7,5,205,present,09:04:00,13:01:00,3.95,0,1,1,55.9,1.74,walking,classroom_A
2026-02-04,Wednesday,STU-006,CSE,1,6,0,absent,,,0.0,0,0,0,0.0,0.0,,
2026-02-04,Wednesday,STU-007,CSE,4,7,214,present,09:23:00,15:53:00,6.5,0,0,1,47.2,1.374,walking,entrance
2026-02-04,Wednesday,STU-008,CSE,1,8,295,present,08:08:00,15:22:00,7.23,0,0,1,68.2,1.49,walking,entrance
2026-02-04,Wednesday,STU-009,CSE,4,9,290,present,08:22:00,15:27:00,7.08,0,0,1,26.0,1.491,walking,classroom_B
2026-02-04,Wednesday,STU-010,CSE,7,10,248,present,08:30:00,15:15:00,6.75,0,0,1,28.2,1.608,walking,classroom_A
2026-02-04,Wednesday,STU-011,CSE,8,11,211,present,09:46:00,15:12:00,5.43,1,0,1,58.1,1.726,walking,classroom_A
2026-02-04,Wednesday,STU-012,CSE,5,12,248,present,08:22:00,16:44:00,8.37,0,0,1,35.8,1.247,walking,classroom_A
2026-02-04,Wednesday,STU-013,CSE,3,13,262,present,08:28:00,15:56:00,7.47,0,0,1,37.5,1.035,walking,lab
2026-02-04,Wednesday,STU-014,BBA,6,14,241,present,08:03:00,16:26:00,8.38,0,0,1,78.2,0.671,walking,lab
2026-02-04,Wednesday,STU-015,EEE,3,15,261,present,08:11:00,17:08:00,8.95,0,0,1,66.4,1.56,walking,lab
2026-02-04,Wednesday,STU-016,CSE,6,16,241,present,10:32:00,16:03:00,5.52,1,0,1,53.7,0.692,walking,classroom_B
2026-02-04,Wednesday,STU-017,CSE,2,17,0,absent,,,0.0,0,0,0,0.0,0.0,,
2026-02-04,Wednesday,STU-018,BBA,2,18,257,present,10:46:00,17:52:00,7.1,1,0,1,22.7,0.915,walking,classroom_A
2026-02-04,Wednesday,STU-019,EEE,6,19,248,present,10:08:00,15:46:00,5.63,1,0,1,21.3,0.435,standing,classroom_B
2026-02-04,Wednesday,STU-020,CSE,5,20,268,present,08:16:00,17:12:00,8.93,0,0,1,79.1,0.893,walking,classroom_A
2026-02-04,Wednesday,STU-021,CSE,8,21,202,present,09:06:00,15:00:00,5.9,0,0,1,22.2,1.433,walking,entrance
2026-02-04,Wednesday,STU-022,CSE,2,22,0,absent,,,0.0,0,0,0,0.0,0.0,,
2026-02-04,Wednesday,STU-023,BBA,2,23,283,present,09:02:00,15:52:00,6.83,1,0,1,67.0,0.901,walking,classroom_B
2026-02-04,Wednesday,STU-024,CSE,5,24,250,present,09:00:00,13:06:00,4.1,0,1,1,64.2,0.591,walking,classroom_B
2026-02-04,Wednesday,STU-025,CSE,6,25,273,present,09:08:00,15:16:00,6.13,0,0,1,78.2,1.007,walking,classroom_B
2026-02-04,Wednesday,STU-026,CSE,4,26,248,present,09:15:00,17:34:00,8.32,0,0,1,50.4,0.326,standing,lab
2026-02-04,Wednesday,STU-027,CSE,1,27,0,absent,,,0.0,0,0,0,0.0,0.0,,
2026-02-04,Wednesday,STU-028,CSE,5,28,213,present,08:12:00,16:23:00,8.18,0,0,1,48.6,1.264,walking,classroom_B
2026-02-04,Wednesday,STU-029,CSE,4,29,218,present,09:13:00,16:37:00,7.4,1,0,1,35.0,0.905,walking,lab
2026-02-04,Wednesday,STU-030,CSE,7,30,0,absent,,,0.0,0,0,0,0.0,0.0,,
2026-02-04,Wednesday,STU-031,EEE,8,31,272,present,09:09:00,15:02:00,5.88,0,0,1,39.3,1.198,walking,entrance
2026-02-04,Wednesday,STU-032,EEE,3,32,290,present,09:17:00,17:15:00,7.97,0,0,1,39.3,1.024,walking,entrance
2026-02-04,Wednesday,STU-033,EEE,6,33,214,present,09:48:00,13:10:00,3.37,1,1,1,31.8,0.359,standing,lab
2026-02-04,Wednesday,STU-034,CSE,5,34,215,present,08:23:00,16:25:00,8.03,0,0,1,20.6,0.953,walking,classroom_B
2026-02-04,Wednesday,STU-035,CSE,3,35,0,absent,,,0.0,0,0,0,0.0,0.0,,
2026-02-04,Wednesday,STU-036,CSE,4,36,291,present,08:04:00,17:13:00,9.15,0,0,1,68.2,0.857,walking,classroom_B
2026-02-04,Wednesday,STU-037,CSE,8,37,222,present,08:05:00,16:00:00,7.92,0,0,1,39.1,0.526,walking,entrance
2026-02-04,Wednesday,STU-038,BBA,5,38,279,present,08:22:00,14:21:00,5.98,0,1,1,25.7,1.003,walking,classroom_A
2026-02-04,Wednesday,STU-039,CSE,4,39,0,absent,,,0.0,0,0,0,0.0,0.0,,
2026-02-04,Wednesday,STU-040,EEE,1,40,247,present,09:17:00,16:37:00,7.33,1,0,1,63.8,1.237,walking,lab
2026-02-04,Wednesday,STU-041,CSE,1,41,222,present,08:02:00,15:46:00,7.73,0,0,1,33.0,0.694,walking,entrance
2026-02-04,Wednesday,STU-042,EEE,7,42,294,present,09:10:00,17:38:00,8.47,0,0,1,36.6,1.607,walking,lab
2026-02-04,Wednesday,STU-043,EEE,2,43,260,present,08:02:00,17:09:00,9.12,0,0,1,28.6,1.612,walking,classroom_B
2026-02-04,Wednesday,STU-044,CSE,6,44,0,absent,,,0.0,0,0,0,0.0,0.0,,
2026-02-04,Wednesday,STU-045,CSE,8,45,0,absent,,,0.0,0,0,0,0.0,0.0,,
2026-02-04,Wednesday,STU-046,BBA,8,46,260,present,08:07:00,16:49:00,8.7,0,0,1,43.1,0.832,walking,classroom_B
2026-02-04,Wednesday,STU-047,CSE,5,47,0,absent,,,0.0,0,0,0,0.0,0.0,,
2026-02-04,Wednesday,STU-048,CSE,4,48,0,absent,,,0.0,0,0,0,0.0,0.0,,
2026-02-04,Wednesday,STU-049,CSE,5,49,215,present,09:17:00,17:50:00,8.55,0,0,1,35.0,1.137,walking,lab
2026-02-04,Wednesday,STU-050,CSE,7,50,271,present,09:24:00,17:27:00,8.05,0,0,1,32.8,1.614,walking,classroom_A
2026-02-05,Thursday,STU-001,CSE,1,1,239,present,08:06:00,17:12:00,9.1,0,0,1,20.3,0.793,walking,classroom_B
2026-02-05,Thursday,STU-002,EEE,4,2,289,present,10:02:00,17:30:00,7.47,1,0,1,43.9,1.356,walking,classroom_B
2026-02-05,Thursday,STU-003,CSE,3,3,0,absent,,,0.0,0,0,0,0.0,0.0,,
2026-02-05,Thursday,STU-004,CSE,2,4,269,present,09:15:00,17:55:00,8.67,0,0,1,58.9,1.511,walking,entrance
2026-02-05,Thursday,STU-005,CSE,7,5,215,present,08:27:00,15:26:00,6.98,0,0,1,70.0,0.384,standing,entrance
2026-02-05,Thursday,STU-006,CSE,1,6,0,absent,,,0.0,0,0,0,0.0,0.0,,
2026-02-05,Thursday,STU-007,CSE,4,7,0,absent,,,0.0,0,0,0,0.0,0.0,,
2026-02-05,Thursday,STU-008,CSE,1,8,266,present,09:28:00,17:46:00,8.3,0,0,1,76.7,0.321,standing,lab
2026-02-05,Thursday,STU-009,CSE,4,9,222,present,09:52:00,15:46:00,5.9,1,0,1,36.0,0.965,walking,classroom_B
2026-02-05,Thursday,STU-010,CSE,7,10,272,present,08:09:00,16:07:00,7.97,0,0,1,40.5,1.554,walking,entrance
2026-02-05,Thursday,STU-011,CSE,8,11,202,present,09:11:00,15:20:00,6.15,1,0,1,55.5,1.45,walking,entrance
2026-02-05,Thursday,STU-012,CSE,5,12,295,present,09:19:00,17:57:00,8.63,1,0,1,71.9,1.434,walking,classroom_A
2026-02-05,Thursday,STU-013,CSE,3,13,234,present,09:04:00,16:14:00,7.17,0,0,1,70.1,1.625,walking,classroom_A
2026-02-05,Thursday,STU-014,BBA,6,14,266,present,08:15:00,16:22:00,8.12,0,0,1,66.3,0.975,walking,classroom_A
2026-02-05,Thursday,STU-015,EEE,3,15,0,absent,,,0.0,0,0,0,0.0,0.0,,
2026-02-05,Thursday,STU-016,CSE,6,16,243,present,09:11:00,17:50:00,8.65,0,0,1,37.3,1.349,walking,classroom_B
2026-02-05,Thursday,STU-017,CSE,2,17,0,absent,,,0.0,0,0,0,0.0,0.0,,
2026-02-05,Thursday,STU-018,BBA,2,18,275,present,09:33:00,15:30:00,5.95,1,0,1,28.4,0.784,walking,lab
2026-02-05,Thursday,STU-019,EEE,6,19,0,absent,,,0.0,0,0,0,0.0,0.0,,
2026-02-05,Thursday,STU-020,CSE,5,20,212,present,08:05:00,16:21:00,8.27,0,0,1,58.9,0.581,walking,classroom_B
2026-02-05,Thursday,STU-021,CSE,8,21,255,present,09:28:00,16:37:00,7.15,1,0,1,54.6,1.396,walking,lab
2026-02-05,Thursday,STU-022,CSE,2,22,229,present,09:15:00,16:02:00,6.78,0,0,1,78.2,1.445,walking,entrance
2026-02-05,Thursday,STU-023,BBA,2,23,0,absent,,,0.0,0,0,0,0.0,0.0,,
2026-02-05,Thursday,STU-024,CSE,5,24,225,present,09:59:00,17:44:00,7.75,1,0,1,76.6,1.727,walking,classroom_A
2026-02-05,Thursday,STU-025,CSE,6,25,250,present,08:09:00,15:51:00,7.7,0,0,1,40.8,0.548,walking,entrance
2026-02-05,Thursday,STU-026,CSE,4,26,231,present,10:05:00,15:27:00,5.37,1,0,1,25.4,0.531,walking,classroom_B
2026-02-05,Thursday,STU-027,CSE,1,27,259,present,10:44:00,16:42:00,5.97,1,0,1,42.6,1.359,walking,entrance
2026-02-05,Thursday,STU-028,CSE,5,28,254,present,09:24:00,16:52:00,7.47,0,0,1,60.5,1.195,walking,entrance
2026-02-05,Thursday,STU-029,CSE,4,29,246,present,08:07:00,15:49:00,7.7,0,0,1,34.1,0.81,walking,entrance
2026-02-05,Thursday,STU-030,CSE,7,30,211,present,08:04:00,15:13:00,7.15,0,0,1,38.1,0.809,walking,classroom_A
2026-02-05,Thursday,STU-031,EEE,8,31,287,present,09:01:00,16:11:00,7.17,0,0,1,29.8,1.076,walking,entrance
2026-02-05,Thursday,STU-032,EEE,3,32,273,present,08:20:00,15:10:00,6.83,0,0,1,39.1,1.06,walking,lab
2026-02-05,Thursday,STU-033,EEE,6,33,0,absent,,,0.0,0,0,0,0.0,0.0,,
2026-02-05,Thursday,STU-034,CSE,5,34,257,present,10:16:00,15:38:00,5.37,1,0,1,68.4,1.053,walking,lab
2026-02-05,Thursday,STU-035,CSE,3,35,0,absent,,,0.0,0,0,0,0.0,0.0,,
2026-02-05,Thursday,STU-036,CSE,4,36,243,present,10:34:00,17:05:00,6.52,1,0,1,29.0,1.722,walking,classroom_B
2026-02-05,Thursday,STU-037,CSE,8,37,0,absent,,,0.0,0,0,0,0.0,0.0,,
2026-02-05,Thursday,STU-038,BBA,5,38,276,present,10:02:00,16:29:00,6.45,1,0,1,42.0,1.33,walking,classroom_B
2026-02-05,Thursday,STU-039,CSE,4,39,257,present,08:17:00,16:22:00,8.08,0,0,1,45.0,0.787,walking,entrance
2026-02-05,Thursday,STU-040,EEE,1,40,218,present,10:15:00,17:06:00,6.85,1,0,1,27.6,1.249,walking,lab
2026-02-05,Thursday,STU-041,CSE,1,41,258,present,08:29:00,17:52:00,9.38,0,0,1,51.4,0.361,standing,classroom_B
2026-02-05,Thursday,STU-042,EEE,7,42,281,present,08:12:00,17:05:00,8.88,0,0,1,40.3,1.424,walking,lab
2026-02-05,Thursday,STU-043,EEE,2,43,233,present,08:26:00,15:50:00,7.4,0,0,1,31.5,1.792,walking,classroom_A
2026-02-05,Thursday,STU-044,CSE,6,44,223,present,08:24:00,16:47:00,8.38,0,0,1,61.3,0.715,walking,entrance
2026-02-05,Thursday,STU-045,CSE,8,45,0,absent,,,0.0,0,0,0,0.0,0.0,,
2026-02-05,Thursday,STU-046,BBA,8,46,276,present,08:25:00,15:17:00,6.87,0,0,1,36.0,1.485,walking,classroom_B
2026-02-05,Thursday,STU-047,CSE,5,47,258,present,08:02:00,17:45:00,9.72,0,0,1,56.6,1.182,walking,classroom_B
2026-02-05,Thursday,STU-048,CSE,4,48,295,present,09:10:00,16:09:00,6.98,0,0,1,47.7,1.048,walking,classroom_A
2026-02-05,Thursday,STU-049,CSE,5,49,267,present,09:40:00,16:05:00,6.42,1,0,1,32.5,0.854,walking,classroom_B
2026-02-05,Thursday,STU-050,CSE,7,50,253,present,08:19:00,17:22:00,9.05,0,0,1,53.9,1.794,walking,entrance
2026-02-08,Sunday,STU-001,CSE,1,1,215,present,08:12:00,15:24:00,7.2,0,0,1,56.4,0.445,standing,classroom_A
2026-02-08,Sunday,STU-002,EEE,4,2,245,present,08:24:00,17:25:00,9.02,0,0,1,53.0,1.427,walking,lab
2026-02-08,Sunday,STU-003,CSE,3,3,264,present,08:21:00,17:48:00,9.45,0,0,1,58.2,1.103,walking,lab
2026-02-08,Sunday,STU-004,CSE,2,4,251,present,09:26:00,15:59:00,6.55,0,0,1,72.4,0.733,walking,classroom_B
2026-02-08,Sunday,STU-005,CSE,7,5,281,present,08:12:00,16:26:00,8.23,0,0,1,44.6,0.344,standing,classroom_A
2026-02-08,Sunday,STU-006,CSE,1,6,260,present,09:30:00,13:10:00,3.67,0,1,1,54.2,1.327,walking,classroom_B
2026-02-08,Sunday,STU-007,CSE,4,7,258,present,09:17:00,15:54:00,6.62,0,0,1,74.8,0.854,walking,classroom_A
2026-02-08,Sunday,STU-008,CSE,1,8,0,absent,,,0.0,0,0,0,0.0,0.0,,
2026-02-08,Sunday,STU-009,CSE,4,9,256,present,08:06:00,16:15:00,8.15,0,0,1,61.0,1.785,walking,classroom_A
2026-02-08,Sunday,STU-010,CSE,7,10,208,present,10:55:00,15:15:00,4.33,1,0,1,47.7,0.31,standing,entrance
2026-02-08,Sunday,STU-011,CSE,8,11,268,present,09:27:00,16:16:00,6.82,0,0,1,73.0,0.481,standing,entrance
2026-02-08,Sunday,STU-012,CSE,5,12,0,absent,,,0.0,0,0,0,0.0,0.0,,
2026-02-08,Sunday,STU-013,CSE,3,13,0,absent,,,0.0,0,0,0,0.0,0.0,,
2026-02-08,Sunday,STU-014,BBA,6,14,300,present,10:45:00,17:41:00,6.93,1,0,1,46.4,0.486,standing,classroom_A
2026-02-08,Sunday,STU-015,EEE,3,15,231,present,08:23:00,16:42:00,8.32,0,0,1,40.4,1.493,walking,classroom_A
2026-02-08,Sunday,STU-016,CSE,6,16,237,present,09:28:00,15:48:00,6.33,0,0,1,35.6,1.334,walking,classroom_B
2026-02-08,Sunday,STU-017,CSE,2,17,247,present,08:24:00,17:18:00,8.9,0,0,1,21.6,1.145,walking,classroom_B
2026-02-08,Sunday,STU-018,BBA,2,18,288,present,09:15:00,17:18:00,8.05,0,0,1,29.3,0.493,standing,classroom_B
2026-02-08,Sunday,STU-019,EEE,6,19,292,present,08:18:00,17:00:00,8.7,0,0,1,35.6,1.063,walking,lab
2026-02-08,Sunday,STU-020,CSE,5,20,0,absent,,,0.0,0,0,0,0.0,0.0,,
2026-02-08,Sunday,STU-021,CSE,8,21,267,present,09:16:00,16:41:00,7.42,0,0,1,30.1,1.023,walking,lab
2026-02-08,Sunday,STU-022,CSE,2,22,299,present,09:07:00,15:09:00,6.03,0,0,1,36.7,1.393,walking,entrance
2026-02-08,Sunday,STU-023,BBA,2,23,225,present,08:26:00,17:57:00,9.52,0,0,1,33.7,0.845,walking,entrance
2026-02-08,Sunday,STU-024,CSE,5,24,210,present,08:08:00,17:54:00,9.77,0,0,1,64.5,1.756,walking,entrance
2026-02-08,Sunday,STU-025,CSE,6,25,258,present,08:22:00,15:14:00,6.87,0,0,1,61.4,0.566,walking,classroom_B
2026-02-08,Sunday,STU-026,CSE,4,26,229,present,09:57:00,17:19:00,7.37,1,0,1,23.7,0.666,walking,lab
2026-02-08,Sunday,STU-027,CSE,1,27,210,present,09:25:00,15:30:00,6.08,0,0,1,27.0,1.014,walking,entrance
2026-02-08,Sunday,STU-028,CSE,5,28,299,present,08:18:00,15:46:00,7.47,0,0,1,73.2,1.264,walking,lab
2026-02-08,Sunday,STU-029,CSE,4,29,236,present,09:15:00,16:32:00,7.28,0,0,1,49.0,1.727,walking,classroom_B
2026-02-08,Sunday,STU-030,CSE,7,30,265,present,09:20:00,15:31:00,6.18,0,0,1,20.4,1.006,walking,classroom_A
2026-02-08,Sunday,STU-031,EEE,8,31,0,absent,,,0.0,0,0,0,0.0,0.0,,
2026-02-08,Sunday,STU-032,EEE,3,32,297,present,09:20:00,15:12:00,5.87,0,0,1,66.7,0.648,walking,classroom_B
2026-02-08,Sunday,STU-033,EEE,6,33,219,present,08:21:00,17:13:00,8.87,0,0,1,54.3,0.786,walking,classroom_A
2026-02-08,Sunday,STU-034,CSE,5,34,253,present,08:10:00,16:41:00,8.52,0,0,1,55.7,1.47,walking,classroom_B
2026-02-08,Sunday,STU-035,CSE,3,35,295,present,09:11:00,16:46:00,7.58,0,0,1,41.2,0.773,walking,classroom_B
2026-02-08,Sunday,STU-036,CSE,4,36,258,present,09:01:00,16:41:00,7.67,0,0,1,68.3,1.451,walking,entrance
2026-02-08,Sunday,STU-037,CSE,8,37,248,present,09:09:00,15:20:00,6.18,0,0,1,45.6,0.789,walking,classroom_A
2026-02-08,Sunday,STU-038,BBA,5,38,292,present,09:03:00,13:20:00,4.28,0,1,1,63.4,1.189,walking,entrance
2026-02-08,Sunday,STU-039,CSE,4,39,212,present,09:07:00,17:37:00,8.5,0,0,1,42.5,0.384,standing,classroom_B
2026-02-08,Sunday,STU-040,EEE,1,40,299,present,08:15:00,17:04:00,8.82,0,0,1,39.5,1.399,walking,classroom_A
2026-02-08,Sunday,STU-041,CSE,1,41,233,present,08:14:00,17:34:00,9.33,0,0,1,65.8,1.135,walking,classroom_B
2026-02-08,Sunday,STU-042,EEE,7,42,223,present,09:30:00,16:47:00,7.28,0,0,1,73.1,0.782,walking,classroom_A
2026-02-08,Sunday,STU-043,EEE,2,43,252,present,09:08:00,15:08:00,6.0,0,0,1,27.2,0.941,walking,lab
2026-02-08,Sunday,STU-044,CSE,6,44,241,present,10:01:00,15:32:00,5.52,1,0,1,72.4,1.485,walking,lab
2026-02-08,Sunday,STU-045,CSE,8,45,265,present,09:36:00,13:34:00,3.97,1,1,1,29.5,1.569,walking,entrance
2026-02-08,Sunday,STU-046,BBA,8,46,257,present,08:24:00,14:52:00,6.47,0,1,1,36.6,1.634,walking,classroom_A
2026-02-08,Sunday,STU-047,CSE,5,47,255,present,09:14:00,17:47:00,8.55,0,0,1,69.2,1.634,walking,lab
2026-02-08,Sunday,STU-048,CSE,4,48,228,present,08:00:00,16:09:00,8.15,0,0,1,35.5,1.177,walking,classroom_B
2026-02-08,Sunday,STU-049,CSE,5,49,218,present,09:28:00,17:09:00,7.68,0,0,1,31.3,0.609,walking,classroom_A
2026-02-08,Sunday,STU-050,CSE,7,50,240,present,08:24:00,16:04:00,7.67,0,0,1,39.6,1.693,walking,classroom_A
2026-02-09,Monday,STU-001,CSE,1,1,256,present,08:29:00,16:01:00,7.53,0,0,1,28.2,0.485,standing,lab
2026-02-09,Monday,STU-002,EEE,4,2,0,absent,,,0.0,0,0,0,0.0,0.0,,
2026-02-09,Monday,STU-003,CSE,3,3,211,present,10:25:00,16:37:00,6.2,1,0,1,68.9,1.754,walking,entrance
2026-02-09,Monday,STU-004,CSE,2,4,211,present,09:23:00,16:12:00,6.82,0,0,1,32.6,1.5,walking,classroom_B
2026-02-09,Monday,STU-005,CSE,7,5,212,present,08:00:00,16:25:00,8.42,0,0,1,77.7,0.832,walking,classroom_B
2026-02-09,Monday,STU-006,CSE,1,6,249,present,09:07:00,15:41:00,6.57,0,0,1,58.6,1.614,walking,entrance
2026-02-09,Monday,STU-007,CSE,4,7,216,present,09:01:00,15:11:00,6.17,0,0,1,53.9,1.078,walking,classroom_A
2026-02-09,Monday,STU-008,CSE,1,8,220,present,09:55:00,16:23:00,6.47,1,0,1,57.1,0.929,walking,classroom_A
2026-02-09,Monday,STU-009,CSE,4,9,0,absent,,,0.0,0,0,0,0.0,0.0,,
2026-02-09,Monday,STU-010,CSE,7,10,280,present,09:50:00,16:13:00,6.38,1,0,1,38.4,0.86,walking,classroom_B
2026-02-09,Monday,STU-011,CSE,8,11,252,present,09:56:00,17:55:00,7.98,1,0,1,28.7,0.37,standing,lab
2026-02-09,Monday,STU-012,CSE,5,12,208,present,09:00:00,15:05:00,6.08,1,0,1,45.2,0.469,standing,lab
2026-02-09,Monday,STU-013,CSE,3,13,260,present,09:04:00,17:00:00,7.93,0,0,1,38.7,1.649,walking,classroom_B
2026-02-09,Monday,STU-014,BBA,6,14,0,absent,,,0.0,0,0,0,0.0,0.0,,
2026-02-09,Monday,STU-015,EEE,3,15,265,present,09:15:00,17:12:00,7.95,0,0,1,27.5,0.495,standing,classroom_A
2026-02-09,Monday,STU-016,CSE,6,16,223,present,10:18:00,15:15:00,4.95,1,0,1,33.6,1.395,walking,classroom_B
2026-02-09,Monday,STU-017,CSE,2,17,0,absent,,,0.0,0,0,0,0.0,0.0,,
2026-02-09,Monday,STU-018,BBA,2,18,218,present,09:24:00,16:27:00,7.05,0,0,1,42.5,1.169,walking,entrance
2026-02-09,Monday,STU-019,EEE,6,19,220,present,08:05:00,13:53:00,5.8,0,1,1,67.7,0.895,walking,entrance
2026-02-09,Monday,STU-020,CSE,5,20,256,present,09:14:00,16:39:00,7.42,0,0,1,35.8,0.477,standing,classroom_B
2026-02-09,Monday,STU-021,CSE,8,21,284,present,08:08:00,16:49:00,8.68,0,0,1,52.9,0.445,standing,classroom_B
2026-02-09,Monday,STU-022,CSE,2,22,258,present,09:20:00,13:06:00,3.77,0,1,1,33.6,1.545,walking,entrance
2026-02-09,Monday,STU-023,BBA,2,23,223,present,09:14:00,15:55:00,6.68,0,0,1,78.3,0.896,walking,classroom_A
2026-02-09,Monday,STU-024,CSE,5,24,0,absent,,,0.0,0,0,0,0.0,0.0,,
2026-02-09,Monday,STU-025,CSE,6,25,246,present,08:18:00,17:03:00,8.75,0,0,1,68.0,1.109,walking,classroom_A
2026-02-09,Monday,STU-026,CSE,4,26,278,present,09:53:00,17:09:00,7.27,1,0,1,52.4,0.936,walking,classroom_A
2026-02-09,Monday,STU-027,CSE,1,27,0,absent,,,0.0,0,0,0,0.0,0.0,,
2026-02-09,Monday,STU-028,CSE,5,28,238,present,09:28:00,16:08:00,6.67,0,0,1,63.3,0.301,standing,classroom_B
2026-02-09,Monday,STU-029,CSE,4,29,220,present,08:01:00,15:09:00,7.13,0,0,1,48.9,1.447,walking,classroom_A
2026-02-09,Monday,STU-030,CSE,7,30,235,present,08:07:00,15:14:00,7.12,0,0,1,77.8,0.511,walking,lab
2026-02-09,Monday,STU-031,EEE,8,31,0,absent,,,0.0,0,0,0,0.0,0.0,,
2026-02-09,Monday,STU-032,EEE,3,32,267,present,09:24:00,17:07:00,7.72,0,0,1,51.2,0.454,standing,lab
2026-02-09,Monday,STU-033,EEE,6,33,205,present,09:04:00,14:56:00,5.87,0,1,1,36.3,0.872,walking,classroom_B
2026-02-09,Monday,STU-034,CSE,5,34,293,present,09:24:00,17:06:00,7.7,0,0,1,25.3,1.205,walking,classroom_B
2026-02-09,Monday,STU-035,CSE,3,35,0,absent,,,0.0,0,0,0,0.0,0.0,,
2026-02-09,Monday,STU-036,CSE,4,36,235,present,08:20:00,16:53:00,8.55,0,0,1,63.4,1.657,walking,classroom_B
2026-02-09,Monday,STU-037,CSE,8,37,0,absent,,,0.0,0,0,0,0.0,0.0,,
2026-02-09,Monday,STU-038,BBA,5,38,234,present,10:15:00,15:37:00,5.37,1,0,1,46.0,0.456,standing,lab
2026-02-09,Monday,STU-039,CSE,4,39,0,absent,,,0.0,0,0,0,0.0,0.0,,
2026-02-09,Monday,STU-040,EEE,1,40,212,present,09:01:00,17:53:00,8.87,0,0,1,67.6,1.163,walking,entrance
2026-02-09,Monday,STU-041,CSE,1,41,300,present,09:26:00,17:02:00,7.6,0,0,1,40.8,0.96,walking,lab
2026-02-09,Monday,STU-042,EEE,7,42,280,present,09:21:00,15:36:00,6.25,0,0,1,30.8,1.719,walking,entrance
2026-02-09,Monday,STU-043,EEE,2,43,245,present,10:54:00,16:52:00,5.97,1,0,1,61.0,1.76,walking,classroom_A
2026-02-09,Monday,STU-044,CSE,6,44,0,absent,,,0.0,0,0,0,0.0,0.0,,
2026-02-09,Monday,STU-045,CSE,8,45,0,absent,,,0.0,0,0,0,0.0,0.0,,
2026-02-09,Monday,STU-046,BBA,8,46,263,present,10:47:00,16:49:00,6.03,1,0,1,68.9,1.585,walking,classroom_B
2026-02-09,Monday,STU-047,CSE,5,47,281,present,08:10:00,15:58:00,7.8,0,0,1,63.3,0.909,walking,lab
2026-02-09,Monday,STU-048,CSE,4,48,220,present,09:11:00,16:57:00,7.77,0,0,1,41.7,1.739,walking,classroom_B
2026-02-09,Monday,STU-049,CSE,5,49,209,present,09:24:00,15:25:00,6.02,0,0,1,57.1,0.598,walking,entrance
2026-02-09,Monday,STU-050,CSE,7,50,0,absent,,,0.0,0,0,0,0.0,0.0,,
2026-02-10,Tuesday,STU-001,CSE,1,1,0,absent,,,0.0,0,0,0,0.0,0.0,,
2026-02-10,Tuesday,STU-002,EEE,4,2,237,present,08:29:00,17:52:00,9.38,0,0,1,72.6,1.22,walking,entrance
2026-02-10,Tuesday,STU-003,CSE,3,3,288,present,08:17:00,16:01:00,7.73,0,0,1,49.7,1.775,walking,classroom_A
2026-02-10,Tuesday,STU-004,CSE,2,4,256,present,08:00:00,15:54:00,7.9,0,0,1,56.7,0.922,walking,classroom_A
2026-02-10,Tuesday,STU-005,CSE,7,5,0,absent,,,0.0,0,0,0,0.0,0.0,,
2026-02-10,Tuesday,STU-006,CSE,1,6,255,present,09:23:00,16:51:00,7.47,0,0,1,68.1,0.855,walking,classroom_A
2026-02-10,Tuesday,STU-007,CSE,4,7,274,present,08:10:00,17:15:00,9.08,0,0,1,67.7,0.493,standing,lab
2026-02-10,Tuesday,STU-008,CSE,1,8,228,present,08:23:00,17:41:00,9.3,0,0,1,78.6,0.998,walking,entrance
2026-02-10,Tuesday,STU-009,CSE,4,9,283,present,08:30:00,15:35:00,7.08,0,0,1,46.9,0.386,standing,classroom_B
2026-02-10,Tuesday,STU-010,CSE,7,10,293,present,10:04:00,16:36:00,6.53,1,0,1,35.1,0.341,standing,lab
2026-02-10,Tuesday,STU-011,CSE,8,11,0,absent,,,0.0,0,0,0,0.0,0.0,,
2026-02-10,Tuesday,STU-012,CSE,5,12,265,present,09:17:00,16:21:00,7.07,0,0,1,34.0,1.719,walking,classroom_A
2026-02-10,Tuesday,STU-013,CSE,3,13,0,absent,,,0.0,0,0,0,0.0,0.0,,
2026-02-10,Tuesday,STU-014,BBA,6,14,0,absent,,,0.0,0,0,0,0.0,0.0,,
2026-02-10,Tuesday,STU-015,EEE,3,15,293,present,08:24:00,17:04:00,8.67,0,0,1,51.8,0.542,walking,classroom_A
2026-02-10,Tuesday,STU-016,CSE,6,16,215,present,08:26:00,17:59:00,9.55,0,0,1,49.7,0.798,walking,entrance
2026-02-10,Tuesday,STU-017,CSE,2,17,243,present,09:25:00,17:30:00,8.08,0,0,1,28.3,0.574,walking,classroom_B
2026-02-10,Tuesday,STU-018,BBA,2,18,282,present,09:02:00,16:12:00,7.17,0,0,1,33.6,1.25,walking,classroom_B
2026-02-10,Tuesday,STU-019,EEE,6,19,267,present,08:17:00,14:06:00,5.82,0,1,1,30.1,0.319,standing,classroom_B
2026-02-10,Tuesday,STU-020,CSE,5,20,263,present,09:27:00,13:12:00,3.75,0,1,1,58.2,0.573,walking,classroom_A
2026-02-10,Tuesday,STU-021,CSE,8,21,298,present,08:19:00,15:57:00,7.63,0,0,1,46.4,0.566,walking,classroom_A
2026-02-10,Tuesday,STU-022,CSE,2,22,223,present,08:25:00,16:06:00,7.68,0,0,1,40.9,1.185,walking,classroom_A
2026-02-10,Tuesday,STU-023,BBA,2,23,300,present,09:30:00,17:35:00,8.08,0,0,1,69.9,0.972,walking,entrance
2026-02-10,Tuesday,STU-024,CSE,5,24,205,present,08:07:00,16:12:00,8.08,0,0,1,67.6,0.837,walking,lab
2026-02-10,Tuesday,STU-025,CSE,6,25,0,absent,,,0.0,0,0,0,0.0,0.0,,
2026-02-10,Tuesday,STU-026,CSE,4,26,268,present,09:42:00,17:36:00,7.9,1,0,1,54.5,1.083,walking,classroom_A
2026-02-10,Tuesday,STU-027,CSE,1,27,262,present,09:30:00,16:27:00,6.95,0,0,1,42.6,0.336,standing,entrance
2026-02-10,Tuesday,STU-028,CSE,5,28,205,present,09:25:00,17:44:00,8.32,0,0,1,23.3,0.582,walking,entrance
2026-02-10,Tuesday,STU-029,CSE,4,29,238,present,08:20:00,15:34:00,7.23,0,0,1,21.7,0.877,walking,classroom_B
2026-02-10,Tuesday,STU-030,CSE,7,30,289,present,09:23:00,15:32:00,6.15,0,0,1,42.2,0.367,standing,classroom_A
2026-02-10,Tuesday,STU-031,EEE,8,31,0,absent,,,0.0,0,0,0,0.0,0.0,,
2026-02-10,Tuesday,STU-032,EEE,3,32,248,present,09:31:00,17:39:00,8.13,1,0,1,20.9,0.609,walking,entrance
2026-02-10,Tuesday,STU-033,EEE,6,33,251,present,09:05:00,15:23:00,6.3,0,0,1,75.1,0.367,standing,classroom_A
2026-02-10,Tuesday,STU-034,CSE,5,34,283,present,09:21:00,17:19:00,7.97,0,0,1,32.3,1.405,walking,classroom_B
2026-02-10,Tuesday,STU-035,CSE,3,35,232,present,09:08:00,15:52:00,6.73,0,0,1,66.8,1.2,walking,lab
2026-02-10,Tuesday,STU-036,CSE,4,36,0,absent,,,0.0,0,0,0,0.0,0.0,,
2026-02-10,Tuesday,STU-037,CSE,8,37,0,absent,,,0.0,0,0,0,0.0,0.0,,
2026-02-10,Tuesday,STU-038,BBA,5,38,232,present,10:04:00,16:10:00,6.1,1,0,1,76.6,1.733,walking,lab
2026-02-10,Tuesday,STU-039,CSE,4,39,225,present,09:03:00,16:52:00,7.82,0,0,1,73.1,1.725,walking,lab
2026-02-10,Tuesday,STU-040,EEE,1,40,210,present,10:06:00,15:53:00,5.78,1,0,1,43.3,1.444,walking,entrance
2026-02-10,Tuesday,STU-041,CSE,1,41,298,present,08:14:00,15:42:00,7.47,0,0,1,76.0,1.762,walking,classroom_A
2026-02-10,Tuesday,STU-042,EEE,7,42,259,present,09:21:00,16:58:00,7.62,1,0,1,30.5,0.601,walking,entrance
2026-02-10,Tuesday,STU-043,EEE,2,43,256,present,08:07:00,15:21:00,7.23,0,0,1,59.5,0.338,standing,lab
2026-02-10,Tuesday,STU-044,CSE,6,44,208,present,08:04:00,16:03:00,7.98,0,0,1,26.7,0.915,walking,entrance
2026-02-10,Tuesday,STU-045,CSE,8,45,248,present,09:01:00,15:43:00,6.7,0,0,1,34.0,0.305,standing,entrance
2026-02-10,Tuesday,STU-046,BBA,8,46,283,present,09:48:00,17:34:00,7.77,1,0,1,24.4,1.536,walking,lab
2026-02-10,Tuesday,STU-047,CSE,5,47,232,present,09:14:00,15:43:00,6.48,0,0,1,49.4,0.818,walking,lab
2026-02-10,Tuesday,STU-048,CSE,4,48,0,absent,,,0.0,0,0,0,0.0,0.0,,
2026-02-10,Tuesday,STU-049,CSE,5,49,0,absent,,,0.0,0,0,0,0.0,0.0,,
2026-02-10,Tuesday,STU-050,CSE,7,50,238,present,09:08:00,16:47:00,7.65,0,0,1,21.3,0.516,walking,lab
2026-02-11,Wednesday,STU-001,CSE,1,1,0,absent,,,0.0,0,0,0,0.0,0.0,,
2026-02-11,Wednesday,STU-002,EEE,4,2,0,absent,,,0.0,0,0,0,0.0,0.0,,
2026-02-11,Wednesday,STU-003,CSE,3,3,249,present,09:13:00,16:46:00,7.55,0,0,1,47.1,0.995,walking,classroom_B
2026-02-11,Wednesday,STU-004,CSE,2,4,293,present,08:07:00,15:36:00,7.48,0,0,1,31.7,1.289,walking,classroom_B
2026-02-11,Wednesday,STU-005,CSE,7,5,213,present,09:11:00,15:25:00,6.23,0,0,1,28.5,1.114,walking,lab
2026-02-11,Wednesday,STU-006,CSE,1,6,0,absent,,,0.0,0,0,0,0.0,0.0,,
2026-02-11,Wednesday,STU-007,CSE,4,7,266,present,09:21:00,15:42:00,6.35,1,0,1,43.1,0.948,walking,lab
2026-02-11,Wednesday,STU-008,CSE,1,8,282,present,08:08:00,17:36:00,9.47,0,0,1,66.2,0.903,walking,classroom_A
2026-02-11,Wednesday,STU-009,CSE,4,9,278,present,08:24:00,16:39:00,8.25,0,0,1,76.0,1.096,walking,entrance
2026-02-11,Wednesday,STU-010,CSE,7,10,240,present,09:58:00,15:21:00,5.38,1,0,1,71.2,1.697,walking,classroom_B
2026-02-11,Wednesday,STU-011,CSE,8,11,257,present,08:11:00,16:37:00,8.43,0,0,1,74.3,1.013,walking,classroom_A
2026-02-11,Wednesday,STU-012,CSE,5,12,220,present,08:05:00,17:58:00,9.88,0,0,1,57.1,1.142,walking,lab
2026-02-11,Wednesday,STU-013,CSE,3,13,296,present,08:03:00,15:58:00,7.92,0,0,1,46.7,0.359,standing,lab
2026-02-11,Wednesday,STU-014,BBA,6,14,202,present,09:29:00,17:11:00,7.7,0,0,1,46.8,1.755,walking,classroom_B
2026-02-11,Wednesday,STU-015,EEE,3,15,0,absent,,,0.0,0,0,0,0.0,0.0,,
2026-02-11,Wednesday,STU-016,CSE,6,16,285,present,10:43:00,15:07:00,4.4,1,0,1,79.6,0.596,walking,classroom_B
2026-02-11,Wednesday,STU-017,CSE,2,17,0,absent,,,0.0,0,0,0,0.0,0.0,,
2026-02-11,Wednesday,STU-018,BBA,2,18,246,present,09:00:00,17:26:00,8.43,0,0,1,79.5,1.577,walking,classroom_A
2026-02-11,Wednesday,STU-019,EEE,6,19,0,absent,,,0.0,0,0,0,0.0,0.0,,
2026-02-11,Wednesday,STU-020,CSE,5,20,255,present,08:01:00,17:19:00,9.3,0,0,1,35.8,0.806,walking,classroom_B
2026-02-11,Wednesday,STU-021,CSE,8,21,279,present,08:10:00,15:55:00,7.75,0,0,1,78.7,0.316,standing,entrance
2026-02-11,Wednesday,STU-022,CSE,2,22,246,present,09:01:00,16:44:00,7.72,0,0,1,42.5,1.505,walking,lab
2026-02-11,Wednesday,STU-023,BBA,2,23,257,present,09:17:00,16:17:00,7.0,0,0,1,25.0,1.678,walking,entrance
2026-02-11,Wednesday,STU-024,CSE,5,24,0,absent,,,0.0,0,0,0,0.0,0.0,,
2026-02-11,Wednesday,STU-025,CSE,6,25,208,present,09:51:00,15:04:00,5.22,1,0,1,30.6,0.531,walking,classroom_A
2026-02-11,Wednesday,STU-026,CSE,4,26,280,present,09:47:00,17:04:00,7.28,1,0,1,29.4,1.748,walking,lab
2026-02-11,Wednesday,STU-027,CSE,1,27,210,present,08:01:00,15:58:00,7.95,0,0,1,64.8,0.578,walking,entrance
2026-02-11,Wednesday,STU-028,CSE,5,28,0,absent,,,0.0,0,0,0,0.0,0.0,,
2026-02-11,Wednesday,STU-029,CSE,4,29,263,present,10:40:00,16:52:00,6.2,1,0,1,31.8,1.208,walking,classroom_A
2026-02-11,Wednesday,STU-030,CSE,7,30,225,present,08:14:00,15:05:00,6.85,0,0,1,30.6,0.695,walking,classroom_A
2026-02-11,Wednesday,STU-031,EEE,8,31,275,present,09:54:00,15:10:00,5.27,1,0,1,43.7,0.745,walking,lab
2026-02-11,Wednesday,STU-032,EEE,3,32,287,present,09:23:00,15:41:00,6.3,0,0,1,73.4,0.678,walking,classroom_A
2026-02-11,Wednesday,STU-033,EEE,6,33,291,present,08:19:00,16:05:00,7.77,0,0,1,60.4,0.969,walking,entrance
2026-02-11,Wednesday,STU-034,CSE,5,34,0,absent,,,0.0,0,0,0,0.0,0.0,,
2026-02-11,Wednesday,STU-035,CSE,3,35,261,present,08:18:00,16:28:00,8.17,0,0,1,41.5,0.856,walking,classroom_B
2026-02-11,Wednesday,STU-036,CSE,4,36,259,present,08:07:00,15:44:00,7.62,0,0,1,41.2,1.62,walking,classroom_B
2026-02-11,Wednesday,STU-037,CSE,8,37,296,present,09:27:00,16:09:00,6.7,0,0,1,28.5,0.878,walking,entrance
2026-02-11,Wednesday,STU-038,BBA,5,38,222,present,08:12:00,16:50:00,8.63,0,0,1,69.0,0.527,walking,classroom_A
2026-02-11,Wednesday,STU-039,CSE,4,39,270,present,09:10:00,16:25:00,7.25,0,0,1,29.5,0.717,walking,classroom_A
2026-02-11,Wednesday,STU-040,EEE,1,40,208,present,08:15:00,15:22:00,7.12,0,0,1,77.7,1.729,walking,lab
2026-02-11,Wednesday,STU-041,CSE,1,41,280,present,09:25:00,16:00:00,6.58,0,0,1,77.4,0.538,walking,classroom_B
2026-02-11,Wednesday,STU-042,EEE,7,42,216,present,09:33:00,17:23:00,7.83,1,0,1,68.4,0.854,walking,lab
2026-02-11,Wednesday,STU-043,EEE,2,43,240,present,08:30:00,15:58:00,7.47,0,0,1,72.3,1.251,walking,lab
2026-02-11,Wednesday,STU-044,CSE,6,44,273,present,09:22:00,15:20:00,5.97,0,0,1,66.9,1.757,walking,classroom_A
2026-02-11,Wednesday,STU-045,CSE,8,45,212,present,08:15:00,15:20:00,7.08,0,0,1,50.7,0.876,walking,classroom_A
2026-02-11,Wednesday,STU-046,BBA,8,46,291,present,09:02:00,15:50:00,6.8,0,0,1,66.2,0.515,walking,entrance
2026-02-11,Wednesday,STU-047,CSE,5,47,240,present,10:52:00,17:09:00,6.28,1,0,1,67.0,1.027,walking,classroom_B
2026-02-11,Wednesday,STU-048,CSE,4,48,207,present,08:30:00,17:07:00,8.62,0,0,1,37.7,1.403,walking,classroom_A
2026-02-11,Wednesday,STU-049,CSE,5,49,218,present,09:13:00,15:19:00,6.1,0,0,1,35.7,0.744,walking,entrance
2026-02-11,Wednesday,STU-050,CSE,7,50,271,present,10:49:00,15:28:00,4.65,1,0,1,57.6,0.535,walking,lab
2026-02-12,Thursday,STU-001,CSE,1,1,216,present,09:06:00,16:18:00,7.2,0,0,1,29.8,0.784,walking,entrance
2026-02-12,Thursday,STU-002,EEE,4,2,0,absent,,,0.0,0,0,0,0.0,0.0,,
2026-02-12,Thursday,STU-003,CSE,3,3,222,present,09:17:00,14:41:00,5.4,0,1,1,39.4,0.79,walking,entrance
2026-02-12,Thursday,STU-004,CSE,2,4,263,present,08:28:00,17:45:00,9.28,0,0,1,62.8,0.396,standing,entrance
2026-02-12,Thursday,STU-005,CSE,7,5,243,present,09:05:00,16:21:00,7.27,1,0,1,24.9,1.426,walking,lab
2026-02-12,Thursday,STU-006,CSE,1,6,220,present,09:22:00,15:52:00,6.5,0,0,1,32.4,0.473,standing,classroom_B
2026-02-12,Thursday,STU-007,CSE,4,7,205,present,08:01:00,17:14:00,9.22,0,0,1,48.7,0.629,walking,classroom_A
2026-02-12,Thursday,STU-008,CSE,1,8,0,absent,,,0.0,0,0,0,0.0,0.0,,
2026-02-12,Thursday,STU-009,CSE,4,9,291,present,09:00:00,16:31:00,7.52,0,0,1,21.4,1.346,walking,entrance
2026-02-12,Thursday,STU-010,CSE,7,10,0,absent,,,0.0,0,0,0,0.0,0.0,,
2026-02-12,Thursday,STU-011,CSE,8,11,250,present,09:37:00,17:57:00,8.33,1,0,1,69.7,0.619,walking,entrance
2026-02-12,Thursday,STU-012,CSE,5,12,242,present,09:16:00,15:48:00,6.53,0,0,1,56.5,0.594,walking,classroom_B
2026-02-12,Thursday,STU-013,CSE,3,13,226,present,09:19:00,17:32:00,8.22,0,0,1,66.2,0.577,walking,entrance
2026-02-12,Thursday,STU-014,BBA,6,14,288,present,08:06:00,17:47:00,9.68,0,0,1,37.9,1.311,walking,classroom_B
2026-02-12,Thursday,STU-015,EEE,3,15,223,present,09:06:00,16:00:00,6.9,0,0,1,33.0,1.591,walking,classroom_A
2026-02-12,Thursday,STU-016,CSE,6,16,271,present,09:12:00,15:58:00,6.77,0,0,1,49.5,1.195,walking,classroom_A
2026-02-12,Thursday,STU-017,CSE,2,17,238,present,09:39:00,13:17:00,3.63,1,1,1,75.8,0.968,walking,classroom_A
2026-02-12,Thursday,STU-018,BBA,2,18,202,present,09:23:00,15:17:00,5.9,0,0,1,45.0,0.746,walking,entrance
2026-02-12,Thursday,STU-019,EEE,6,19,260,present,08:03:00,17:43:00,9.67,0,0,1,67.6,0.562,walking,entrance
2026-02-12,Thursday,STU-020,CSE,5,20,219,present,09:08:00,14:04:00,4.93,0,1,1,63.9,0.623,walking,lab
2026-02-12,Thursday,STU-021,CSE,8,21,284,present,09:13:00,15:36:00,6.38,0,0,1,73.8,0.395,standing,classroom_B
2026-02-12,Thursday,STU-022,CSE,2,22,200,present,09:00:00,15:15:00,6.25,0,0,1,61.4,1.794,walking,entrance
2026-02-12,Thursday,STU-023,BBA,2,23,211,present,09:25:00,17:03:00,7.63,0,0,1,37.2,1.197,walking,lab
2026-02-12,Thursday,STU-024,CSE,5,24,244,present,09:23:00,15:20:00,5.95,0,0,1,64.1,0.911,walking,lab
2026-02-12,Thursday,STU-025,CSE,6,25,0,absent,,,0.0,0,0,0,0.0,0.0,,
2026-02-12,Thursday,STU-026,CSE,4,26,232,present,09:21:00,16:27:00,7.1,0,0,1,25.2,1.627,walking,classroom_B
2026-02-12,Thursday,STU-027,CSE,1,27,280,present,08:28:00,13:38:00,5.17,0,1,1,40.5,1.548,walking,classroom_A
2026-02-12,Thursday,STU-028,CSE,5,28,214,present,08:26:00,15:52:00,7.43,0,0,1,45.1,1.786,walking,entrance
2026-02-12,Thursday,STU-029,CSE,4,29,214,present,08:23:00,17:50:00,9.45,0,0,1,40.1,0.788,walking,classroom_B
2026-02-12,Thursday,STU-030,CSE,7,30,213,present,09:07:00,17:26:00,8.32,0,0,1,61.3,0.639,walking,lab
2026-02-12,Thursday,STU-031,EEE,8,31,0,absent,,,0.0,0,0,0,0.0,0.0,,
2026-02-12,Thursday,STU-032,EEE,3,32,230,present,08:15:00,15:44:00,7.48,0,0,1,77.0,1.434,walking,classroom_B
2026-02-12,Thursday,STU-033,EEE,6,33,299,present,09:01:00,14:07:00,5.1,1,1,1,32.4,1.321,walking,entrance
2026-02-12,Thursday,STU-034,CSE,5,34,0,absent,,,0.0,0,0,0,0.0,0.0,,
2026-02-12,Thursday,STU-035,CSE,3,35,275,present,09:10:00,15:19:00,6.15,0,0,1,45.7,1.679,walking,entrance
2026-02-12,Thursday,STU-036,CSE,4,36,0,absent,,,0.0,0,0,0,0.0,0.0,,
2026-02-12,Thursday,STU-037,CSE,8,37,288,present,09:27:00,17:49:00,8.37,0,0,1,25.9,1.181,walking,classroom_B
2026-02-12,Thursday,STU-038,BBA,5,38,211,present,09:01:00,15:30:00,6.48,0,0,1,35.1,0.424,standing,entrance
2026-02-12,Thursday,STU-039,CSE,4,39,0,absent,,,0.0,0,0,0,0.0,0.0,,
2026-02-12,Thursday,STU-040,EEE,1,40,0,absent,,,0.0,0,0,0,0.0,0.0,,
2026-02-12,Thursday,STU-041,CSE,1,41,275,present,09:06:00,15:00:00,5.9,0,0,1,61.0,1.594,walking,entrance
2026-02-12,Thursday,STU-042,EEE,7,42,283,present,09:08:00,16:51:00,7.72,0,0,1,75.5,1.386,walking,classroom_B
2026-02-12,Thursday,STU-043,EEE,2,43,254,present,09:09:00,15:18:00,6.15,0,0,1,56.1,0.465,standing,classroom_A
2026-02-12,Thursday,STU-044,CSE,6,44,222,present,08:00:00,17:51:00,9.85,0,0,1,59.2,1.459,walking,entrance
2026-02-12,Thursday,STU-045,CSE,8,45,221,present,09:07:00,17:58:00,8.85,0,0,1,27.0,0.509,walking,entrance
2026-02-12,Thursday,STU-046,BBA,8,46,213,present,08:22:00,17:23:00,9.02,0,0,1,58.1,0.928,walking,entrance
2026-02-12,Thursday,STU-047,CSE,5,47,264,present,08:02:00,17:22:00,9.33,0,0,1,48.5,1.679,walking,classroom_A
2026-02-12,Thursday,STU-048,CSE,4,48,261,present,08:14:00,17:23:00,9.15,0,0,1,53.4,0.4,standing,classroom_A
2026-02-12,Thursday,STU-049,CSE,5,49,247,present,09:09:00,17:44:00,8.58,1,0,1,43.4,0.39,standing,entrance
2026-02-12,Thursday,STU-050,CSE,7,50,0,absent,,,0.0,0,0,0,0.0,0.0,,
2026-02-15,Sunday,STU-001,CSE,1,1,284,present,08:10:00,16:51:00,8.68,0,0,1,32.8,1.012,walking,lab
2026-02-15,Sunday,STU-002,EEE,4,2,208,present,08:04:00,17:09:00,9.08,0,0,1,71.7,1.017,walking,entrance
2026-02-15,Sunday,STU-003,CSE,3,3,255,present,09:30:00,16:26:00,6.93,0,0,1,23.6,0.364,standing,classroom_B
2026-02-15,Sunday,STU-004,CSE,2,4,261,present,09:12:00,15:47:00,6.58,0,0,1,74.5,1.222,walking,lab
2026-02-15,Sunday,STU-005,CSE,7,5,208,present,10:31:00,16:38:00,6.12,1,0,1,21.9,1.143,walking,classroom_A
2026-02-15,Sunday,STU-006,CSE,1,6,277,present,09:14:00,16:19:00,7.08,0,0,1,70.2,0.791,walking,classroom_B
2026-02-15,Sunday,STU-007,CSE,4,7,268,present,08:15:00,17:31:00,9.27,0,0,1,78.5,1.075,walking,entrance
2026-02-15,Sunday,STU-008,CSE,1,8,230,present,09:19:00,16:59:00,7.67,0,0,1,74.3,1.149,walking,classroom_B
2026-02-15,Sunday,STU-009,CSE,4,9,298,present,09:08:00,16:42:00,7.57,0,0,1,59.5,1.22,walking,classroom_A
2026-02-15,Sunday,STU-010,CSE,7,10,274,present,10:45:00,16:13:00,5.47,1,0,1,67.9,1.08,walking,entrance
2026-02-15,Sunday,STU-011,CSE,8,11,0,absent,,,0.0,0,0,0,0.0,0.0,,
2026-02-15,Sunday,STU-012,CSE,5,12,261,present,09:05:00,16:23:00,7.3,0,0,1,34.7,1.376,walking,lab
2026-02-15,Sunday,STU-013,CSE,3,13,224,present,09:03:00,17:25:00,8.37,0,0,1,20.2,1.518,walking,classroom_B
2026-02-15,Sunday,STU-014,BBA,6,14,254,present,09:16:00,15:17:00,6.02,0,0,1,23.1,1.242,walking,lab
2026-02-15,Sunday,STU-015,EEE,3,15,206,present,08:04:00,16:48:00,8.73,0,0,1,68.1,0.362,standing,entrance
2026-02-15,Sunday,STU-016,CSE,6,16,284,present,08:29:00,16:13:00,7.73,0,0,1,22.4,1.15,walking,entrance
2026-02-15,Sunday,STU-017,CSE,2,17,0,absent,,,0.0,0,0,0,0.0,0.0,,
2026-02-15,Sunday,STU-018,BBA,2,18,230,present,08:19:00,16:59:00,8.67,0,0,1,53.2,0.528,walking,classroom_B
2026-02-15,Sunday,STU-019,EEE,6,19,294,present,09:06:00,15:10:00,6.07,0,0,1,25.5,1.221,walking,classroom_B
2026-02-15,Sunday,STU-020,CSE,5,20,228,present,09:07:00,17:10:00,8.05,0,0,1,73.5,0.719,walking,entrance
2026-02-15,Sunday,STU-021,CSE,8,21,291,present,09:14:00,15:54:00,6.67,0,0,1,24.9,0.966,walking,classroom_A
2026-02-15,Sunday,STU-022,CSE,2,22,262,present,09:00:00,16:13:00,7.22,0,0,1,72.9,0.955,walking,classroom_B
2026-02-15,Sunday,STU-023,BBA,2,23,289,present,09:19:00,15:45:00,6.43,0,0,1,24.6,1.325,walking,classroom_A
2026-02-15,Sunday,STU-024,CSE,5,24,276,present,09:08:00,16:57:00,7.82,0,0,1,33.9,1.617,walking,entrance
2026-02-15,Sunday,STU-025,CSE,6,25,246,present,08:14:00,15:24:00,7.17,0,0,1,54.3,0.871,walking,lab
2026-02-15,Sunday,STU-026,CSE,4,26,233,present,09:08:00,16:23:00,7.25,0,0,1,74.7,1.018,walking,classroom_A
2026-02-15,Sunday,STU-027,CSE,1,27,229,present,08:27:00,14:23:00,5.93,0,1,1,22.9,0.435,standing,classroom_A
2026-02-15,Sunday,STU-028,CSE,5,28,0,absent,,,0.0,0,0,0,0.0,0.0,,
2026-02-15,Sunday,STU-029,CSE,4,29,223,present,09:04:00,16:17:00,7.22,0,0,1,72.3,0.644,walking,classroom_B
2026-02-15,Sunday,STU-030,CSE,7,30,260,present,08:18:00,17:11:00,8.88,0,0,1,37.3,1.713,walking,classroom_A
2026-02-15,Sunday,STU-031,EEE,8,31,0,absent,,,0.0,0,0,0,0.0,0.0,,
2026-02-15,Sunday,STU-032,EEE,3,32,0,absent,,,0.0,0,0,0,0.0,0.0,,
2026-02-15,Sunday,STU-033,EEE,6,33,292,present,08:17:00,16:35:00,8.3,0,0,1,65.7,0.568,walking,classroom_A
2026-02-15,Sunday,STU-034,CSE,5,34,250,present,09:16:00,17:32:00,8.27,0,0,1,73.7,0.502,walking,entrance
2026-02-15,Sunday,STU-035,CSE,3,35,0,absent,,,0.0,0,0,0,0.0,0.0,,
2026-02-15,Sunday,STU-036,CSE,4,36,231,present,09:14:00,15:45:00,6.52,0,0,1,26.6,0.543,walking,entrance
2026-02-15,Sunday,STU-037,CSE,8,37,269,present,10:33:00,17:48:00,7.25,1,0,1,43.7,1.389,walking,lab
2026-02-15,Sunday,STU-038,BBA,5,38,263,present,09:24:00,16:10:00,6.77,0,0,1,50.2,0.489,standing,entrance
2026-02-15,Sunday,STU-039,CSE,4,39,247,present,09:03:00,16:24:00,7.35,0,0,1,42.6,0.336,standing,lab
2026-02-15,Sunday,STU-040,EEE,1,40,238,present,08:14:00,17:08:00,8.9,0,0,1,58.9,0.895,walking,classroom_A
2026-02-15,Sunday,STU-041,CSE,1,41,259,present,09:12:00,16:23:00,7.18,0,0,1,72.9,0.496,standing,entrance
2026-02-15,Sunday,STU-042,EEE,7,42,283,present,08:09:00,16:29:00,8.33,0,0,1,74.6,1.608,walking,entrance
2026-02-15,Sunday,STU-043,EEE,2,43,224,present,09:01:00,16:04:00,7.05,0,0,1,41.1,0.766,walking,classroom_A
2026-02-15,Sunday,STU-044,CSE,6,44,203,present,09:01:00,13:40:00,4.65,0,1,1,51.3,0.973,walking,classroom_B
2026-02-15,Sunday,STU-045,CSE,8,45,262,present,09:11:00,13:56:00,4.75,0,1,1,46.3,0.95,walking,entrance
2026-02-15,Sunday,STU-046,BBA,8,46,256,present,08:30:00,16:21:00,7.85,0,0,1,59.6,1.397,walking,classroom_B
2026-02-15,Sunday,STU-047,CSE,5,47,0,absent,,,0.0,0,0,0,0.0,0.0,,
2026-02-15,Sunday,STU-048,CSE,4,48,272,present,08:01:00,13:08:00,5.12,0,1,1,31.7,0.59,walking,classroom_A
2026-02-15,Sunday,STU-049,CSE,5,49,293,present,08:00:00,15:54:00,7.9,0,0,1,22.2,1.024,walking,entrance
2026-02-15,Sunday,STU-050,CSE,7,50,0,absent,,,0.0,0,0,0,0.0,0.0,,
2026-02-16,Monday,STU-001,CSE,1,1,0,absent,,,0.0,0,0,0,0.0,0.0,,
2026-02-16,Monday,STU-002,EEE,4,2,0,absent,,,0.0,0,0,0,0.0,0.0,,
2026-02-16,Monday,STU-003,CSE,3,3,294,present,09:27:00,16:36:00,7.15,0,0,1,53.5,0.796,walking,classroom_B
2026-02-16,Monday,STU-004,CSE,2,4,255,present,09:25:00,15:14:00,5.82,0,0,1,68.9,1.025,walking,classroom_B
2026-02-16,Monday,STU-005,CSE,7,5,213,present,09:01:00,16:51:00,7.83,0,0,1,71.8,1.536,walking,classroom_A
2026-02-16,Monday,STU-006,CSE,1,6,246,present,09:28:00,15:44:00,6.27,0,0,1,52.5,0.919,walking,lab
2026-02-16,Monday,STU-007,CSE,4,7,207,present,09:39:00,17:04:00,7.42,1,0,1,66.5,0.953,walking,lab
2026-02-16,Monday,STU-008,CSE,1,8,250,present,10:07:00,16:56:00,6.82,1,0,1,79.9,1.183,walking,lab
2026-02-16,Monday,STU-009,CSE,4,9,210,present,08:10:00,16:37:00,8.45,0,0,1,42.6,0.451,standing,entrance
2026-02-16,Monday,STU-010,CSE,7,10,222,present,09:28:00,13:03:00,3.58,0,1,1,20.1,0.349,standing,classroom_B
2026-02-16,Monday,STU-011,CSE,8,11,242,present,09:21:00,15:10:00,5.82,0,0,1,73.6,0.45,standing,entrance
2026-02-16,Monday,STU-012,CSE,5,12,213,present,08:25:00,16:52:00,8.45,0,0,1,79.6,0.701,walking,classroom_B
2026-02-16,Monday,STU-013,CSE,3,13,289,present,09:04:00,14:10:00,5.1,0,1,1,58.6,1.072,walking,lab
2026-02-16,Monday,STU-014,BBA,6,14,265,present,10:42:00,16:51:00,6.15,1,0,1,47.2,0.76,walking,lab
2026-02-16,Monday,STU-015,EEE,3,15,0,absent,,,0.0,0,0,0,0.0,0.0,,
2026-02-16,Monday,STU-016,CSE,6,16,207,present,08:07:00,17:09:00,9.03,0,0,1,22.2,1.182,walking,entrance
2026-02-16,Monday,STU-017,CSE,2,17,0,absent,,,0.0,0,0,0,0.0,0.0,,
2026-02-16,Monday,STU-018,BBA,2,18,0,absent,,,0.0,0,0,0,0.0,0.0,,
2026-02-16,Monday,STU-019,EEE,6,19,285,present,08:22:00,16:07:00,7.75,0,0,1,75.8,1.714,walking,classroom_B
2026-02-16,Monday,STU-020,CSE,5,20,204,present,08:11:00,15:22:00,7.18,0,0,1,24.0,1.562,walking,classroom_B
2026-02-16,Monday,STU-021,CSE,8,21,0,absent,,,0.0,0,0,0,0.0,0.0,,
2026-02-16,Monday,STU-022,CSE,2,22,0,absent,,,0.0,0,0,0,0.0,0.0,,
2026-02-16,Monday,STU-023,BBA,2,23,0,absent,,,0.0,0,0,0,0.0,0.0,,
2026-02-16,Monday,STU-024,CSE,5,24,0,absent,,,0.0,0,0,0,0.0,0.0,,
2026-02-16,Monday,STU-025,CSE,6,25,262,present,08:00:00,15:16:00,7.27,0,0,1,44.9,1.613,walking,classroom_B
2026-02-16,Monday,STU-026,CSE,4,26,0,absent,,,0.0,0,0,0,0.0,0.0,,
2026-02-16,Monday,STU-027,CSE,1,27,246,present,08:23:00,15:49:00,7.43,0,0,1,20.6,1.367,walking,classroom_B
2026-02-16,Monday,STU-028,CSE,5,28,295,present,08:06:00,17:42:00,9.6,0,0,1,71.5,1.057,walking,lab
2026-02-16,Monday,STU-029,CSE,4,29,0,absent,,,0.0,0,0,0,0.0,0.0,,
2026-02-16,Monday,STU-030,CSE,7,30,296,present,08:14:00,17:35:00,9.35,0,0,1,37.4,0.985,walking,classroom_B
2026-02-16,Monday,STU-031,EEE,8,31,277,present,08:15:00,16:59:00,8.73,0,0,1,47.8,1.158,walking,classroom_B
2026-02-16,Monday,STU-032,EEE,3,32,200,present,08:26:00,17:16:00,8.83,0,0,1,43.7,1.096,walking,entrance
2026-02-16,Monday,STU-033,EEE,6,33,0,absent,,,0.0,0,0,0,0.0,0.0,,
2026-02-16,Monday,STU-034,CSE,5,34,253,present,09:51:00,17:52:00,8.02,1,0,1,74.0,0.325,standing,classroom_B
2026-02-16,Monday,STU-035,CSE,3,35,230,present,08:17:00,16:49:00,8.53,0,0,1,27.0,1.688,walking,lab
2026-02-16,Monday,STU-036,CSE,4,36,261,present,08:00:00,15:21:00,7.35,0,0,1,58.8,0.331,standing,classroom_A
2026-02-16,Monday,STU-037,CSE,8,37,293,present,10:42:00,15:57:00,5.25,1,0,1,45.6,0.546,walking,entrance
2026-02-16,Monday,STU-038,BBA,5,38,230,present,08:02:00,15:54:00,7.87,0,0,1,76.2,0.399,standing,classroom_B
2026-02-16,Monday,STU-039,CSE,4,39,261,present,08:16:00,17:29:00,9.22,0,0,1,50.6,1.302,walking,classroom_B
2026-02-16,Monday,STU-040,EEE,1,40,279,present,09:24:00,17:16:00,7.87,1,0,1,63.5,1.507,walking,entrance
2026-02-16,Monday,STU-041,CSE,1,41,249,present,08:15:00,17:22:00,9.12,0,0,1,21.8,1.489,walking,lab
2026-02-16,Monday,STU-042,EEE,7,42,295,present,08:05:00,17:30:00,9.42,0,0,1,66.4,1.346,walking,classroom_A
2026-02-16,Monday,STU-043,EEE,2,43,0,absent,,,0.0,0,0,0,0.0,0.0,,
2026-02-16,Monday,STU-044,CSE,6,44,200,present,09:20:00,15:02:00,5.7,0,0,1,47.2,1.156,walking,entrance
2026-02-16,Monday,STU-045,CSE,8,45,0,absent,,,0.0,0,0,0,0.0,0.0,,
2026-02-16,Monday,STU-046,BBA,8,46,266,present,09:27:00,15:53:00,6.43,0,0,1,25.8,1.142,walking,entrance
2026-02-16,Monday,STU-047,CSE,5,47,240,present,09:03:00,15:50:00,6.78,0,0,1,70.1,0.669,walking,lab
2026-02-16,Monday,STU-048,CSE,4,48,0,absent,,,0.0,0,0,0,0.0,0.0,,
2026-02-16,Monday,STU-049,CSE,5,49,252,present,08:22:00,16:09:00,7.78,0,0,1,36.8,1.772,walking,classroom_B
2026-02-16,Monday,STU-050,CSE,7,50,217,present,08:00:00,16:11:00,8.18,0,0,1,62.7,1.697,walking,entrance
2026-02-17,Tuesday,STU-001,CSE,1,1,210,present,09:10:00,15:36:00,6.43,0,0,1,32.7,0.647,walking,classroom_B
2026-02-17,Tuesday,STU-002,EEE,4,2,0,absent,,,0.0,0,0,0,0.0,0.0,,
2026-02-17,Tuesday,STU-003,CSE,3,3,0,absent,,,0.0,0,0,0,0.0,0.0,,
2026-02-17,Tuesday,STU-004,CSE,2,4,0,absent,,,0.0,0,0,0,0.0,0.0,,
2026-02-17,Tuesday,STU-005,CSE,7,5,253,present,09:03:00,15:19:00,6.27,0,0,1,75.1,0.439,standing,classroom_B
2026-02-17,Tuesday,STU-006,CSE,1,6,251,present,09:06:00,15:30:00,6.4,1,0,1,68.6,1.113,walking,classroom_B
2026-02-17,Tuesday,STU-007,CSE,4,7,0,absent,,,0.0,0,0,0,0.0,0.0,,
2026-02-17,Tuesday,STU-008,CSE,1,8,202,present,08:20:00,17:55:00,9.58,0,0,1,26.2,1.005,walking,classroom_A
2026-02-17,Tuesday,STU-009,CSE,4,9,0,absent,,,0.0,0,0,0,0.0,0.0,,
2026-02-17,Tuesday,STU-010,CSE,7,10,299,present,08:21:00,16:36:00,8.25,0,0,1,67.7,1.563,walking,lab
2026-02-17,Tuesday,STU-011,CSE,8,11,275,present,09:06:00,16:22:00,7.27,0,0,1,28.2,0.917,walking,classroom_B
2026-02-17,Tuesday,STU-012,CSE,5,12,251,present,09:08:00,16:00:00,6.87,0,0,1,78.7,1.186,walking,classroom_B
2026-02-17,Tuesday,STU-013,CSE,3,13,231,present,08:30:00,15:45:00,7.25,0,0,1,22.4,1.417,walking,entrance
2026-02-17,Tuesday,STU-014,BBA,6,14,289,present,08:18:00,13:45:00,5.45,0,1,1,26.6,0.321,standing,entrance
2026-02-17,Tuesday,STU-015,EEE,3,15,287,present,09:55:00,16:24:00,6.48,1,0,1,59.6,0.713,walking,classroom_A
2026-02-17,Tuesday,STU-016,CSE,6,16,235,present,08:27:00,17:15:00,8.8,0,0,1,49.4,0.956,walking,classroom_B
2026-02-17,Tuesday,STU-017,CSE,2,17,236,present,09:47:00,16:13:00,6.43,1,0,1,44.8,0.511,walking,classroom_B
2026-02-17,Tuesday,STU-018,BBA,2,18,0,absent,,,0.0,0,0,0,0.0,0.0,,
2026-02-17,Tuesday,STU-019,EEE,6,19,235,present,10:22:00,15:28:00,5.1,1,0,1,32.1,1.559,walking,lab
2026-02-17,Tuesday,STU-020,CSE,5,20,270,present,08:00:00,17:31:00,9.52,0,0,1,43.1,1.065,walking,classroom_A
2026-02-17,Tuesday,STU-021,CSE,8,21,0,absent,,,0.0,0,0,0,0.0,0.0,,
2026-02-17,Tuesday,STU-022,CSE,2,22,213,present,09:23:00,15:36:00,6.22,0,0,1,77.4,0.662,walking,classroom_B
2026-02-17,Tuesday,STU-023,BBA,2,23,202,present,08:20:00,17:00:00,8.67,0,0,1,28.9,0.791,walking,lab
2026-02-17,Tuesday,STU-024,CSE,5,24,234,present,09:46:00,16:16:00,6.5,1,0,1,61.8,1.179,walking,lab
2026-02-17,Tuesday,STU-025,CSE,6,25,0,absent,,,0.0,0,0,0,0.0,0.0,,
2026-02-17,Tuesday,STU-026,CSE,4,26,260,present,08:28:00,15:54:00,7.43,0,0,1,40.2,1.438,walking,classroom_B
2026-02-17,Tuesday,STU-027,CSE,1,27,205,present,08:03:00,15:14:00,7.18,0,0,1,44.6,0.607,walking,lab
2026-02-17,Tuesday,STU-028,CSE,5,28,212,present,10:45:00,17:13:00,6.47,1,0,1,33.1,0.355,standing,entrance
2026-02-17,Tuesday,STU-029,CSE,4,29,215,present,09:28:00,16:59:00,7.52,0,0,1,34.2,0.44,standing,classroom_B
2026-02-17,Tuesday,STU-030,CSE,7,30,296,present,08:01:00,16:34:00,8.55,0,0,1,30.0,1.344,walking,entrance
2026-02-17,Tuesday,STU-031,EEE,8,31,273,present,09:28:00,15:32:00,6.07,0,0,1,55.0,0.717,walking,lab
2026-02-17,Tuesday,STU-032,EEE,3,32,0,absent,,,0.0,0,0,0,0.0,0.0,,
2026-02-17,Tuesday,STU-033,EEE,6,33,220,present,09:40:00,17:17:00,7.62,1,0,1,31.6,0.651,walking,entrance
2026-02-17,Tuesday,STU-034,CSE,5,34,217,present,08:09:00,17:28:00,9.32,0,0,1,33.5,0.347,standing,classroom_A
2026-02-17,Tuesday,STU-035,CSE,3,35,0,absent,,,0.0,0,0,0,0.0,0.0,,
2026-02-17,Tuesday,STU-036,CSE,4,36,247,present,08:26:00,16:24:00,7.97,0,0,1,20.5,0.353,standing,classroom_A
2026-02-17,Tuesday,STU-037,CSE,8,37,0,absent,,,0.0,0,0,0,0.0,0.0,,
2026-02-17,Tuesday,STU-038,BBA,5,38,0,absent,,,0.0,0,0,0,0.0,0.0,,
2026-02-17,Tuesday,STU-039,CSE,4,39,271,present,09:44:00,16:45:00,7.02,1,0,1,51.2,1.626,walking,classroom_B
2026-02-17,Tuesday,STU-040,EEE,1,40,256,present,08:30:00,15:39:00,7.15,0,0,1,70.2,0.719,walking,classroom_B
2026-02-17,Tuesday,STU-041,CSE,1,41,0,absent,,,0.0,0,0,0,0.0,0.0,,
2026-02-17,Tuesday,STU-042,EEE,7,42,274,present,10:24:00,16:59:00,6.58,1,0,1,25.5,0.473,standing,classroom_A
2026-02-17,Tuesday,STU-043,EEE,2,43,217,present,08:17:00,17:37:00,9.33,0,0,1,62.7,0.379,standing,classroom_A
2026-02-17,Tuesday,STU-044,CSE,6,44,268,present,09:32:00,17:56:00,8.4,1,0,1,24.5,1.128,walking,classroom_B
2026-02-17,Tuesday,STU-045,CSE,8,45,226,present,08:26:00,16:31:00,8.08,0,0,1,71.0,0.51,walking,classroom_A
2026-02-17,Tuesday,STU-046,BBA,8,46,297,present,10:04:00,17:34:00,7.5,1,0,1,24.8,0.783,walking,classroom_A
2026-02-17,Tuesday,STU-047,CSE,5,47,0,absent,,,0.0,0,0,0,0.0,0.0,,
2026-02-17,Tuesday,STU-048,CSE,4,48,203,present,09:49:00,15:55:00,6.1,1,0,1,68.6,0.425,standing,classroom_A
2026-02-17,Tuesday,STU-049,CSE,5,49,268,present,08:22:00,15:28:00,7.1,0,0,1,67.0,1.271,walking,entrance
2026-02-17,Tuesday,STU-050,CSE,7,50,264,present,08:11:00,17:07:00,8.93,0,0,1,67.7,1.268,walking,classroom_B
2026-02-18,Wednesday,STU-001,CSE,1,1,297,present,09:09:00,15:09:00,6.0,0,0,1,30.5,0.733,walking,entrance
2026-02-18,Wednesday,STU-002,EEE,4,2,231,present,09:00:00,13:00:00,4.0,0,1,1,59.7,0.867,walking,classroom_B
2026-02-18,Wednesday,STU-003,CSE,3,3,0,absent,,,0.0,0,0,0,0.0,0.0,,
2026-02-18,Wednesday,STU-004,CSE,2,4,241,present,08:07:00,16:32:00,8.42,0,0,1,33.7,0.854,walking,entrance
2026-02-18,Wednesday,STU-005,CSE,7,5,0,absent,,,0.0,0,0,0,0.0,0.0,,
2026-02-18,Wednesday,STU-006,CSE,1,6,277,present,09:40:00,16:13:00,6.55,1,0,1,34.4,1.584,walking,lab
2026-02-18,Wednesday,STU-007,CSE,4,7,215,present,09:08:00,14:51:00,5.72,1,1,1,22.8,1.598,walking,classroom_B
2026-02-18,Wednesday,STU-008,CSE,1,8,270,present,08:08:00,16:54:00,8.77,0,0,1,58.6,1.723,walking,lab
2026-02-18,Wednesday,STU-009,CSE,4,9,286,present,09:33:00,16:17:00,6.73,1,0,1,34.5,0.398,standing,lab
2026-02-18,Wednesday,STU-010,CSE,7,10,296,present,10:26:00,15:15:00,4.82,1,0,1,72.8,1.375,walking,classroom_B
2026-02-18,Wednesday,STU-011,CSE,8,11,205,present,08:09:00,16:05:00,7.93,0,0,1,47.7,1.533,walking,classroom_B
2026-02-18,Wednesday,STU-012,CSE,5,12,229,present,10:48:00,15:11:00,4.38,1,0,1,44.2,1.382,walking,classroom_B
2026-02-18,Wednesday,STU-013,CSE,3,13,235,present,08:21:00,14:19:00,5.97,0,1,1,44.7,1.595,walking,entrance
2026-02-18,Wednesday,STU-014,BBA,6,14,259,present,08:26:00,16:46:00,8.33,0,0,1,78.3,1.215,walking,entrance
2026-02-18,Wednesday,STU-015,EEE,3,15,297,present,08:27:00,15:58:00,7.52,0,0,1,33.0,1.536,walking,classroom_A
2026-02-18,Wednesday,STU-016,CSE,6,16,212,present,08:12:00,15:51:00,7.65,0,0,1,26.1,1.367,walking,lab
2026-02-18,Wednesday,STU-017,CSE,2,17,286,present,08:19:00,15:37:00,7.3,0,0,1,25.5,0.597,walking,classroom_A
2026-02-18,Wednesday,STU-018,BBA,2,18,210,present,08:28:00,15:46:00,7.3,0,0,1,24.6,1.677,walking,lab
2026-02-18,Wednesday,STU-019,EEE,6,19,267,present,09:30:00,16:49:00,7.32,0,0,1,53.2,1.638,walking,entrance
2026-02-18,Wednesday,STU-020,CSE,5,20,276,present,09:37:00,16:07:00,6.5,1,0,1,53.0,1.086,walking,entrance
2026-02-18,Wednesday,STU-021,CSE,8,21,253,present,09:08:00,17:07:00,7.98,0,0,1,77.6,1.675,walking,classroom_A
2026-02-18,Wednesday,STU-022,CSE,2,22,267,present,08:02:00,15:51:00,7.82,0,0,1,27.4,1.259,walking,classroom_B
2026-02-18,Wednesday,STU-023,BBA,2,23,252,present,09:10:00,17:08:00,7.97,0,0,1,65.4,0.592,walking,classroom_A
2026-02-18,Wednesday,STU-024,CSE,5,24,211,present,08:07:00,16:21:00,8.23,0,0,1,45.1,0.683,walking,entrance
2026-02-18,Wednesday,STU-025,CSE,6,25,243,present,09:30:00,16:40:00,7.17,0,0,1,21.3,0.656,walking,lab
2026-02-18,Wednesday,STU-026,CSE,4,26,0,absent,,,0.0,0,0,0,0.0,0.0,,
2026-02-18,Wednesday,STU-027,CSE,1,27,207,present,09:27:00,15:02:00,5.58,1,0,1,76.6,1.08,walking,classroom_A
2026-02-18,Wednesday,STU-028,CSE,5,28,295,present,08:12:00,16:04:00,7.87,0,0,1,39.2,0.619,walking,classroom_A
2026-02-18,Wednesday,STU-029,CSE,4,29,213,present,08:26:00,17:11:00,8.75,0,0,1,46.2,1.028,walking,lab
2026-02-18,Wednesday,STU-030,CSE,7,30,214,present,08:16:00,16:47:00,8.52,0,0,1,77.8,0.663,walking,entrance
2026-02-18,Wednesday,STU-031,EEE,8,31,0,absent,,,0.0,0,0,0,0.0,0.0,,
2026-02-18,Wednesday,STU-032,EEE,3,32,292,present,08:13:00,13:41:00,5.47,0,1,1,42.5,0.486,standing,entrance
2026-02-18,Wednesday,STU-033,EEE,6,33,237,present,08:16:00,17:37:00,9.35,0,0,1,62.5,0.729,walking,classroom_A
2026-02-18,Wednesday,STU-034,CSE,5,34,273,present,09:18:00,16:48:00,7.5,0,0,1,55.9,1.236,walking,lab
2026-02-18,Wednesday,STU-035,CSE,3,35,293,present,09:26:00,17:48:00,8.37,0,0,1,56.0,1.314,walking,lab
2026-02-18,Wednesday,STU-036,CSE,4,36,272,present,10:37:00,17:15:00,6.63,1,0,1,28.8,0.454,standing,entrance
2026-02-18,Wednesday,STU-037,CSE,8,37,299,present,08:30:00,15:06:00,6.6,0,0,1,31.1,1.511,walking,classroom_A
2026-02-18,Wednesday,STU-038,BBA,5,38,202,present,09:18:00,15:26:00,6.13,0,0,1,57.3,1.785,walking,lab
2026-02-18,Wednesday,STU-039,CSE,4,39,239,present,09:28:00,14:11:00,4.72,0,1,1,65.0,1.142,walking,classroom_A
2026-02-18,Wednesday,STU-040,EEE,1,40,271,present,09:20:00,17:08:00,7.8,0,0,1,59.4,1.436,walking,classroom_B
2026-02-18,Wednesday,STU-041,CSE,1,41,203,present,08:04:00,17:39:00,9.58,0,0,1,46.0,1.124,walking,classroom_A
2026-02-18,Wednesday,STU-042,EEE,7,42,0,absent,,,0.0,0,0,0,0.0,0.0,,
2026-02-18,Wednesday,STU-043,EEE,2,43,280,present,08:25:00,17:24:00,8.98,0,0,1,40.7,0.409,standing,classroom_A
2026-02-18,Wednesday,STU-044,CSE,6,44,296,present,08:24:00,17:20:00,8.93,0,0,1,54.3,0.48,standing,classroom_A
2026-02-18,Wednesday,STU-045,CSE,8,45,203,present,10:54:00,17:57:00,7.05,1,0,1,22.4,1.549,walking,classroom_A
2026-02-18,Wednesday,STU-046,BBA,8,46,214,present,10:38:00,16:04:00,5.43,1,0,1,79.9,1.551,walking,lab
2026-02-18,Wednesday,STU-047,CSE,5,47,248,present,09:26:00,15:03:00,5.62,0,0,1,76.7,1.092,walking,classroom_B
2026-02-18,Wednesday,STU-048,CSE,4,48,225,present,10:03:00,15:55:00,5.87,1,0,1,57.8,1.608,walking,lab
2026-02-18,Wednesday,STU-049,CSE,5,49,256,present,10:14:00,16:01:00,5.78,1,0,1,73.7,0.964,walking,classroom_B
2026-02-18,Wednesday,STU-050,CSE,7,50,217,present,08:23:00,16:42:00,8.32,0,0,1,27.8,0.817,walking,entrance
2026-02-19,Thursday,STU-001,CSE,1,1,277,present,09:29:00,15:10:00,5.68,0,0,1,53.9,0.4,standing,classroom_B
2026-02-19,Thursday,STU-002,EEE,4,2,0,absent,,,0.0,0,0,0,0.0,0.0,,
2026-02-19,Thursday,STU-003,CSE,3,3,240,present,08:06:00,15:59:00,7.88,0,0,1,28.0,0.837,walking,classroom_A
2026-02-19,Thursday,STU-004,CSE,2,4,0,absent,,,0.0,0,0,0,0.0,0.0,,
2026-02-19,Thursday,STU-005,CSE,7,5,277,present,09:00:00,15:43:00,6.72,0,0,1,26.1,0.545,walking,lab
2026-02-19,Thursday,STU-006,CSE,1,6,0,absent,,,0.0,0,0,0,0.0,0.0,,
2026-02-19,Thursday,STU-007,CSE,4,7,224,present,08:14:00,17:22:00,9.13,0,0,1,42.6,0.627,walking,entrance
2026-02-19,Thursday,STU-008,CSE,1,8,250,present,08:23:00,17:20:00,8.95,0,0,1,22.9,0.741,walking,entrance
2026-02-19,Thursday,STU-009,CSE,4,9,250,present,08:07:00,17:16:00,9.15,0,0,1,69.9,1.006,walking,entrance
2026-02-19,Thursday,STU-010,CSE,7,10,0,absent,,,0.0,0,0,0,0.0,0.0,,
2026-02-19,Thursday,STU-011,CSE,8,11,262,present,08:02:00,13:40:00,5.63,0,1,1,25.5,1.641,walking,classroom_A
2026-02-19,Thursday,STU-012,CSE,5,12,300,present,09:05:00,16:47:00,7.7,0,0,1,69.8,1.397,walking,lab
2026-02-19,Thursday,STU-013,CSE,3,13,240,present,08:28:00,17:11:00,8.72,0,0,1,52.6,0.913,walking,classroom_B
2026-02-19,Thursday,STU-014,BBA,6,14,0,absent,,,0.0,0,0,0,0.0,0.0,,
2026-02-19,Thursday,STU-015,EEE,3,15,207,present,09:12:00,15:29:00,6.28,0,0,1,48.7,0.904,walking,lab
2026-02-19,Thursday,STU-016,CSE,6,16,269,present,08:27:00,16:48:00,8.35,0,0,1,20.1,0.515,walking,classroom_A
2026-02-19,Thursday,STU-017,CSE,2,17,201,present,08:02:00,17:55:00,9.88,0,0,1,59.6,1.466,walking,lab
2026-02-19,Thursday,STU-018,BBA,2,18,217,present,08:23:00,13:04:00,4.68,0,1,1,78.9,0.791,walking,lab
2026-02-19,Thursday,STU-019,EEE,6,19,269,present,09:07:00,17:34:00,8.45,0,0,1,37.3,1.602,walking,classroom_A
2026-02-19,Thursday,STU-020,CSE,5,20,0,absent,,,0.0,0,0,0,0.0,0.0,,
2026-02-19,Thursday,STU-021,CSE,8,21,288,present,08:21:00,16:46:00,8.42,0,0,1,55.9,0.676,walking,classroom_B
2026-02-19,Thursday,STU-022,CSE,2,22,264,present,08:20:00,14:28:00,6.13,0,1,1,57.6,0.987,walking,entrance
2026-02-19,Thursday,STU-023,BBA,2,23,225,present,08:07:00,16:28:00,8.35,0,0,1,43.4,1.109,walking,classroom_A
2026-02-19,Thursday,STU-024,CSE,5,24,0,absent,,,0.0,0,0,0,0.0,0.0,,
2026-02-19,Thursday,STU-025,CSE,6,25,0,absent,,,0.0,0,0,0,0.0,0.0,,
2026-02-19,Thursday,STU-026,CSE,4,26,279,present,09:15:00,16:24:00,7.15,0,0,1,52.5,1.162,walking,lab
2026-02-19,Thursday,STU-027,CSE,1,27,204,present,09:20:00,15:31:00,6.18,1,0,1,79.7,1.486,walking,classroom_B
2026-02-19,Thursday,STU-028,CSE,5,28,246,present,08:11:00,14:56:00,6.75,0,1,1,21.8,1.433,walking,lab
2026-02-19,Thursday,STU-029,CSE,4,29,222,present,08:00:00,15:17:00,7.28,0,0,1,74.0,1.468,walking,classroom_B
2026-02-19,Thursday,STU-030,CSE,7,30,278,present,10:29:00,15:08:00,4.65,1,0,1,41.2,0.741,walking,classroom_A
2026-02-19,Thursday,STU-031,EEE,8,31,269,present,09:25:00,15:55:00,6.5,0,0,1,76.4,1.741,walking,entrance
2026-02-19,Thursday,STU-032,EEE,3,32,261,present,10:11:00,16:46:00,6.58,1,0,1,79.4,0.567,walking,classroom_B
2026-02-19,Thursday,STU-033,EEE,6,33,0,absent,,,0.0,0,0,0,0.0,0.0,,
2026-02-19,Thursday,STU-034,CSE,5,34,0,absent,,,0.0,0,0,0,0.0,0.0,,
2026-02-19,Thursday,STU-035,CSE,3,35,0,absent,,,0.0,0,0,0,0.0,0.0,,
2026-02-19,Thursday,STU-036,CSE,4,36,250,present,08:07:00,17:06:00,8.98,0,0,1,53.6,0.854,walking,entrance
2026-02-19,Thursday,STU-037,CSE,8,37,296,present,09:30:00,16:01:00,6.52,0,0,1,56.6,1.032,walking,classroom_B
2026-02-19,Thursday,STU-038,BBA,5,38,214,present,09:56:00,17:52:00,7.93,1,0,1,54.6,1.671,walking,lab
2026-02-19,Thursday,STU-039,CSE,4,39,226,present,09:18:00,15:05:00,5.78,0,0,1,70.3,0.892,walking,entrance
2026-02-19,Thursday,STU-040,EEE,1,40,227,present,09:06:00,17:11:00,8.08,0,0,1,42.0,1.526,walking,lab
2026-02-19,Thursday,STU-041,CSE,1,41,0,absent,,,0.0,0,0,0,0.0,0.0,,
2026-02-19,Thursday,STU-042,EEE,7,42,0,absent,,,0.0,0,0,0,0.0,0.0,,
2026-02-19,Thursday,STU-043,EEE,2,43,298,present,10:54:00,17:51:00,6.95,1,0,1,26.5,1.489,walking,entrance
2026-02-19,Thursday,STU-044,CSE,6,44,293,present,08:22:00,16:35:00,8.22,0,0,1,23.6,1.552,walking,lab
2026-02-19,Thursday,STU-045,CSE,8,45,299,present,09:12:00,15:59:00,6.78,0,0,1,39.9,0.942,walking,entrance
2026-02-19,Thursday,STU-046,BBA,8,46,221,present,09:25:00,17:28:00,8.05,0,0,1,36.8,0.507,walking,classroom_B
2026-02-19,Thursday,STU-047,CSE,5,47,0,absent,,,0.0,0,0,0,0.0,0.0,,
2026-02-19,Thursday,STU-048,CSE,4,48,278,present,09:30:00,16:50:00,7.33,0,0,1,62.8,0.732,walking,classroom_A
2026-02-19,Thursday,STU-049,CSE,5,49,200,present,09:51:00,16:01:00,6.17,1,0,1,28.2,1.624,walking,entrance
2026-02-19,Thursday,STU-050,CSE,7,50,214,present,08:02:00,15:41:00,7.65,0,0,1,72.6,1.499,walking,classroom_B
2026-02-22,Sunday,STU-001,CSE,1,1,223,present,08:16:00,17:27:00,9.18,0,0,1,53.3,1.323,walking,classroom_B
2026-02-22,Sunday,STU-002,EEE,4,2,0,absent,,,0.0,0,0,0,0.0,0.0,,
2026-02-22,Sunday,STU-003,CSE,3,3,257,present,09:04:00,17:59:00,8.92,0,0,1,33.3,1.648,walking,lab
2026-02-22,Sunday,STU-004,CSE,2,4,247,present,08:04:00,17:47:00,9.72,0,0,1,62.2,0.732,walking,entrance
2026-02-22,Sunday,STU-005,CSE,7,5,0,absent,,,0.0,0,0,0,0.0,0.0,,
2026-02-22,Sunday,STU-006,CSE,1,6,282,present,08:06:00,15:12:00,7.1,0,0,1,56.4,0.311,standing,classroom_B
2026-02-22,Sunday,STU-007,CSE,4,7,291,present,08:16:00,16:31:00,8.25,0,0,1,29.6,1.129,walking,classroom_B
2026-02-22,Sunday,STU-008,CSE,1,8,259,present,08:21:00,15:57:00,7.6,0,0,1,41.0,0.781,walking,classroom_B
2026-02-22,Sunday,STU-009,CSE,4,9,211,present,09:55:00,15:20:00,5.42,1,0,1,28.5,1.066,walking,lab
2026-02-22,Sunday,STU-010,CSE,7,10,215,present,08:12:00,13:45:00,5.55,0,1,1,46.4,1.268,walking,classroom_A
2026-02-22,Sunday,STU-011,CSE,8,11,0,absent,,,0.0,0,0,0,0.0,0.0,,
2026-02-22,Sunday,STU-012,CSE,5,12,0,absent,,,0.0,0,0,0,0.0,0.0,,
2026-02-22,Sunday,STU-013,CSE,3,13,0,absent,,,0.0,0,0,0,0.0,0.0,,
2026-02-22,Sunday,STU-014,BBA,6,14,0,absent,,,0.0,0,0,0,0.0,0.0,,
2026-02-22,Sunday,STU-015,EEE,3,15,294,present,08:04:00,17:58:00,9.9,0,0,1,56.9,0.918,walking,classroom_A
2026-02-22,Sunday,STU-016,CSE,6,16,221,present,08:20:00,17:35:00,9.25,0,0,1,28.6,0.788,walking,classroom_B
2026-02-22,Sunday,STU-017,CSE,2,17,262,present,08:10:00,16:17:00,8.12,0,0,1,45.1,1.387,walking,lab
2026-02-22,Sunday,STU-018,BBA,2,18,0,absent,,,0.0,0,0,0,0.0,0.0,,
2026-02-22,Sunday,STU-019,EEE,6,19,0,absent,,,0.0,0,0,0,0.0,0.0,,
2026-02-22,Sunday,STU-020,CSE,5,20,0,absent,,,0.0,0,0,0,0.0,0.0,,
2026-02-22,Sunday,STU-021,CSE,8,21,277,present,09:19:00,15:11:00,5.87,0,0,1,73.6,1.537,walking,lab
2026-02-22,Sunday,STU-022,CSE,2,22,297,present,08:01:00,17:57:00,9.93,0,0,1,55.8,1.091,walking,lab
2026-02-22,Sunday,STU-023,BBA,2,23,216,present,09:04:00,17:58:00,8.9,0,0,1,51.1,0.524,walking,entrance
2026-02-22,Sunday,STU-024,CSE,5,24,297,present,08:17:00,15:56:00,7.65,0,0,1,22.7,1.131,walking,lab
2026-02-22,Sunday,STU-025,CSE,6,25,247,present,09:21:00,17:46:00,8.42,0,0,1,62.3,1.301,walking,classroom_B
2026-02-22,Sunday,STU-026,CSE,4,26,238,present,08:25:00,15:12:00,6.78,0,0,1,21.0,0.654,walking,lab
2026-02-22,Sunday,STU-027,CSE,1,27,226,present,09:03:00,16:53:00,7.83,0,0,1,72.3,1.608,walking,entrance
2026-02-22,Sunday,STU-028,CSE,5,28,283,present,09:21:00,14:12:00,4.85,0,1,1,48.7,1.602,walking,classroom_A
2026-02-22,Sunday,STU-029,CSE,4,29,0,absent,,,0.0,0,0,0,0.0,0.0,,
2026-02-22,Sunday,STU-030,CSE,7,30,214,present,08:06:00,16:05:00,7.98,0,0,1,56.5,0.518,walking,entrance
2026-02-22,Sunday,STU-031,EEE,8,31,296,present,09:07:00,17:29:00,8.37,1,0,1,44.6,1.29,walking,entrance
2026-02-22,Sunday,STU-032,EEE,3,32,0,absent,,,0.0,0,0,0,0.0,0.0,,
2026-02-22,Sunday,STU-033,EEE,6,33,204,present,08:04:00,15:07:00,7.05,0,0,1,57.1,0.97,walking,classroom_B
2026-02-22,Sunday,STU-034,CSE,5,34,0,absent,,,0.0,0,0,0,0.0,0.0,,
2026-02-22,Sunday,STU-035,CSE,3,35,0,absent,,,0.0,0,0,0,0.0,0.0,,
2026-02-22,Sunday,STU-036,CSE,4,36,268,present,08:09:00,16:24:00,8.25,0,0,1,40.2,0.32,standing,classroom_A
2026-02-22,Sunday,STU-037,CSE,8,37,0,absent,,,0.0,0,0,0,0.0,0.0,,
2026-02-22,Sunday,STU-038,BBA,5,38,287,present,10:11:00,16:01:00,5.83,1,0,1,67.4,0.892,walking,classroom_A
2026-02-22,Sunday,STU-039,CSE,4,39,275,present,09:04:00,16:24:00,7.33,0,0,1,27.7,0.59,walking,classroom_B
2026-02-22,Sunday,STU-040,EEE,1,40,227,present,08:25:00,17:00:00,8.58,0,0,1,68.3,1.374,walking,classroom_B
2026-02-22,Sunday,STU-041,CSE,1,41,0,absent,,,0.0,0,0,0,0.0,0.0,,
2026-02-22,Sunday,STU-042,EEE,7,42,270,present,10:07:00,15:27:00,5.33,1,0,1,76.1,0.79,walking,classroom_B
2026-02-22,Sunday,STU-043,EEE,2,43,0,absent,,,0.0,0,0,0,0.0,0.0,,
2026-02-22,Sunday,STU-044,CSE,6,44,0,absent,,,0.0,0,0,0,0.0,0.0,,
2026-02-22,Sunday,STU-045,CSE,8,45,215,present,08:00:00,16:59:00,8.98,0,0,1,23.2,0.843,walking,classroom_A
2026-02-22,Sunday,STU-046,BBA,8,46,210,present,08:19:00,16:46:00,8.45,0,0,1,63.3,0.947,walking,entrance
2026-02-22,Sunday,STU-047,CSE,5,47,280,present,08:10:00,15:52:00,7.7,0,0,1,72.7,1.263,walking,classroom_A
2026-02-22,Sunday,STU-048,CSE,4,48,263,present,09:07:00,14:58:00,5.85,1,1,1,74.3,1.147,walking,lab
2026-02-22,Sunday,STU-049,CSE,5,49,0,absent,,,0.0,0,0,0,0.0,0.0,,
2026-02-22,Sunday,STU-050,CSE,7,50,213,present,09:11:00,15:15:00,6.07,0,0,1,35.1,0.505,walking,classroom_B
2026-02-23,Monday,STU-001,CSE,1,1,203,present,09:49:00,17:07:00,7.3,1,0,1,22.3,1.509,walking,lab
2026-02-23,Monday,STU-002,EEE,4,2,266,present,08:15:00,17:02:00,8.78,0,0,1,52.7,0.446,standing,classroom_B
2026-02-23,Monday,STU-003,CSE,3,3,205,present,09:21:00,16:05:00,6.73,1,0,1,31.7,0.913,walking,entrance
2026-02-23,Monday,STU-004,CSE,2,4,235,present,08:01:00,16:23:00,8.37,0,0,1,78.2,1.038,walking,classroom_A
2026-02-23,Monday,STU-005,CSE,7,5,267,present,08:00:00,15:22:00,7.37,0,0,1,51.9,1.315,walking,lab
2026-02-23,Monday,STU-006,CSE,1,6,285,present,08:06:00,15:21:00,7.25,0,0,1,31.9,1.505,walking,classroom_A
2026-02-23,Monday,STU-007,CSE,4,7,219,present,09:29:00,16:56:00,7.45,0,0,1,43.6,0.418,standing,entrance
2026-02-23,Monday,STU-008,CSE,1,8,0,absent,,,0.0,0,0,0,0.0,0.0,,
2026-02-23,Monday,STU-009,CSE,4,9,280,present,10:25:00,15:19:00,4.9,1,0,1,77.9,1.184,walking,entrance
2026-02-23,Monday,STU-010,CSE,7,10,233,present,09:03:00,15:01:00,5.97,0,0,1,64.9,1.178,walking,entrance
2026-02-23,Monday,STU-011,CSE,8,11,208,present,09:18:00,13:42:00,4.4,0,1,1,79.8,0.775,walking,classroom_A
2026-02-23,Monday,STU-012,CSE,5,12,0,absent,,,0.0,0,0,0,0.0,0.0,,
2026-02-23,Monday,STU-013,CSE,3,13,0,absent,,,0.0,0,0,0,0.0,0.0,,
2026-02-23,Monday,STU-014,BBA,6,14,0,absent,,,0.0,0,0,0,0.0,0.0,,
2026-02-23,Monday,STU-015,EEE,3,15,0,absent,,,0.0,0,0,0,0.0,0.0,,
2026-02-23,Monday,STU-016,CSE,6,16,215,present,08:20:00,14:37:00,6.28,0,1,1,46.3,1.52,walking,lab
2026-02-23,Monday,STU-017,CSE,2,17,262,present,10:06:00,16:18:00,6.2,1,0,1,77.2,1.02,walking,classroom_B
2026-02-23,Monday,STU-018,BBA,2,18,0,absent,,,0.0,0,0,0,0.0,0.0,,
2026-02-23,Monday,STU-019,EEE,6,19,201,present,09:18:00,15:39:00,6.35,0,0,1,46.8,0.4,standing,classroom_B
2026-02-23,Monday,STU-020,CSE,5,20,269,present,08:00:00,15:32:00,7.53,0,0,1,47.6,1.566,walking,entrance
2026-02-23,Monday,STU-021,CSE,8,21,269,present,09:40:00,17:16:00,7.6,1,0,1,25.7,1.716,walking,entrance
2026-02-23,Monday,STU-022,CSE,2,22,0,absent,,,0.0,0,0,0,0.0,0.0,,
2026-02-23,Monday,STU-023,BBA,2,23,202,present,09:28:00,15:05:00,5.62,0,0,1,78.6,1.396,walking,classroom_B
2026-02-23,Monday,STU-024,CSE,5,24,220,present,08:17:00,16:19:00,8.03,0,0,1,52.1,1.437,walking,lab
2026-02-23,Monday,STU-025,CSE,6,25,201,present,08:18:00,17:23:00,9.08,0,0,1,46.3,1.109,walking,entrance
2026-02-23,Monday,STU-026,CSE,4,26,224,present,10:20:00,15:53:00,5.55,1,0,1,70.6,0.87,walking,entrance
2026-02-23,Monday,STU-027,CSE,1,27,234,present,08:29:00,16:43:00,8.23,0,0,1,69.0,1.487,walking,lab
2026-02-23,Monday,STU-028,CSE,5,28,285,present,09:18:00,17:59:00,8.68,0,0,1,70.9,1.253,walking,classroom_B
2026-02-23,Monday,STU-029,CSE,4,29,254,present,09:28:00,17:27:00,7.98,0,0,1,26.7,0.366,standing,classroom_A
2026-02-23,Monday,STU-030,CSE,7,30,258,present,08:10:00,16:06:00,7.93,0,0,1,66.7,1.172,walking,lab
2026-02-23,Monday,STU-031,EEE,8,31,0,absent,,,0.0,0,0,0,0.0,0.0,,
2026-02-23,Monday,STU-032,EEE,3,32,0,absent,,,0.0,0,0,0,0.0,0.0,,
2026-02-23,Monday,STU-033,EEE,6,33,203,present,09:17:00,16:59:00,7.7,0,0,1,56.7,0.698,walking,classroom_B
2026-02-23,Monday,STU-034,CSE,5,34,297,present,10:06:00,15:59:00,5.88,1,0,1,41.3,0.665,walking,lab
2026-02-23,Monday,STU-035,CSE,3,35,278,present,09:17:00,17:44:00,8.45,1,0,1,50.1,0.362,standing,lab
2026-02-23,Monday,STU-036,CSE,4,36,208,present,09:19:00,16:01:00,6.7,0,0,1,57.4,0.434,standing,entrance
2026-02-23,Monday,STU-037,CSE,8,37,0,absent,,,0.0,0,0,0,0.0,0.0,,
2026-02-23,Monday,STU-038,BBA,5,38,226,present,09:21:00,17:40:00,8.32,0,0,1,68.9,1.372,walking,entrance
2026-02-23,Monday,STU-039,CSE,4,39,241,present,08:10:00,15:02:00,6.87,0,0,1,75.1,1.134,walking,entrance
2026-02-23,Monday,STU-040,EEE,1,40,0,absent,,,0.0,0,0,0,0.0,0.0,,
2026-02-23,Monday,STU-041,CSE,1,41,0,absent,,,0.0,0,0,0,0.0,0.0,,
2026-02-23,Monday,STU-042,EEE,7,42,0,absent,,,0.0,0,0,0,0.0,0.0,,
2026-02-23,Monday,STU-043,EEE,2,43,237,present,08:13:00,15:55:00,7.7,0,0,1,31.6,0.71,walking,lab
2026-02-23,Monday,STU-044,CSE,6,44,216,present,09:28:00,17:04:00,7.6,0,0,1,66.3,1.35,walking,entrance
2026-02-23,Monday,STU-045,CSE,8,45,0,absent,,,0.0,0,0,0,0.0,0.0,,
2026-02-23,Monday,STU-046,BBA,8,46,0,absent,,,0.0,0,0,0,0.0,0.0,,
2026-02-23,Monday,STU-047,CSE,5,47,300,present,09:28:00,17:54:00,8.43,1,0,1,79.7,0.64,walking,classroom_B
2026-02-23,Monday,STU-048,CSE,4,48,0,absent,,,0.0,0,0,0,0.0,0.0,,
2026-02-23,Monday,STU-049,CSE,5,49,0,absent,,,0.0,0,0,0,0.0,0.0,,
2026-02-23,Monday,STU-050,CSE,7,50,256,present,08:22:00,16:44:00,8.37,0,0,1,57.1,0.767,walking,lab
2026-02-24,Tuesday,STU-001,CSE,1,1,214,present,09:10:00,16:51:00,7.68,0,0,1,59.6,0.486,standing,classroom_A
2026-02-24,Tuesday,STU-002,EEE,4,2,244,present,10:23:00,16:56:00,6.55,1,0,1,61.7,0.47,standing,lab
2026-02-24,Tuesday,STU-003,CSE,3,3,0,absent,,,0.0,0,0,0,0.0,0.0,,
2026-02-24,Tuesday,STU-004,CSE,2,4,0,absent,,,0.0,0,0,0,0.0,0.0,,
2026-02-24,Tuesday,STU-005,CSE,7,5,212,present,08:13:00,16:45:00,8.53,0,0,1,58.9,1.072,walking,classroom_B
2026-02-24,Tuesday,STU-006,CSE,1,6,267,present,08:01:00,14:51:00,6.83,0,1,1,28.2,1.757,walking,classroom_B
2026-02-24,Tuesday,STU-007,CSE,4,7,255,present,09:21:00,17:55:00,8.57,0,0,1,53.4,0.947,walking,lab
2026-02-24,Tuesday,STU-008,CSE,1,8,0,absent,,,0.0,0,0,0,0.0,0.0,,
2026-02-24,Tuesday,STU-009,CSE,4,9,243,present,09:10:00,16:31:00,7.35,0,0,1,65.4,1.106,walking,entrance
2026-02-24,Tuesday,STU-010,CSE,7,10,254,present,09:30:00,17:51:00,8.35,0,0,1,56.5,0.496,standing,classroom_B
2026-02-24,Tuesday,STU-011,CSE,8,11,206,present,08:27:00,16:21:00,7.9,0,0,1,62.0,0.463,standing,classroom_B
2026-02-24,Tuesday,STU-012,CSE,5,12,215,present,08:22:00,16:10:00,7.8,0,0,1,71.3,0.562,walking,classroom_B
2026-02-24,Tuesday,STU-013,CSE,3,13,0,absent,,,0.0,0,0,0,0.0,0.0,,
2026-02-24,Tuesday,STU-014,BBA,6,14,0,absent,,,0.0,0,0,0,0.0,0.0,,
2026-02-24,Tuesday,STU-015,EEE,3,15,210,present,08:24:00,15:24:00,7.0,0,0,1,21.7,0.565,walking,entrance
2026-02-24,Tuesday,STU-016,CSE,6,16,0,absent,,,0.0,0,0,0,0.0,0.0,,
2026-02-24,Tuesday,STU-017,CSE,2,17,266,present,09:01:00,13:06:00,4.08,0,1,1,48.5,1.773,walking,lab
2026-02-24,Tuesday,STU-018,BBA,2,18,0,absent,,,0.0,0,0,0,0.0,0.0,,
2026-02-24,Tuesday,STU-019,EEE,6,19,0,absent,,,0.0,0,0,0,0.0,0.0,,
2026-02-24,Tuesday,STU-020,CSE,5,20,257,present,09:29:00,15:59:00,6.5,0,0,1,68.1,0.502,walking,lab
2026-02-24,Tuesday,STU-021,CSE,8,21,226,present,09:02:00,15:58:00,6.93,0,0,1,29.9,1.093,walking,classroom_A
2026-02-24,Tuesday,STU-022,CSE,2,22,0,absent,,,0.0,0,0,0,0.0,0.0,,
2026-02-24,Tuesday,STU-023,BBA,2,23,281,present,09:27:00,15:29:00,6.03,0,0,1,53.2,0.553,walking,classroom_B
2026-02-24,Tuesday,STU-024,CSE,5,24,234,present,09:32:00,16:23:00,6.85,1,0,1,67.8,0.371,standing,lab
2026-02-24,Tuesday,STU-025,CSE,6,25,214,present,09:10:00,15:54:00,6.73,0,0,1,72.8,0.51,walking,classroom_A
2026-02-24,Tuesday,STU-026,CSE,4,26,0,absent,,,0.0,0,0,0,0.0,0.0,,
2026-02-24,Tuesday,STU-027,CSE,1,27,257,present,09:21:00,17:52:00,8.52,0,0,1,79.0,0.958,walking,lab
2026-02-24,Tuesday,STU-028,CSE,5,28,268,present,08:15:00,15:55:00,7.67,0,0,1,70.0,0.869,walking,classroom_A
2026-02-24,Tuesday,STU-029,CSE,4,29,231,present,08:20:00,15:38:00,7.3,0,0,1,67.0,1.54,walking,classroom_B
2026-02-24,Tuesday,STU-030,CSE,7,30,279,present,09:20:00,17:53:00,8.55,1,0,1,28.7,1.641,walking,classroom_B
2026-02-24,Tuesday,STU-031,EEE,8,31,236,present,09:32:00,14:28:00,4.93,1,1,1,48.5,1.071,walking,entrance
2026-02-24,Tuesday,STU-032,EEE,3,32,206,present,10:16:00,16:16:00,6.0,1,0,1,35.7,1.539,walking,classroom_A
2026-02-24,Tuesday,STU-033,EEE,6,33,213,present,09:19:00,16:45:00,7.43,0,0,1,67.1,0.323,standing,classroom_B
2026-02-24,Tuesday,STU-034,CSE,5,34,249,present,10:32:00,16:55:00,6.38,1,0,1,52.3,1.506,walking,lab
2026-02-24,Tuesday,STU-035,CSE,3,35,217,present,08:09:00,16:30:00,8.35,0,0,1,54.7,1.556,walking,entrance
2026-02-24,Tuesday,STU-036,CSE,4,36,276,present,10:14:00,13:55:00,3.68,1,1,1,63.7,1.111,walking,lab
2026-02-24,Tuesday,STU-037,CSE,8,37,266,present,09:53:00,15:37:00,5.73,1,0,1,47.0,0.653,walking,entrance
2026-02-24,Tuesday,STU-038,BBA,5,38,222,present,09:00:00,15:56:00,6.93,0,0,1,54.0,1.076,walking,entrance
2026-02-24,Tuesday,STU-039,CSE,4,39,222,present,08:03:00,13:00:00,4.95,0,1,1,31.1,1.633,walking,entrance
2026-02-24,Tuesday,STU-040,EEE,1,40,276,present,09:03:00,13:32:00,4.48,0,1,1,70.5,1.307,walking,lab
2026-02-24,Tuesday,STU-041,CSE,1,41,292,present,09:06:00,15:18:00,6.2,0,0,1,23.7,0.653,walking,classroom_B
2026-02-24,Tuesday,STU-042,EEE,7,42,253,present,08:18:00,15:50:00,7.53,0,0,1,49.0,1.475,walking,classroom_A
2026-02-24,Tuesday,STU-043,EEE,2,43,293,present,09:26:00,15:02:00,5.6,0,0,1,20.2,1.46,walking,entrance
2026-02-24,Tuesday,STU-044,CSE,6,44,275,present,08:11:00,16:21:00,8.17,0,0,1,77.1,0.869,walking,entrance
2026-02-24,Tuesday,STU-045,CSE,8,45,0,absent,,,0.0,0,0,0,0.0,0.0,,
2026-02-24,Tuesday,STU-046,BBA,8,46,250,present,09:13:00,15:00:00,5.78,0,0,1,74.3,1.674,walking,classroom_B
2026-02-24,Tuesday,STU-047,CSE,5,47,251,present,08:09:00,14:34:00,6.42,0,1,1,39.4,1.221,walking,classroom_B
2026-02-24,Tuesday,STU-048,CSE,4,48,225,present,08:11:00,15:27:00,7.27,0,0,1,45.2,0.741,walking,classroom_A
2026-02-24,Tuesday,STU-049,CSE,5,49,229,present,09:05:00,16:50:00,7.75,0,0,1,20.9,1.11,walking,entrance
2026-02-24,Tuesday,STU-050,CSE,7,50,0,absent,,,0.0,0,0,0,0.0,0.0,,
2026-02-25,Wednesday,STU-001,CSE,1,1,258,present,09:00:00,17:27:00,8.45,0,0,1,30.8,1.566,walking,lab
2026-02-25,Wednesday,STU-002,EEE,4,2,297,present,08:00:00,15:27:00,7.45,0,0,1,72.9,1.782,walking,lab
2026-02-25,Wednesday,STU-003,CSE,3,3,297,present,08:12:00,13:35:00,5.38,0,1,1,71.3,1.715,walking,classroom_B
2026-02-25,Wednesday,STU-004,CSE,2,4,237,present,09:10:00,15:29:00,6.32,0,0,1,49.2,1.359,walking,classroom_A
2026-02-25,Wednesday,STU-005,CSE,7,5,211,present,09:06:00,17:35:00,8.48,1,0,1,28.7,1.213,walking,lab
2026-02-25,Wednesday,STU-006,CSE,1,6,257,present,09:38:00,16:32:00,6.9,1,0,1,55.3,0.38,standing,classroom_B
2026-02-25,Wednesday,STU-007,CSE,4,7,205,present,08:26:00,17:18:00,8.87,0,0,1,42.4,0.778,walking,classroom_A
2026-02-25,Wednesday,STU-008,CSE,1,8,293,present,10:31:00,17:36:00,7.08,1,0,1,21.1,0.375,standing,lab
2026-02-25,Wednesday,STU-009,CSE,4,9,0,absent,,,0.0,0,0,0,0.0,0.0,,
2026-02-25,Wednesday,STU-010,CSE,7,10,222,present,09:13:00,16:54:00,7.68,1,0,1,71.9,1.055,walking,classroom_B
2026-02-25,Wednesday,STU-011,CSE,8,11,223,present,08:02:00,17:58:00,9.93,0,0,1,69.0,0.541,walking,classroom_B
2026-02-25,Wednesday,STU-012,CSE,5,12,298,present,10:04:00,17:59:00,7.92,1,0,1,75.9,0.86,walking,lab
2026-02-25,Wednesday,STU-013,CSE,3,13,0,absent,,,0.0,0,0,0,0.0,0.0,,
2026-02-25,Wednesday,STU-014,BBA,6,14,259,present,08:02:00,16:00:00,7.97,0,0,1,56.6,1.629,walking,entrance
2026-02-25,Wednesday,STU-015,EEE,3,15,256,present,09:02:00,15:47:00,6.75,0,0,1,41.8,0.38,standing,classroom_A
2026-02-25,Wednesday,STU-016,CSE,6,16,232,present,10:37:00,15:00:00,4.38,1,0,1,77.4,1.659,walking,entrance
2026-02-25,Wednesday,STU-017,CSE,2,17,266,present,09:22:00,17:09:00,7.78,0,0,1,67.8,1.002,walking,classroom_A
2026-02-25,Wednesday,STU-018,BBA,2,18,211,present,10:17:00,15:26:00,5.15,1,0,1,70.2,1.739,walking,classroom_A
2026-02-25,Wednesday,STU-019,EEE,6,19,233,present,08:06:00,17:49:00,9.72,0,0,1,24.2,0.798,walking,classroom_A
2026-02-25,Wednesday,STU-020,CSE,5,20,300,present,08:21:00,16:57:00,8.6,0,0,1,37.8,1.486,walking,classroom_B
2026-02-25,Wednesday,STU-021,CSE,8,21,251,present,08:10:00,15:26:00,7.27,0,0,1,51.8,1.593,walking,lab
2026-02-25,Wednesday,STU-022,CSE,2,22,224,present,09:45:00,16:59:00,7.23,1,0,1,52.5,1.121,walking,classroom_A
2026-02-25,Wednesday,STU-023,BBA,2,23,206,present,09:12:00,17:03:00,7.85,0,0,1,39.9,0.968,walking,lab
2026-02-25,Wednesday,STU-024,CSE,5,24,220,present,09:19:00,15:23:00,6.07,0,0,1,77.7,0.609,walking,classroom_A
2026-02-25,Wednesday,STU-025,CSE,6,25,289,present,10:57:00,15:02:00,4.08,1,0,1,49.6,0.764,walking,entrance
2026-02-25,Wednesday,STU-026,CSE,4,26,249,present,08:30:00,13:29:00,4.98,0,1,1,66.7,0.442,standing,entrance
2026-02-25,Wednesday,STU-027,CSE,1,27,0,absent,,,0.0,0,0,0,0.0,0.0,,
2026-02-25,Wednesday,STU-028,CSE,5,28,229,present,08:05:00,16:45:00,8.67,0,0,1,57.3,0.773,walking,classroom_B
2026-02-25,Wednesday,STU-029,CSE,4,29,240,present,09:57:00,13:11:00,3.23,1,1,1,46.3,1.477,walking,classroom_B
2026-02-25,Wednesday,STU-030,CSE,7,30,243,present,10:48:00,15:05:00,4.28,1,0,1,39.2,0.622,walking,classroom_A
2026-02-25,Wednesday,STU-031,EEE,8,31,236,present,09:14:00,17:21:00,8.12,0,0,1,21.9,0.366,standing,lab
2026-02-25,Wednesday,STU-032,EEE,3,32,295,present,09:29:00,15:59:00,6.5,1,0,1,41.2,1.185,walking,classroom_B
2026-02-25,Wednesday,STU-033,EEE,6,33,0,absent,,,0.0,0,0,0,0.0,0.0,,
2026-02-25,Wednesday,STU-034,CSE,5,34,298,present,10:18:00,17:13:00,6.92,1,0,1,78.2,1.382,walking,classroom_A
2026-02-25,Wednesday,STU-035,CSE,3,35,278,present,10:08:00,15:27:00,5.32,1,0,1,22.7,1.348,walking,classroom_B
2026-02-25,Wednesday,STU-036,CSE,4,36,278,present,08:30:00,17:21:00,8.85,0,0,1,72.8,1.638,walking,classroom_B
2026-02-25,Wednesday,STU-037,CSE,8,37,0,absent,,,0.0,0,0,0,0.0,0.0,,
2026-02-25,Wednesday,STU-038,BBA,5,38,262,present,08:11:00,15:03:00,6.87,0,0,1,44.5,1.154,walking,entrance
2026-02-25,Wednesday,STU-039,CSE,4,39,205,present,08:02:00,17:28:00,9.43,0,0,1,48.7,1.467,walking,classroom_A
2026-02-25,Wednesday,STU-040,EEE,1,40,236,present,08:22:00,15:42:00,7.33,0,0,1,31.6,0.76,walking,classroom_B
2026-02-25,Wednesday,STU-041,CSE,1,41,227,present,09:12:00,15:21:00,6.15,0,0,1,39.7,0.541,walking,classroom_B
2026-02-25,Wednesday,STU-042,EEE,7,42,258,present,09:10:00,16:11:00,7.02,0,0,1,37.2,1.106,walking,classroom_A
2026-02-25,Wednesday,STU-043,EEE,2,43,208,present,08:07:00,16:21:00,8.23,0,0,1,71.4,0.323,standing,entrance
2026-02-25,Wednesday,STU-044,CSE,6,44,271,present,08:11:00,17:48:00,9.62,0,0,1,77.5,1.67,walking,classroom_B
2026-02-25,Wednesday,STU-045,CSE,8,45,200,present,08:12:00,15:50:00,7.63,0,0,1,28.2,0.722,walking,classroom_B
2026-02-25,Wednesday,STU-046,BBA,8,46,294,present,09:10:00,15:05:00,5.92,0,0,1,30.3,1.19,walking,lab
2026-02-25,Wednesday,STU-047,CSE,5,47,288,present,08:13:00,15:51:00,7.63,0,0,1,20.5,0.512,walking,classroom_B
2026-02-25,Wednesday,STU-048,CSE,4,48,214,present,09:28:00,13:00:00,3.53,0,1,1,74.4,0.436,standing,classroom_B
2026-02-25,Wednesday,STU-049,CSE,5,49,277,present,08:05:00,17:10:00,9.08,0,0,1,25.9,1.388,walking,classroom_A
2026-02-25,Wednesday,STU-050,CSE,7,50,0,absent,,,0.0,0,0,0,0.0,0.0,,
2026-02-26,Thursday,STU-001,CSE,1,1,213,present,09:23:00,14:36:00,5.22,0,1,1,25.7,1.459,walking,lab
2026-02-26,Thursday,STU-002,EEE,4,2,288,present,08:23:00,16:36:00,8.22,0,0,1,65.0,1.759,walking,classroom_A
2026-02-26,Thursday,STU-003,CSE,3,3,268,present,08:22:00,14:58:00,6.6,0,1,1,34.2,1.448,walking,classroom_A
2026-02-26,Thursday,STU-004,CSE,2,4,0,absent,,,0.0,0,0,0,0.0,0.0,,
2026-02-26,Thursday,STU-005,CSE,7,5,239,present,09:28:00,17:17:00,7.82,0,0,1,39.9,1.599,walking,entrance
2026-02-26,Thursday,STU-006,CSE,1,6,237,present,09:05:00,13:35:00,4.5,0,1,1,32.8,1.105,walking,classroom_A
2026-02-26,Thursday,STU-007,CSE,4,7,0,absent,,,0.0,0,0,0,0.0,0.0,,
2026-02-26,Thursday,STU-008,CSE,1,8,267,present,09:20:00,15:59:00,6.65,0,0,1,65.0,1.422,walking,entrance
2026-02-26,Thursday,STU-009,CSE,4,9,0,absent,,,0.0,0,0,0,0.0,0.0,,
2026-02-26,Thursday,STU-010,CSE,7,10,204,present,09:43:00,17:47:00,8.07,1,0,1,20.8,1.251,walking,entrance
2026-02-26,Thursday,STU-011,CSE,8,11,0,absent,,,0.0,0,0,0,0.0,0.0,,
2026-02-26,Thursday,STU-012,CSE,5,12,0,absent,,,0.0,0,0,0,0.0,0.0,,
2026-02-26,Thursday,STU-013,CSE,3,13,205,present,08:22:00,15:23:00,7.02,0,0,1,63.1,1.648,walking,classroom_A
2026-02-26,Thursday,STU-014,BBA,6,14,207,present,09:08:00,15:43:00,6.58,0,0,1,79.1,0.817,walking,classroom_A
2026-02-26,Thursday,STU-015,EEE,3,15,298,present,09:28:00,17:34:00,8.1,0,0,1,33.5,0.407,standing,entrance
2026-02-26,Thursday,STU-016,CSE,6,16,0,absent,,,0.0,0,0,0,0.0,0.0,,
2026-02-26,Thursday,STU-017,CSE,2,17,0,absent,,,0.0,0,0,0,0.0,0.0,,
2026-02-26,Thursday,STU-018,BBA,2,18,0,absent,,,0.0,0,0,0,0.0,0.0,,
2026-02-26,Thursday,STU-019,EEE,6,19,227,present,08:27:00,17:47:00,9.33,0,0,1,77.3,0.479,standing,entrance
2026-02-26,Thursday,STU-020,CSE,5,20,0,absent,,,0.0,0,0,0,0.0,0.0,,
2026-02-26,Thursday,STU-021,CSE,8,21,225,present,10:25:00,17:05:00,6.67,1,0,1,68.1,1.708,walking,lab
2026-02-26,Thursday,STU-022,CSE,2,22,205,present,09:26:00,16:29:00,7.05,0,0,1,77.2,0.875,walking,lab
2026-02-26,Thursday,STU-023,BBA,2,23,297,present,09:11:00,16:37:00,7.43,0,0,1,37.2,1.475,walking,classroom_B
2026-02-26,Thursday,STU-024,CSE,5,24,253,present,08:21:00,15:45:00,7.4,0,0,1,33.5,0.816,walking,classroom_B
2026-02-26,Thursday,STU-025,CSE,6,25,215,present,08:27:00,15:27:00,7.0,0,0,1,72.9,0.433,standing,classroom_A
2026-02-26,Thursday,STU-026,CSE,4,26,0,absent,,,0.0,0,0,0,0.0,0.0,,
2026-02-26,Thursday,STU-027,CSE,1,27,0,absent,,,0.0,0,0,0,0.0,0.0,,
2026-02-26,Thursday,STU-028,CSE,5,28,0,absent,,,0.0,0,0,0,0.0,0.0,,
2026-02-26,Thursday,STU-029,CSE,4,29,205,present,08:21:00,17:40:00,9.32,0,0,1,73.2,1.101,walking,lab
2026-02-26,Thursday,STU-030,CSE,7,30,292,present,08:23:00,16:09:00,7.77,0,0,1,58.4,0.767,walking,entrance
2026-02-26,Thursday,STU-031,EEE,8,31,236,present,08:06:00,15:56:00,7.83,0,0,1,28.0,1.721,walking,classroom_A
2026-02-26,Thursday,STU-032,EEE,3,32,288,present,08:07:00,15:52:00,7.75,0,0,1,22.1,0.661,walking,entrance
2026-02-26,Thursday,STU-033,EEE,6,33,299,present,09:12:00,14:23:00,5.18,0,1,1,71.8,1.392,walking,classroom_B
2026-02-26,Thursday,STU-034,CSE,5,34,0,absent,,,0.0,0,0,0,0.0,0.0,,
2026-02-26,Thursday,STU-035,CSE,3,35,246,present,09:23:00,17:21:00,7.97,0,0,1,76.8,1.751,walking,lab
2026-02-26,Thursday,STU-036,CSE,4,36,208,present,09:12:00,17:49:00,8.62,0,0,1,50.2,0.946,walking,classroom_B
2026-02-26,Thursday,STU-037,CSE,8,37,279,present,08:17:00,15:36:00,7.32,0,0,1,39.9,1.676,walking,classroom_B
2026-02-26,Thursday,STU-038,BBA,5,38,0,absent,,,0.0,0,0,0,0.0,0.0,,
2026-02-26,Thursday,STU-039,CSE,4,39,214,present,10:36:00,16:54:00,6.3,1,0,1,46.8,1.58,walking,classroom_A
2026-02-26,Thursday,STU-040,EEE,1,40,0,absent,,,0.0,0,0,0,0.0,0.0,,
2026-02-26,Thursday,STU-041,CSE,1,41,206,present,08:08:00,15:59:00,7.85,0,0,1,68.8,1.797,walking,classroom_B
2026-02-26,Thursday,STU-042,EEE,7,42,239,present,08:30:00,15:19:00,6.82,0,0,1,66.6,0.62,walking,entrance
2026-02-26,Thursday,STU-043,EEE,2,43,268,present,09:07:00,17:57:00,8.83,0,0,1,21.1,1.268,walking,entrance
2026-02-26,Thursday,STU-044,CSE,6,44,257,present,08:04:00,15:23:00,7.32,0,0,1,63.8,0.439,standing,classroom_B
2026-02-26,Thursday,STU-045,CSE,8,45,258,present,09:23:00,16:56:00,7.55,0,0,1,74.4,0.69,walking,lab
2026-02-26,Thursday,STU-046,BBA,8,46,252,present,08:27:00,17:01:00,8.57,0,0,1,61.5,1.495,walking,classroom_A
2026-02-26,Thursday,STU-047,CSE,5,47,200,present,09:12:00,16:12:00,7.0,0,0,1,31.7,0.467,standing,entrance
2026-02-26,Thursday,STU-048,CSE,4,48,203,present,09:26:00,16:59:00,7.55,0,0,1,52.2,1.691,walking,classroom_B
2026-02-26,Thursday,STU-049,CSE,5,49,293,present,08:00:00,16:54:00,8.9,0,0,1,60.9,0.492,standing,classroom_B
2026-02-26,Thursday,STU-050,CSE,7,50,273,present,08:03:00,17:19:00,9.27,0,0,1,33.6,1.338,walking,entrance
2026-03-01,Sunday,STU-001,CSE,1,1,248,present,08:15:00,15:12:00,6.95,0,0,1,27.3,1.234,walking,classroom_B
2026-03-01,Sunday,STU-002,EEE,4,2,262,present,08:19:00,17:46:00,9.45,0,0,1,57.9,1.476,walking,classroom_B
2026-03-01,Sunday,STU-003,CSE,3,3,298,present,08:29:00,15:09:00,6.67,0,0,1,58.4,1.522,walking,classroom_A
2026-03-01,Sunday,STU-004,CSE,2,4,300,present,08:00:00,16:44:00,8.73,0,0,1,61.6,1.547,walking,classroom_B
2026-03-01,Sunday,STU-005,CSE,7,5,258,present,09:01:00,15:58:00,6.95,0,0,1,22.9,0.368,standing,classroom_A
2026-03-01,Sunday,STU-006,CSE,1,6,262,present,08:26:00,16:02:00,7.6,0,0,1,25.9,0.487,standing,lab
2026-03-01,Sunday,STU-007,CSE,4,7,0,absent,,,0.0,0,0,0,0.0,0.0,,
2026-03-01,Sunday,STU-008,CSE,1,8,0,absent,,,0.0,0,0,0,0.0,0.0,,
2026-03-01,Sunday,STU-009,CSE,4,9,0,absent,,,0.0,0,0,0,0.0,0.0,,
2026-03-01,Sunday,STU-010,CSE,7,10,297,present,09:54:00,17:27:00,7.55,1,0,1,75.4,0.693,walking,classroom_B
2026-03-01,Sunday,STU-011,CSE,8,11,218,present,09:04:00,15:44:00,6.67,0,0,1,78.9,1.728,walking,entrance
2026-03-01,Sunday,STU-012,CSE,5,12,219,present,08:11:00,17:54:00,9.72,0,0,1,64.4,1.376,walking,classroom_A
2026-03-01,Sunday,STU-013,CSE,3,13,0,absent,,,0.0,0,0,0,0.0,0.0,,
2026-03-01,Sunday,STU-014,BBA,6,14,281,present,09:06:00,15:57:00,6.85,0,0,1,43.4,1.486,walking,lab
2026-03-01,Sunday,STU-015,EEE,3,15,235,present,08:17:00,14:43:00,6.43,0,1,1,67.6,0.457,standing,classroom_A
2026-03-01,Sunday,STU-016,CSE,6,16,0,absent,,,0.0,0,0,0,0.0,0.0,,
2026-03-01,Sunday,STU-017,CSE,2,17,209,present,08:20:00,15:00:00,6.67,0,0,1,73.3,0.63,walking,lab
2026-03-01,Sunday,STU-018,BBA,2,18,284,present,09:21:00,17:53:00,8.53,0,0,1,63.2,0.848,walking,entrance
2026-03-01,Sunday,STU-019,EEE,6,19,280,present,09:10:00,15:51:00,6.68,0,0,1,30.5,1.29,walking,classroom_B
2026-03-01,Sunday,STU-020,CSE,5,20,0,absent,,,0.0,0,0,0,0.0,0.0,,
2026-03-01,Sunday,STU-021,CSE,8,21,211,present,09:10:00,15:36:00,6.43,0,0,1,76.0,1.164,walking,lab
2026-03-01,Sunday,STU-022,CSE,2,22,217,present,09:11:00,15:30:00,6.32,0,0,1,68.2,0.327,standing,classroom_A
2026-03-01,Sunday,STU-023,BBA,2,23,209,present,10:06:00,17:05:00,6.98,1,0,1,29.0,1.711,walking,classroom_A
2026-03-01,Sunday,STU-024,CSE,5,24,272,present,09:14:00,17:29:00,8.25,0,0,1,44.4,1.732,walking,lab
2026-03-01,Sunday,STU-025,CSE,6,25,249,present,09:07:00,13:08:00,4.02,0,1,1,46.3,1.312,walking,entrance
2026-03-01,Sunday,STU-026,CSE,4,26,226,present,09:20:00,16:15:00,6.92,0,0,1,70.4,1.711,walking,classroom_B
2026-03-01,Sunday,STU-027,CSE,1,27,300,present,09:10:00,15:32:00,6.37,0,0,1,60.3,1.167,walking,classroom_B
2026-03-01,Sunday,STU-028,CSE,5,28,248,present,09:37:00,13:49:00,4.2,1,1,1,40.9,0.708,walking,classroom_B
2026-03-01,Sunday,STU-029,CSE,4,29,271,present,09:00:00,15:08:00,6.13,0,0,1,45.3,0.996,walking,classroom_B
2026-03-01,Sunday,STU-030,CSE,7,30,211,present,09:09:00,17:28:00,8.32,0,0,1,75.4,0.93,walking,classroom_A
2026-03-01,Sunday,STU-031,EEE,8,31,245,present,08:08:00,15:01:00,6.88,0,0,1,44.4,0.772,walking,classroom_A
2026-03-01,Sunday,STU-032,EEE,3,32,214,present,09:18:00,15:29:00,6.18,0,0,1,46.5,1.624,walking,classroom_B
2026-03-01,Sunday,STU-033,EEE,6,33,0,absent,,,0.0,0,0,0,0.0,0.0,,
2026-03-01,Sunday,STU-034,CSE,5,34,267,present,09:23:00,14:22:00,4.98,0,1,1,26.6,0.542,walking,lab
2026-03-01,Sunday,STU-035,CSE,3,35,271,present,08:27:00,16:58:00,8.52,0,0,1,51.5,1.561,walking,classroom_B
2026-03-01,Sunday,STU-036,CSE,4,36,237,present,09:07:00,16:48:00,7.68,0,0,1,35.7,1.418,walking,classroom_B
2026-03-01,Sunday,STU-037,CSE,8,37,231,present,09:19:00,17:59:00,8.67,0,0,1,56.2,1.429,walking,classroom_A
2026-03-01,Sunday,STU-038,BBA,5,38,0,absent,,,0.0,0,0,0,0.0,0.0,,
2026-03-01,Sunday,STU-039,CSE,4,39,284,present,09:28:00,15:33:00,6.08,0,0,1,65.5,1.349,walking,classroom_A
2026-03-01,Sunday,STU-040,EEE,1,40,273,present,09:04:00,16:46:00,7.7,0,0,1,76.1,1.304,walking,classroom_B
2026-03-01,Sunday,STU-041,CSE,1,41,297,present,09:04:00,13:07:00,4.05,0,1,1,71.6,0.365,standing,classroom_B
2026-03-01,Sunday,STU-042,EEE,7,42,0,absent,,,0.0,0,0,0,0.0,0.0,,
2026-03-01,Sunday,STU-043,EEE,2,43,216,present,09:11:00,17:08:00,7.95,0,0,1,71.5,0.356,standing,entrance
2026-03-01,Sunday,STU-044,CSE,6,44,272,present,09:12:00,15:46:00,6.57,0,0,1,56.7,0.382,standing,entrance
2026-03-01,Sunday,STU-045,CSE,8,45,0,absent,,,0.0,0,0,0,0.0,0.0,,
2026-03-01,Sunday,STU-046,BBA,8,46,250,present,10:21:00,16:33:00,6.2,1,0,1,62.4,0.585,walking,classroom_B
2026-03-01,Sunday,STU-047,CSE,5,47,0,absent,,,0.0,0,0,0,0.0,0.0,,
2026-03-01,Sunday,STU-048,CSE,4,48,246,present,08:29:00,15:04:00,6.58,0,0,1,35.7,1.129,walking,classroom_A
2026-03-01,Sunday,STU-049,CSE,5,49,226,present,08:02:00,17:35:00,9.55,0,0,1,42.3,0.745,walking,classroom_A
2026-03-01,Sunday,STU-050,CSE,7,50,223,present,08:01:00,15:19:00,7.3,0,0,1,47.5,0.698,walking,classroom_A
2026-03-02,Monday,STU-001,CSE,1,1,284,present,09:22:00,17:47:00,8.42,0,0,1,61.6,0.894,walking,entrance
2026-03-02,Monday,STU-002,EEE,4,2,0,absent,,,0.0,0,0,0,0.0,0.0,,
2026-03-02,Monday,STU-003,CSE,3,3,206,present,08:18:00,16:48:00,8.5,0,0,1,55.0,0.529,walking,entrance
2026-03-02,Monday,STU-004,CSE,2,4,0,absent,,,0.0,0,0,0,0.0,0.0,,
2026-03-02,Monday,STU-005,CSE,7,5,268,present,08:01:00,16:03:00,8.03,0,0,1,29.3,1.491,walking,classroom_B
2026-03-02,Monday,STU-006,CSE,1,6,293,present,09:13:00,15:28:00,6.25,0,0,1,65.1,1.608,walking,classroom_A
2026-03-02,Monday,STU-007,CSE,4,7,213,present,08:00:00,15:21:00,7.35,0,0,1,44.1,0.623,walking,entrance
2026-03-02,Monday,STU-008,CSE,1,8,300,present,09:14:00,13:42:00,4.47,0,1,1,74.1,0.984,walking,entrance
2026-03-02,Monday,STU-009,CSE,4,9,222,present,09:24:00,15:57:00,6.55,0,0,1,64.9,0.717,walking,classroom_B
2026-03-02,Monday,STU-010,CSE,7,10,230,present,08:23:00,16:52:00,8.48,0,0,1,49.3,0.344,standing,classroom_B
2026-03-02,Monday,STU-011,CSE,8,11,0,absent,,,0.0,0,0,0,0.0,0.0,,
2026-03-02,Monday,STU-012,CSE,5,12,298,present,08:30:00,17:51:00,9.35,0,0,1,64.5,0.325,standing,lab
2026-03-02,Monday,STU-013,CSE,3,13,0,absent,,,0.0,0,0,0,0.0,0.0,,
2026-03-02,Monday,STU-014,BBA,6,14,233,present,10:03:00,17:26:00,7.38,1,0,1,75.0,1.291,walking,lab
2026-03-02,Monday,STU-015,EEE,3,15,0,absent,,,0.0,0,0,0,0.0,0.0,,
2026-03-02,Monday,STU-016,CSE,6,16,276,present,09:10:00,16:06:00,6.93,0,0,1,57.3,1.704,walking,classroom_A
2026-03-02,Monday,STU-017,CSE,2,17,260,present,08:17:00,16:09:00,7.87,0,0,1,67.3,1.243,walking,classroom_B
2026-03-02,Monday,STU-018,BBA,2,18,0,absent,,,0.0,0,0,0,0.0,0.0,,
2026-03-02,Monday,STU-019,EEE,6,19,264,present,10:24:00,17:18:00,6.9,1,0,1,62.8,1.387,walking,classroom_A
2026-03-02,Monday,STU-020,CSE,5,20,216,present,09:18:00,15:50:00,6.53,0,0,1,31.2,0.427,standing,entrance
2026-03-02,Monday,STU-021,CSE,8,21,295,present,08:22:00,17:35:00,9.22,0,0,1,45.0,1.221,walking,entrance
2026-03-02,Monday,STU-022,CSE,2,22,213,present,09:22:00,13:38:00,4.27,0,1,1,29.1,1.182,walking,classroom_B
2026-03-02,Monday,STU-023,BBA,2,23,249,present,08:15:00,15:09:00,6.9,0,0,1,74.3,1.423,walking,classroom_A
2026-03-02,Monday,STU-024,CSE,5,24,248,present,10:54:00,15:07:00,4.22,1,0,1,42.5,1.319,walking,classroom_B
2026-03-02,Monday,STU-025,CSE,6,25,225,present,08:29:00,17:00:00,8.52,0,0,1,61.5,0.604,walking,classroom_B
2026-03-02,Monday,STU-026,CSE,4,26,274,present,08:09:00,17:31:00,9.37,0,0,1,50.5,1.684,walking,entrance
2026-03-02,Monday,STU-027,CSE,1,27,278,present,10:39:00,17:43:00,7.07,1,0,1,41.0,1.449,walking,classroom_B
2026-03-02,Monday,STU-028,CSE,5,28,0,absent,,,0.0,0,0,0,0.0,0.0,,
2026-03-02,Monday,STU-029,CSE,4,29,276,present,09:13:00,15:10:00,5.95,0,0,1,76.9,1.412,walking,lab
2026-03-02,Monday,STU-030,CSE,7,30,219,present,09:10:00,15:58:00,6.8,0,0,1,41.5,0.326,standing,entrance
2026-03-02,Monday,STU-031,EEE,8,31,219,present,09:01:00,17:46:00,8.75,1,0,1,75.6,1.189,walking,entrance
2026-03-02,Monday,STU-032,EEE,3,32,0,absent,,,0.0,0,0,0,0.0,0.0,,
2026-03-02,Monday,STU-033,EEE,6,33,229,present,08:18:00,17:44:00,9.43,0,0,1,54.9,0.954,walking,lab
2026-03-02,Monday,STU-034,CSE,5,34,0,absent,,,0.0,0,0,0,0.0,0.0,,
2026-03-02,Monday,STU-035,CSE,3,35,209,present,09:21:00,15:02:00,5.68,0,0,1,45.9,0.803,walking,classroom_B
2026-03-02,Monday,STU-036,CSE,4,36,268,present,09:03:00,17:06:00,8.05,0,0,1,33.4,1.44,walking,entrance
2026-03-02,Monday,STU-037,CSE,8,37,222,present,08:22:00,15:52:00,7.5,0,0,1,58.5,1.576,walking,entrance
2026-03-02,Monday,STU-038,BBA,5,38,219,present,10:32:00,15:45:00,5.22,1,0,1,42.3,1.605,walking,lab
2026-03-02,Monday,STU-039,CSE,4,39,0,absent,,,0.0,0,0,0,0.0,0.0,,
2026-03-02,Monday,STU-040,EEE,1,40,239,present,08:16:00,17:34:00,9.3,0,0,1,23.5,1.783,walking,classroom_A
2026-03-02,Monday,STU-041,CSE,1,41,256,present,10:11:00,17:58:00,7.78,1,0,1,75.9,1.257,walking,lab
2026-03-02,Monday,STU-042,EEE,7,42,295,present,09:20:00,16:47:00,7.45,0,0,1,38.6,0.478,standing,lab
2026-03-02,Monday,STU-043,EEE,2,43,209,present,08:19:00,16:51:00,8.53,0,0,1,28.7,0.59,walking,entrance
2026-03-02,Monday,STU-044,CSE,6,44,265,present,09:17:00,15:18:00,6.02,0,0,1,64.0,1.676,walking,entrance
2026-03-02,Monday,STU-045,CSE,8,45,0,absent,,,0.0,0,0,0,0.0,0.0,,
2026-03-02,Monday,STU-046,BBA,8,46,0,absent,,,0.0,0,0,0,0.0,0.0,,
2026-03-02,Monday,STU-047,CSE,5,47,289,present,09:18:00,15:41:00,6.38,0,0,1,29.7,0.599,walking,entrance
2026-03-02,Monday,STU-048,CSE,4,48,0,absent,,,0.0,0,0,0,0.0,0.0,,
2026-03-02,Monday,STU-049,CSE,5,49,295,present,08:22:00,13:22:00,5.0,0,1,1,76.2,0.542,walking,classroom_B
2026-03-02,Monday,STU-050,CSE,7,50,231,present,08:10:00,16:51:00,8.68,0,0,1,30.8,1.629,walking,classroom_A
2026-03-03,Tuesday,STU-001,CSE,1,1,272,present,08:29:00,17:10:00,8.68,0,0,1,59.6,1.451,walking,entrance
2026-03-03,Tuesday,STU-002,EEE,4,2,229,present,08:26:00,16:59:00,8.55,0,0,1,34.6,0.566,walking,classroom_A
2026-03-03,Tuesday,STU-003,CSE,3,3,264,present,08:06:00,16:57:00,8.85,0,0,1,64.8,0.804,walking,entrance
2026-03-03,Tuesday,STU-004,CSE,2,4,0,absent,,,0.0,0,0,0,0.0,0.0,,
2026-03-03,Tuesday,STU-005,CSE,7,5,299,present,08:12:00,15:27:00,7.25,0,0,1,53.1,0.463,standing,entrance
2026-03-03,Tuesday,STU-006,CSE,1,6,269,present,08:28:00,17:09:00,8.68,0,0,1,25.9,1.574,walking,classroom_A
2026-03-03,Tuesday,STU-007,CSE,4,7,289,present,08:16:00,17:48:00,9.53,0,0,1,64.2,0.33,standing,lab
2026-03-03,Tuesday,STU-008,CSE,1,8,268,present,10:52:00,15:40:00,4.8,1,0,1,73.9,1.084,walking,classroom_B
2026-03-03,Tuesday,STU-009,CSE,4,9,275,present,10:26:00,17:44:00,7.3,1,0,1,26.6,0.928,walking,classroom_A
2026-03-03,Tuesday,STU-010,CSE,7,10,289,present,08:23:00,17:52:00,9.48,0,0,1,63.9,0.886,walking,classroom_B
2026-03-03,Tuesday,STU-011,CSE,8,11,241,present,08:19:00,17:53:00,9.57,0,0,1,25.7,0.972,walking,classroom_B
2026-03-03,Tuesday,STU-012,CSE,5,12,280,present,08:10:00,17:17:00,9.12,0,0,1,60.3,1.255,walking,lab
2026-03-03,Tuesday,STU-013,CSE,3,13,0,absent,,,0.0,0,0,0,0.0,0.0,,
2026-03-03,Tuesday,STU-014,BBA,6,14,238,present,09:04:00,16:27:00,7.38,0,0,1,55.4,0.394,standing,lab
2026-03-03,Tuesday,STU-015,EEE,3,15,263,present,09:35:00,16:19:00,6.73,1,0,1,61.2,0.682,walking,classroom_B
2026-03-03,Tuesday,STU-016,CSE,6,16,264,present,09:02:00,15:51:00,6.82,0,0,1,56.5,1.57,walking,entrance
2026-03-03,Tuesday,STU-017,CSE,2,17,213,present,09:06:00,17:34:00,8.47,0,0,1,68.5,1.796,walking,classroom_B
2026-03-03,Tuesday,STU-018,BBA,2,18,250,present,09:00:00,15:42:00,6.7,0,0,1,58.4,1.614,walking,classroom_B
2026-03-03,Tuesday,STU-019,EEE,6,19,237,present,08:05:00,16:02:00,7.95,0,0,1,43.8,1.129,walking,entrance
2026-03-03,Tuesday,STU-020,CSE,5,20,269,present,09:11:00,15:00:00,5.82,0,0,1,53.4,1.16,walking,classroom_A
2026-03-03,Tuesday,STU-021,CSE,8,21,294,present,09:21:00,17:15:00,7.9,0,0,1,57.1,1.011,walking,entrance
2026-03-03,Tuesday,STU-022,CSE,2,22,201,present,08:04:00,16:50:00,8.77,0,0,1,42.2,0.371,standing,classroom_A
2026-03-03,Tuesday,STU-023,BBA,2,23,202,present,09:03:00,17:22:00,8.32,0,0,1,58.7,1.667,walking,classroom_B
2026-03-03,Tuesday,STU-024,CSE,5,24,237,present,08:26:00,17:42:00,9.27,0,0,1,70.7,0.948,walking,entrance
2026-03-03,Tuesday,STU-025,CSE,6,25,282,present,08:20:00,16:10:00,7.83,0,0,1,44.9,1.505,walking,entrance
2026-03-03,Tuesday,STU-026,CSE,4,26,0,absent,,,0.0,0,0,0,0.0,0.0,,
2026-03-03,Tuesday,STU-027,CSE,1,27,0,absent,,,0.0,0,0,0,0.0,0.0,,
2026-03-03,Tuesday,STU-028,CSE,5,28,205,present,09:30:00,15:38:00,6.13,0,0,1,55.7,0.89,walking,classroom_B
2026-03-03,Tuesday,STU-029,CSE,4,29,0,absent,,,0.0,0,0,0,0.0,0.0,,
2026-03-03,Tuesday,STU-030,CSE,7,30,0,absent,,,0.0,0,0,0,0.0,0.0,,
2026-03-03,Tuesday,STU-031,EEE,8,31,244,present,08:12:00,15:07:00,6.92,0,0,1,39.4,1.217,walking,lab
2026-03-03,Tuesday,STU-032,EEE,3,32,242,present,08:05:00,15:07:00,7.03,0,0,1,56.5,0.654,walking,classroom_B
2026-03-03,Tuesday,STU-033,EEE,6,33,241,present,09:28:00,17:18:00,7.83,0,0,1,61.1,0.859,walking,classroom_A
2026-03-03,Tuesday,STU-034,CSE,5,34,217,present,09:34:00,15:31:00,5.95,1,0,1,69.8,0.731,walking,classroom_B
2026-03-03,Tuesday,STU-035,CSE,3,35,211,present,08:00:00,16:08:00,8.13,0,0,1,59.5,1.696,walking,entrance
2026-03-03,Tuesday,STU-036,CSE,4,36,234,present,08:20:00,16:10:00,7.83,0,0,1,45.5,1.104,walking,classroom_A
2026-03-03,Tuesday,STU-037,CSE,8,37,221,present,09:17:00,15:37:00,6.33,0,0,1,60.1,1.322,walking,classroom_B
2026-03-03,Tuesday,STU-038,BBA,5,38,0,absent,,,0.0,0,0,0,0.0,0.0,,
2026-03-03,Tuesday,STU-039,CSE,4,39,206,present,09:11:00,16:04:00,6.88,0,0,1,23.3,1.094,walking,entrance
2026-03-03,Tuesday,STU-040,EEE,1,40,227,present,09:09:00,15:48:00,6.65,0,0,1,42.0,0.835,walking,classroom_A
2026-03-03,Tuesday,STU-041,CSE,1,41,0,absent,,,0.0,0,0,0,0.0,0.0,,
2026-03-03,Tuesday,STU-042,EEE,7,42,273,present,09:03:00,16:44:00,7.68,0,0,1,68.3,0.989,walking,classroom_B
2026-03-03,Tuesday,STU-043,EEE,2,43,0,absent,,,0.0,0,0,0,0.0,0.0,,
2026-03-03,Tuesday,STU-044,CSE,6,44,300,present,08:07:00,17:13:00,9.1,0,0,1,45.3,0.403,standing,classroom_A
2026-03-03,Tuesday,STU-045,CSE,8,45,222,present,08:13:00,17:30:00,9.28,0,0,1,50.4,1.518,walking,entrance
2026-03-03,Tuesday,STU-046,BBA,8,46,287,present,08:00:00,17:27:00,9.45,0,0,1,31.0,0.394,standing,classroom_A
2026-03-03,Tuesday,STU-047,CSE,5,47,0,absent,,,0.0,0,0,0,0.0,0.0,,
2026-03-03,Tuesday,STU-048,CSE,4,48,0,absent,,,0.0,0,0,0,0.0,0.0,,
2026-03-03,Tuesday,STU-049,CSE,5,49,261,present,08:03:00,15:22:00,7.32,0,0,1,45.5,0.582,walking,classroom_B
2026-03-03,Tuesday,STU-050,CSE,7,50,275,present,09:23:00,15:37:00,6.23,0,0,1,68.5,1.698,walking,classroom_B
2026-03-04,Wednesday,STU-001,CSE,1,1,0,absent,,,0.0,0,0,0,0.0,0.0,,
2026-03-04,Wednesday,STU-002,EEE,4,2,278,present,09:20:00,16:57:00,7.62,0,0,1,40.5,1.181,walking,entrance
2026-03-04,Wednesday,STU-003,CSE,3,3,287,present,09:15:00,15:34:00,6.32,0,0,1,74.4,1.363,walking,classroom_A
2026-03-04,Wednesday,STU-004,CSE,2,4,294,present,09:28:00,17:18:00,7.83,0,0,1,43.4,1.707,walking,classroom_B
2026-03-04,Wednesday,STU-005,CSE,7,5,0,absent,,,0.0,0,0,0,0.0,0.0,,
2026-03-04,Wednesday,STU-006,CSE,1,6,262,present,09:14:00,16:52:00,7.63,0,0,1,66.5,0.793,walking,classroom_B
2026-03-04,Wednesday,STU-007,CSE,4,7,295,present,08:26:00,15:09:00,6.72,0,0,1,24.3,1.176,walking,entrance
2026-03-04,Wednesday,STU-008,CSE,1,8,274,present,09:28:00,13:59:00,4.52,0,1,1,39.7,1.094,walking,classroom_B
2026-03-04,Wednesday,STU-009,CSE,4,9,266,present,08:13:00,15:33:00,7.33,0,0,1,79.7,0.457,standing,classroom_A
2026-03-04,Wednesday,STU-010,CSE,7,10,273,present,09:24:00,17:07:00,7.72,0,0,1,66.5,0.669,walking,lab
2026-03-04,Wednesday,STU-011,CSE,8,11,284,present,09:18:00,13:47:00,4.48,0,1,1,67.7,1.675,walking,classroom_A
2026-03-04,Wednesday,STU-012,CSE,5,12,226,present,09:10:00,16:59:00,7.82,0,0,1,45.4,0.632,walking,classroom_B
2026-03-04,Wednesday,STU-013,CSE,3,13,0,absent,,,0.0,0,0,0,0.0,0.0,,
2026-03-04,Wednesday,STU-014,BBA,6,14,286,present,09:30:00,17:20:00,7.83,0,0,1,31.7,0.892,walking,entrance
2026-03-04,Wednesday,STU-015,EEE,3,15,260,present,08:07:00,17:08:00,9.02,0,0,1,71.2,0.761,walking,classroom_B
2026-03-04,Wednesday,STU-016,CSE,6,16,264,present,08:22:00,17:51:00,9.48,0,0,1,26.1,1.376,walking,entrance
2026-03-04,Wednesday,STU-017,CSE,2,17,289,present,09:45:00,16:04:00,6.32,1,0,1,74.3,1.493,walking,lab
2026-03-04,Wednesday,STU-018,BBA,2,18,0,absent,,,0.0,0,0,0,0.0,0.0,,
2026-03-04,Wednesday,STU-019,EEE,6,19,245,present,09:16:00,16:36:00,7.33,0,0,1,34.7,0.663,walking,entrance
2026-03-04,Wednesday,STU-020,CSE,5,20,211,present,09:02:00,16:28:00,7.43,0,0,1,59.9,1.276,walking,lab
2026-03-04,Wednesday,STU-021,CSE,8,21,231,present,08:11:00,15:06:00,6.92,0,0,1,42.8,0.889,walking,entrance
2026-03-04,Wednesday,STU-022,CSE,2,22,276,present,09:15:00,15:54:00,6.65,0,0,1,29.5,0.933,walking,lab
2026-03-04,Wednesday,STU-023,BBA,2,23,290,present,08:16:00,14:16:00,6.0,0,1,1,24.1,1.324,walking,entrance
2026-03-04,Wednesday,STU-024,CSE,5,24,268,present,09:30:00,17:57:00,8.45,0,0,1,32.3,1.608,walking,classroom_B
2026-03-04,Wednesday,STU-025,CSE,6,25,262,present,08:01:00,17:34:00,9.55,0,0,1,20.1,1.77,walking,entrance
2026-03-04,Wednesday,STU-026,CSE,4,26,286,present,08:29:00,15:16:00,6.78,0,0,1,58.0,0.706,walking,entrance
2026-03-04,Wednesday,STU-027,CSE,1,27,253,present,08:29:00,14:36:00,6.12,0,1,1,67.8,1.043,walking,classroom_B
2026-03-04,Wednesday,STU-028,CSE,5,28,235,present,08:18:00,17:34:00,9.27,0,0,1,65.8,1.708,walking,lab
2026-03-04,Wednesday,STU-029,CSE,4,29,242,present,09:03:00,15:53:00,6.83,0,0,1,69.9,1.106,walking,lab
2026-03-04,Wednesday,STU-030,CSE,7,30,271,present,08:00:00,16:51:00,8.85,0,0,1,53.2,1.778,walking,entrance
2026-03-04,Wednesday,STU-031,EEE,8,31,266,present,08:06:00,15:37:00,7.52,0,0,1,50.2,1.652,walking,lab
2026-03-04,Wednesday,STU-032,EEE,3,32,236,present,09:30:00,17:14:00,7.73,0,0,1,32.9,1.441,walking,lab
2026-03-04,Wednesday,STU-033,EEE,6,33,281,present,08:19:00,13:22:00,5.05,0,1,1,31.6,1.61,walking,entrance
2026-03-04,Wednesday,STU-034,CSE,5,34,283,present,10:50:00,15:59:00,5.15,1,0,1,35.7,1.571,walking,classroom_A
2026-03-04,Wednesday,STU-035,CSE,3,35,208,present,09:14:00,15:17:00,6.05,0,0,1,65.5,0.33,standing,lab
2026-03-04,Wednesday,STU-036,CSE,4,36,209,present,08:05:00,15:53:00,7.8,0,0,1,53.1,0.389,standing,lab
2026-03-04,Wednesday,STU-037,CSE,8,37,293,present,08:04:00,17:29:00,9.42,0,0,1,21.7,1.403,walking,lab
2026-03-04,Wednesday,STU-038,BBA,5,38,238,present,09:06:00,16:05:00,6.98,0,0,1,79.5,1.49,walking,classroom_A
2026-03-04,Wednesday,STU-039,CSE,4,39,206,present,08:05:00,15:34:00,7.48,0,0,1,69.7,0.353,standing,classroom_B
2026-03-04,Wednesday,STU-040,EEE,1,40,288,present,08:01:00,15:34:00,7.55,0,0,1,44.0,1.279,walking,entrance
2026-03-04,Wednesday,STU-041,CSE,1,41,292,present,10:49:00,16:57:00,6.13,1,0,1,68.2,0.503,walking,classroom_B
2026-03-04,Wednesday,STU-042,EEE,7,42,0,absent,,,0.0,0,0,0,0.0,0.0,,
2026-03-04,Wednesday,STU-043,EEE,2,43,272,present,09:00:00,14:15:00,5.25,0,1,1,28.2,1.749,walking,entrance
2026-03-04,Wednesday,STU-044,CSE,6,44,211,present,08:24:00,17:28:00,9.07,0,0,1,30.3,0.464,standing,lab
2026-03-04,Wednesday,STU-045,CSE,8,45,232,present,08:20:00,15:11:00,6.85,0,0,1,27.2,0.774,walking,classroom_B
2026-03-04,Wednesday,STU-046,BBA,8,46,258,present,08:18:00,15:30:00,7.2,0,0,1,70.1,0.685,walking,classroom_A
2026-03-04,Wednesday,STU-047,CSE,5,47,0,absent,,,0.0,0,0,0,0.0,0.0,,
2026-03-04,Wednesday,STU-048,CSE,4,48,218,present,08:05:00,15:41:00,7.6,0,0,1,43.8,0.813,walking,classroom_A
2026-03-04,Wednesday,STU-049,CSE,5,49,260,present,09:37:00,17:52:00,8.25,1,0,1,46.8,1.625,walking,lab
2026-03-04,Wednesday,STU-050,CSE,7,50,283,present,10:20:00,13:30:00,3.17,1,1,1,44.5,0.998,walking,classroom_B
2026-03-05,Thursday,STU-001,CSE,1,1,244,present,08:08:00,17:22:00,9.23,0,0,1,55.1,0.468,standing,entrance
2026-03-05,Thursday,STU-002,EEE,4,2,221,present,09:30:00,17:59:00,8.48,0,0,1,70.5,1.508,walking,lab
2026-03-05,Thursday,STU-003,CSE,3,3,265,present,09:08:00,16:50:00,7.7,0,0,1,72.7,1.312,walking,classroom_A
2026-03-05,Thursday,STU-004,CSE,2,4,265,present,09:32:00,16:29:00,6.95,1,0,1,35.5,1.424,walking,lab
2026-03-05,Thursday,STU-005,CSE,7,5,216,present,09:36:00,14:39:00,5.05,1,1,1,70.8,0.429,standing,classroom_B
2026-03-05,Thursday,STU-006,CSE,1,6,225,present,08:12:00,17:40:00,9.47,0,0,1,27.7,1.478,walking,classroom_A
2026-03-05,Thursday,STU-007,CSE,4,7,273,present,09:30:00,17:10:00,7.67,0,0,1,27.0,1.748,walking,lab
2026-03-05,Thursday,STU-008,CSE,1,8,262,present,09:10:00,13:12:00,4.03,1,1,1,64.6,1.329,walking,classroom_A
2026-03-05,Thursday,STU-009,CSE,4,9,266,present,08:24:00,15:01:00,6.62,0,0,1,21.1,0.865,walking,classroom_B
2026-03-05,Thursday,STU-010,CSE,7,10,0,absent,,,0.0,0,0,0,0.0,0.0,,
2026-03-05,Thursday,STU-011,CSE,8,11,215,present,08:16:00,17:05:00,8.82,0,0,1,27.3,0.909,walking,entrance
2026-03-05,Thursday,STU-012,CSE,5,12,0,absent,,,0.0,0,0,0,0.0,0.0,,
2026-03-05,Thursday,STU-013,CSE,3,13,258,present,08:26:00,17:31:00,9.08,0,0,1,32.1,1.413,walking,lab
2026-03-05,Thursday,STU-014,BBA,6,14,270,present,09:09:00,15:54:00,6.75,0,0,1,72.0,0.938,walking,classroom_B
2026-03-05,Thursday,STU-015,EEE,3,15,292,present,10:43:00,16:07:00,5.4,1,0,1,73.4,1.553,walking,lab
2026-03-05,Thursday,STU-016,CSE,6,16,233,present,09:02:00,17:41:00,8.65,0,0,1,42.2,0.795,walking,classroom_A
2026-03-05,Thursday,STU-017,CSE,2,17,0,absent,,,0.0,0,0,0,0.0,0.0,,
2026-03-05,Thursday,STU-018,BBA,2,18,0,absent,,,0.0,0,0,0,0.0,0.0,,
2026-03-05,Thursday,STU-019,EEE,6,19,252,present,08:02:00,16:48:00,8.77,0,0,1,34.4,0.917,walking,lab
2026-03-05,Thursday,STU-020,CSE,5,20,0,absent,,,0.0,0,0,0,0.0,0.0,,
2026-03-05,Thursday,STU-021,CSE,8,21,212,present,09:27:00,16:09:00,6.7,0,0,1,63.0,0.388,standing,classroom_A
2026-03-05,Thursday,STU-022,CSE,2,22,217,present,09:45:00,15:44:00,5.98,1,0,1,50.4,1.279,walking,lab
2026-03-05,Thursday,STU-023,BBA,2,23,264,present,08:30:00,15:02:00,6.53,0,0,1,51.9,1.631,walking,lab
2026-03-05,Thursday,STU-024,CSE,5,24,220,present,09:50:00,17:12:00,7.37,1,0,1,44.7,1.727,walking,classroom_A
2026-03-05,Thursday,STU-025,CSE,6,25,242,present,09:10:00,17:08:00,7.97,1,0,1,53.1,0.461,standing,entrance
2026-03-05,Thursday,STU-026,CSE,4,26,0,absent,,,0.0,0,0,0,0.0,0.0,,
2026-03-05,Thursday,STU-027,CSE,1,27,207,present,09:18:00,14:07:00,4.82,0,1,1,73.0,0.997,walking,classroom_A
2026-03-05,Thursday,STU-028,CSE,5,28,211,present,08:02:00,15:33:00,7.52,0,0,1,28.6,0.344,standing,classroom_A
2026-03-05,Thursday,STU-029,CSE,4,29,0,absent,,,0.0,0,0,0,0.0,0.0,,
2026-03-05,Thursday,STU-030,CSE,7,30,0,absent,,,0.0,0,0,0,0.0,0.0,,
2026-03-05,Thursday,STU-031,EEE,8,31,263,present,09:41:00,17:45:00,8.07,1,0,1,42.5,1.403,walking,lab
2026-03-05,Thursday,STU-032,EEE,3,32,222,present,09:09:00,15:56:00,6.78,0,0,1,38.3,1.641,walking,lab
2026-03-05,Thursday,STU-033,EEE,6,33,230,present,09:26:00,15:39:00,6.22,0,0,1,25.3,0.31,standing,lab
2026-03-05,Thursday,STU-034,CSE,5,34,253,present,09:15:00,16:15:00,7.0,0,0,1,41.0,0.425,standing,lab
2026-03-05,Thursday,STU-035,CSE,3,35,250,present,08:23:00,16:42:00,8.32,0,0,1,77.2,0.98,walking,entrance
2026-03-05,Thursday,STU-036,CSE,4,36,0,absent,,,0.0,0,0,0,0.0,0.0,,
2026-03-05,Thursday,STU-037,CSE,8,37,279,present,09:30:00,15:17:00,5.78,0,0,1,79.0,1.619,walking,lab
2026-03-05,Thursday,STU-038,BBA,5,38,284,present,09:25:00,16:29:00,7.07,0,0,1,69.8,0.539,walking,entrance
2026-03-05,Thursday,STU-039,CSE,4,39,238,present,09:51:00,17:36:00,7.75,1,0,1,49.0,1.76,walking,classroom_A
2026-03-05,Thursday,STU-040,EEE,1,40,0,absent,,,0.0,0,0,0,0.0,0.0,,
2026-03-05,Thursday,STU-041,CSE,1,41,214,present,09:28:00,16:35:00,7.12,0,0,1,29.1,0.526,walking,classroom_B
2026-03-05,Thursday,STU-042,EEE,7,42,251,present,09:05:00,17:50:00,8.75,0,0,1,30.3,1.29,walking,classroom_B
2026-03-05,Thursday,STU-043,EEE,2,43,269,present,09:06:00,17:31:00,8.42,1,0,1,66.4,1.126,walking,classroom_A
2026-03-05,Thursday,STU-044,CSE,6,44,264,present,08:09:00,17:37:00,9.47,0,0,1,67.3,1.612,walking,classroom_A
2026-03-05,Thursday,STU-045,CSE,8,45,299,present,09:17:00,14:25:00,5.13,0,1,1,35.6,0.327,standing,entrance
2026-03-05,Thursday,STU-046,BBA,8,46,0,absent,,,0.0,0,0,0,0.0,0.0,,
2026-03-05,Thursday,STU-047,CSE,5,47,223,present,09:06:00,16:05:00,6.98,0,0,1,68.1,0.671,walking,entrance
2026-03-05,Thursday,STU-048,CSE,4,48,291,present,09:00:00,15:31:00,6.52,0,0,1,28.5,1.395,walking,lab
2026-03-05,Thursday,STU-049,CSE,5,49,277,present,09:06:00,17:52:00,8.77,1,0,1,55.5,1.669,walking,entrance
2026-03-05,Thursday,STU-050,CSE,7,50,0,absent,,,0.0,0,0,0,0.0,0.0,,
2026-03-08,Sunday,STU-001,CSE,1,1,295,present,09:26:00,15:48:00,6.37,0,0,1,61.4,0.448,standing,lab
2026-03-08,Sunday,STU-002,EEE,4,2,297,present,09:56:00,16:56:00,7.0,1,0,1,75.6,1.782,walking,classroom_B
2026-03-08,Sunday,STU-003,CSE,3,3,281,present,08:23:00,15:37:00,7.23,0,0,1,58.9,1.0,walking,classroom_B
2026-03-08,Sunday,STU-004,CSE,2,4,221,present,08:06:00,16:14:00,8.13,0,0,1,40.3,1.359,walking,entrance
2026-03-08,Sunday,STU-005,CSE,7,5,276,present,09:16:00,16:08:00,6.87,0,0,1,66.8,1.441,walking,classroom_A
2026-03-08,Sunday,STU-006,CSE,1,6,0,absent,,,0.0,0,0,0,0.0,0.0,,
2026-03-08,Sunday,STU-007,CSE,4,7,286,present,08:24:00,15:08:00,6.73,0,0,1,73.6,1.194,walking,lab
2026-03-08,Sunday,STU-008,CSE,1,8,253,present,09:31:00,15:02:00,5.52,1,0,1,46.8,1.139,walking,entrance
2026-03-08,Sunday,STU-009,CSE,4,9,259,present,08:21:00,17:23:00,9.03,0,0,1,67.1,1.601,walking,entrance
2026-03-08,Sunday,STU-010,CSE,7,10,0,absent,,,0.0,0,0,0,0.0,0.0,,
2026-03-08,Sunday,STU-011,CSE,8,11,215,present,08:06:00,15:10:00,7.07,0,0,1,78.2,0.886,walking,entrance
2026-03-08,Sunday,STU-012,CSE,5,12,260,present,09:17:00,16:16:00,6.98,0,0,1,43.9,0.33,standing,lab
2026-03-08,Sunday,STU-013,CSE,3,13,218,present,08:07:00,16:44:00,8.62,0,0,1,64.9,0.434,standing,entrance
2026-03-08,Sunday,STU-014,BBA,6,14,225,present,08:12:00,14:59:00,6.78,0,1,1,20.6,0.846,walking,classroom_B
2026-03-08,Sunday,STU-015,EEE,3,15,269,present,08:19:00,15:36:00,7.28,0,0,1,28.2,1.583,walking,entrance
2026-03-08,Sunday,STU-016,CSE,6,16,229,present,09:19:00,15:52:00,6.55,0,0,1,20.9,0.37,standing,entrance
2026-03-08,Sunday,STU-017,CSE,2,17,251,present,09:24:00,17:24:00,8.0,0,0,1,61.9,1.369,walking,classroom_A
2026-03-08,Sunday,STU-018,BBA,2,18,0,absent,,,0.0,0,0,0,0.0,0.0,,
2026-03-08,Sunday,STU-019,EEE,6,19,297,present,08:02:00,13:52:00,5.83,0,1,1,27.1,0.714,walking,lab
2026-03-08,Sunday,STU-020,CSE,5,20,0,absent,,,0.0,0,0,0,0.0,0.0,,
2026-03-08,Sunday,STU-021,CSE,8,21,243,present,09:27:00,16:30:00,7.05,0,0,1,34.8,0.781,walking,entrance
2026-03-08,Sunday,STU-022,CSE,2,22,0,absent,,,0.0,0,0,0,0.0,0.0,,
2026-03-08,Sunday,STU-023,BBA,2,23,264,present,08:04:00,16:48:00,8.73,0,0,1,53.8,0.448,standing,classroom_B
2026-03-08,Sunday,STU-024,CSE,5,24,293,present,08:24:00,17:29:00,9.08,0,0,1,29.6,0.875,walking,classroom_A
2026-03-08,Sunday,STU-025,CSE,6,25,245,present,09:24:00,16:29:00,7.08,0,0,1,28.5,0.397,standing,entrance
2026-03-08,Sunday,STU-026,CSE,4,26,268,present,09:03:00,16:48:00,7.75,0,0,1,59.1,1.792,walking,classroom_A
2026-03-08,Sunday,STU-027,CSE,1,27,223,present,09:10:00,15:33:00,6.38,0,0,1,21.0,1.633,walking,classroom_B
2026-03-08,Sunday,STU-028,CSE,5,28,272,present,09:22:00,15:24:00,6.03,0,0,1,23.0,0.559,walking,classroom_B
2026-03-08,Sunday,STU-029,CSE,4,29,205,present,08:28:00,17:33:00,9.08,0,0,1,70.0,0.973,walking,lab
2026-03-08,Sunday,STU-030,CSE,7,30,290,present,09:21:00,16:04:00,6.72,0,0,1,71.6,0.61,walking,classroom_B
2026-03-08,Sunday,STU-031,EEE,8,31,267,present,09:13:00,16:38:00,7.42,0,0,1,27.5,0.947,walking,lab
2026-03-08,Sunday,STU-032,EEE,3,32,229,present,08:25:00,17:25:00,9.0,0,0,1,55.5,0.565,walking,classroom_B
2026-03-08,Sunday,STU-033,EEE,6,33,253,present,09:25:00,13:30:00,4.08,0,1,1,32.0,1.413,walking,classroom_B
2026-03-08,Sunday,STU-034,CSE,5,34,257,present,08:10:00,17:47:00,9.62,0,0,1,39.3,0.387,standing,lab
2026-03-08,Sunday,STU-035,CSE,3,35,0,absent,,,0.0,0,0,0,0.0,0.0,,
2026-03-08,Sunday,STU-036,CSE,4,36,267,present,09:27:00,13:15:00,3.8,0,1,1,69.9,0.69,walking,classroom_A
2026-03-08,Sunday,STU-037,CSE,8,37,0,absent,,,0.0,0,0,0,0.0,0.0,,
2026-03-08,Sunday,STU-038,BBA,5,38,213,present,08:01:00,15:41:00,7.67,0,0,1,28.8,0.46,standing,entrance
2026-03-08,Sunday,STU-039,CSE,4,39,207,present,09:13:00,16:06:00,6.88,0,0,1,45.4,1.469,walking,classroom_A
2026-03-08,Sunday,STU-040,EEE,1,40,247,present,10:53:00,17:35:00,6.7,1,0,1,34.0,0.564,walking,entrance
2026-03-08,Sunday,STU-041,CSE,1,41,0,absent,,,0.0,0,0,0,0.0,0.0,,
2026-03-08,Sunday,STU-042,EEE,7,42,272,present,08:00:00,17:26:00,9.43,0,0,1,79.7,1.492,walking,entrance
2026-03-08,Sunday,STU-043,EEE,2,43,0,absent,,,0.0,0,0,0,0.0,0.0,,
2026-03-08,Sunday,STU-044,CSE,6,44,259,present,08:01:00,15:55:00,7.9,0,0,1,24.3,1.625,walking,entrance
2026-03-08,Sunday,STU-045,CSE,8,45,201,present,09:28:00,15:56:00,6.47,1,0,1,40.5,1.712,walking,classroom_B
2026-03-08,Sunday,STU-046,BBA,8,46,214,present,09:05:00,16:24:00,7.32,0,0,1,54.7,1.595,walking,lab
2026-03-08,Sunday,STU-047,CSE,5,47,204,present,08:29:00,17:14:00,8.75,0,0,1,77.5,1.412,walking,classroom_B
2026-03-08,Sunday,STU-048,CSE,4,48,216,present,09:03:00,15:47:00,6.73,0,0,1,56.3,0.993,walking,classroom_A
2026-03-08,Sunday,STU-049,CSE,5,49,244,present,08:05:00,15:52:00,7.78,0,0,1,43.3,1.278,walking,classroom_B
2026-03-08,Sunday,STU-050,CSE,7,50,242,present,08:26:00,16:28:00,8.03,0,0,1,43.7,1.536,walking,lab
2026-03-09,Monday,STU-001,CSE,1,1,247,present,08:18:00,17:47:00,9.48,0,0,1,57.6,0.335,standing,entrance
2026-03-09,Monday,STU-002,EEE,4,2,202,present,08:13:00,16:48:00,8.58,0,0,1,44.8,0.554,walking,entrance
2026-03-09,Monday,STU-003,CSE,3,3,0,absent,,,0.0,0,0,0,0.0,0.0,,
2026-03-09,Monday,STU-004,CSE,2,4,0,absent,,,0.0,0,0,0,0.0,0.0,,
2026-03-09,Monday,STU-005,CSE,7,5,279,present,09:57:00,16:56:00,6.98,1,0,1,68.8,0.349,standing,classroom_B
2026-03-09,Monday,STU-006,CSE,1,6,0,absent,,,0.0,0,0,0,0.0,0.0,,
2026-03-09,Monday,STU-007,CSE,4,7,208,present,09:15:00,15:10:00,5.92,1,0,1,34.7,0.361,standing,classroom_B
2026-03-09,Monday,STU-008,CSE,1,8,236,present,08:03:00,17:14:00,9.18,0,0,1,79.4,0.793,walking,entrance
2026-03-09,Monday,STU-009,CSE,4,9,231,present,09:22:00,17:12:00,7.83,0,0,1,65.3,0.589,walking,classroom_A
2026-03-09,Monday,STU-010,CSE,7,10,294,present,09:04:00,13:22:00,4.3,0,1,1,53.9,1.108,walking,classroom_A
2026-03-09,Monday,STU-011,CSE,8,11,0,absent,,,0.0,0,0,0,0.0,0.0,,
2026-03-09,Monday,STU-012,CSE,5,12,278,present,09:28:00,17:25:00,7.95,1,0,1,38.8,1.202,walking,classroom_A
2026-03-09,Monday,STU-013,CSE,3,13,247,present,09:12:00,16:29:00,7.28,0,0,1,38.5,0.717,walking,entrance
2026-03-09,Monday,STU-014,BBA,6,14,279,present,09:20:00,13:57:00,4.62,0,1,1,46.9,1.779,walking,entrance
2026-03-09,Monday,STU-015,EEE,3,15,254,present,08:03:00,15:46:00,7.72,0,0,1,44.0,1.582,walking,classroom_B
2026-03-09,Monday,STU-016,CSE,6,16,279,present,09:08:00,15:44:00,6.6,0,0,1,21.5,0.939,walking,lab
2026-03-09,Monday,STU-017,CSE,2,17,217,present,09:42:00,17:57:00,8.25,1,0,1,36.1,0.706,walking,classroom_A
2026-03-09,Monday,STU-018,BBA,2,18,226,present,08:27:00,15:20:00,6.88,0,0,1,25.6,1.38,walking,classroom_A
2026-03-09,Monday,STU-019,EEE,6,19,0,absent,,,0.0,0,0,0,0.0,0.0,,
2026-03-09,Monday,STU-020,CSE,5,20,259,present,10:31:00,16:40:00,6.15,1,0,1,28.4,1.208,walking,classroom_A
2026-03-09,Monday,STU-021,CSE,8,21,0,absent,,,0.0,0,0,0,0.0,0.0,,
2026-03-09,Monday,STU-022,CSE,2,22,289,present,09:45:00,17:51:00,8.1,1,0,1,60.5,1.698,walking,entrance
2026-03-09,Monday,STU-023,BBA,2,23,281,present,09:24:00,16:02:00,6.63,0,0,1,45.9,0.873,walking,classroom_A
2026-03-09,Monday,STU-024,CSE,5,24,291,present,09:11:00,13:10:00,3.98,0,1,1,40.4,1.114,walking,classroom_B
2026-03-09,Monday,STU-025,CSE,6,25,224,present,09:20:00,16:47:00,7.45,0,0,1,51.6,1.544,walking,classroom_A
2026-03-09,Monday,STU-026,CSE,4,26,234,present,09:04:00,15:01:00,5.95,0,0,1,64.4,0.897,walking,classroom_A
2026-03-09,Monday,STU-027,CSE,1,27,300,present,08:27:00,16:47:00,8.33,0,0,1,42.4,1.178,walking,classroom_A
2026-03-09,Monday,STU-028,CSE,5,28,284,present,08:24:00,15:22:00,6.97,0,0,1,63.8,1.701,walking,lab
2026-03-09,Monday,STU-029,CSE,4,29,0,absent,,,0.0,0,0,0,0.0,0.0,,
2026-03-09,Monday,STU-030,CSE,7,30,221,present,09:28:00,15:05:00,5.62,0,0,1,71.1,1.489,walking,classroom_A
2026-03-09,Monday,STU-031,EEE,8,31,253,present,08:19:00,13:38:00,5.32,0,1,1,62.1,0.892,walking,lab
2026-03-09,Monday,STU-032,EEE,3,32,223,present,10:52:00,17:23:00,6.52,1,0,1,45.8,0.4,standing,classroom_B
2026-03-09,Monday,STU-033,EEE,6,33,247,present,08:01:00,15:36:00,7.58,0,0,1,33.2,1.445,walking,classroom_A
2026-03-09,Monday,STU-034,CSE,5,34,205,present,08:30:00,16:54:00,8.4,0,0,1,20.3,0.93,walking,entrance
2026-03-09,Monday,STU-035,CSE,3,35,295,present,08:10:00,16:07:00,7.95,0,0,1,75.4,0.927,walking,entrance
2026-03-09,Monday,STU-036,CSE,4,36,273,present,10:13:00,17:22:00,7.15,1,0,1,20.6,0.788,walking,lab
2026-03-09,Monday,STU-037,CSE,8,37,225,present,10:42:00,15:43:00,5.02,1,0,1,26.7,1.48,walking,entrance
2026-03-09,Monday,STU-038,BBA,5,38,0,absent,,,0.0,0,0,0,0.0,0.0,,
2026-03-09,Monday,STU-039,CSE,4,39,244,present,10:19:00,15:45:00,5.43,1,0,1,25.9,0.714,walking,classroom_B
2026-03-09,Monday,STU-040,EEE,1,40,0,absent,,,0.0,0,0,0,0.0,0.0,,
2026-03-09,Monday,STU-041,CSE,1,41,204,present,09:16:00,16:57:00,7.68,0,0,1,75.1,0.933,walking,classroom_A
2026-03-09,Monday,STU-042,EEE,7,42,241,present,09:52:00,16:51:00,6.98,1,0,1,24.2,1.588,walking,entrance
2026-03-09,Monday,STU-043,EEE,2,43,223,present,09:19:00,15:11:00,5.87,0,0,1,38.0,0.362,standing,classroom_A
2026-03-09,Monday,STU-044,CSE,6,44,254,present,09:02:00,15:14:00,6.2,0,0,1,36.1,1.471,walking,classroom_A
2026-03-09,Monday,STU-045,CSE,8,45,295,present,08:05:00,16:49:00,8.73,0,0,1,52.2,0.638,walking,classroom_A
2026-03-09,Monday,STU-046,BBA,8,46,208,present,09:05:00,16:46:00,7.68,0,0,1,62.4,1.279,walking,entrance
2026-03-09,Monday,STU-047,CSE,5,47,292,present,09:15:00,16:11:00,6.93,0,0,1,25.5,0.718,walking,classroom_B
2026-03-09,Monday,STU-048,CSE,4,48,286,present,08:18:00,16:34:00,8.27,0,0,1,24.7,0.941,walking,classroom_B
2026-03-09,Monday,STU-049,CSE,5,49,235,present,08:09:00,17:58:00,9.82,0,0,1,51.4,0.618,walking,entrance
2026-03-09,Monday,STU-050,CSE,7,50,253,present,09:26:00,16:56:00,7.5,0,0,1,44.9,1.574,walking,classroom_A
2026-03-10,Tuesday,STU-001,CSE,1,1,266,present,08:11:00,17:05:00,8.9,0,0,1,51.2,1.42,walking,entrance
2026-03-10,Tuesday,STU-002,EEE,4,2,242,present,08:18:00,15:49:00,7.52,0,0,1,51.0,0.362,standing,lab
2026-03-10,Tuesday,STU-003,CSE,3,3,204,present,09:07:00,16:02:00,6.92,0,0,1,40.2,0.642,walking,classroom_A
2026-03-10,Tuesday,STU-004,CSE,2,4,0,absent,,,0.0,0,0,0,0.0,0.0,,
2026-03-10,Tuesday,STU-005,CSE,7,5,260,present,10:41:00,15:01:00,4.33,1,0,1,69.0,1.351,walking,entrance
2026-03-10,Tuesday,STU-006,CSE,1,6,235,present,09:13:00,16:58:00,7.75,0,0,1,54.5,1.464,walking,entrance
2026-03-10,Tuesday,STU-007,CSE,4,7,205,present,09:10:00,16:43:00,7.55,0,0,1,55.9,0.881,walking,classroom_A
2026-03-10,Tuesday,STU-008,CSE,1,8,296,present,08:22:00,17:55:00,9.55,0,0,1,70.9,1.022,walking,lab
2026-03-10,Tuesday,STU-009,CSE,4,9,0,absent,,,0.0,0,0,0,0.0,0.0,,
2026-03-10,Tuesday,STU-010,CSE,7,10,233,present,09:18:00,15:44:00,6.43,0,0,1,47.3,1.272,walking,lab
2026-03-10,Tuesday,STU-011,CSE,8,11,223,present,09:21:00,15:26:00,6.08,0,0,1,43.4,1.558,walking,entrance
2026-03-10,Tuesday,STU-012,CSE,5,12,265,present,08:15:00,17:37:00,9.37,0,0,1,30.6,1.559,walking,entrance
2026-03-10,Tuesday,STU-013,CSE,3,13,298,present,08:15:00,15:26:00,7.18,0,0,1,62.1,0.606,walking,classroom_A
2026-03-10,Tuesday,STU-014,BBA,6,14,251,present,08:17:00,16:39:00,8.37,0,0,1,35.7,1.181,walking,classroom_A
2026-03-10,Tuesday,STU-015,EEE,3,15,0,absent,,,0.0,0,0,0,0.0,0.0,,
2026-03-10,Tuesday,STU-016,CSE,6,16,281,present,08:21:00,16:19:00,7.97,0,0,1,61.2,1.202,walking,entrance
2026-03-10,Tuesday,STU-017,CSE,2,17,278,present,09:14:00,14:38:00,5.4,0,1,1,30.8,0.81,walking,lab
2026-03-10,Tuesday,STU-018,BBA,2,18,295,present,08:30:00,15:35:00,7.08,0,0,1,74.7,1.464,walking,classroom_A
2026-03-10,Tuesday,STU-019,EEE,6,19,200,present,08:14:00,15:26:00,7.2,0,0,1,48.3,0.88,walking,lab
2026-03-10,Tuesday,STU-020,CSE,5,20,297,present,08:10:00,17:37:00,9.45,0,0,1,71.8,1.654,walking,entrance
2026-03-10,Tuesday,STU-021,CSE,8,21,0,absent,,,0.0,0,0,0,0.0,0.0,,
2026-03-10,Tuesday,STU-022,CSE,2,22,0,absent,,,0.0,0,0,0,0.0,0.0,,
2026-03-10,Tuesday,STU-023,BBA,2,23,260,present,08:10:00,14:49:00,6.65,0,1,1,22.8,0.382,standing,classroom_A
2026-03-10,Tuesday,STU-024,CSE,5,24,208,present,08:06:00,13:33:00,5.45,0,1,1,58.4,0.981,walking,lab
2026-03-10,Tuesday,STU-025,CSE,6,25,267,present,08:20:00,16:53:00,8.55,0,0,1,37.9,0.789,walking,entrance
2026-03-10,Tuesday,STU-026,CSE,4,26,211,present,10:36:00,17:29:00,6.88,1,0,1,57.9,0.413,standing,entrance
2026-03-10,Tuesday,STU-027,CSE,1,27,201,present,10:54:00,16:25:00,5.52,1,0,1,43.5,1.136,walking,classroom_A
2026-03-10,Tuesday,STU-028,CSE,5,28,286,present,09:40:00,15:59:00,6.32,1,0,1,45.3,1.652,walking,classroom_B
2026-03-10,Tuesday,STU-029,CSE,4,29,266,present,09:20:00,17:16:00,7.93,0,0,1,40.0,1.321,walking,lab
2026-03-10,Tuesday,STU-030,CSE,7,30,284,present,10:51:00,17:09:00,6.3,1,0,1,37.9,1.615,walking,classroom_A
2026-03-10,Tuesday,STU-031,EEE,8,31,234,present,09:14:00,15:00:00,5.77,1,0,1,31.0,1.155,walking,lab
2026-03-10,Tuesday,STU-032,EEE,3,32,0,absent,,,0.0,0,0,0,0.0,0.0,,
2026-03-10,Tuesday,STU-033,EEE,6,33,217,present,09:00:00,16:15:00,7.25,0,0,1,42.5,1.567,walking,classroom_B
2026-03-10,Tuesday,STU-034,CSE,5,34,256,present,09:08:00,15:44:00,6.6,0,0,1,52.0,1.485,walking,classroom_B
2026-03-10,Tuesday,STU-035,CSE,3,35,0,absent,,,0.0,0,0,0,0.0,0.0,,
2026-03-10,Tuesday,STU-036,CSE,4,36,263,present,08:03:00,17:36:00,9.55,0,0,1,47.1,0.673,walking,classroom_B
2026-03-10,Tuesday,STU-037,CSE,8,37,0,absent,,,0.0,0,0,0,0.0,0.0,,
2026-03-10,Tuesday,STU-038,BBA,5,38,0,absent,,,0.0,0,0,0,0.0,0.0,,
2026-03-10,Tuesday,STU-039,CSE,4,39,274,present,10:51:00,17:33:00,6.7,1,0,1,44.5,0.411,standing,classroom_B
2026-03-10,Tuesday,STU-040,EEE,1,40,249,present,08:04:00,16:11:00,8.12,0,0,1,56.3,0.577,walking,lab
2026-03-10,Tuesday,STU-041,CSE,1,41,224,present,09:02:00,17:37:00,8.58,0,0,1,44.5,1.639,walking,lab
2026-03-10,Tuesday,STU-042,EEE,7,42,270,present,08:18:00,17:50:00,9.53,0,0,1,77.1,0.672,walking,classroom_B
2026-03-10,Tuesday,STU-043,EEE,2,43,223,present,09:17:00,17:31:00,8.23,0,0,1,47.1,0.858,walking,lab
2026-03-10,Tuesday,STU-044,CSE,6,44,231,present,08:01:00,16:57:00,8.93,0,0,1,56.5,0.443,standing,classroom_A
2026-03-10,Tuesday,STU-045,CSE,8,45,208,present,08:04:00,16:00:00,7.93,0,0,1,21.8,0.734,walking,entrance
2026-03-10,Tuesday,STU-046,BBA,8,46,239,present,09:04:00,17:47:00,8.72,0,0,1,76.6,1.412,walking,classroom_A
2026-03-10,Tuesday,STU-047,CSE,5,47,273,present,08:06:00,15:13:00,7.12,0,0,1,51.0,1.044,walking,classroom_A
2026-03-10,Tuesday,STU-048,CSE,4,48,285,present,08:18:00,16:41:00,8.38,0,0,1,39.6,0.876,walking,classroom_A
2026-03-10,Tuesday,STU-049,CSE,5,49,229,present,09:29:00,13:03:00,3.57,0,1,1,51.1,0.805,walking,classroom_A
2026-03-10,Tuesday,STU-050,CSE,7,50,0,absent,,,0.0,0,0,0,0.0,0.0,,
2026-03-11,Wednesday,STU-001,CSE,1,1,216,present,08:19:00,17:57:00,9.63,0,0,1,57.2,1.673,walking,entrance
2026-03-11,Wednesday,STU-002,EEE,4,2,0,absent,,,0.0,0,0,0,0.0,0.0,,
2026-03-11,Wednesday,STU-003,CSE,3,3,278,present,10:42:00,17:59:00,7.28,1,0,1,20.2,0.913,walking,entrance
2026-03-11,Wednesday,STU-004,CSE,2,4,298,present,09:04:00,17:58:00,8.9,0,0,1,64.0,0.736,walking,entrance
2026-03-11,Wednesday,STU-005,CSE,7,5,0,absent,,,0.0,0,0,0,0.0,0.0,,
2026-03-11,Wednesday,STU-006,CSE,1,6,279,present,09:07:00,17:12:00,8.08,0,0,1,48.9,0.774,walking,lab
2026-03-11,Wednesday,STU-007,CSE,4,7,253,present,08:20:00,16:22:00,8.03,0,0,1,23.7,0.429,standing,classroom_A
2026-03-11,Wednesday,STU-008,CSE,1,8,205,present,08:18:00,16:12:00,7.9,0,0,1,32.6,0.585,walking,classroom_A
2026-03-11,Wednesday,STU-009,CSE,4,9,255,present,09:09:00,15:49:00,6.67,0,0,1,36.3,0.339,standing,lab
2026-03-11,Wednesday,STU-010,CSE,7,10,252,present,08:29:00,15:44:00,7.25,0,0,1,70.2,0.782,walking,entrance
2026-03-11,Wednesday,STU-011,CSE,8,11,268,present,09:02:00,15:42:00,6.67,0,0,1,30.0,1.19,walking,entrance
2026-03-11,Wednesday,STU-012,CSE,5,12,200,present,08:19:00,17:50:00,9.52,0,0,1,41.2,0.816,walking,entrance
2026-03-11,Wednesday,STU-013,CSE,3,13,231,present,09:08:00,17:25:00,8.28,0,0,1,60.1,1.203,walking,entrance
2026-03-11,Wednesday,STU-014,BBA,6,14,201,present,09:00:00,13:37:00,4.62,0,1,1,34.7,1.375,walking,classroom_B
2026-03-11,Wednesday,STU-015,EEE,3,15,210,present,08:24:00,17:34:00,9.17,0,0,1,29.0,1.506,walking,entrance
2026-03-11,Wednesday,STU-016,CSE,6,16,247,present,08:24:00,17:02:00,8.63,0,0,1,34.3,1.673,walking,lab
2026-03-11,Wednesday,STU-017,CSE,2,17,241,present,08:21:00,17:00:00,8.65,0,0,1,29.1,0.536,walking,classroom_B
2026-03-11,Wednesday,STU-018,BBA,2,18,0,absent,,,0.0,0,0,0,0.0,0.0,,
2026-03-11,Wednesday,STU-019,EEE,6,19,207,present,08:23:00,17:26:00,9.05,0,0,1,27.9,1.699,walking,lab
2026-03-11,Wednesday,STU-020,CSE,5,20,0,absent,,,0.0,0,0,0,0.0,0.0,,
2026-03-11,Wednesday,STU-021,CSE,8,21,205,present,10:31:00,14:02:00,3.52,1,1,1,55.8,1.769,walking,entrance
2026-03-11,Wednesday,STU-022,CSE,2,22,218,present,09:27:00,15:12:00,5.75,0,0,1,60.8,1.516,walking,lab
2026-03-11,Wednesday,STU-023,BBA,2,23,223,present,09:17:00,13:51:00,4.57,0,1,1,44.0,1.287,walking,entrance
2026-03-11,Wednesday,STU-024,CSE,5,24,228,present,09:25:00,15:09:00,5.73,0,0,1,21.1,1.201,walking,lab
2026-03-11,Wednesday,STU-025,CSE,6,25,207,present,09:22:00,16:46:00,7.4,0,0,1,61.9,1.595,walking,classroom_A
2026-03-11,Wednesday,STU-026,CSE,4,26,243,present,09:18:00,15:52:00,6.57,1,0,1,57.1,1.394,walking,classroom_B
2026-03-11,Wednesday,STU-027,CSE,1,27,0,absent,,,0.0,0,0,0,0.0,0.0,,
2026-03-11,Wednesday,STU-028,CSE,5,28,0,absent,,,0.0,0,0,0,0.0,0.0,,
2026-03-11,Wednesday,STU-029,CSE,4,29,249,present,09:29:00,13:00:00,3.52,0,1,1,28.3,0.411,standing,classroom_B
2026-03-11,Wednesday,STU-030,CSE,7,30,242,present,09:00:00,16:33:00,7.55,0,0,1,44.1,1.692,walking,entrance
2026-03-11,Wednesday,STU-031,EEE,8,31,282,present,09:26:00,13:08:00,3.7,0,1,1,63.9,0.432,standing,lab
2026-03-11,Wednesday,STU-032,EEE,3,32,221,present,08:00:00,17:02:00,9.03,0,0,1,55.5,0.388,standing,classroom_A
2026-03-11,Wednesday,STU-033,EEE,6,33,296,present,10:21:00,15:49:00,5.47,1,0,1,76.6,0.857,walking,lab
2026-03-11,Wednesday,STU-034,CSE,5,34,259,present,08:12:00,14:02:00,5.83,0,1,1,28.0,0.823,walking,lab
2026-03-11,Wednesday,STU-035,CSE,3,35,295,present,09:20:00,15:02:00,5.7,0,0,1,39.1,1.135,walking,classroom_B
2026-03-11,Wednesday,STU-036,CSE,4,36,0,absent,,,0.0,0,0,0,0.0,0.0,,
2026-03-11,Wednesday,STU-037,CSE,8,37,267,present,08:22:00,16:22:00,8.0,0,0,1,57.8,0.617,walking,classroom_B
2026-03-11,Wednesday,STU-038,BBA,5,38,278,present,08:19:00,16:09:00,7.83,0,0,1,27.4,1.043,walking,classroom_B
2026-03-11,Wednesday,STU-039,CSE,4,39,203,present,09:03:00,15:19:00,6.27,0,0,1,52.5,0.971,walking,classroom_B
2026-03-11,Wednesday,STU-040,EEE,1,40,246,present,09:00:00,16:51:00,7.85,0,0,1,79.7,1.056,walking,entrance
2026-03-11,Wednesday,STU-041,CSE,1,41,0,absent,,,0.0,0,0,0,0.0,0.0,,
2026-03-11,Wednesday,STU-042,EEE,7,42,244,present,08:13:00,15:20:00,7.12,0,0,1,45.4,1.09,walking,entrance
2026-03-11,Wednesday,STU-043,EEE,2,43,207,present,08:07:00,16:28:00,8.35,0,0,1,54.0,1.364,walking,classroom_B
2026-03-11,Wednesday,STU-044,CSE,6,44,292,present,10:44:00,16:37:00,5.88,1,0,1,23.3,0.99,walking,entrance
2026-03-11,Wednesday,STU-045,CSE,8,45,0,absent,,,0.0,0,0,0,0.0,0.0,,
2026-03-11,Wednesday,STU-046,BBA,8,46,249,present,09:27:00,17:13:00,7.77,0,0,1,45.8,1.628,walking,classroom_A
2026-03-11,Wednesday,STU-047,CSE,5,47,200,present,09:20:00,16:25:00,7.08,0,0,1,52.8,0.861,walking,lab
2026-03-11,Wednesday,STU-048,CSE,4,48,231,present,09:27:00,17:05:00,7.63,0,0,1,52.5,1.583,walking,entrance
2026-03-11,Wednesday,STU-049,CSE,5,49,288,present,09:15:00,15:54:00,6.65,0,0,1,69.0,1.36,walking,lab
2026-03-11,Wednesday,STU-050,CSE,7,50,0,absent,,,0.0,0,0,0,0.0,0.0,,
2026-03-12,Thursday,STU-001,CSE,1,1,0,absent,,,0.0,0,0,0,0.0,0.0,,
2026-03-12,Thursday,STU-002,EEE,4,2,258,present,09:20:00,15:52:00,6.53,1,0,1,43.7,0.864,walking,classroom_A
2026-03-12,Thursday,STU-003,CSE,3,3,217,present,08:07:00,16:41:00,8.57,0,0,1,28.4,0.657,walking,classroom_A
2026-03-12,Thursday,STU-004,CSE,2,4,222,present,08:02:00,15:14:00,7.2,0,0,1,65.7,1.074,walking,classroom_B
2026-03-12,Thursday,STU-005,CSE,7,5,0,absent,,,0.0,0,0,0,0.0,0.0,,
2026-03-12,Thursday,STU-006,CSE,1,6,241,present,08:28:00,17:30:00,9.03,0,0,1,39.9,1.593,walking,classroom_B
2026-03-12,Thursday,STU-007,CSE,4,7,288,present,10:03:00,16:20:00,6.28,1,0,1,46.2,1.214,walking,entrance
2026-03-12,Thursday,STU-008,CSE,1,8,0,absent,,,0.0,0,0,0,0.0,0.0,,
2026-03-12,Thursday,STU-009,CSE,4,9,255,present,09:07:00,15:11:00,6.07,0,0,1,66.4,1.789,walking,classroom_A
2026-03-12,Thursday,STU-010,CSE,7,10,289,present,08:06:00,16:56:00,8.83,0,0,1,63.6,1.74,walking,lab
2026-03-12,Thursday,STU-011,CSE,8,11,204,present,09:00:00,16:03:00,7.05,0,0,1,34.3,0.803,walking,classroom_B
2026-03-12,Thursday,STU-012,CSE,5,12,290,present,09:02:00,15:40:00,6.63,0,0,1,48.4,0.746,walking,entrance
2026-03-12,Thursday,STU-013,CSE,3,13,258,present,10:30:00,16:32:00,6.03,1,0,1,30.0,0.93,walking,classroom_B
2026-03-12,Thursday,STU-014,BBA,6,14,265,present,08:00:00,15:45:00,7.75,0,0,1,44.3,1.294,walking,classroom_B
2026-03-12,Thursday,STU-015,EEE,3,15,234,present,09:30:00,15:18:00,5.8,0,0,1,54.4,0.773,walking,lab
2026-03-12,Thursday,STU-016,CSE,6,16,273,present,08:18:00,17:43:00,9.42,0,0,1,49.1,1.558,walking,classroom_B
2026-03-12,Thursday,STU-017,CSE,2,17,240,present,10:02:00,17:56:00,7.9,1,0,1,38.9,0.321,standing,classroom_B
2026-03-12,Thursday,STU-018,BBA,2,18,0,absent,,,0.0,0,0,0,0.0,0.0,,
2026-03-12,Thursday,STU-019,EEE,6,19,0,absent,,,0.0,0,0,0,0.0,0.0,,
2026-03-12,Thursday,STU-020,CSE,5,20,212,present,08:23:00,17:16:00,8.88,0,0,1,73.6,0.496,standing,classroom_A
2026-03-12,Thursday,STU-021,CSE,8,21,271,present,08:21:00,15:21:00,7.0,0,0,1,57.0,1.699,walking,classroom_A
2026-03-12,Thursday,STU-022,CSE,2,22,275,present,10:27:00,15:08:00,4.68,1,0,1,74.6,1.758,walking,classroom_B
2026-03-12,Thursday,STU-023,BBA,2,23,262,present,08:10:00,16:47:00,8.62,0,0,1,50.2,0.396,standing,classroom_A
2026-03-12,Thursday,STU-024,CSE,5,24,249,present,09:01:00,17:54:00,8.88,0,0,1,37.4,1.083,walking,lab
2026-03-12,Thursday,STU-025,CSE,6,25,0,absent,,,0.0,0,0,0,0.0,0.0,,
2026-03-12,Thursday,STU-026,CSE,4,26,0,absent,,,0.0,0,0,0,0.0,0.0,,
2026-03-12,Thursday,STU-027,CSE,1,27,256,present,09:12:00,14:32:00,5.33,0,1,1,45.7,1.235,walking,lab
2026-03-12,Thursday,STU-028,CSE,5,28,0,absent,,,0.0,0,0,0,0.0,0.0,,
2026-03-12,Thursday,STU-029,CSE,4,29,207,present,09:04:00,15:03:00,5.98,0,0,1,70.4,1.161,walking,classroom_A
2026-03-12,Thursday,STU-030,CSE,7,30,264,present,09:26:00,16:46:00,7.33,1,0,1,47.0,0.91,walking,classroom_B
2026-03-12,Thursday,STU-031,EEE,8,31,212,present,09:10:00,16:56:00,7.77,0,0,1,49.6,1.787,walking,classroom_A
2026-03-12,Thursday,STU-032,EEE,3,32,253,present,09:24:00,16:33:00,7.15,1,0,1,67.2,1.513,walking,classroom_A
2026-03-12,Thursday,STU-033,EEE,6,33,232,present,10:22:00,15:09:00,4.78,1,0,1,30.5,1.592,walking,classroom_B
2026-03-12,Thursday,STU-034,CSE,5,34,268,present,09:00:00,15:12:00,6.2,0,0,1,51.8,1.797,walking,entrance
2026-03-12,Thursday,STU-035,CSE,3,35,231,present,09:27:00,13:28:00,4.02,0,1,1,21.2,0.912,walking,entrance
2026-03-12,Thursday,STU-036,CSE,4,36,205,present,08:29:00,17:26:00,8.95,0,0,1,23.6,1.496,walking,classroom_B
2026-03-12,Thursday,STU-037,CSE,8,37,234,present,08:00:00,16:47:00,8.78,0,0,1,24.1,1.302,walking,entrance
2026-03-12,Thursday,STU-038,BBA,5,38,234,present,10:38:00,17:56:00,7.3,1,0,1,49.2,0.805,walking,classroom_A
2026-03-12,Thursday,STU-039,CSE,4,39,226,present,09:16:00,14:58:00,5.7,0,1,1,22.5,0.831,walking,lab
2026-03-12,Thursday,STU-040,EEE,1,40,273,present,08:18:00,17:40:00,9.37,0,0,1,77.2,0.677,walking,entrance
2026-03-12,Thursday,STU-041,CSE,1,41,278,present,08:04:00,16:00:00,7.93,0,0,1,30.1,0.676,walking,classroom_A
2026-03-12,Thursday,STU-042,EEE,7,42,0,absent,,,0.0,0,0,0,0.0,0.0,,
2026-03-12,Thursday,STU-043,EEE,2,43,259,present,09:21:00,17:53:00,8.53,1,0,1,72.3,0.587,walking,classroom_B
2026-03-12,Thursday,STU-044,CSE,6,44,246,present,09:21:00,16:34:00,7.22,0,0,1,46.2,1.214,walking,entrance
2026-03-12,Thursday,STU-045,CSE,8,45,264,present,09:29:00,17:10:00,7.68,0,0,1,32.1,1.083,walking,classroom_A
2026-03-12,Thursday,STU-046,BBA,8,46,220,present,09:22:00,16:06:00,6.73,0,0,1,54.2,0.667,walking,classroom_A
2026-03-12,Thursday,STU-047,CSE,5,47,0,absent,,,0.0,0,0,0,0.0,0.0,,
2026-03-12,Thursday,STU-048,CSE,4,48,0,absent,,,0.0,0,0,0,0.0,0.0,,
2026-03-12,Thursday,STU-049,CSE,5,49,226,present,09:05:00,16:18:00,7.22,0,0,1,75.7,0.448,standing,lab
2026-03-12,Thursday,STU-050,CSE,7,50,267,present,08:21:00,17:05:00,8.73,0,0,1,42.3,1.685,walking,entrance
2026-03-15,Sunday,STU-001,CSE,1,1,239,present,08:28:00,16:52:00,8.4,0,0,1,40.4,0.921,walking,entrance
2026-03-15,Sunday,STU-002,EEE,4,2,279,present,09:23:00,17:30:00,8.12,0,0,1,27.1,1.054,walking,entrance
2026-03-15,Sunday,STU-003,CSE,3,3,291,present,08:01:00,16:20:00,8.32,0,0,1,69.4,1.113,walking,lab
2026-03-15,Sunday,STU-004,CSE,2,4,0,absent,,,0.0,0,0,0,0.0,0.0,,
2026-03-15,Sunday,STU-005,CSE,7,5,263,present,09:22:00,17:50:00,8.47,0,0,1,46.7,0.771,walking,classroom_A
2026-03-15,Sunday,STU-006,CSE,1,6,245,present,08:26:00,15:29:00,7.05,0,0,1,50.9,1.175,walking,classroom_B
2026-03-15,Sunday,STU-007,CSE,4,7,251,present,09:16:00,17:40:00,8.4,0,0,1,43.4,1.54,walking,classroom_A
2026-03-15,Sunday,STU-008,CSE,1,8,251,present,08:16:00,13:01:00,4.75,0,1,1,61.1,0.419,standing,classroom_A
2026-03-15,Sunday,STU-009,CSE,4,9,269,present,09:40:00,17:05:00,7.42,1,0,1,52.8,0.45,standing,lab
2026-03-15,Sunday,STU-010,CSE,7,10,251,present,09:52:00,17:52:00,8.0,1,0,1,49.3,0.882,walking,entrance
2026-03-15,Sunday,STU-011,CSE,8,11,270,present,08:15:00,17:35:00,9.33,0,0,1,28.6,1.21,walking,classroom_A
2026-03-15,Sunday,STU-012,CSE,5,12,0,absent,,,0.0,0,0,0,0.0,0.0,,
2026-03-15,Sunday,STU-013,CSE,3,13,0,absent,,,0.0,0,0,0,0.0,0.0,,
2026-03-15,Sunday,STU-014,BBA,6,14,258,present,08:07:00,15:26:00,7.32,0,0,1,49.4,1.067,walking,lab
2026-03-15,Sunday,STU-015,EEE,3,15,256,present,08:10:00,16:00:00,7.83,0,0,1,68.0,0.654,walking,entrance
2026-03-15,Sunday,STU-016,CSE,6,16,298,present,08:03:00,16:40:00,8.62,0,0,1,22.6,0.777,walking,entrance
2026-03-15,Sunday,STU-017,CSE,2,17,247,present,08:16:00,16:16:00,8.0,0,0,1,22.7,1.773,walking,classroom_A
2026-03-15,Sunday,STU-018,BBA,2,18,229,present,10:03:00,17:06:00,7.05,1,0,1,65.2,1.767,walking,classroom_B
2026-03-15,Sunday,STU-019,EEE,6,19,268,present,09:03:00,16:52:00,7.82,0,0,1,76.1,1.203,walking,entrance
2026-03-15,Sunday,STU-020,CSE,5,20,238,present,09:17:00,13:14:00,3.95,0,1,1,58.3,1.506,walking,classroom_B
2026-03-15,Sunday,STU-021,CSE,8,21,229,present,09:18:00,15:58:00,6.67,0,0,1,65.7,1.529,walking,lab
2026-03-15,Sunday,STU-022,CSE,2,22,227,present,08:02:00,15:39:00,7.62,0,0,1,39.2,1.438,walking,classroom_A
2026-03-15,Sunday,STU-023,BBA,2,23,285,present,09:14:00,15:38:00,6.4,0,0,1,74.6,0.521,walking,lab
2026-03-15,Sunday,STU-024,CSE,5,24,290,present,08:22:00,13:21:00,4.98,0,1,1,53.6,1.293,walking,classroom_A
2026-03-15,Sunday,STU-025,CSE,6,25,244,present,09:24:00,17:23:00,7.98,1,0,1,24.1,1.24,walking,classroom_B
2026-03-15,Sunday,STU-026,CSE,4,26,249,present,08:30:00,15:19:00,6.82,0,0,1,37.5,1.57,walking,classroom_B
2026-03-15,Sunday,STU-027,CSE,1,27,234,present,09:17:00,15:58:00,6.68,0,0,1,57.6,1.411,walking,entrance
2026-03-15,Sunday,STU-028,CSE,5,28,272,present,08:28:00,17:42:00,9.23,0,0,1,25.6,1.128,walking,classroom_B
2026-03-15,Sunday,STU-029,CSE,4,29,207,present,09:26:00,16:24:00,6.97,0,0,1,61.9,1.358,walking,classroom_B
2026-03-15,Sunday,STU-030,CSE,7,30,216,present,09:09:00,13:37:00,4.47,0,1,1,68.6,1.104,walking,classroom_B
2026-03-15,Sunday,STU-031,EEE,8,31,0,absent,,,0.0,0,0,0,0.0,0.0,,
2026-03-15,Sunday,STU-032,EEE,3,32,295,present,09:27:00,17:22:00,7.92,1,0,1,78.2,0.344,standing,lab
2026-03-15,Sunday,STU-033,EEE,6,33,248,present,08:13:00,16:07:00,7.9,0,0,1,56.0,1.785,walking,lab
2026-03-15,Sunday,STU-034,CSE,5,34,204,present,10:47:00,15:17:00,4.5,1,0,1,30.4,0.502,walking,classroom_A
2026-03-15,Sunday,STU-035,CSE,3,35,0,absent,,,0.0,0,0,0,0.0,0.0,,
2026-03-15,Sunday,STU-036,CSE,4,36,270,present,08:28:00,17:28:00,9.0,0,0,1,78.3,0.631,walking,lab
2026-03-15,Sunday,STU-037,CSE,8,37,238,present,10:55:00,15:20:00,4.42,1,0,1,29.0,0.714,walking,lab
2026-03-15,Sunday,STU-038,BBA,5,38,250,present,08:07:00,16:04:00,7.95,0,0,1,47.5,1.662,walking,lab
2026-03-15,Sunday,STU-039,CSE,4,39,248,present,08:03:00,15:31:00,7.47,0,0,1,65.1,0.627,walking,classroom_B
2026-03-15,Sunday,STU-040,EEE,1,40,287,present,09:11:00,15:40:00,6.48,0,0,1,31.0,0.958,walking,classroom_B
2026-03-15,Sunday,STU-041,CSE,1,41,222,present,09:59:00,17:20:00,7.35,1,0,1,20.1,1.414,walking,classroom_B
2026-03-15,Sunday,STU-042,EEE,7,42,251,present,09:24:00,17:16:00,7.87,0,0,1,72.5,1.022,walking,classroom_A
2026-03-15,Sunday,STU-043,EEE,2,43,246,present,09:15:00,15:04:00,5.82,0,0,1,35.2,0.714,walking,entrance
2026-03-15,Sunday,STU-044,CSE,6,44,275,present,08:04:00,15:16:00,7.2,0,0,1,61.8,0.987,walking,lab
2026-03-15,Sunday,STU-045,CSE,8,45,263,present,09:18:00,14:18:00,5.0,1,1,1,34.6,1.276,walking,lab
2026-03-15,Sunday,STU-046,BBA,8,46,261,present,09:16:00,13:46:00,4.5,0,1,1,61.8,1.748,walking,entrance
2026-03-15,Sunday,STU-047,CSE,5,47,280,present,08:08:00,16:34:00,8.43,0,0,1,44.8,0.456,standing,entrance
2026-03-15,Sunday,STU-048,CSE,4,48,254,present,08:01:00,16:40:00,8.65,0,0,1,51.5,0.752,walking,classroom_B
2026-03-15,Sunday,STU-049,CSE,5,49,292,present,08:04:00,17:42:00,9.63,0,0,1,31.9,0.408,standing,classroom_B
2026-03-15,Sunday,STU-050,CSE,7,50,0,absent,,,0.0,0,0,0,0.0,0.0,,
2026-03-16,Monday,STU-001,CSE,1,1,282,present,09:11:00,16:55:00,7.73,1,0,1,40.1,1.337,walking,classroom_B
2026-03-16,Monday,STU-002,EEE,4,2,219,present,08:05:00,15:06:00,7.02,0,0,1,37.4,0.341,standing,lab
2026-03-16,Monday,STU-003,CSE,3,3,251,present,10:47:00,15:01:00,4.23,1,0,1,25.7,0.937,walking,classroom_A
2026-03-16,Monday,STU-004,CSE,2,4,0,absent,,,0.0,0,0,0,0.0,0.0,,
2026-03-16,Monday,STU-005,CSE,7,5,216,present,09:02:00,15:55:00,6.88,1,0,1,78.6,0.576,walking,classroom_A
2026-03-16,Monday,STU-006,CSE,1,6,209,present,08:30:00,17:48:00,9.3,0,0,1,22.8,0.471,standing,classroom_A
2026-03-16,Monday,STU-007,CSE,4,7,248,present,08:06:00,15:23:00,7.28,0,0,1,30.9,1.733,walking,entrance
2026-03-16,Monday,STU-008,CSE,1,8,216,present,09:10:00,16:43:00,7.55,0,0,1,37.0,0.625,walking,classroom_A
2026-03-16,Monday,STU-009,CSE,4,9,255,present,09:13:00,15:16:00,6.05,0,0,1,55.0,0.944,walking,classroom_B
2026-03-16,Monday,STU-010,CSE,7,10,280,present,09:07:00,16:40:00,7.55,0,0,1,60.2,1.657,walking,classroom_A
2026-03-16,Monday,STU-011,CSE,8,11,299,present,09:05:00,15:22:00,6.28,0,0,1,44.3,0.438,standing,classroom_A
2026-03-16,Monday,STU-012,CSE,5,12,0,absent,,,0.0,0,0,0,0.0,0.0,,
2026-03-16,Monday,STU-013,CSE,3,13,0,absent,,,0.0,0,0,0,0.0,0.0,,
2026-03-16,Monday,STU-014,BBA,6,14,207,present,09:30:00,15:55:00,6.42,0,0,1,58.4,1.229,walking,lab
2026-03-16,Monday,STU-015,EEE,3,15,236,present,09:07:00,17:44:00,8.62,0,0,1,42.3,1.617,walking,classroom_B
2026-03-16,Monday,STU-016,CSE,6,16,252,present,08:10:00,17:44:00,9.57,0,0,1,61.4,0.491,standing,classroom_B
2026-03-16,Monday,STU-017,CSE,2,17,260,present,09:15:00,15:19:00,6.07,0,0,1,26.2,0.423,standing,lab
2026-03-16,Monday,STU-018,BBA,2,18,284,present,08:23:00,15:20:00,6.95,0,0,1,36.3,0.73,walking,classroom_B
2026-03-16,Monday,STU-019,EEE,6,19,237,present,08:13:00,16:46:00,8.55,0,0,1,52.3,1.148,walking,classroom_A
2026-03-16,Monday,STU-020,CSE,5,20,210,present,08:13:00,13:43:00,5.5,0,1,1,76.8,0.452,standing,classroom_A
2026-03-16,Monday,STU-021,CSE,8,21,288,present,09:25:00,15:24:00,5.98,0,0,1,23.5,0.549,walking,entrance
2026-03-16,Monday,STU-022,CSE,2,22,217,present,09:30:00,17:01:00,7.52,0,0,1,53.4,0.88,walking,classroom_B
2026-03-16,Monday,STU-023,BBA,2,23,298,present,09:12:00,17:49:00,8.62,0,0,1,37.9,0.963,walking,classroom_A
2026-03-16,Monday,STU-024,CSE,5,24,226,present,09:24:00,16:22:00,6.97,1,0,1,65.0,1.676,walking,classroom_A
2026-03-16,Monday,STU-025,CSE,6,25,285,present,09:00:00,17:16:00,8.27,0,0,1,50.3,0.42,standing,entrance
2026-03-16,Monday,STU-026,CSE,4,26,286,present,09:18:00,17:26:00,8.13,0,0,1,47.1,0.338,standing,classroom_A
2026-03-16,Monday,STU-027,CSE,1,27,203,present,09:24:00,16:50:00,7.43,1,0,1,66.4,0.47,standing,classroom_A
2026-03-16,Monday,STU-028,CSE,5,28,285,present,08:06:00,16:17:00,8.18,0,0,1,32.9,0.929,walking,lab
2026-03-16,Monday,STU-029,CSE,4,29,209,present,08:09:00,14:05:00,5.93,0,1,1,63.7,1.597,walking,lab
2026-03-16,Monday,STU-030,CSE,7,30,275,present,08:03:00,16:37:00,8.57,0,0,1,59.3,1.294,walking,entrance
2026-03-16,Monday,STU-031,EEE,8,31,253,present,08:28:00,15:33:00,7.08,0,0,1,53.7,1.58,walking,entrance
2026-03-16,Monday,STU-032,EEE,3,32,215,present,09:56:00,15:15:00,5.32,1,0,1,37.5,1.732,walking,classroom_A
2026-03-16,Monday,STU-033,EEE,6,33,0,absent,,,0.0,0,0,0,0.0,0.0,,
2026-03-16,Monday,STU-034,CSE,5,34,289,present,08:01:00,15:04:00,7.05,0,0,1,45.5,1.017,walking,entrance
2026-03-16,Monday,STU-035,CSE,3,35,0,absent,,,0.0,0,0,0,0.0,0.0,,
2026-03-16,Monday,STU-036,CSE,4,36,211,present,08:02:00,16:06:00,8.07,0,0,1,71.3,1.486,walking,entrance
2026-03-16,Monday,STU-037,CSE,8,37,259,present,09:29:00,15:08:00,5.65,0,0,1,38.2,1.304,walking,entrance
2026-03-16,Monday,STU-038,BBA,5,38,0,absent,,,0.0,0,0,0,0.0,0.0,,
2026-03-16,Monday,STU-039,CSE,4,39,240,present,08:04:00,16:54:00,8.83,0,0,1,57.9,0.505,walking,lab
2026-03-16,Monday,STU-040,EEE,1,40,237,present,08:13:00,17:23:00,9.17,0,0,1,49.5,1.59,walking,classroom_A
2026-03-16,Monday,STU-041,CSE,1,41,214,present,08:01:00,16:19:00,8.3,0,0,1,56.9,1.286,walking,lab
2026-03-16,Monday,STU-042,EEE,7,42,209,present,08:20:00,16:18:00,7.97,0,0,1,72.6,1.365,walking,entrance
2026-03-16,Monday,STU-043,EEE,2,43,244,present,10:42:00,15:26:00,4.73,1,0,1,52.9,0.806,walking,classroom_B
2026-03-16,Monday,STU-044,CSE,6,44,0,absent,,,0.0,0,0,0,0.0,0.0,,
2026-03-16,Monday,STU-045,CSE,8,45,0,absent,,,0.0,0,0,0,0.0,0.0,,
2026-03-16,Monday,STU-046,BBA,8,46,0,absent,,,0.0,0,0,0,0.0,0.0,,
2026-03-16,Monday,STU-047,CSE,5,47,0,absent,,,0.0,0,0,0,0.0,0.0,,
2026-03-16,Monday,STU-048,CSE,4,48,0,absent,,,0.0,0,0,0,0.0,0.0,,
2026-03-16,Monday,STU-049,CSE,5,49,276,present,09:13:00,16:32:00,7.32,0,0,1,54.2,0.631,walking,entrance
2026-03-16,Monday,STU-050,CSE,7,50,246,present,09:13:00,17:58:00,8.75,0,0,1,44.1,0.846,walking,classroom_B
2026-03-17,Tuesday,STU-001,CSE,1,1,246,present,09:29:00,16:08:00,6.65,1,0,1,65.6,0.908,walking,entrance
2026-03-17,Tuesday,STU-002,EEE,4,2,0,absent,,,0.0,0,0,0,0.0,0.0,,
2026-03-17,Tuesday,STU-003,CSE,3,3,282,present,10:07:00,15:52:00,5.75,1,0,1,42.7,1.734,walking,lab
2026-03-17,Tuesday,STU-004,CSE,2,4,252,present,09:24:00,15:00:00,5.6,0,0,1,78.1,0.914,walking,entrance
2026-03-17,Tuesday,STU-005,CSE,7,5,0,absent,,,0.0,0,0,0,0.0,0.0,,
2026-03-17,Tuesday,STU-006,CSE,1,6,214,present,09:00:00,15:12:00,6.2,1,0,1,50.1,0.483,standing,classroom_A
2026-03-17,Tuesday,STU-007,CSE,4,7,241,present,09:35:00,15:34:00,5.98,1,0,1,36.7,1.599,walking,classroom_A
2026-03-17,Tuesday,STU-008,CSE,1,8,234,present,08:00:00,15:46:00,7.77,0,0,1,65.1,0.979,walking,entrance
2026-03-17,Tuesday,STU-009,CSE,4,9,0,absent,,,0.0,0,0,0,0.0,0.0,,
2026-03-17,Tuesday,STU-010,CSE,7,10,299,present,08:26:00,16:12:00,7.77,0,0,1,39.1,1.716,walking,classroom_A
2026-03-17,Tuesday,STU-011,CSE,8,11,285,present,08:25:00,16:07:00,7.7,0,0,1,58.4,0.839,walking,lab
2026-03-17,Tuesday,STU-012,CSE,5,12,203,present,08:00:00,17:01:00,9.02,0,0,1,71.1,1.642,walking,entrance
2026-03-17,Tuesday,STU-013,CSE,3,13,0,absent,,,0.0,0,0,0,0.0,0.0,,
2026-03-17,Tuesday,STU-014,BBA,6,14,283,present,09:27:00,17:48:00,8.35,0,0,1,74.4,0.694,walking,lab
2026-03-17,Tuesday,STU-015,EEE,3,15,271,present,08:17:00,13:41:00,5.4,0,1,1,50.6,1.69,walking,classroom_A
2026-03-17,Tuesday,STU-016,CSE,6,16,214,present,08:21:00,16:35:00,8.23,0,0,1,55.1,1.301,walking,entrance
2026-03-17,Tuesday,STU-017,CSE,2,17,276,present,09:08:00,15:52:00,6.73,0,0,1,63.2,1.164,walking,classroom_B
2026-03-17,Tuesday,STU-018,BBA,2,18,202,present,09:25:00,17:19:00,7.9,0,0,1,61.9,1.117,walking,classroom_B
2026-03-17,Tuesday,STU-019,EEE,6,19,0,absent,,,0.0,0,0,0,0.0,0.0,,
2026-03-17,Tuesday,STU-020,CSE,5,20,269,present,08:22:00,15:33:00,7.18,0,0,1,56.5,0.944,walking,lab
2026-03-17,Tuesday,STU-021,CSE,8,21,205,present,09:07:00,16:23:00,7.27,0,0,1,46.6,0.424,standing,classroom_B
2026-03-17,Tuesday,STU-022,CSE,2,22,207,present,09:21:00,16:37:00,7.27,0,0,1,73.9,0.51,walking,classroom_A
2026-03-17,Tuesday,STU-023,BBA,2,23,237,present,10:39:00,17:39:00,7.0,1,0,1,70.9,0.704,walking,lab
2026-03-17,Tuesday,STU-024,CSE,5,24,223,present,09:25:00,15:34:00,6.15,0,0,1,36.9,0.661,walking,classroom_A
2026-03-17,Tuesday,STU-025,CSE,6,25,239,present,08:24:00,13:29:00,5.08,0,1,1,62.6,0.466,standing,classroom_B
2026-03-17,Tuesday,STU-026,CSE,4,26,0,absent,,,0.0,0,0,0,0.0,0.0,,
2026-03-17,Tuesday,STU-027,CSE,1,27,222,present,09:14:00,17:59:00,8.75,0,0,1,21.7,1.551,walking,lab
2026-03-17,Tuesday,STU-028,CSE,5,28,279,present,08:07:00,15:14:00,7.12,0,0,1,59.4,1.492,walking,classroom_B
2026-03-17,Tuesday,STU-029,CSE,4,29,0,absent,,,0.0,0,0,0,0.0,0.0,,
2026-03-17,Tuesday,STU-030,CSE,7,30,217,present,08:16:00,15:17:00,7.02,0,0,1,21.2,1.208,walking,lab
2026-03-17,Tuesday,STU-031,EEE,8,31,0,absent,,,0.0,0,0,0,0.0,0.0,,
2026-03-17,Tuesday,STU-032,EEE,3,32,203,present,10:18:00,17:08:00,6.83,1,0,1,69.8,0.753,walking,lab
2026-03-17,Tuesday,STU-033,EEE,6,33,0,absent,,,0.0,0,0,0,0.0,0.0,,
2026-03-17,Tuesday,STU-034,CSE,5,34,200,present,08:28:00,17:13:00,8.75,0,0,1,48.5,0.894,walking,classroom_A
2026-03-17,Tuesday,STU-035,CSE,3,35,268,present,08:26:00,15:32:00,7.1,0,0,1,22.7,1.47,walking,classroom_B
2026-03-17,Tuesday,STU-036,CSE,4,36,279,present,08:03:00,17:15:00,9.2,0,0,1,32.7,0.639,walking,lab
2026-03-17,Tuesday,STU-037,CSE,8,37,248,present,09:11:00,17:21:00,8.17,1,0,1,45.8,0.519,walking,classroom_B
2026-03-17,Tuesday,STU-038,BBA,5,38,239,present,09:02:00,16:22:00,7.33,0,0,1,78.2,0.304,standing,lab
2026-03-17,Tuesday,STU-039,CSE,4,39,227,present,08:00:00,16:46:00,8.77,0,0,1,68.2,0.505,walking,classroom_A
2026-03-17,Tuesday,STU-040,EEE,1,40,237,present,09:29:00,15:18:00,5.82,0,0,1,39.9,0.962,walking,classroom_B
2026-03-17,Tuesday,STU-041,CSE,1,41,289,present,08:19:00,16:12:00,7.88,0,0,1,60.7,1.669,walking,entrance
2026-03-17,Tuesday,STU-042,EEE,7,42,0,absent,,,0.0,0,0,0,0.0,0.0,,
2026-03-17,Tuesday,STU-043,EEE,2,43,253,present,08:11:00,16:41:00,8.5,0,0,1,73.8,0.4,standing,entrance
2026-03-17,Tuesday,STU-044,CSE,6,44,292,present,10:30:00,16:42:00,6.2,1,0,1,24.5,1.237,walking,classroom_A
2026-03-17,Tuesday,STU-045,CSE,8,45,261,present,10:40:00,16:01:00,5.35,1,0,1,43.2,1.249,walking,classroom_A
2026-03-17,Tuesday,STU-046,BBA,8,46,217,present,10:07:00,17:09:00,7.03,1,0,1,24.3,0.868,walking,classroom_B
2026-03-17,Tuesday,STU-047,CSE,5,47,202,present,09:02:00,13:38:00,4.6,0,1,1,38.7,0.36,standing,classroom_A
2026-03-17,Tuesday,STU-048,CSE,4,48,233,present,08:27:00,17:04:00,8.62,0,0,1,32.4,0.956,walking,lab
2026-03-17,Tuesday,STU-049,CSE,5,49,263,present,09:03:00,17:12:00,8.15,0,0,1,68.1,0.919,walking,entrance
2026-03-17,Tuesday,STU-050,CSE,7,50,249,present,08:01:00,14:42:00,6.68,0,1,1,72.2,1.506,walking,classroom_A
2026-03-18,Wednesday,STU-001,CSE,1,1,208,present,10:55:00,15:55:00,5.0,1,0,1,73.2,1.508,walking,lab
2026-03-18,Wednesday,STU-002,EEE,4,2,246,present,08:30:00,15:31:00,7.02,0,0,1,77.0,1.309,walking,classroom_B
2026-03-18,Wednesday,STU-003,CSE,3,3,220,present,09:08:00,17:18:00,8.17,0,0,1,55.3,0.547,walking,classroom_B
2026-03-18,Wednesday,STU-004,CSE,2,4,272,present,10:40:00,15:26:00,4.77,1,0,1,54.7,0.928,walking,lab
2026-03-18,Wednesday,STU-005,CSE,7,5,253,present,09:55:00,15:48:00,5.88,1,0,1,46.8,1.366,walking,classroom_A
2026-03-18,Wednesday,STU-006,CSE,1,6,234,present,08:19:00,15:16:00,6.95,0,0,1,61.1,1.6,walking,entrance
2026-03-18,Wednesday,STU-007,CSE,4,7,263,present,09:28:00,13:50:00,4.37,0,1,1,31.8,0.992,walking,entrance
2026-03-18,Wednesday,STU-008,CSE,1,8,237,present,09:27:00,16:07:00,6.67,0,0,1,71.8,1.347,walking,entrance
2026-03-18,Wednesday,STU-009,CSE,4,9,218,present,08:02:00,17:43:00,9.68,0,0,1,70.5,1.461,walking,classroom_A
2026-03-18,Wednesday,STU-010,CSE,7,10,291,present,09:59:00,17:17:00,7.3,1,0,1,39.0,1.684,walking,lab
2026-03-18,Wednesday,STU-011,CSE,8,11,300,present,09:26:00,17:08:00,7.7,1,0,1,70.9,1.769,walking,lab
2026-03-18,Wednesday,STU-012,CSE,5,12,286,present,08:00:00,15:57:00,7.95,0,0,1,73.3,1.077,walking,classroom_B
2026-03-18,Wednesday,STU-013,CSE,3,13,0,absent,,,0.0,0,0,0,0.0,0.0,,
2026-03-18,Wednesday,STU-014,BBA,6,14,265,present,08:13:00,17:36:00,9.38,0,0,1,42.9,0.55,walking,lab
2026-03-18,Wednesday,STU-015,EEE,3,15,277,present,09:24:00,14:40:00,5.27,1,1,1,60.6,1.676,walking,lab
2026-03-18,Wednesday,STU-016,CSE,6,16,214,present,10:58:00,17:45:00,6.78,1,0,1,70.0,1.601,walking,classroom_A
2026-03-18,Wednesday,STU-017,CSE,2,17,242,present,08:11:00,13:04:00,4.88,0,1,1,26.5,0.738,walking,entrance
2026-03-18,Wednesday,STU-018,BBA,2,18,0,absent,,,0.0,0,0,0,0.0,0.0,,
2026-03-18,Wednesday,STU-019,EEE,6,19,273,present,08:17:00,15:33:00,7.27,0,0,1,64.0,1.258,walking,entrance
2026-03-18,Wednesday,STU-020,CSE,5,20,265,present,09:17:00,16:25:00,7.13,1,0,1,43.1,0.81,walking,classroom_A
2026-03-18,Wednesday,STU-021,CSE,8,21,240,present,08:08:00,15:30:00,7.37,0,0,1,38.6,0.828,walking,entrance
2026-03-18,Wednesday,STU-022,CSE,2,22,262,present,10:33:00,16:18:00,5.75,1,0,1,46.8,1.561,walking,lab
2026-03-18,Wednesday,STU-023,BBA,2,23,277,present,08:04:00,17:06:00,9.03,0,0,1,44.3,1.091,walking,classroom_A
2026-03-18,Wednesday,STU-024,CSE,5,24,254,present,10:33:00,16:51:00,6.3,1,0,1,51.0,0.469,standing,lab
2026-03-18,Wednesday,STU-025,CSE,6,25,205,present,08:21:00,16:04:00,7.72,0,0,1,48.6,1.379,walking,entrance
2026-03-18,Wednesday,STU-026,CSE,4,26,0,absent,,,0.0,0,0,0,0.0,0.0,,
2026-03-18,Wednesday,STU-027,CSE,1,27,269,present,08:18:00,16:28:00,8.17,0,0,1,62.3,0.854,walking,classroom_B
2026-03-18,Wednesday,STU-028,CSE,5,28,0,absent,,,0.0,0,0,0,0.0,0.0,,
2026-03-18,Wednesday,STU-029,CSE,4,29,259,present,08:09:00,16:42:00,8.55,0,0,1,28.5,1.658,walking,lab
2026-03-18,Wednesday,STU-030,CSE,7,30,226,present,09:29:00,17:31:00,8.03,0,0,1,56.3,0.306,standing,classroom_A
2026-03-18,Wednesday,STU-031,EEE,8,31,0,absent,,,0.0,0,0,0,0.0,0.0,,
2026-03-18,Wednesday,STU-032,EEE,3,32,282,present,08:15:00,16:37:00,8.37,0,0,1,53.6,0.633,walking,classroom_B
2026-03-18,Wednesday,STU-033,EEE,6,33,254,present,08:05:00,17:23:00,9.3,0,0,1,76.6,0.46,standing,classroom_A
2026-03-18,Wednesday,STU-034,CSE,5,34,201,present,08:17:00,16:08:00,7.85,0,0,1,73.2,1.258,walking,classroom_A
2026-03-18,Wednesday,STU-035,CSE,3,35,296,present,10:50:00,16:58:00,6.13,1,0,1,64.8,0.474,standing,classroom_B
2026-03-18,Wednesday,STU-036,CSE,4,36,210,present,09:06:00,13:00:00,3.9,0,1,1,46.6,0.52,walking,entrance
2026-03-18,Wednesday,STU-037,CSE,8,37,206,present,08:09:00,16:13:00,8.07,0,0,1,73.3,0.823,walking,lab
2026-03-18,Wednesday,STU-038,BBA,5,38,215,present,09:03:00,17:57:00,8.9,0,0,1,45.6,1.317,walking,lab
2026-03-18,Wednesday,STU-039,CSE,4,39,277,present,09:24:00,16:26:00,7.03,0,0,1,37.8,1.214,walking,lab
2026-03-18,Wednesday,STU-040,EEE,1,40,236,present,09:00:00,14:09:00,5.15,0,1,1,29.7,1.717,walking,lab
2026-03-18,Wednesday,STU-041,CSE,1,41,209,present,08:30:00,15:53:00,7.38,0,0,1,25.3,1.44,walking,classroom_A
2026-03-18,Wednesday,STU-042,EEE,7,42,297,present,09:22:00,17:15:00,7.88,0,0,1,45.3,0.471,standing,lab
2026-03-18,Wednesday,STU-043,EEE,2,43,290,present,10:02:00,15:02:00,5.0,1,0,1,24.2,1.543,walking,classroom_A
2026-03-18,Wednesday,STU-044,CSE,6,44,259,present,10:22:00,17:13:00,6.85,1,0,1,60.2,1.665,walking,lab
2026-03-18,Wednesday,STU-045,CSE,8,45,211,present,09:09:00,17:13:00,8.07,0,0,1,41.5,1.2,walking,entrance
2026-03-18,Wednesday,STU-046,BBA,8,46,281,present,09:12:00,17:32:00,8.33,0,0,1,75.4,0.881,walking,classroom_B
2026-03-18,Wednesday,STU-047,CSE,5,47,284,present,09:05:00,16:44:00,7.65,1,0,1,28.3,0.912,walking,classroom_B
2026-03-18,Wednesday,STU-048,CSE,4,48,292,present,09:08:00,17:57:00,8.82,0,0,1,30.0,1.047,walking,classroom_A
2026-03-18,Wednesday,STU-049,CSE,5,49,285,present,09:01:00,17:03:00,8.03,1,0,1,25.2,1.419,walking,entrance
2026-03-18,Wednesday,STU-050,CSE,7,50,251,present,09:08:00,15:31:00,6.38,0,0,1,72.6,1.732,walking,classroom_A
2026-03-19,Thursday,STU-001,CSE,1,1,0,absent,,,0.0,0,0,0,0.0,0.0,,
2026-03-19,Thursday,STU-002,EEE,4,2,297,present,09:27:00,15:24:00,5.95,0,0,1,55.9,1.549,walking,classroom_A
2026-03-19,Thursday,STU-003,CSE,3,3,266,present,09:37:00,13:04:00,3.45,1,1,1,53.2,0.471,standing,entrance
2026-03-19,Thursday,STU-004,CSE,2,4,235,present,08:05:00,15:21:00,7.27,0,0,1,61.9,0.397,standing,classroom_A
2026-03-19,Thursday,STU-005,CSE,7,5,254,present,08:29:00,15:40:00,7.18,0,0,1,46.6,0.433,standing,lab
2026-03-19,Thursday,STU-006,CSE,1,6,208,present,08:04:00,17:40:00,9.6,0,0,1,45.7,0.823,walking,classroom_B
2026-03-19,Thursday,STU-007,CSE,4,7,0,absent,,,0.0,0,0,0,0.0,0.0,,
2026-03-19,Thursday,STU-008,CSE,1,8,211,present,09:29:00,15:53:00,6.4,0,0,1,71.8,0.355,standing,classroom_B
2026-03-19,Thursday,STU-009,CSE,4,9,0,absent,,,0.0,0,0,0,0.0,0.0,,
2026-03-19,Thursday,STU-010,CSE,7,10,237,present,10:31:00,17:28:00,6.95,1,0,1,57.1,1.768,walking,entrance
2026-03-19,Thursday,STU-011,CSE,8,11,0,absent,,,0.0,0,0,0,0.0,0.0,,
2026-03-19,Thursday,STU-012,CSE,5,12,203,present,08:15:00,17:55:00,9.67,0,0,1,41.4,1.436,walking,entrance
2026-03-19,Thursday,STU-013,CSE,3,13,284,present,08:16:00,16:55:00,8.65,0,0,1,73.9,1.096,walking,classroom_A
2026-03-19,Thursday,STU-014,BBA,6,14,281,present,09:00:00,14:56:00,5.93,0,1,1,66.6,0.542,walking,lab
2026-03-19,Thursday,STU-015,EEE,3,15,289,present,09:14:00,17:32:00,8.3,0,0,1,20.7,1.332,walking,lab
2026-03-19,Thursday,STU-016,CSE,6,16,291,present,09:05:00,17:38:00,8.55,0,0,1,60.6,1.107,walking,entrance
2026-03-19,Thursday,STU-017,CSE,2,17,261,present,09:18:00,15:20:00,6.03,0,0,1,40.5,1.02,walking,classroom_A
2026-03-19,Thursday,STU-018,BBA,2,18,0,absent,,,0.0,0,0,0,0.0,0.0,,
2026-03-19,Thursday,STU-019,EEE,6,19,203,present,09:58:00,17:34:00,7.6,1,0,1,21.5,1.686,walking,classroom_B
2026-03-19,Thursday,STU-020,CSE,5,20,217,present,09:10:00,17:12:00,8.03,0,0,1,54.3,1.185,walking,classroom_B
2026-03-19,Thursday,STU-021,CSE,8,21,207,present,10:05:00,16:33:00,6.47,1,0,1,45.7,1.61,walking,classroom_B
2026-03-19,Thursday,STU-022,CSE,2,22,257,present,09:08:00,17:11:00,8.05,0,0,1,51.4,1.142,walking,lab
2026-03-19,Thursday,STU-023,BBA,2,23,215,present,09:41:00,13:37:00,3.93,1,1,1,31.8,0.453,standing,classroom_A
2026-03-19,Thursday,STU-024,CSE,5,24,296,present,09:26:00,16:17:00,6.85,0,0,1,30.3,1.754,walking,lab
2026-03-19,Thursday,STU-025,CSE,6,25,215,present,09:10:00,15:26:00,6.27,1,0,1,56.3,1.251,walking,entrance
2026-03-19,Thursday,STU-026,CSE,4,26,0,absent,,,0.0,0,0,0,0.0,0.0,,
2026-03-19,Thursday,STU-027,CSE,1,27,0,absent,,,0.0,0,0,0,0.0,0.0,,
2026-03-19,Thursday,STU-028,CSE,5,28,217,present,10:50:00,16:41:00,5.85,1,0,1,62.6,0.689,walking,lab
2026-03-19,Thursday,STU-029,CSE,4,29,288,present,09:00:00,16:31:00,7.52,0,0,1,73.0,0.438,standing,classroom_B
2026-03-19,Thursday,STU-030,CSE,7,30,0,absent,,,0.0,0,0,0,0.0,0.0,,
2026-03-19,Thursday,STU-031,EEE,8,31,300,present,09:08:00,14:34:00,5.43,0,1,1,74.2,0.612,walking,classroom_B
2026-03-19,Thursday,STU-032,EEE,3,32,268,present,08:08:00,16:57:00,8.82,0,0,1,52.9,1.294,walking,lab
2026-03-19,Thursday,STU-033,EEE,6,33,0,absent,,,0.0,0,0,0,0.0,0.0,,
2026-03-19,Thursday,STU-034,CSE,5,34,0,absent,,,0.0,0,0,0,0.0,0.0,,
2026-03-19,Thursday,STU-035,CSE,3,35,254,present,08:21:00,16:41:00,8.33,0,0,1,52.8,1.245,walking,lab
2026-03-19,Thursday,STU-036,CSE,4,36,258,present,09:16:00,15:01:00,5.75,0,0,1,71.6,1.009,walking,lab
2026-03-19,Thursday,STU-037,CSE,8,37,278,present,08:05:00,17:26:00,9.35,0,0,1,66.3,1.141,walking,classroom_B
2026-03-19,Thursday,STU-038,BBA,5,38,0,absent,,,0.0,0,0,0,0.0,0.0,,
2026-03-19,Thursday,STU-039,CSE,4,39,0,absent,,,0.0,0,0,0,0.0,0.0,,
2026-03-19,Thursday,STU-040,EEE,1,40,0,absent,,,0.0,0,0,0,0.0,0.0,,
2026-03-19,Thursday,STU-041,CSE,1,41,222,present,09:10:00,16:46:00,7.6,0,0,1,21.9,1.098,walking,lab
2026-03-19,Thursday,STU-042,EEE,7,42,205,present,10:12:00,17:48:00,7.6,1,0,1,31.8,1.345,walking,lab
2026-03-19,Thursday,STU-043,EEE,2,43,0,absent,,,0.0,0,0,0,0.0,0.0,,
2026-03-19,Thursday,STU-044,CSE,6,44,287,present,09:20:00,16:42:00,7.37,0,0,1,57.7,0.307,standing,entrance
2026-03-19,Thursday,STU-045,CSE,8,45,281,present,09:03:00,17:08:00,8.08,0,0,1,61.3,0.307,standing,classroom_B
2026-03-19,Thursday,STU-046,BBA,8,46,276,present,09:06:00,15:08:00,6.03,0,0,1,74.5,0.697,walking,classroom_A
2026-03-19,Thursday,STU-047,CSE,5,47,284,present,09:06:00,13:07:00,4.02,0,1,1,28.5,0.829,walking,entrance
2026-03-19,Thursday,STU-048,CSE,4,48,0,absent,,,0.0,0,0,0,0.0,0.0,,
2026-03-19,Thursday,STU-049,CSE,5,49,285,present,09:04:00,17:24:00,8.33,0,0,1,74.4,0.816,walking,entrance
2026-03-19,Thursday,STU-050,CSE,7,50,255,present,09:11:00,15:16:00,6.08,0,0,1,57.9,1.765,walking,entrance
2026-03-22,Sunday,STU-001,CSE,1,1,288,present,10:22:00,16:48:00,6.43,1,0,1,61.1,0.981,walking,entrance
2026-03-22,Sunday,STU-002,EEE,4,2,212,present,08:13:00,15:28:00,7.25,0,0,1,35.0,1.797,walking,classroom_A
2026-03-22,Sunday,STU-003,CSE,3,3,221,present,09:30:00,17:48:00,8.3,0,0,1,72.2,1.442,walking,classroom_B
2026-03-22,Sunday,STU-004,CSE,2,4,201,present,09:16:00,17:28:00,8.2,0,0,1,43.5,1.184,walking,entrance
2026-03-22,Sunday,STU-005,CSE,7,5,243,present,09:07:00,13:59:00,4.87,0,1,1,57.1,1.725,walking,lab
2026-03-22,Sunday,STU-006,CSE,1,6,0,absent,,,0.0,0,0,0,0.0,0.0,,
2026-03-22,Sunday,STU-007,CSE,4,7,256,present,08:29:00,17:45:00,9.27,0,0,1,63.4,0.641,walking,entrance
2026-03-22,Sunday,STU-008,CSE,1,8,239,present,08:26:00,17:33:00,9.12,0,0,1,77.4,1.053,walking,entrance
2026-03-22,Sunday,STU-009,CSE,4,9,286,present,10:38:00,16:19:00,5.68,1,0,1,42.0,0.517,walking,classroom_A
2026-03-22,Sunday,STU-010,CSE,7,10,223,present,08:15:00,16:28:00,8.22,0,0,1,42.7,1.21,walking,entrance
2026-03-22,Sunday,STU-011,CSE,8,11,225,present,09:20:00,15:33:00,6.22,0,0,1,71.1,1.27,walking,classroom_A
2026-03-22,Sunday,STU-012,CSE,5,12,261,present,08:28:00,13:42:00,5.23,0,1,1,78.9,1.025,walking,entrance
2026-03-22,Sunday,STU-013,CSE,3,13,300,present,08:30:00,16:38:00,8.13,0,0,1,27.6,1.74,walking,entrance
2026-03-22,Sunday,STU-014,BBA,6,14,206,present,09:53:00,17:39:00,7.77,1,0,1,25.0,1.397,walking,lab
2026-03-22,Sunday,STU-015,EEE,3,15,227,present,09:25:00,15:50:00,6.42,1,0,1,39.3,1.319,walking,lab
2026-03-22,Sunday,STU-016,CSE,6,16,282,present,09:36:00,16:31:00,6.92,1,0,1,20.1,0.738,walking,entrance
2026-03-22,Sunday,STU-017,CSE,2,17,282,present,09:01:00,13:00:00,3.98,0,1,1,27.9,0.866,walking,classroom_A
2026-03-22,Sunday,STU-018,BBA,2,18,221,present,09:47:00,17:22:00,7.58,1,0,1,72.8,1.192,walking,lab
2026-03-22,Sunday,STU-019,EEE,6,19,288,present,08:08:00,13:17:00,5.15,0,1,1,44.5,0.989,walking,classroom_B
2026-03-22,Sunday,STU-020,CSE,5,20,209,present,08:07:00,17:32:00,9.42,0,0,1,25.8,1.633,walking,classroom_A
2026-03-22,Sunday,STU-021,CSE,8,21,269,present,09:03:00,16:24:00,7.35,0,0,1,23.6,0.766,walking,classroom_A
2026-03-22,Sunday,STU-022,CSE,2,22,294,present,08:11:00,15:02:00,6.85,0,0,1,66.3,0.595,walking,entrance
2026-03-22,Sunday,STU-023,BBA,2,23,286,present,09:07:00,15:15:00,6.13,0,0,1,52.2,1.301,walking,entrance
2026-03-22,Sunday,STU-024,CSE,5,24,261,present,09:19:00,14:41:00,5.37,0,1,1,49.2,0.576,walking,entrance
2026-03-22,Sunday,STU-025,CSE,6,25,214,present,08:24:00,14:58:00,6.57,0,1,1,20.5,0.951,walking,classroom_B
2026-03-22,Sunday,STU-026,CSE,4,26,0,absent,,,0.0,0,0,0,0.0,0.0,,
2026-03-22,Sunday,STU-027,CSE,1,27,0,absent,,,0.0,0,0,0,0.0,0.0,,
2026-03-22,Sunday,STU-028,CSE,5,28,299,present,09:29:00,14:05:00,4.6,1,1,1,65.9,1.176,walking,entrance
2026-03-22,Sunday,STU-029,CSE,4,29,250,present,09:29:00,17:30:00,8.02,0,0,1,28.5,0.816,walking,lab
2026-03-22,Sunday,STU-030,CSE,7,30,214,present,09:02:00,16:46:00,7.73,0,0,1,61.1,1.332,walking,lab
2026-03-22,Sunday,STU-031,EEE,8,31,248,present,09:12:00,17:25:00,8.22,0,0,1,65.9,1.685,walking,lab
2026-03-22,Sunday,STU-032,EEE,3,32,0,absent,,,0.0,0,0,0,0.0,0.0,,
2026-03-22,Sunday,STU-033,EEE,6,33,205,present,08:17:00,17:30:00,9.22,0,0,1,64.8,0.549,walking,classroom_A
2026-03-22,Sunday,STU-034,CSE,5,34,250,present,09:21:00,15:19:00,5.97,0,0,1,37.8,1.629,walking,classroom_A
2026-03-22,Sunday,STU-035,CSE,3,35,299,present,09:30:00,15:51:00,6.35,0,0,1,47.4,0.445,standing,classroom_B
2026-03-22,Sunday,STU-036,CSE,4,36,0,absent,,,0.0,0,0,0,0.0,0.0,,
2026-03-22,Sunday,STU-037,CSE,8,37,233,present,09:17:00,15:56:00,6.65,0,0,1,75.4,1.019,walking,classroom_B
2026-03-22,Sunday,STU-038,BBA,5,38,248,present,09:18:00,16:59:00,7.68,0,0,1,21.3,1.127,walking,classroom_A
2026-03-22,Sunday,STU-039,CSE,4,39,244,present,08:12:00,17:53:00,9.68,0,0,1,24.7,1.165,walking,classroom_A
2026-03-22,Sunday,STU-040,EEE,1,40,242,present,08:21:00,16:59:00,8.63,0,0,1,23.5,1.197,walking,classroom_B
2026-03-22,Sunday,STU-041,CSE,1,41,0,absent,,,0.0,0,0,0,0.0,0.0,,
2026-03-22,Sunday,STU-042,EEE,7,42,0,absent,,,0.0,0,0,0,0.0,0.0,,
2026-03-22,Sunday,STU-043,EEE,2,43,266,present,10:10:00,15:17:00,5.12,1,0,1,48.8,0.589,walking,entrance
2026-03-22,Sunday,STU-044,CSE,6,44,267,present,09:20:00,14:21:00,5.02,0,1,1,60.6,1.219,walking,classroom_B
2026-03-22,Sunday,STU-045,CSE,8,45,217,present,09:19:00,16:10:00,6.85,0,0,1,75.8,0.46,standing,entrance
2026-03-22,Sunday,STU-046,BBA,8,46,268,present,09:13:00,17:06:00,7.88,0,0,1,53.2,1.294,walking,entrance
2026-03-22,Sunday,STU-047,CSE,5,47,212,present,09:13:00,15:26:00,6.22,0,0,1,32.0,0.552,walking,lab
2026-03-22,Sunday,STU-048,CSE,4,48,239,present,08:23:00,16:06:00,7.72,0,0,1,45.1,1.213,walking,classroom_A
2026-03-22,Sunday,STU-049,CSE,5,49,274,present,09:33:00,17:37:00,8.07,1,0,1,58.9,0.38,standing,classroom_A
2026-03-22,Sunday,STU-050,CSE,7,50,287,present,08:15:00,14:22:00,6.12,0,1,1,31.3,1.343,walking,entrance
2026-03-23,Monday,STU-001,CSE,1,1,0,absent,,,0.0,0,0,0,0.0,0.0,,
2026-03-23,Monday,STU-002,EEE,4,2,204,present,09:04:00,17:21:00,8.28,1,0,1,36.1,1.431,walking,entrance
2026-03-23,Monday,STU-003,CSE,3,3,266,present,10:43:00,16:47:00,6.07,1,0,1,37.8,1.465,walking,classroom_A
2026-03-23,Monday,STU-004,CSE,2,4,215,present,08:21:00,17:35:00,9.23,0,0,1,65.5,0.53,walking,classroom_B
2026-03-23,Monday,STU-005,CSE,7,5,234,present,08:29:00,16:06:00,7.62,0,0,1,46.3,0.405,standing,classroom_A
2026-03-23,Monday,STU-006,CSE,1,6,0,absent,,,0.0,0,0,0,0.0,0.0,,
2026-03-23,Monday,STU-007,CSE,4,7,0,absent,,,0.0,0,0,0,0.0,0.0,,
2026-03-23,Monday,STU-008,CSE,1,8,0,absent,,,0.0,0,0,0,0.0,0.0,,
2026-03-23,Monday,STU-009,CSE,4,9,251,present,08:28:00,17:11:00,8.72,0,0,1,62.4,1.517,walking,entrance
2026-03-23,Monday,STU-010,CSE,7,10,232,present,09:11:00,15:46:00,6.58,0,0,1,66.4,0.778,walking,entrance
2026-03-23,Monday,STU-011,CSE,8,11,284,present,09:00:00,16:38:00,7.63,1,0,1,44.0,1.405,walking,entrance
2026-03-23,Monday,STU-012,CSE,5,12,235,present,09:28:00,17:29:00,8.02,0,0,1,28.1,1.672,walking,entrance
2026-03-23,Monday,STU-013,CSE,3,13,224,present,08:22:00,16:40:00,8.3,0,0,1,66.6,0.793,walking,entrance
2026-03-23,Monday,STU-014,BBA,6,14,257,present,09:13:00,16:12:00,6.98,1,0,1,76.1,0.343,standing,classroom_A
2026-03-23,Monday,STU-015,EEE,3,15,0,absent,,,0.0,0,0,0,0.0,0.0,,
2026-03-23,Monday,STU-016,CSE,6,16,0,absent,,,0.0,0,0,0,0.0,0.0,,
2026-03-23,Monday,STU-017,CSE,2,17,267,present,09:41:00,16:06:00,6.42,1,0,1,61.3,1.619,walking,classroom_A
2026-03-23,Monday,STU-018,BBA,2,18,201,present,08:05:00,16:20:00,8.25,0,0,1,38.5,0.441,standing,entrance
2026-03-23,Monday,STU-019,EEE,6,19,285,present,09:24:00,16:09:00,6.75,0,0,1,60.2,0.346,standing,classroom_B
2026-03-23,Monday,STU-020,CSE,5,20,0,absent,,,0.0,0,0,0,0.0,0.0,,
2026-03-23,Monday,STU-021,CSE,8,21,265,present,09:11:00,15:07:00,5.93,0,0,1,60.1,0.939,walking,entrance
2026-03-23,Monday,STU-022,CSE,2,22,279,present,09:03:00,16:12:00,7.15,0,0,1,57.3,1.36,walking,classroom_A
2026-03-23,Monday,STU-023,BBA,2,23,207,present,08:09:00,15:43:00,7.57,0,0,1,58.0,1.063,walking,classroom_A
2026-03-23,Monday,STU-024,CSE,5,24,234,present,08:00:00,16:24:00,8.4,0,0,1,39.2,0.572,walking,classroom_A
2026-03-23,Monday,STU-025,CSE,6,25,0,absent,,,0.0,0,0,0,0.0,0.0,,
2026-03-23,Monday,STU-026,CSE,4,26,229,present,09:19:00,15:36:00,6.28,0,0,1,40.8,1.106,walking,entrance
2026-03-23,Monday,STU-027,CSE,1,27,239,present,09:38:00,17:50:00,8.2,1,0,1,33.8,0.49,standing,classroom_A
2026-03-23,Monday,STU-028,CSE,5,28,266,present,08:08:00,15:51:00,7.72,0,0,1,38.0,1.108,walking,classroom_A
2026-03-23,Monday,STU-029,CSE,4,29,278,present,08:30:00,17:24:00,8.9,0,0,1,46.2,0.682,walking,entrance
2026-03-23,Monday,STU-030,CSE,7,30,0,absent,,,0.0,0,0,0,0.0,0.0,,
2026-03-23,Monday,STU-031,EEE,8,31,202,present,08:12:00,15:35:00,7.38,0,0,1,39.8,0.975,walking,classroom_A
2026-03-23,Monday,STU-032,EEE,3,32,0,absent,,,0.0,0,0,0,0.0,0.0,,
2026-03-23,Monday,STU-033,EEE,6,33,201,present,09:19:00,16:53:00,7.57,0,0,1,57.9,0.673,walking,lab
2026-03-23,Monday,STU-034,CSE,5,34,260,present,09:10:00,17:06:00,7.93,0,0,1,70.4,0.907,walking,entrance
2026-03-23,Monday,STU-035,CSE,3,35,265,present,08:00:00,14:17:00,6.28,0,1,1,28.2,1.724,walking,classroom_A
2026-03-23,Monday,STU-036,CSE,4,36,0,absent,,,0.0,0,0,0,0.0,0.0,,
2026-03-23,Monday,STU-037,CSE,8,37,278,present,09:16:00,16:28:00,7.2,0,0,1,55.3,1.169,walking,lab
2026-03-23,Monday,STU-038,BBA,5,38,0,absent,,,0.0,0,0,0,0.0,0.0,,
2026-03-23,Monday,STU-039,CSE,4,39,0,absent,,,0.0,0,0,0,0.0,0.0,,
2026-03-23,Monday,STU-040,EEE,1,40,0,absent,,,0.0,0,0,0,0.0,0.0,,
2026-03-23,Monday,STU-041,CSE,1,41,297,present,10:39:00,15:05:00,4.43,1,0,1,21.6,0.622,walking,classroom_B
2026-03-23,Monday,STU-042,EEE,7,42,0,absent,,,0.0,0,0,0,0.0,0.0,,
2026-03-23,Monday,STU-043,EEE,2,43,283,present,09:26:00,16:46:00,7.33,0,0,1,39.5,0.808,walking,lab
2026-03-23,Monday,STU-044,CSE,6,44,236,present,09:08:00,17:43:00,8.58,0,0,1,30.8,1.341,walking,classroom_B
2026-03-23,Monday,STU-045,CSE,8,45,202,present,09:00:00,16:20:00,7.33,0,0,1,65.6,1.269,walking,lab
2026-03-23,Monday,STU-046,BBA,8,46,295,present,08:15:00,15:08:00,6.88,0,0,1,69.5,1.652,walking,classroom_A
2026-03-23,Monday,STU-047,CSE,5,47,204,present,08:28:00,16:07:00,7.65,0,0,1,38.0,1.567,walking,classroom_B
2026-03-23,Monday,STU-048,CSE,4,48,0,absent,,,0.0,0,0,0,0.0,0.0,,
2026-03-23,Monday,STU-049,CSE,5,49,265,present,09:13:00,16:55:00,7.7,0,0,1,69.9,1.789,walking,entrance
2026-03-23,Monday,STU-050,CSE,7,50,206,present,09:18:00,17:26:00,8.13,0,0,1,71.6,1.307,walking,classroom_A
2026-03-24,Tuesday,STU-001,CSE,1,1,248,present,09:01:00,15:28:00,6.45,1,0,1,53.0,1.202,walking,entrance
2026-03-24,Tuesday,STU-002,EEE,4,2,290,present,09:20:00,16:09:00,6.82,0,0,1,74.4,1.035,walking,classroom_B
2026-03-24,Tuesday,STU-003,CSE,3,3,295,present,09:24:00,15:03:00,5.65,1,0,1,76.7,0.934,walking,classroom_B
2026-03-24,Tuesday,STU-004,CSE,2,4,291,present,09:12:00,17:24:00,8.2,0,0,1,64.8,0.667,walking,entrance
2026-03-24,Tuesday,STU-005,CSE,7,5,295,present,09:23:00,16:05:00,6.7,1,0,1,48.6,1.653,walking,lab
2026-03-24,Tuesday,STU-006,CSE,1,6,222,present,09:08:00,16:29:00,7.35,0,0,1,73.2,1.313,walking,classroom_A
2026-03-24,Tuesday,STU-007,CSE,4,7,0,absent,,,0.0,0,0,0,0.0,0.0,,
2026-03-24,Tuesday,STU-008,CSE,1,8,278,present,10:52:00,16:49:00,5.95,1,0,1,71.5,0.709,walking,classroom_B
2026-03-24,Tuesday,STU-009,CSE,4,9,0,absent,,,0.0,0,0,0,0.0,0.0,,
2026-03-24,Tuesday,STU-010,CSE,7,10,203,present,10:54:00,17:29:00,6.58,1,0,1,67.2,1.743,walking,classroom_A
2026-03-24,Tuesday,STU-011,CSE,8,11,261,present,09:00:00,15:01:00,6.02,0,0,1,77.5,0.932,walking,classroom_B
2026-03-24,Tuesday,STU-012,CSE,5,12,299,present,09:02:00,14:49:00,5.78,0,1,1,32.5,0.612,walking,entrance
2026-03-24,Tuesday,STU-013,CSE,3,13,292,present,10:47:00,14:23:00,3.6,1,1,1,43.9,1.059,walking,classroom_A
2026-03-24,Tuesday,STU-014,BBA,6,14,223,present,09:20:00,16:15:00,6.92,0,0,1,40.5,1.671,walking,classroom_A
2026-03-24,Tuesday,STU-015,EEE,3,15,273,present,09:55:00,16:29:00,6.57,1,0,1,21.7,1.405,walking,entrance
2026-03-24,Tuesday,STU-016,CSE,6,16,276,present,09:26:00,15:38:00,6.2,0,0,1,61.4,1.053,walking,lab
2026-03-24,Tuesday,STU-017,CSE,2,17,0,absent,,,0.0,0,0,0,0.0,0.0,,
2026-03-24,Tuesday,STU-018,BBA,2,18,239,present,08:23:00,16:25:00,8.03,0,0,1,45.6,1.395,walking,lab
2026-03-24,Tuesday,STU-019,EEE,6,19,0,absent,,,0.0,0,0,0,0.0,0.0,,
2026-03-24,Tuesday,STU-020,CSE,5,20,251,present,09:21:00,14:46:00,5.42,0,1,1,55.0,1.307,walking,lab
2026-03-24,Tuesday,STU-021,CSE,8,21,275,present,09:22:00,16:21:00,6.98,0,0,1,78.7,0.862,walking,entrance
2026-03-24,Tuesday,STU-022,CSE,2,22,254,present,08:00:00,17:45:00,9.75,0,0,1,31.2,1.662,walking,entrance
2026-03-24,Tuesday,STU-023,BBA,2,23,0,absent,,,0.0,0,0,0,0.0,0.0,,
2026-03-24,Tuesday,STU-024,CSE,5,24,211,present,08:02:00,16:04:00,8.03,0,0,1,33.0,1.098,walking,lab
2026-03-24,Tuesday,STU-025,CSE,6,25,294,present,08:06:00,15:16:00,7.17,0,0,1,47.2,1.051,walking,classroom_A
2026-03-24,Tuesday,STU-026,CSE,4,26,202,present,08:00:00,17:16:00,9.27,0,0,1,36.9,1.695,walking,classroom_A
2026-03-24,Tuesday,STU-027,CSE,1,27,287,present,08:26:00,15:34:00,7.13,0,0,1,74.9,1.35,walking,lab
2026-03-24,Tuesday,STU-028,CSE,5,28,0,absent,,,0.0,0,0,0,0.0,0.0,,
2026-03-24,Tuesday,STU-029,CSE,4,29,201,present,09:13:00,15:32:00,6.32,1,0,1,60.5,0.512,walking,classroom_B
2026-03-24,Tuesday,STU-030,CSE,7,30,0,absent,,,0.0,0,0,0,0.0,0.0,,
2026-03-24,Tuesday,STU-031,EEE,8,31,268,present,08:11:00,17:59:00,9.8,0,0,1,51.6,0.847,walking,classroom_A
2026-03-24,Tuesday,STU-032,EEE,3,32,266,present,09:28:00,17:03:00,7.58,0,0,1,68.5,0.755,walking,entrance
2026-03-24,Tuesday,STU-033,EEE,6,33,0,absent,,,0.0,0,0,0,0.0,0.0,,
2026-03-24,Tuesday,STU-034,CSE,5,34,226,present,08:12:00,17:11:00,8.98,0,0,1,32.9,1.714,walking,entrance
2026-03-24,Tuesday,STU-035,CSE,3,35,225,present,08:17:00,15:46:00,7.48,0,0,1,23.3,1.741,walking,entrance
2026-03-24,Tuesday,STU-036,CSE,4,36,213,present,09:45:00,15:19:00,5.57,1,0,1,74.9,1.334,walking,classroom_B
2026-03-24,Tuesday,STU-037,CSE,8,37,240,present,08:26:00,15:11:00,6.75,0,0,1,23.8,0.532,walking,classroom_A
2026-03-24,Tuesday,STU-038,BBA,5,38,0,absent,,,0.0,0,0,0,0.0,0.0,,
2026-03-24,Tuesday,STU-039,CSE,4,39,206,present,09:21:00,16:23:00,7.03,1,0,1,31.7,1.728,walking,classroom_B
2026-03-24,Tuesday,STU-040,EEE,1,40,212,present,09:00:00,17:05:00,8.08,0,0,1,60.3,1.641,walking,lab
2026-03-24,Tuesday,STU-041,CSE,1,41,230,present,09:10:00,17:53:00,8.72,0,0,1,62.5,1.424,walking,classroom_B
2026-03-24,Tuesday,STU-042,EEE,7,42,0,absent,,,0.0,0,0,0,0.0,0.0,,
2026-03-24,Tuesday,STU-043,EEE,2,43,234,present,08:04:00,17:54:00,9.83,0,0,1,74.3,0.812,walking,entrance
2026-03-24,Tuesday,STU-044,CSE,6,44,248,present,08:00:00,15:58:00,7.97,0,0,1,61.7,1.773,walking,lab
2026-03-24,Tuesday,STU-045,CSE,8,45,251,present,09:10:00,15:51:00,6.68,1,0,1,64.4,1.103,walking,lab
2026-03-24,Tuesday,STU-046,BBA,8,46,0,absent,,,0.0,0,0,0,0.0,0.0,,
2026-03-24,Tuesday,STU-047,CSE,5,47,279,present,09:29:00,15:41:00,6.2,0,0,1,66.9,1.153,walking,lab
2026-03-24,Tuesday,STU-048,CSE,4,48,201,present,10:31:00,17:05:00,6.57,1,0,1,64.7,0.818,walking,classroom_A
2026-03-24,Tuesday,STU-049,CSE,5,49,0,absent,,,0.0,0,0,0,0.0,0.0,,
2026-03-24,Tuesday,STU-050,CSE,7,50,0,absent,,,0.0,0,0,0,0.0,0.0,,
2026-03-25,Wednesday,STU-001,CSE,1,1,282,present,09:01:00,15:09:00,6.13,0,0,1,21.8,1.292,walking,classroom_B
2026-03-25,Wednesday,STU-002,EEE,4,2,244,present,09:25:00,16:07:00,6.7,0,0,1,28.7,0.433,standing,classroom_B
2026-03-25,Wednesday,STU-003,CSE,3,3,0,absent,,,0.0,0,0,0,0.0,0.0,,
2026-03-25,Wednesday,STU-004,CSE,2,4,0,absent,,,0.0,0,0,0,0.0,0.0,,
2026-03-25,Wednesday,STU-005,CSE,7,5,0,absent,,,0.0,0,0,0,0.0,0.0,,
2026-03-25,Wednesday,STU-006,CSE,1,6,222,present,10:01:00,15:18:00,5.28,1,0,1,53.1,1.487,walking,classroom_A
2026-03-25,Wednesday,STU-007,CSE,4,7,277,present,09:28:00,16:51:00,7.38,0,0,1,43.9,1.749,walking,entrance
2026-03-25,Wednesday,STU-008,CSE,1,8,212,present,09:13:00,17:16:00,8.05,0,0,1,32.3,1.651,walking,classroom_B
2026-03-25,Wednesday,STU-009,CSE,4,9,256,present,08:16:00,17:32:00,9.27,0,0,1,75.6,1.392,walking,lab
2026-03-25,Wednesday,STU-010,CSE,7,10,216,present,08:02:00,17:03:00,9.02,0,0,1,45.0,1.628,walking,classroom_A
2026-03-25,Wednesday,STU-011,CSE,8,11,235,present,09:51:00,15:35:00,5.73,1,0,1,42.9,1.023,walking,classroom_B
2026-03-25,Wednesday,STU-012,CSE,5,12,292,present,08:06:00,15:21:00,7.25,0,0,1,27.3,1.395,walking,classroom_B
2026-03-25,Wednesday,STU-013,CSE,3,13,272,present,09:09:00,13:16:00,4.12,0,1,1,47.6,1.397,walking,classroom_B
2026-03-25,Wednesday,STU-014,BBA,6,14,207,present,09:28:00,14:30:00,5.03,0,1,1,32.9,1.53,walking,classroom_B
2026-03-25,Wednesday,STU-015,EEE,3,15,266,present,09:00:00,16:55:00,7.92,0,0,1,50.6,0.906,walking,lab
2026-03-25,Wednesday,STU-016,CSE,6,16,284,present,08:18:00,16:49:00,8.52,0,0,1,59.8,1.102,walking,classroom_A
2026-03-25,Wednesday,STU-017,CSE,2,17,247,present,08:24:00,17:13:00,8.82,0,0,1,29.3,0.615,walking,lab
2026-03-25,Wednesday,STU-018,BBA,2,18,281,present,09:21:00,16:31:00,7.17,0,0,1,74.4,1.043,walking,entrance
2026-03-25,Wednesday,STU-019,EEE,6,19,273,present,08:15:00,17:17:00,9.03,0,0,1,54.5,1.012,walking,classroom_A
2026-03-25,Wednesday,STU-020,CSE,5,20,276,present,09:10:00,17:50:00,8.67,0,0,1,62.5,1.243,walking,lab
2026-03-25,Wednesday,STU-021,CSE,8,21,0,absent,,,0.0,0,0,0,0.0,0.0,,
2026-03-25,Wednesday,STU-022,CSE,2,22,297,present,09:16:00,15:27:00,6.18,0,0,1,46.6,0.48,standing,entrance
2026-03-25,Wednesday,STU-023,BBA,2,23,209,present,09:07:00,16:22:00,7.25,0,0,1,67.2,1.451,walking,lab
2026-03-25,Wednesday,STU-024,CSE,5,24,272,present,09:07:00,15:58:00,6.85,0,0,1,68.5,1.733,walking,classroom_B
2026-03-25,Wednesday,STU-025,CSE,6,25,241,present,09:25:00,15:05:00,5.67,1,0,1,65.5,1.163,walking,classroom_A
2026-03-25,Wednesday,STU-026,CSE,4,26,284,present,10:48:00,17:13:00,6.42,1,0,1,38.3,1.2,walking,lab
2026-03-25,Wednesday,STU-027,CSE,1,27,264,present,09:13:00,15:05:00,5.87,0,0,1,68.3,1.756,walking,classroom_B
2026-03-25,Wednesday,STU-028,CSE,5,28,295,present,08:02:00,16:55:00,8.88,0,0,1,33.2,0.663,walking,lab
2026-03-25,Wednesday,STU-029,CSE,4,29,231,present,10:20:00,16:56:00,6.6,1,0,1,20.9,1.179,walking,lab
2026-03-25,Wednesday,STU-030,CSE,7,30,0,absent,,,0.0,0,0,0,0.0,0.0,,
2026-03-25,Wednesday,STU-031,EEE,8,31,242,present,09:20:00,16:08:00,6.8,0,0,1,22.9,1.424,walking,lab
2026-03-25,Wednesday,STU-032,EEE,3,32,244,present,08:03:00,15:45:00,7.7,0,0,1,51.8,0.913,walking,classroom_A
2026-03-25,Wednesday,STU-033,EEE,6,33,300,present,09:56:00,16:20:00,6.4,1,0,1,63.4,1.274,walking,classroom_A
2026-03-25,Wednesday,STU-034,CSE,5,34,0,absent,,,0.0,0,0,0,0.0,0.0,,
2026-03-25,Wednesday,STU-035,CSE,3,35,227,present,08:02:00,16:11:00,8.15,0,0,1,45.0,1.714,walking,classroom_B
2026-03-25,Wednesday,STU-036,CSE,4,36,261,present,09:00:00,17:49:00,8.82,0,0,1,69.9,1.545,walking,entrance
2026-03-25,Wednesday,STU-037,CSE,8,37,0,absent,,,0.0,0,0,0,0.0,0.0,,
2026-03-25,Wednesday,STU-038,BBA,5,38,0,absent,,,0.0,0,0,0,0.0,0.0,,
2026-03-25,Wednesday,STU-039,CSE,4,39,212,present,09:02:00,17:44:00,8.7,0,0,1,36.6,1.49,walking,classroom_A
2026-03-25,Wednesday,STU-040,EEE,1,40,231,present,09:19:00,17:48:00,8.48,0,0,1,60.4,1.076,walking,classroom_B
2026-03-25,Wednesday,STU-041,CSE,1,41,261,present,09:11:00,16:37:00,7.43,0,0,1,73.9,0.328,standing,classroom_B
2026-03-25,Wednesday,STU-042,EEE,7,42,260,present,08:20:00,15:49:00,7.48,0,0,1,45.9,1.286,walking,entrance
2026-03-25,Wednesday,STU-043,EEE,2,43,206,present,08:23:00,14:49:00,6.43,0,1,1,56.7,1.03,walking,classroom_A
2026-03-25,Wednesday,STU-044,CSE,6,44,215,present,09:14:00,15:42:00,6.47,0,0,1,22.9,1.725,walking,classroom_B
2026-03-25,Wednesday,STU-045,CSE,8,45,0,absent,,,0.0,0,0,0,0.0,0.0,,
2026-03-25,Wednesday,STU-046,BBA,8,46,217,present,08:26:00,16:44:00,8.3,0,0,1,52.2,0.559,walking,classroom_B
2026-03-25,Wednesday,STU-047,CSE,5,47,239,present,08:07:00,17:46:00,9.65,0,0,1,58.0,0.443,standing,classroom_B
2026-03-25,Wednesday,STU-048,CSE,4,48,247,present,09:04:00,15:34:00,6.5,0,0,1,42.0,0.824,walking,entrance
2026-03-25,Wednesday,STU-049,CSE,5,49,264,present,09:15:00,16:53:00,7.63,0,0,1,49.3,0.447,standing,lab
2026-03-25,Wednesday,STU-050,CSE,7,50,227,present,09:20:00,15:26:00,6.1,0,0,1,30.1,1.412,walking,classroom_B
2026-03-26,Thursday,STU-001,CSE,1,1,232,present,09:12:00,16:40:00,7.47,0,0,1,63.0,1.394,walking,lab
2026-03-26,Thursday,STU-002,EEE,4,2,243,present,08:09:00,16:45:00,8.6,0,0,1,39.2,1.792,walking,classroom_A
2026-03-26,Thursday,STU-003,CSE,3,3,249,present,09:01:00,15:12:00,6.18,0,0,1,56.5,0.451,standing,entrance
2026-03-26,Thursday,STU-004,CSE,2,4,258,present,09:48:00,17:02:00,7.23,1,0,1,76.4,1.159,walking,classroom_B
2026-03-26,Thursday,STU-005,CSE,7,5,290,present,08:30:00,16:43:00,8.22,0,0,1,25.9,0.534,walking,classroom_B
2026-03-26,Thursday,STU-006,CSE,1,6,0,absent,,,0.0,0,0,0,0.0,0.0,,
2026-03-26,Thursday,STU-007,CSE,4,7,254,present,09:14:00,15:22:00,6.13,0,0,1,79.9,1.03,walking,classroom_A
2026-03-26,Thursday,STU-008,CSE,1,8,268,present,09:01:00,16:08:00,7.12,0,0,1,28.0,0.622,walking,entrance
2026-03-26,Thursday,STU-009,CSE,4,9,206,present,08:24:00,15:04:00,6.67,0,0,1,36.3,1.205,walking,classroom_B
2026-03-26,Thursday,STU-010,CSE,7,10,0,absent,,,0.0,0,0,0,0.0,0.0,,
2026-03-26,Thursday,STU-011,CSE,8,11,298,present,08:10:00,17:36:00,9.43,0,0,1,44.8,1.53,walking,entrance
2026-03-26,Thursday,STU-012,CSE,5,12,258,present,08:22:00,17:00:00,8.63,0,0,1,59.9,1.31,walking,classroom_A
2026-03-26,Thursday,STU-013,CSE,3,13,222,present,09:17:00,16:52:00,7.58,0,0,1,21.5,1.761,walking,classroom_B
2026-03-26,Thursday,STU-014,BBA,6,14,0,absent,,,0.0,0,0,0,0.0,0.0,,
2026-03-26,Thursday,STU-015,EEE,3,15,0,absent,,,0.0,0,0,0,0.0,0.0,,
2026-03-26,Thursday,STU-016,CSE,6,16,274,present,08:04:00,17:24:00,9.33,0,0,1,45.7,0.456,standing,classroom_A
2026-03-26,Thursday,STU-017,CSE,2,17,0,absent,,,0.0,0,0,0,0.0,0.0,,
2026-03-26,Thursday,STU-018,BBA,2,18,274,present,08:10:00,16:05:00,7.92,0,0,1,75.4,1.034,walking,classroom_A
2026-03-26,Thursday,STU-019,EEE,6,19,234,present,09:24:00,16:16:00,6.87,0,0,1,57.8,0.866,walking,classroom_B
2026-03-26,Thursday,STU-020,CSE,5,20,298,present,09:08:00,15:07:00,5.98,0,0,1,51.2,1.331,walking,classroom_B
2026-03-26,Thursday,STU-021,CSE,8,21,282,present,08:21:00,15:13:00,6.87,0,0,1,53.2,1.265,walking,entrance
2026-03-26,Thursday,STU-022,CSE,2,22,235,present,09:16:00,15:34:00,6.3,0,0,1,66.7,1.593,walking,entrance
2026-03-26,Thursday,STU-023,BBA,2,23,0,absent,,,0.0,0,0,0,0.0,0.0,,
2026-03-26,Thursday,STU-024,CSE,5,24,0,absent,,,0.0,0,0,0,0.0,0.0,,
2026-03-26,Thursday,STU-025,CSE,6,25,221,present,10:17:00,15:07:00,4.83,1,0,1,31.1,1.113,walking,lab
2026-03-26,Thursday,STU-026,CSE,4,26,201,present,09:29:00,16:02:00,6.55,0,0,1,63.9,1.787,walking,lab
2026-03-26,Thursday,STU-027,CSE,1,27,0,absent,,,0.0,0,0,0,0.0,0.0,,
2026-03-26,Thursday,STU-028,CSE,5,28,208,present,10:00:00,17:30:00,7.5,1,0,1,61.3,1.255,walking,classroom_A
2026-03-26,Thursday,STU-029,CSE,4,29,273,present,10:35:00,14:06:00,3.52,1,1,1,50.1,0.634,walking,classroom_A
2026-03-26,Thursday,STU-030,CSE,7,30,259,present,09:20:00,16:16:00,6.93,0,0,1,56.9,0.748,walking,entrance
2026-03-26,Thursday,STU-031,EEE,8,31,272,present,08:19:00,16:50:00,8.52,0,0,1,74.7,0.35,standing,lab
2026-03-26,Thursday,STU-032,EEE,3,32,270,present,09:45:00,16:43:00,6.97,1,0,1,23.2,0.404,standing,classroom_B
2026-03-26,Thursday,STU-033,EEE,6,33,215,present,08:18:00,15:29:00,7.18,0,0,1,36.6,1.741,walking,classroom_A
2026-03-26,Thursday,STU-034,CSE,5,34,217,present,08:24:00,15:25:00,7.02,0,0,1,67.8,0.561,walking,lab
2026-03-26,Thursday,STU-035,CSE,3,35,0,absent,,,0.0,0,0,0,0.0,0.0,,
2026-03-26,Thursday,STU-036,CSE,4,36,0,absent,,,0.0,0,0,0,0.0,0.0,,
2026-03-26,Thursday,STU-037,CSE,8,37,0,absent,,,0.0,0,0,0,0.0,0.0,,
2026-03-26,Thursday,STU-038,BBA,5,38,264,present,08:06:00,16:34:00,8.47,0,0,1,33.8,1.541,walking,classroom_A
2026-03-26,Thursday,STU-039,CSE,4,39,239,present,10:23:00,16:54:00,6.52,1,0,1,25.1,0.807,walking,classroom_B
2026-03-26,Thursday,STU-040,EEE,1,40,206,present,09:03:00,13:47:00,4.73,0,1,1,24.9,1.661,walking,entrance
2026-03-26,Thursday,STU-041,CSE,1,41,272,present,10:23:00,17:37:00,7.23,1,0,1,62.4,1.167,walking,classroom_A
2026-03-26,Thursday,STU-042,EEE,7,42,0,absent,,,0.0,0,0,0,0.0,0.0,,
2026-03-26,Thursday,STU-043,EEE,2,43,252,present,08:27:00,15:12:00,6.75,0,0,1,22.0,1.05,walking,entrance
2026-03-26,Thursday,STU-044,CSE,6,44,229,present,10:00:00,16:16:00,6.27,1,0,1,52.5,1.441,walking,classroom_B
2026-03-26,Thursday,STU-045,CSE,8,45,285,present,08:24:00,16:29:00,8.08,0,0,1,47.9,0.953,walking,entrance
2026-03-26,Thursday,STU-046,BBA,8,46,297,present,09:21:00,15:53:00,6.53,0,0,1,24.8,1.009,walking,classroom_A
2026-03-26,Thursday,STU-047,CSE,5,47,296,present,09:23:00,17:28:00,8.08,0,0,1,40.0,1.775,walking,classroom_B
2026-03-26,Thursday,STU-048,CSE,4,48,238,present,09:17:00,17:54:00,8.62,0,0,1,22.6,1.351,walking,lab
2026-03-26,Thursday,STU-049,CSE,5,49,261,present,09:22:00,16:54:00,7.53,1,0,1,37.4,0.377,standing,classroom_B
2026-03-26,Thursday,STU-050,CSE,7,50,273,present,09:13:00,15:06:00,5.88,0,0,1,23.1,1.009,walking,classroom_B
2026-03-29,Sunday,STU-001,CSE,1,1,258,present,09:13:00,15:32:00,6.32,0,0,1,53.9,0.528,walking,lab
2026-03-29,Sunday,STU-002,EEE,4,2,201,present,09:30:00,15:48:00,6.3,0,0,1,32.2,1.213,walking,classroom_B
2026-03-29,Sunday,STU-003,CSE,3,3,276,present,09:00:00,16:46:00,7.77,0,0,1,55.4,0.573,walking,lab
2026-03-29,Sunday,STU-004,CSE,2,4,258,present,09:01:00,16:56:00,7.92,0,0,1,46.4,0.959,walking,classroom_B
2026-03-29,Sunday,STU-005,CSE,7,5,295,present,09:04:00,16:29:00,7.42,0,0,1,55.4,1.512,walking,lab
2026-03-29,Sunday,STU-006,CSE,1,6,0,absent,,,0.0,0,0,0,0.0,0.0,,
2026-03-29,Sunday,STU-007,CSE,4,7,284,present,09:03:00,17:26:00,8.38,0,0,1,30.3,1.489,walking,lab
2026-03-29,Sunday,STU-008,CSE,1,8,0,absent,,,0.0,0,0,0,0.0,0.0,,
2026-03-29,Sunday,STU-009,CSE,4,9,227,present,09:43:00,15:03:00,5.33,1,0,1,67.3,1.225,walking,classroom_A
2026-03-29,Sunday,STU-010,CSE,7,10,233,present,08:26:00,16:36:00,8.17,0,0,1,79.1,1.362,walking,entrance
2026-03-29,Sunday,STU-011,CSE,8,11,276,present,10:28:00,16:20:00,5.87,1,0,1,66.7,0.758,walking,classroom_A
2026-03-29,Sunday,STU-012,CSE,5,12,271,present,08:01:00,16:16:00,8.25,0,0,1,51.9,0.804,walking,lab
2026-03-29,Sunday,STU-013,CSE,3,13,267,present,09:16:00,16:19:00,7.05,1,0,1,74.3,1.503,walking,classroom_B
2026-03-29,Sunday,STU-014,BBA,6,14,254,present,09:04:00,15:30:00,6.43,0,0,1,53.4,1.126,walking,lab
2026-03-29,Sunday,STU-015,EEE,3,15,209,present,09:46:00,15:10:00,5.4,1,0,1,27.3,1.676,walking,entrance
2026-03-29,Sunday,STU-016,CSE,6,16,275,present,09:17:00,16:59:00,7.7,0,0,1,32.5,1.464,walking,classroom_A
2026-03-29,Sunday,STU-017,CSE,2,17,289,present,09:05:00,17:31:00,8.43,0,0,1,32.2,0.414,standing,classroom_A
2026-03-29,Sunday,STU-018,BBA,2,18,250,present,08:18:00,16:58:00,8.67,0,0,1,60.0,0.765,walking,entrance
2026-03-29,Sunday,STU-019,EEE,6,19,222,present,08:15:00,14:05:00,5.83,0,1,1,62.1,1.091,walking,classroom_B
2026-03-29,Sunday,STU-020,CSE,5,20,210,present,08:21:00,17:41:00,9.33,0,0,1,65.1,1.385,walking,lab
2026-03-29,Sunday,STU-021,CSE,8,21,289,present,09:08:00,17:08:00,8.0,0,0,1,59.5,0.402,standing,classroom_B
2026-03-29,Sunday,STU-022,CSE,2,22,273,present,08:24:00,13:25:00,5.02,0,1,1,60.9,0.971,walking,classroom_B
2026-03-29,Sunday,STU-023,BBA,2,23,224,present,09:01:00,16:18:00,7.28,0,0,1,64.1,0.602,walking,classroom_B
2026-03-29,Sunday,STU-024,CSE,5,24,211,present,08:12:00,17:00:00,8.8,0,0,1,45.6,1.597,walking,classroom_B
2026-03-29,Sunday,STU-025,CSE,6,25,279,present,09:15:00,14:32:00,5.28,0,1,1,62.2,1.251,walking,entrance
2026-03-29,Sunday,STU-026,CSE,4,26,279,present,10:31:00,16:42:00,6.18,1,0,1,27.9,0.494,standing,entrance
2026-03-29,Sunday,STU-027,CSE,1,27,290,present,08:17:00,16:08:00,7.85,0,0,1,34.3,0.524,walking,lab
2026-03-29,Sunday,STU-028,CSE,5,28,213,present,08:24:00,16:32:00,8.13,0,0,1,29.7,0.816,walking,classroom_B
2026-03-29,Sunday,STU-029,CSE,4,29,221,present,09:51:00,16:05:00,6.23,1,0,1,36.9,1.76,walking,lab
2026-03-29,Sunday,STU-030,CSE,7,30,0,absent,,,0.0,0,0,0,0.0,0.0,,
2026-03-29,Sunday,STU-031,EEE,8,31,0,absent,,,0.0,0,0,0,0.0,0.0,,
2026-03-29,Sunday,STU-032,EEE,3,32,249,present,09:17:00,15:37:00,6.33,0,0,1,44.7,0.495,standing,entrance
2026-03-29,Sunday,STU-033,EEE,6,33,297,present,08:09:00,16:46:00,8.62,0,0,1,47.0,1.686,walking,lab
2026-03-29,Sunday,STU-034,CSE,5,34,243,present,10:19:00,16:12:00,5.88,1,0,1,57.8,1.59,walking,lab
2026-03-29,Sunday,STU-035,CSE,3,35,291,present,09:11:00,16:57:00,7.77,0,0,1,44.4,1.577,walking,classroom_A
2026-03-29,Sunday,STU-036,CSE,4,36,234,present,08:19:00,15:48:00,7.48,0,0,1,68.4,1.692,walking,entrance
2026-03-29,Sunday,STU-037,CSE,8,37,236,present,09:30:00,13:46:00,4.27,0,1,1,23.0,0.314,standing,entrance
2026-03-29,Sunday,STU-038,BBA,5,38,299,present,09:04:00,15:25:00,6.35,0,0,1,42.9,1.754,walking,classroom_A
2026-03-29,Sunday,STU-039,CSE,4,39,297,present,09:14:00,17:14:00,8.0,1,0,1,23.2,0.427,standing,classroom_B
2026-03-29,Sunday,STU-040,EEE,1,40,290,present,09:43:00,16:15:00,6.53,1,0,1,26.5,0.47,standing,lab
2026-03-29,Sunday,STU-041,CSE,1,41,300,present,08:08:00,16:26:00,8.3,0,0,1,54.3,0.319,standing,entrance
2026-03-29,Sunday,STU-042,EEE,7,42,234,present,09:13:00,17:33:00,8.33,1,0,1,79.1,0.973,walking,classroom_B
2026-03-29,Sunday,STU-043,EEE,2,43,300,present,09:19:00,16:58:00,7.65,0,0,1,61.6,1.015,walking,entrance
2026-03-29,Sunday,STU-044,CSE,6,44,293,present,08:05:00,15:47:00,7.7,0,0,1,38.1,1.469,walking,lab
2026-03-29,Sunday,STU-045,CSE,8,45,258,present,08:18:00,13:27:00,5.15,0,1,1,38.0,0.91,walking,classroom_B
2026-03-29,Sunday,STU-046,BBA,8,46,222,present,09:10:00,15:45:00,6.58,0,0,1,75.3,1.262,walking,entrance
2026-03-29,Sunday,STU-047,CSE,5,47,273,present,09:47:00,16:51:00,7.07,1,0,1,71.8,0.637,walking,classroom_A
2026-03-29,Sunday,STU-048,CSE,4,48,275,present,08:08:00,15:47:00,7.65,0,0,1,66.7,1.598,walking,classroom_B
2026-03-29,Sunday,STU-049,CSE,5,49,231,present,09:14:00,17:06:00,7.87,0,0,1,73.5,0.33,standing,lab
2026-03-29,Sunday,STU-050,CSE,7,50,222,present,08:01:00,15:27:00,7.43,0,0,1,38.6,0.529,walking,lab
2026-03-30,Monday,STU-001,CSE,1,1,229,present,09:06:00,16:10:00,7.07,0,0,1,23.3,0.82,walking,classroom_B
2026-03-30,Monday,STU-002,EEE,4,2,246,present,09:20:00,13:31:00,4.18,1,1,1,62.5,1.721,walking,classroom_B
2026-03-30,Monday,STU-003,CSE,3,3,282,present,09:20:00,15:17:00,5.95,0,0,1,29.1,1.527,walking,classroom_B
2026-03-30,Monday,STU-004,CSE,2,4,265,present,09:23:00,15:08:00,5.75,1,0,1,39.2,1.501,walking,entrance
2026-03-30,Monday,STU-005,CSE,7,5,202,present,09:54:00,17:56:00,8.03,1,0,1,40.7,0.824,walking,classroom_A
2026-03-30,Monday,STU-006,CSE,1,6,263,present,08:19:00,16:07:00,7.8,0,0,1,40.0,1.587,walking,classroom_B
2026-03-30,Monday,STU-007,CSE,4,7,0,absent,,,0.0,0,0,0,0.0,0.0,,
2026-03-30,Monday,STU-008,CSE,1,8,252,present,08:30:00,17:08:00,8.63,0,0,1,78.8,0.669,walking,lab
2026-03-30,Monday,STU-009,CSE,4,9,291,present,08:21:00,17:42:00,9.35,0,0,1,41.9,0.949,walking,classroom_B
2026-03-30,Monday,STU-010,CSE,7,10,0,absent,,,0.0,0,0,0,0.0,0.0,,
2026-03-30,Monday,STU-011,CSE,8,11,249,present,09:18:00,16:38:00,7.33,1,0,1,53.7,1.051,walking,classroom_B
2026-03-30,Monday,STU-012,CSE,5,12,203,present,08:09:00,15:44:00,7.58,0,0,1,77.9,1.669,walking,entrance
2026-03-30,Monday,STU-013,CSE,3,13,206,present,09:58:00,16:46:00,6.8,1,0,1,25.8,1.399,walking,classroom_A
2026-03-30,Monday,STU-014,BBA,6,14,250,present,08:17:00,15:17:00,7.0,0,0,1,68.0,1.285,walking,lab
2026-03-30,Monday,STU-015,EEE,3,15,287,present,10:45:00,16:05:00,5.33,1,0,1,51.6,0.83,walking,lab
2026-03-30,Monday,STU-016,CSE,6,16,268,present,08:21:00,16:25:00,8.07,0,0,1,65.5,1.438,walking,lab
2026-03-30,Monday,STU-017,CSE,2,17,270,present,09:45:00,15:46:00,6.02,1,0,1,58.3,0.468,standing,classroom_B
2026-03-30,Monday,STU-018,BBA,2,18,292,present,09:13:00,16:33:00,7.33,0,0,1,33.4,1.368,walking,entrance
2026-03-30,Monday,STU-019,EEE,6,19,272,present,09:30:00,17:37:00,8.12,0,0,1,57.7,0.857,walking,classroom_B
2026-03-30,Monday,STU-020,CSE,5,20,272,present,09:14:00,16:24:00,7.17,0,0,1,48.8,0.353,standing,lab
2026-03-30,Monday,STU-021,CSE,8,21,212,present,09:02:00,16:48:00,7.77,0,0,1,49.5,0.426,standing,classroom_B
2026-03-30,Monday,STU-022,CSE,2,22,211,present,09:26:00,16:15:00,6.82,0,0,1,75.6,1.056,walking,lab
2026-03-30,Monday,STU-023,BBA,2,23,0,absent,,,0.0,0,0,0,0.0,0.0,,
2026-03-30,Monday,STU-024,CSE,5,24,290,present,09:13:00,15:15:00,6.03,0,0,1,66.2,1.015,walking,classroom_A
2026-03-30,Monday,STU-025,CSE,6,25,247,present,09:03:00,15:53:00,6.83,0,0,1,44.9,0.725,walking,lab
2026-03-30,Monday,STU-026,CSE,4,26,241,present,10:42:00,14:52:00,4.17,1,1,1,37.4,0.336,standing,entrance
2026-03-30,Monday,STU-027,CSE,1,27,263,present,08:21:00,17:53:00,9.53,0,0,1,32.5,0.902,walking,lab
2026-03-30,Monday,STU-028,CSE,5,28,298,present,10:06:00,15:12:00,5.1,1,0,1,67.9,0.723,walking,classroom_A
2026-03-30,Monday,STU-029,CSE,4,29,228,present,09:18:00,15:39:00,6.35,1,0,1,38.4,1.779,walking,lab
2026-03-30,Monday,STU-030,CSE,7,30,265,present,10:20:00,16:48:00,6.47,1,0,1,43.2,1.229,walking,classroom_A
2026-03-30,Monday,STU-031,EEE,8,31,251,present,08:04:00,16:49:00,8.75,0,0,1,39.6,0.384,standing,classroom_A
2026-03-30,Monday,STU-032,EEE,3,32,213,present,09:01:00,17:29:00,8.47,0,0,1,47.1,0.577,walking,entrance
2026-03-30,Monday,STU-033,EEE,6,33,264,present,09:03:00,17:10:00,8.12,0,0,1,66.3,1.624,walking,entrance
2026-03-30,Monday,STU-034,CSE,5,34,270,present,08:27:00,17:08:00,8.68,0,0,1,49.3,0.741,walking,classroom_B
2026-03-30,Monday,STU-035,CSE,3,35,250,present,09:25:00,15:20:00,5.92,0,0,1,28.4,1.217,walking,classroom_B
2026-03-30,Monday,STU-036,CSE,4,36,250,present,10:44:00,16:34:00,5.83,1,0,1,52.7,0.587,walking,entrance
2026-03-30,Monday,STU-037,CSE,8,37,214,present,09:11:00,13:53:00,4.7,0,1,1,70.1,1.67,walking,entrance
2026-03-30,Monday,STU-038,BBA,5,38,285,present,08:29:00,15:38:00,7.15,0,0,1,65.7,1.161,walking,entrance
2026-03-30,Monday,STU-039,CSE,4,39,274,present,08:27:00,17:07:00,8.67,0,0,1,69.8,1.506,walking,classroom_A
2026-03-30,Monday,STU-040,EEE,1,40,0,absent,,,0.0,0,0,0,0.0,0.0,,
2026-03-30,Monday,STU-041,CSE,1,41,227,present,09:23:00,17:35:00,8.2,0,0,1,60.1,0.734,walking,entrance
2026-03-30,Monday,STU-042,EEE,7,42,201,present,09:33:00,17:40:00,8.12,1,0,1,26.2,1.723,walking,classroom_B
2026-03-30,Monday,STU-043,EEE,2,43,239,present,09:20:00,17:42:00,8.37,0,0,1,20.1,0.976,walking,classroom_B
2026-03-30,Monday,STU-044,CSE,6,44,284,present,08:25:00,16:29:00,8.07,0,0,1,26.0,1.526,walking,lab
2026-03-30,Monday,STU-045,CSE,8,45,216,present,10:51:00,16:17:00,5.43,1,0,1,38.9,1.72,walking,classroom_A
2026-03-30,Monday,STU-046,BBA,8,46,257,present,09:25:00,14:01:00,4.6,0,1,1,33.3,0.698,walking,lab
2026-03-30,Monday,STU-047,CSE,5,47,0,absent,,,0.0,0,0,0,0.0,0.0,,
2026-03-30,Monday,STU-048,CSE,4,48,209,present,09:02:00,17:25:00,8.38,0,0,1,77.8,0.306,standing,lab
2026-03-30,Monday,STU-049,CSE,5,49,205,present,09:11:00,15:44:00,6.55,0,0,1,58.8,0.822,walking,lab
2026-03-30,Monday,STU-050,CSE,7,50,0,absent,,,0.0,0,0,0,0.0,0.0,,
2026-03-31,Tuesday,STU-001,CSE,1,1,241,present,09:20:00,16:50:00,7.5,0,0,1,25.7,0.639,walking,entrance
2026-03-31,Tuesday,STU-002,EEE,4,2,271,present,10:18:00,16:29:00,6.18,1,0,1,56.0,0.868,walking,classroom_B
2026-03-31,Tuesday,STU-003,CSE,3,3,258,present,08:12:00,15:03:00,6.85,0,0,1,75.3,1.497,walking,entrance
2026-03-31,Tuesday,STU-004,CSE,2,4,225,present,08:20:00,17:58:00,9.63,0,0,1,38.6,1.513,walking,entrance
2026-03-31,Tuesday,STU-005,CSE,7,5,206,present,08:14:00,17:48:00,9.57,0,0,1,45.4,1.789,walking,classroom_B
2026-03-31,Tuesday,STU-006,CSE,1,6,254,present,10:18:00,14:21:00,4.05,1,1,1,71.0,0.972,walking,classroom_A
2026-03-31,Tuesday,STU-007,CSE,4,7,213,present,09:22:00,16:10:00,6.8,0,0,1,33.7,1.02,walking,entrance
2026-03-31,Tuesday,STU-008,CSE,1,8,274,present,08:28:00,15:19:00,6.85,0,0,1,57.0,1.175,walking,lab
2026-03-31,Tuesday,STU-009,CSE,4,9,0,absent,,,0.0,0,0,0,0.0,0.0,,
2026-03-31,Tuesday,STU-010,CSE,7,10,227,present,10:41:00,15:06:00,4.42,1,0,1,79.7,1.742,walking,classroom_B
2026-03-31,Tuesday,STU-011,CSE,8,11,271,present,10:45:00,15:50:00,5.08,1,0,1,64.8,1.534,walking,lab
2026-03-31,Tuesday,STU-012,CSE,5,12,0,absent,,,0.0,0,0,0,0.0,0.0,,
2026-03-31,Tuesday,STU-013,CSE,3,13,230,present,09:17:00,15:16:00,5.98,0,0,1,62.1,0.71,walking,classroom_A
2026-03-31,Tuesday,STU-014,BBA,6,14,271,present,09:14:00,16:00:00,6.77,0,0,1,41.9,1.262,walking,lab
2026-03-31,Tuesday,STU-015,EEE,3,15,203,present,08:03:00,15:24:00,7.35,0,0,1,28.2,0.89,walking,classroom_A
2026-03-31,Tuesday,STU-016,CSE,6,16,257,present,09:12:00,17:34:00,8.37,0,0,1,61.6,0.323,standing,classroom_B
2026-03-31,Tuesday,STU-017,CSE,2,17,232,present,09:00:00,15:38:00,6.63,0,0,1,63.0,1.292,walking,lab
2026-03-31,Tuesday,STU-018,BBA,2,18,0,absent,,,0.0,0,0,0,0.0,0.0,,
2026-03-31,Tuesday,STU-019,EEE,6,19,0,absent,,,0.0,0,0,0,0.0,0.0,,
2026-03-31,Tuesday,STU-020,CSE,5,20,279,present,09:10:00,17:03:00,7.88,0,0,1,39.8,1.686,walking,lab
2026-03-31,Tuesday,STU-021,CSE,8,21,254,present,08:21:00,15:05:00,6.73,0,0,1,69.1,0.411,standing,entrance
2026-03-31,Tuesday,STU-022,CSE,2,22,217,present,09:30:00,17:40:00,8.17,0,0,1,50.9,1.721,walking,classroom_A
2026-03-31,Tuesday,STU-023,BBA,2,23,0,absent,,,0.0,0,0,0,0.0,0.0,,
2026-03-31,Tuesday,STU-024,CSE,5,24,287,present,09:21:00,17:39:00,8.3,0,0,1,23.1,1.33,walking,lab
2026-03-31,Tuesday,STU-025,CSE,6,25,286,present,08:01:00,16:33:00,8.53,0,0,1,27.5,1.633,walking,lab
2026-03-31,Tuesday,STU-026,CSE,4,26,209,present,09:10:00,15:38:00,6.47,0,0,1,28.3,1.458,walking,classroom_A
2026-03-31,Tuesday,STU-027,CSE,1,27,261,present,08:16:00,16:52:00,8.6,0,0,1,37.2,0.877,walking,classroom_A
2026-03-31,Tuesday,STU-028,CSE,5,28,224,present,08:22:00,17:15:00,8.88,0,0,1,45.4,0.775,walking,entrance
2026-03-31,Tuesday,STU-029,CSE,4,29,273,present,08:04:00,17:42:00,9.63,0,0,1,24.1,1.401,walking,classroom_A
2026-03-31,Tuesday,STU-030,CSE,7,30,213,present,08:28:00,16:51:00,8.38,0,0,1,47.3,0.562,walking,classroom_A
2026-03-31,Tuesday,STU-031,EEE,8,31,278,present,09:27:00,15:20:00,5.88,0,0,1,31.1,0.922,walking,classroom_B
2026-03-31,Tuesday,STU-032,EEE,3,32,293,present,08:25:00,17:27:00,9.03,0,0,1,66.0,1.113,walking,entrance
2026-03-31,Tuesday,STU-033,EEE,6,33,266,present,09:14:00,14:01:00,4.78,1,1,1,56.3,0.337,standing,lab
2026-03-31,Tuesday,STU-034,CSE,5,34,0,absent,,,0.0,0,0,0,0.0,0.0,,
2026-03-31,Tuesday,STU-035,CSE,3,35,299,present,08:24:00,16:44:00,8.33,0,0,1,73.3,1.022,walking,lab
2026-03-31,Tuesday,STU-036,CSE,4,36,249,present,08:22:00,17:46:00,9.4,0,0,1,36.0,1.731,walking,lab
2026-03-31,Tuesday,STU-037,CSE,8,37,265,present,09:12:00,15:09:00,5.95,0,0,1,31.4,0.745,walking,entrance
2026-03-31,Tuesday,STU-038,BBA,5,38,273,present,09:14:00,17:29:00,8.25,0,0,1,78.2,0.593,walking,classroom_B
2026-03-31,Tuesday,STU-039,CSE,4,39,292,present,09:02:00,17:52:00,8.83,0,0,1,28.8,0.977,walking,entrance
2026-03-31,Tuesday,STU-040,EEE,1,40,254,present,09:30:00,15:13:00,5.72,0,0,1,62.6,0.523,walking,classroom_B
2026-03-31,Tuesday,STU-041,CSE,1,41,220,present,08:03:00,17:18:00,9.25,0,0,1,63.8,0.608,walking,entrance
2026-03-31,Tuesday,STU-042,EEE,7,42,221,present,08:01:00,17:44:00,9.72,0,0,1,28.8,1.242,walking,classroom_A
2026-03-31,Tuesday,STU-043,EEE,2,43,267,present,08:25:00,16:43:00,8.3,0,0,1,63.0,0.604,walking,classroom_A
2026-03-31,Tuesday,STU-044,CSE,6,44,200,present,09:24:00,17:22:00,7.97,0,0,1,29.0,1.008,walking,entrance
2026-03-31,Tuesday,STU-045,CSE,8,45,255,present,10:08:00,16:53:00,6.75,1,0,1,60.4,1.323,walking,classroom_A
2026-03-31,Tuesday,STU-046,BBA,8,46,293,present,08:20:00,15:10:00,6.83,0,0,1,57.5,0.791,walking,classroom_B
2026-03-31,Tuesday,STU-047,CSE,5,47,0,absent,,,0.0,0,0,0,0.0,0.0,,
2026-03-31,Tuesday,STU-048,CSE,4,48,216,present,09:39:00,17:49:00,8.17,1,0,1,35.4,0.493,standing,classroom_A
2026-03-31,Tuesday,STU-049,CSE,5,49,295,present,08:14:00,15:20:00,7.1,0,0,1,22.3,1.281,walking,classroom_A
2026-03-31,Tuesday,STU-050,CSE,7,50,0,absent,,,0.0,0,0,0,0.0,0.0,,
2026-01-11,Sunday,UNKNOWN,UNKNOWN,0,-1,0,unauthorized,23:01:00,,0.0,0,0,1,36.6,1.168,walking,server_room
2026-01-31,Saturday,UNKNOWN,UNKNOWN,0,-1,0,unauthorized,23:18:00,,0.0,0,0,1,22.3,2.102,walking,entrance
2026-02-01,Sunday,UNKNOWN,UNKNOWN,0,-1,0,unauthorized,03:46:00,,0.0,0,0,1,31.4,1.735,walking,server_room
2026-02-02,Monday,UNKNOWN,UNKNOWN,0,-1,0,unauthorized,22:53:00,,0.0,0,0,1,32.3,1.774,walking,entrance
2026-02-03,Tuesday,UNKNOWN,UNKNOWN,0,-1,0,unauthorized,01:07:00,,0.0,0,0,1,24.0,1.477,walking,lab
2026-02-09,Monday,UNKNOWN,UNKNOWN,0,-1,0,unauthorized,02:07:00,,0.0,0,0,1,23.2,1.244,walking,server_room
2026-02-13,Friday,UNKNOWN,UNKNOWN,0,-1,0,unauthorized,23:59:00,,0.0,0,0,1,16.2,1.755,walking,entrance
2026-02-20,Friday,UNKNOWN,UNKNOWN,0,-1,0,unauthorized,03:31:00,,0.0,0,0,1,39.9,1.262,walking,server_room
2026-02-24,Tuesday,UNKNOWN,UNKNOWN,0,-1,0,unauthorized,01:05:00,,0.0,0,0,1,17.9,1.494,walking,lab
2026-03-05,Thursday,UNKNOWN,UNKNOWN,0,-1,0,unauthorized,01:28:00,,0.0,0,0,1,21.9,1.881,walking,lab
2026-03-06,Friday,UNKNOWN,UNKNOWN,0,-1,0,unauthorized,03:51:00,,0.0,0,0,1,37.6,2.336,walking,entrance
2026-03-07,Saturday,UNKNOWN,UNKNOWN,0,-1,0,unauthorized,23:30:00,,0.0,0,0,1,17.9,1.815,walking,lab
2026-03-29,Sunday,UNKNOWN,UNKNOWN,0,-1,0,unauthorized,02:50:00,,0.0,0,0,1,26.2,1.889,walking,entrance
