tBodyAcc_mean_X,tBodyAcc_mean_Y,tBodyAcc_mean_Z,tBodyAcc_std_X,tBodyAcc_std_Y,tBodyAcc_std_Z,tBodyAccMag_mean,activity
0.39737132240898615,-0.0829585807027108,10.518150830480554,0.9523029856408026,0.5765846625276664,0.776586304305082,9.71790092406585,WALKING
0.43404803486877175,-0.27805061568747735,9.627416197143795,0.8241962271566035,0.4086719755342202,0.6275082167486967,10.279241359883134,WALKING
-0.7264192604169688,-0.8473822208011749,11.172519015137244,0.7774223699513465,0.6067528204687923,0.6575251813786543,9.089887840178694,WALKING
0.3005584146765376,-0.360383213951283,9.76664500016538,0.7398293387770604,0.7852278184508937,0.7986502775262067,9.076340996754032,WALKING
0.16709087600380435,-1.1758020743278652,8.937451160881256,0.8196861235869124,0.673846657999541,0.8171368281189971,8.819518362341602,WALKING
-0.5758753667157669,-0.2763832625758725,10.845697780975133,0.8343618289568462,0.4236959844637266,0.8324083969394795,10.501720822812162,WALKING
0.8247996179967608,0.5587680714697191,9.328625981421888,0.7690787624148786,0.6331263431403564,0.897554512712236,9.123669424298335,WALKING
-0.9569652992645367,0.4875154934365188,11.084992022856659,0.7927989878419667,0.7003532897892024,0.8361636025047634,11.244372571701112,WALKING
-0.028660831287961232,0.9387861934884036,7.904203916728204,0.8821902504375224,0.608704706823817,0.7700992649534133,9.89664979481895,WALKING
0.28569005720939716,0.8867364268449096,9.585383825381083,0.7191506397106813,0.5498242956415463,0.8915402117702075,10.418785184668616,WALKING
0.07766203947843231,0.5811869943197335,9.438357524898118,0.7672337853402232,0.5607891846867842,0.6536485051867882,10.00812099288977,WALKING
-0.18766970670011754,-0.8492224452302485,9.663483741787713,0.7657285483473231,0.519772273077838,0.7838714288333991,10.207742458624386,WALKING
0.2060403125782115,-0.04466754945970033,8.464983027760766,0.7973486124550784,0.6060230209941027,1.0463242112485287,9.975058880384738,WALKING
-0.9349424300956257,0.6856936887090123,10.601546426149419,0.8791031947043048,0.5090612545205261,0.94027943109361,11.811002290365023,WALKING
-0.7924290601045507,-0.3397786377616631,10.079721092070113,0.7496524345883802,0.4449336568933867,0.8068562974806027,9.307696161914087,WALKING
1.2399475240140316,-0.4699519754017422,9.742350787035459,0.8813517217369671,0.4769135683566045,0.822745993460413,10.24693701361751,WALKING
0.20790623539873884,0.4690937230663862,9.010439431297534,0.6679543386915724,0.6521941565616898,0.8296984673233186,9.460387377408798,WALKING
0.18580295772880284,0.17584348397920874,9.428518865578905,0.9865774511144757,0.6473832920911787,0.6808696502797351,10.658692073144454,WALKING
0.9268764632059233,-0.49240939101102627,10.770700903395458,0.8412780926936498,0.682206015999449,0.9896792982653948,9.301463351466225,WALKING
-0.6526482279723507,-0.04626102564846252,10.272921579853316,0.827669079933002,0.6827183249036024,0.8013001891877908,12.232565326248492,WALKING
0.500533878212005,-0.5142945338497695,9.143286001551111,0.8482472415243185,0.5776537214674149,0.8714000494092092,9.33035147126122,WALKING
-1.2118777797486917,-0.2679089712402126,10.685119035458778,0.8214093744130204,0.4754261221288012,0.8173180925851182,10.141547204144086,WALKING
0.04656697475679992,-0.6857821786983739,10.286229888278626,0.8560784526368235,0.7083051243175277,0.9053802052034904,10.485306855891068,WALKING
0.4110287607297671,0.3090286117836287,13.082185192523777,0.8570890510693168,0.7135565640180599,0.8954001763493202,10.621652899442337,WALKING
-0.6182601716300575,-0.14209116404400532,9.611709161736718,0.8081874139386322,0.8314658566673508,0.6132734807408252,9.686554990856873,WALKING
0.8711604775738929,0.03856801145727766,9.137804177656555,0.7284696290740033,0.6679597748934676,0.7269633368282864,9.480340815466635,WALKING
1.7151552714602607,0.38035141339080675,8.379885930673915,0.8186454314769428,0.5338213535231612,0.8852433334796225,10.423517663467809,WALKING
0.6926041553360972,-0.7201778442334658,9.73239901132724,0.7525054688839045,0.5346670767426288,0.9765454240281097,10.765791983462492,WALKING
1.6977249576101068,0.6194791563306881,8.784504027236789,0.7515765927133748,0.7266911149186622,0.729233053438122,9.276911436814299,WALKING
-0.047620284849440066,-1.9447604040414435,9.180489886932568,0.774743184860684,0.47522168180351504,0.9632411303931636,10.17258539923643,WALKING
1.1530186312528925,-0.8615172907076636,10.930531001723967,0.8010233061019587,0.5018491348952049,0.8462103474263272,10.063548340795458,WALKING
-0.30825087748940816,0.06811040715074883,10.529704539616837,0.9586016816145353,0.47621845011731506,1.0133033374656266,10.586864415169115,WALKING
0.22479349418802613,-0.37361971189235627,9.83350219971418,0.7506999065341168,0.5410635243055788,0.8849602097021025,10.731540249987814,WALKING
0.24583961670128748,0.48771727130337605,10.50370307353889,0.7171004989077928,0.543981895980303,0.8747293605123262,10.105673587497225,WALKING
1.0221319166307399,-0.35494283330149795,10.43767790493603,0.7797807347566106,0.578231879677278,0.909877685198719,11.074867217721787,WALKING
0.01680307330620724,0.40917178277697835,9.751786594725235,0.8324166352488442,0.5869856945632315,0.8096995964992718,11.693924949980588,WALKING
-0.8048139051997616,-0.7285131676726393,10.926488698800053,0.8791662693962936,0.6624119817052155,0.862834550926428,10.075041941299608,WALKING
-0.5417293692096894,0.5850718400506507,9.88235409479829,0.7174502803207489,0.5678614158347006,0.8412931454275625,10.216837090337485,WALKING
0.19597325688697823,-0.30416590522267783,9.623169355505341,0.8232049937357637,0.45519156585026754,0.6592536225623445,10.26562861832186,WALKING
1.1802849735596417,0.5145957739212116,9.872049176029257,0.7980983792097311,0.4997470635362191,0.7981486864007611,9.3430768069249,WALKING
0.41547721139293786,0.9196433478015466,9.912991881234515,0.8401711722098942,0.6690143991711113,0.7598779528114165,10.079738082919926,WALKING
-0.6184078270843733,0.014706104555365628,10.39839863299636,0.9451143607795043,0.6959270826085207,1.0153182457511556,10.17869201245031,WALKING
1.751842346574138,-0.48497897121309086,9.328222526255379,0.7400607354555978,0.3876104275690193,0.747424497831924,10.291734990072436,WALKING
1.500936671372709,0.5702543029116302,9.538477075470077,0.7101585328651643,0.6491919171506506,0.6679766792979358,9.761228042004271,WALKING
-1.370507623272702,0.8123234244992477,9.908368123797906,0.9237816311973462,0.44055723412056325,0.7400624977046227,9.639989748530006,WALKING
0.498279945877999,-0.6405722576295566,9.886096411982965,0.8120295631711899,0.6514438834058749,0.871161487808889,11.097042365773452,WALKING
0.2658512095836733,-0.44909192193393216,11.240921580418018,0.8115674634292859,0.7179297184063826,0.806751848141011,9.9941662511304,WALKING
0.7772567607634844,0.3872255697510885,11.09490524602588,0.7035076539419896,0.6686051459998439,0.9058424486849588,8.51571289924873,WALKING
-0.21552546755564622,0.43052535347757737,11.201885641676823,0.8074094780419776,0.7628615545571291,0.6619898541785109,10.396996176892165,WALKING
-0.02615579847527449,-1.2404652600239259,9.928703968389769,0.6695530499495147,0.6669672548830038,0.8366598246096849,9.188636549317215,WALKING
-0.0501432778185375,0.573085392300743,9.211419162931564,0.8504046515517845,0.5469742381627559,0.7207127167737656,9.577627152226164,WALKING
-0.9583023140710788,1.1788350797498335,10.028210841577383,0.7300274492007415,0.6213979910734222,0.7887671950309171,10.613878119807266,WALKING
-0.424400918088422,-0.345490944386808,9.779958642278684,0.5698078835264415,0.4484808937801448,0.9366874267444525,10.544751003461473,WALKING
0.2490001236348289,1.8473284850731426,10.895659929147662,0.7872082408519234,0.5044459559399574,0.6393553679742427,8.875301376875749,WALKING
-0.5172583073940212,-0.6489288021686369,11.349713308058051,0.8881639756949451,0.5992027358683383,0.9479944138890026,11.230565809688434,WALKING
0.43112803494772695,-0.6223476925958739,9.847729057533114,0.7124381746615243,0.4617200269035664,0.8926177547531642,10.594709087647288,WALKING
-0.5205140552974615,-0.29227523025881763,9.526084860608904,0.7136009230320184,0.6048521627944827,0.7169049883588963,9.81127389298984,WALKING
-0.7260509296332783,-0.3460627983409996,10.604312980660605,0.8500917187624382,0.5022444755201448,0.8099332305429227,10.49987327430386,WALKING
-0.5300990071566773,0.3423592011558956,9.389392674765986,0.6195117899335482,0.4372457562116837,0.8048084946661382,10.526920116041229,WALKING
-1.329216049815168,-0.03964787918838994,9.031187040190035,0.7348163892197841,0.6047398671316414,0.7139586634716049,9.562526599770894,WALKING
0.6685536896521135,-0.6778241127945709,10.423843342332226,0.9441568620657901,0.35283554998727107,0.7203104744529524,10.30798055915181,WALKING
-0.4831881493726565,0.05195387248373995,9.875458211686336,0.9167782061659808,0.6254420843301213,0.8337602662075203,9.664004451317462,WALKING
0.3155617139026375,-0.25259068849215777,10.23181988551713,1.007540079864544,0.6871124703431692,0.767397646783216,8.428045513979074,WALKING
-0.8064690487339233,-1.1224751526155134,9.718789212766954,0.8018418379189552,0.7676437312275283,0.8326927373764164,8.247984212650222,WALKING
0.18849164648685277,0.46251911633218007,8.817131003376126,0.914375404320693,0.6338496407494414,0.7584712086099199,10.249071622562864,WALKING
0.19857646904026888,-0.27561653972414646,9.320124504428167,0.8830335816544246,0.5143916174091132,0.8071566237219393,10.278057072749311,WALKING
0.8300319554063194,-0.3060098393128482,9.784100051765304,0.7021236284217693,0.5555706739923888,0.8377300493044852,10.727094308451884,WALKING
1.0845102870439607,0.2480609419342205,11.501436650046452,0.7226210800896428,0.4755345296688583,0.6221279751095722,10.034898491060144,WALKING
0.22397490105585624,-0.6752934283790258,11.95660158369346,0.8129221181975228,0.6109394794604893,0.8725766623898692,9.376483029922174,WALKING
0.3771746857087966,1.1292146978850202,11.076336036923982,0.9593186626639397,0.5488784323568815,0.701039517974142,10.875870160377636,WALKING
-1.3539717037718555,0.9177301916763682,9.873593681136809,0.757311893005258,0.4987895624739832,0.6345143328134231,8.992285054985674,WALKING
-1.036063017650893,-0.20147081957407692,11.335217220231515,0.7740408648636395,0.44968570468818936,0.7754256935914056,10.089555091727648,WALKING
-0.18474762416694238,0.417723818888051,11.479164875956275,0.9126565029547757,0.5731111309445169,0.689347409125833,10.220687400377741,WALKING
-0.019300069688002623,0.11885085646071296,9.884511670460846,0.7426337993119764,0.5453141058759607,0.7967246729784002,10.10356697225224,WALKING
-0.20398177393668424,0.9023957931496132,7.87922415328559,0.9091506851922462,0.7246085192497629,0.592660976759185,8.881021158159056,WALKING
-0.6222533500727003,-0.6663455072794973,11.401816354738898,0.8935678393147461,0.7271555094994159,0.8721672064043235,10.435427818524861,WALKING
-0.9777022471135564,0.4277990581034328,9.807739681473493,0.7625179192450403,0.6710959968203491,0.844426331148604,9.166144208237437,WALKING
0.492748485555411,0.35586075478103024,9.752362848548808,0.8326133022242118,0.47488864236146966,0.8924027019206902,10.844752816059229,WALKING
-0.5634749524342074,-0.8450767778181357,8.754696661180876,0.860600995134564,0.4719570647503717,0.9754794181984365,10.354461839536933,WALKING
-0.07737048949631392,-0.32695145208536985,10.319308891481656,0.7962365297575152,0.7103301882016522,0.811422764866204,9.95755996187091,WALKING
0.24624141511364736,-1.0261010355939753,8.92145166231543,0.8743264094022716,0.6170865438127942,0.7816016663647322,9.57047612276712,WALKING
-0.6226437803218502,0.11750715305860893,9.217301777907974,0.8408252755714473,0.4297416395762159,0.9029155637325644,10.793870174885107,WALKING
1.3323795555700615,0.6086220390108782,8.527300614934683,0.6720423033264299,0.537518142230432,0.8026091050210834,10.167187783265117,WALKING
-0.6043063458826581,-0.36691068179516895,8.874671122521422,0.7076766753889097,0.46483153943836664,0.7024126747022668,12.14857784618328,WALKING
0.3946543207047114,0.11090167421692433,9.313313775855029,0.8700309879408992,0.5424362173762226,0.8122009814645362,11.109977804476122,WALKING
-0.56254114010071,-0.020993094298177018,11.416640508508408,0.7373032942212233,0.7812448557996928,0.8707751935455476,10.794103820679188,WALKING
0.49744796977375716,-0.9421348319342738,9.418290259340106,0.7752481364448496,0.5925566570899954,0.8620672097550679,10.336238174956517,WALKING
0.4884685962270585,0.33587426875862386,10.864624580443698,0.8833922154548904,0.6459180079228437,0.7929834288541353,10.255860817234579,WALKING
0.21726306975629878,-0.7660491454921856,9.13515476767339,0.9053152853332904,0.5960444846143345,0.8681500697372625,10.75066573963989,WALKING
-0.41283578257389913,0.057672466164590014,9.630179769035966,0.7565503772567684,0.569082787653136,0.8222133771633713,9.322707224023082,WALKING
-0.14949731532908725,-0.26383863496450494,11.157582307482986,0.8196554776511575,0.7031844539468635,0.6514439626963029,10.082233812549944,WALKING
0.852384300052281,-0.3103730700602233,11.127477952148464,1.0298898123619251,0.5637161439560341,0.7554497478599229,9.698417947999456,WALKING
-0.3361494536766858,-0.16907076531630433,8.924439591172579,0.7081348053515802,0.4995859233247932,0.7232202434895871,11.241313060507018,WALKING
-0.7986832325910328,0.5905934390859502,9.828808924619592,0.7950536290347567,0.6674819492166604,0.6877277978437701,10.398941850061913,WALKING
0.23133491512625448,1.4731800839465365,9.489808012598948,0.7469003044998183,0.5376859473575235,0.7444522880839746,11.170874731541803,WALKING
-0.45659703499958104,-0.4994133438625372,10.377132445109122,0.7447776955719029,0.6632931817755511,0.82029230208513,11.538226085137088,WALKING
-0.490230952387509,-0.23262093596159047,10.228692312579923,0.8334456789987026,0.6658544272672831,1.001020453876635,8.910553573993804,WALKING
-0.5847440319535353,-0.019876183724278258,11.43564629081423,0.7482388700963829,0.6223787951638898,0.7983577103927249,9.741101748404587,WALKING
-0.39155155401457775,0.6264965262414431,10.54551319170105,0.9846707325736034,0.6583928185325963,0.764070790921294,10.687579541438263,WALKING
0.4058192248858382,0.6400048137534923,10.935436472356539,0.9382158991037528,0.6648709887589642,0.7832881919683146,9.375178392590902,WALKING
0.29493864709832096,-0.2360032873964164,10.022995858347853,0.92784518626073,0.6191099068019903,0.804643654815615,10.581983668019777,WALKING
1.7306037786443682,-0.1846669409718005,10.175320262131152,0.8249383683710756,0.7577453279763474,0.7904704467613048,10.158291802046813,WALKING
-0.3571468916404226,0.11645399573898454,10.858905399887817,0.697348470058894,0.6132969674146875,0.7299879185060827,9.64398388103195,WALKING
0.30176950005161673,0.9393144175406042,9.94739979114161,0.7444800473306802,0.788115706944059,0.6551986099583756,9.76178205446155,WALKING
-0.8169862537045707,0.42501386837961197,10.195040571016959,0.7435921369263272,0.4719695601329105,0.8872457328280146,11.489244705129273,WALKING
-0.8560678130609221,-0.9153151025548433,9.446473544095005,0.7954413983644503,0.6243339449322691,0.775876394214367,11.183805055076855,WALKING
-0.06572094271405504,0.6703774989528766,10.274180277102163,0.8456753219153784,0.6569767280232204,0.8447708560017315,10.20144243874343,WALKING
0.5672030060708099,-0.05384141657233603,11.152093772359578,0.732360769794073,0.7800940432910816,0.7959842049355657,9.524499385748246,WALKING
0.6725148391909793,-0.39157438758143454,9.643053253428176,0.6110459269054469,0.5547693680750923,0.5576120673371043,10.713624630723537,WALKING
0.34036604942797183,-0.5801856858775277,9.961830915086416,0.7996397460909432,0.4841635310807457,0.9503398301767151,10.046932986915081,WALKING
0.166706246358042,-1.2250409210545743,9.802258093983522,0.7318015752002202,0.4998379990105084,0.7718899707114045,9.658470431362066,WALKING
0.4580662250849269,0.8396132619516012,10.739706946330216,0.8059630369920174,0.5353063222294426,0.869822331361359,10.526563432084602,WALKING
0.8396421722554681,-0.3211411269363408,11.05391525250746,0.81975996046924,0.8075260872625265,0.7310812181910432,9.580797395873573,WALKING
-0.38710866724345727,-0.1922083849165921,10.339332757121532,0.8522835488035501,0.5426299996061421,0.7975645407739017,10.541089747566605,WALKING
0.030402782534560233,0.07201879603095677,10.490814378184334,0.6977207434801594,0.5742623462576655,0.6331415926122411,9.626589739846844,WALKING
1.2591894106320263,-0.7354593978014047,8.828500095832144,0.8224451818559972,0.7047098302612155,0.968392769145787,9.99692253839418,WALKING
-0.1381018399526557,0.5301959624920034,10.521858302730736,0.6423607843015751,0.7476540349725895,0.9380091354147452,10.409972777567644,WALKING
0.2085390126591257,-0.33018309230725207,9.462701305649558,0.7974445929008556,0.7172729019259365,0.8543600154594433,7.740716820975215,WALKING
0.9190125602976829,-1.0438282672668597,9.710047246877494,0.6880330105373856,0.4705318524279094,0.916082678737852,9.971654803852191,WALKING
0.3816326617784972,0.046093134636153214,8.973606220649144,0.8996266819447141,0.5506243416838688,0.6443418101340249,10.723540031196865,WALKING
-0.27892170752628737,-0.20955462259105725,9.742691959026095,1.007674798356084,0.6381935452231553,0.843004164719107,9.82843571133748,WALKING
-0.15707987926798261,-0.04296075564843837,9.970222210792127,0.872762954363698,0.6051945885807299,0.873264007721558,8.401820078761663,WALKING
0.7330621397619852,0.20789308553879562,10.798408087887722,0.5103744621806311,0.8088374704780728,0.7860410371844827,10.546087762360168,WALKING
-0.842732450538925,-0.3742613764174831,11.531225083093428,0.7809317599236654,0.6217432873179722,0.8870067730688754,10.300000750850216,WALKING
1.9227324681906202,-0.034571278220151234,10.160879237371974,0.9050654396007612,0.7105525932957983,0.9187030305560381,11.33904396829143,WALKING
-0.9170763144149504,0.18158127914341993,9.396579319984514,0.7935861653407008,0.632876241030348,0.8321357215450274,10.41343298804509,WALKING
-0.19532530823251895,0.5784523009730144,10.951576391139712,0.6772392184863008,0.6597400069849858,0.8701172742310899,9.917233202454044,WALKING
0.10046116277723381,-0.10384309457032176,10.012463238065173,0.6903724913104798,0.4559949117405705,0.9594505063224973,8.326249104570776,WALKING
-0.5111693981516018,-0.793853876044499,11.313612128109096,0.9009817089342634,0.5311849654822276,1.0252435805344309,8.041297485564947,WALKING
1.8327540580725934,-0.8337434800581576,8.683681002434486,0.9022570432009641,0.8439752406339273,0.9384272818510518,10.698206959749536,WALKING
0.6071428718294122,0.16871485438162548,10.0833608831615,0.7937406872100478,0.5246035411133323,0.7719324923133226,9.308373081713714,WALKING
-0.8828714537726168,0.10793649069208706,11.11360182907568,0.8918316606002313,0.44294993963768226,0.7010371863429663,9.86671665953972,WALKING
0.44004167921964155,-0.5810066729181812,10.084300404916767,0.6665974505081795,0.5398632356048786,0.8319781934142537,10.0687621428532,WALKING
0.4419919635337182,0.13434848043879685,11.091312343979075,0.8125224502647908,0.5570594458874747,0.8122297503032284,10.041926686009607,WALKING
-0.5615933502454044,-0.3977405505305689,8.877915782560246,0.974957674318694,0.4756136764608715,0.7307094802204093,9.795668031203158,WALKING
0.9981936581389871,-0.4040943745463211,10.223195329779042,0.7164652946740243,0.8145149127773388,0.6812401580970487,10.341006129468123,WALKING
-0.14823012710216663,-0.0778924198400557,10.035049177583288,0.7852997998371511,0.696387911679491,1.0210523001591352,9.973308128102467,WALKING
2.0637674701234547,-0.48220474078183845,11.311293444355254,0.9677700814076441,0.5446411758292005,0.8568983079185276,9.925626277386641,WALKING
-0.465344731158915,-0.6088540384157201,9.480577963947194,0.6776059733237744,0.6034083468259226,0.7230026768941359,10.308764417780854,WALKING
0.6668231692871398,-1.1962413855428733,10.299245255878057,0.9227668992473292,0.47903589813087943,0.9672572386837703,9.970004490092235,WALKING
0.44666153001737796,0.0456032348474469,10.431004793957095,0.7079326406920634,0.6169360824036078,0.658628550309502,9.427609395204039,WALKING
0.98887454016835,0.6547860723565614,10.487310496725742,0.6907687235327421,0.5683591550305198,0.9213097699979184,10.408721848710135,WALKING
0.1536392931920253,-0.18546987852150082,10.106832723825827,0.7847530163619456,0.670810867668859,0.8956702316794585,8.591387210494736,WALKING
0.40639306153003496,-0.6620199637043241,8.277687525638013,0.8388578604530965,0.8492999517432791,0.7993929088460107,9.94366117322268,WALKING
0.7352611863902149,-0.1741647265131908,10.213913851257523,0.8321697806196015,0.5331909546356951,0.8992042349536523,10.439999145215303,WALKING
-0.7187743854328299,0.01690869442147695,9.992704802684637,0.9085895565831579,0.6474698232879953,0.7974973041254857,10.4998981342345,WALKING
0.008282095874704486,-0.7871017394100958,9.147909069539702,0.7694775295645333,0.5390487797840716,0.7813028697014555,9.94878188959775,WALKING
0.38920131506096156,0.03868464888607214,8.419626746916903,0.7060664606181246,0.5855912444278384,0.6790305257158893,11.023825547587471,WALKING
-0.17075429674416642,0.8944356821099712,10.11893396576169,0.7662914028881961,0.538659733645906,0.7697530313511872,10.13373457626175,WALKING
0.002436816122731576,0.2621629018478099,10.952517019829074,0.8949554135441324,0.4515102031550096,0.5446078865098045,9.882681066486729,WALKING
-0.9360904208474876,-1.0811882625480118,10.433170182563831,0.8759155160302647,0.542348959927328,0.5408957707855091,8.830823211244134,WALKING
0.1466879358233245,-0.009185909503797334,10.463433199680871,0.8119580368414153,0.5026931059118445,0.9196571501664492,9.254269193307337,WALKING
-0.3546258009532083,-0.5308816284161405,9.861643152061262,0.9711708480142344,0.4628098857068643,0.6386438602123259,9.538463732795192,WALKING
0.8319237499168612,-0.36336932384211845,11.46080777083755,0.8677925871339269,0.5512088591854297,1.0157308213265503,10.260559142462325,WALKING
1.0413930315190385,0.9369067180361116,10.025603319252614,0.7246582129653817,0.6459972142939117,0.7322284630247894,9.840801116280232,WALKING
0.14774424469192673,-0.8082757737178179,9.22270876919148,0.9200413907944426,0.5343105721028604,0.695308901731806,10.60775681090564,WALKING
0.7968381486446532,-0.45407705314167646,8.862551466606526,0.9501333651955487,0.5677320161157864,0.7749166983544953,10.424376372080346,WALKING
1.7320018759208673,-0.3861109382280858,10.74227210246499,0.8057013124897084,0.6268592278863256,0.9528468426412532,10.87040294606524,WALKING
-0.29196218363430826,-0.5035258004034038,9.164152644783172,0.6033643410623999,0.8056207129940323,0.6896791634278318,10.24880001219952,WALKING
0.6525897700314375,0.5162840930158472,9.53353804914485,0.7832878286213589,0.62825799504883,0.7751308873816454,10.669767203884142,WALKING
0.5303050149339302,0.7040843144911949,10.144817246962965,0.6703168052044154,0.6399687951752642,0.7348643106208171,11.004384803187214,WALKING
0.01701726138884932,0.18529980755937828,11.36177195570819,0.8240753179488569,0.8601683114180394,0.8565509645631545,10.410571822278063,WALKING
1.0318022032661964,0.403908810761975,9.88923521281298,0.6775701763710634,0.5790976742713975,0.71494795457907,11.350927784202904,WALKING
0.3157372238583849,-0.7175298372211106,10.355682134576112,0.9196631486645652,0.5390217095680617,0.7865982833327083,10.529168046940775,WALKING
-0.09675851888622526,0.25171946634421666,9.29000625775832,0.756254169967659,0.6722381357827771,0.7627166847908233,10.275869734362495,WALKING
0.746072665498472,-0.851019439759819,8.591352950415379,0.6474343685429905,0.7262584103427182,0.7448141854107554,10.357491943036045,WALKING
1.2336879620543006,1.2036557328954738,11.649202861309119,0.9208366230593144,0.7024062525811462,0.8592526949201184,9.371999624241639,WALKING
-0.0026995659287616415,-0.10211077351495707,9.63741756053818,0.8696387447456716,0.695530520857051,0.8088406886291848,9.939410221162136,WALKING
-0.573457856482244,-1.1199219702438359,9.93385545132584,0.7878252491616717,0.7513449743242131,0.8630811684554778,11.063436215568412,WALKING
0.46567816277489266,-0.13589045930989915,9.232448610621216,0.7627793223928947,0.7088748619704186,0.988458630593461,9.192314378981349,WALKING
0.11270899752896316,-1.061063619337711,10.258534171347826,0.7852397413701332,0.5533963498131758,0.6405296932733204,9.0790022467851,WALKING
-2.2978097706253195,-0.01650894303038175,11.417801277335796,0.966125921454787,0.5542903743413727,0.739778793963822,10.265789718784855,WALKING
0.6128642227077523,0.7361599343305846,9.919876738816038,0.7796326249823035,0.5122017413243438,0.717311964596014,10.734660386165837,WALKING
-0.642543160544276,0.895613141375713,9.783101119165945,0.7978632705651564,0.5252788320852176,0.5575759739727059,9.810456321346924,WALKING
0.05359257377989754,0.30956353062245967,8.749963314490765,0.7470947322653706,0.6794264679621826,0.6745710576830751,10.407678995272564,WALKING
-0.028513185837986857,-0.9690790895433057,10.931791483565737,0.7265408423201951,0.5189747562985618,0.8200569197230944,10.109658234145169,WALKING
0.3430532002644584,0.41586336435788646,10.14115324422178,0.7632972160916678,0.517240977935128,0.8086143883046375,10.531616369518664,WALKING
0.7231478728689562,-1.417759461325103,9.19221543623205,0.8619154261005199,0.8057495469711698,0.8020793707675409,11.115711408342126,WALKING
-0.5167713432996283,-0.47951520399015213,9.613805182254374,0.7046671391741288,0.6122670315994795,0.9624678458469561,9.771143592391288,WALKING
-1.2505526469573258,0.5298658662882954,9.937730242389758,0.7819520086409375,0.919310756784486,0.8298752908365686,10.938300029084761,WALKING
0.09061632843021157,-0.86296678699042,10.735383147660162,0.7331855914461006,0.7873297776217545,0.9080048065714649,10.089968187185871,WALKING
0.6822189400977756,0.29083969037668483,9.3229146760073,0.7356450167682539,0.7029960817581161,0.766522466789346,10.359783492941578,WALKING
1.650019935394516,-0.6405197485525637,10.019375565338207,0.9412220555415429,0.5920358608754285,0.8452371796249735,9.890222574799832,WALKING
0.7885839965438904,0.7124316309388506,12.071650913614892,0.8579633173213577,0.6325796316582166,0.8194384301577337,9.769876954252364,WALKING
0.13476878101569142,0.7905585213647758,9.194765947776286,0.9139878561129046,0.7317115067339865,0.7881931473008922,11.173315095881794,WALKING
-0.0182944498391057,-0.5995813393769465,9.596180063017426,0.8840620026504553,0.6546733568201379,0.7761067900830306,9.2697003347202,WALKING
1.2923005515755535,-0.19339228152680393,10.973726816660397,0.9521316051922452,0.699831089814796,0.7568379687281952,9.282670575167797,WALKING
0.2594874253772824,-0.7074238746958815,10.950143510769252,0.7535382702701607,0.6201159655872839,0.8283287871546142,9.628743361824345,WALKING
0.6970378379657953,-0.8075878081480491,10.10110366363713,0.9938928999058285,0.4999668675394425,0.7322255029475149,10.289285631506955,WALKING
0.39134970411813086,0.38083288113706193,10.887759873564978,0.8409818656928513,0.5758742345381457,0.8672573701202732,9.34514792444316,WALKING
0.8856645354295782,-0.07222869837215894,8.26186436318877,0.8847421677150422,0.5464671814046077,0.790946671769584,10.571516188587529,WALKING
-0.3483890964558747,0.30786347890564963,9.792362657932866,0.8738810480887503,0.6615367484013053,0.7064561297955405,10.686674812372994,WALKING
0.29382985072107254,1.1029102060770735,9.821227214102517,0.7650683203881803,0.5980580394112267,0.7696820217165725,9.23047481157578,WALKING
-0.8542423372633545,0.5701845551841455,11.368490698065541,0.7895550781462529,0.583117827680999,0.8070052163113182,10.248113861594979,WALKING
0.7801581038259439,0.30065650196390714,10.151665293278995,0.9001046092567142,0.3296767707000762,0.8677875319530908,10.479824961495845,WALKING
1.0989268361303661,-0.08246910877661512,10.762299637762352,0.9612278257988646,0.7314914453584047,0.9639964529371393,8.738735950133535,WALKING
-0.19684999050395888,-0.505947957189715,11.736754173998252,0.7824114187567663,0.6123204806784486,0.8551485376040469,9.556217938053056,WALKING
0.1556859641897942,-0.4454823514188289,8.943981991023435,0.7388230909094715,0.5962963202951588,0.7570697775482741,9.984666211384976,WALKING
-1.2037762992248018,0.45603357821376156,10.065951802347602,0.654244850053507,0.5690790922950136,0.7247843594409418,8.541645240280571,WALKING
0.09202086331793374,-0.09607967733998424,10.537072061160373,0.821319662823769,0.5248030668261181,0.7680946064333383,10.058012852142742,WALKING
1.520952548602406,-0.03639648828877246,9.43327458647163,0.6486285607387173,0.4196860323744055,0.641586405699451,8.742990930962847,WALKING
0.7160306512608924,-0.2898366310100637,10.117434409588439,0.9612220628255425,0.6896839315865532,0.7731469352094168,9.539379307403816,WALKING
-0.16890419106215557,-0.5923077162907103,9.894994426326157,0.8076851882958769,0.5775144018191921,0.734999741917654,9.132528249298698,WALKING
1.128745903797016,-0.059152879370557035,10.015079698355878,0.8708214423256557,0.6233216131263501,0.8953136633913246,10.298324382699969,WALKING
-0.9149809658565294,0.06513582346591389,9.973416007484431,0.779188314272746,0.5871462488561069,0.6118150954502362,10.137547213852027,WALKING
-0.8221401127407666,0.7594247045188204,9.3070601214284,0.8969457200526737,0.6427194361871684,0.7353772690156197,10.85252000225506,WALKING
0.8004658544343827,-0.40237212544598694,11.113972240051464,0.7749953485401048,0.6288693629279857,0.8260321838771221,10.646454413984344,WALKING
-1.3988255785905448,0.7826041457268915,8.67000640957146,0.9032546204341658,0.7126705136827584,0.6909033569784802,9.855910275697275,WALKING
-0.24642742734859302,0.4677963193616039,11.048246996895687,0.9395683810789957,0.5437831973421697,0.7790778126255473,10.866506223161807,WALKING
1.2924662588385853,-0.7406093231279532,9.526028592677685,0.7973594243041073,0.6280161158819606,0.7190396480078354,9.99824062801297,WALKING
0.4370273984029597,0.0038533618865626896,9.650891287578744,0.789039019607417,0.5911637040794664,0.7629988970117872,10.494712060127142,WALKING
-0.2363842544233283,0.4181726427064414,9.732944408195191,0.9173124637586642,0.6369642192198094,0.7892697855995772,9.154283730356454,WALKING
-0.9551400051192444,0.08576585685822405,11.386011999588074,1.0231300146192632,0.6638051101440757,0.8500844474944458,9.485499561198274,WALKING
-0.49667807860089286,-0.10088629115087376,9.622327537842299,0.6020700189624213,0.6747910256117533,0.6927256974260194,9.349658062371654,WALKING
-2.024230018197064,-0.17160253312806648,10.880767707998857,0.9958347454220594,0.47704504055475827,0.8496699223236522,12.121358691533661,WALKING
-1.2023762627161227,0.15224379689674405,10.374154537412346,0.9085786324939348,0.6097983153470895,0.8308050539504103,9.73183161837229,WALKING
0.4972575118848407,-0.22176620162618038,10.301680315121748,0.7970737186315022,0.7126050250772168,0.7948606276411514,9.413741051605143,WALKING
-0.5230130709190559,-0.35739677642609524,11.099550474536654,0.5864325786021305,0.9137748533659994,0.9056056809066052,10.230055284276787,WALKING
0.4168979427034707,0.3871293515700342,10.444483572802758,0.808958068125525,0.5802661579692674,0.7848726716346489,10.498069120996169,WALKING
-2.3523109077314244,0.3935404659178566,10.15578895577502,0.7981291243554103,0.5611481546911113,0.9124112719986014,10.36380806697735,WALKING
-0.7773253876330288,-0.8277708988733583,9.498626220328028,0.8862393472382759,0.6953125045376086,0.8513085420097294,9.509577325457638,WALKING
0.34553803573915254,0.48024571513660935,10.60343306385086,0.9188913371474643,0.6708303847201064,0.8351448207541583,9.333859353627286,WALKING
-0.1304535711550111,-0.4469415868838694,9.459857380020495,0.7855481329284483,0.5207580079000038,0.769203847036096,10.115857028164262,WALKING
-0.6536709048545526,0.395547401059443,10.750056110101246,0.6392440135631026,0.5237275221433786,0.7230857650212702,9.886147042596905,WALKING
-0.2116118730484886,-1.202317418644052,10.508334424167382,0.6760741605146527,0.6059932630266328,0.8277376937958192,7.702243212943336,WALKING
0.14707963580295588,1.0803067089065121,10.991157082351549,0.8209659415274626,0.5508363814367953,0.8807122596637311,10.437400041663166,WALKING
0.8481679259991038,1.6557960233466467,10.313932773743014,0.7491036374292501,0.5974425687808005,0.6230924095110882,9.599977019945847,WALKING
0.1218838976269776,-0.4934519594293203,10.896824533859577,0.8000207064918198,0.5990699678861385,0.7672105283487083,9.32028107168994,WALKING
-0.5264931912602053,-0.1822356172659988,8.923303261221427,0.7180742140278502,0.552377912645534,0.8874389180712728,10.683415055210352,WALKING
-0.10989743071951733,0.23427890995733375,9.917422597654003,0.8265362349399629,0.5417241342388418,0.5561182841723571,10.775376680305097,WALKING
0.7723179876729366,0.7416784330837307,10.07092607276915,0.8197315707405596,0.538234810456565,0.7683927143972951,9.927020578870952,WALKING
-0.3601514118811293,0.00031677531395837567,10.480965399143292,0.6556145183866459,0.3703819046862762,0.7449463150508417,9.934592847636532,WALKING
-0.36259872721841074,0.8714805206824472,10.261395811681856,0.8300474359610829,0.6622207144043402,0.6861166882219232,10.569224512665333,WALKING
-0.8574857864321244,-0.9322552596096385,10.654311726420023,0.8376409526097517,0.509794844564249,0.7130336918725306,11.37231925919371,WALKING
-0.7204965877182951,0.3830351553650298,9.737105219400812,0.8603187431082343,0.5455885997885808,0.7837207093927706,10.609763572995767,WALKING
-0.4105708531772682,-0.13715994920401114,9.20452050031319,0.543766634120469,0.5808972237399831,1.0412615421612916,9.809796031729622,WALKING
0.017972714249637103,0.32827146910512595,9.055349747752924,0.9114321694668872,0.6715381315441243,0.8718185725707935,10.54413203477332,WALKING
0.47345130699310245,-0.21242442656461427,9.541118581682479,0.8101856295261987,0.7549020151495187,0.6760892924346099,10.109597252861862,WALKING
0.13867333149632657,0.14637191874510014,9.821438196292156,0.9489863438602083,0.4399096021523484,0.7171502975219755,9.90883291719447,WALKING
1.3291761325824147,0.012531892977577072,10.184560724574947,0.673983523482742,0.5383638591960522,0.7624803619676064,10.477502215463774,WALKING
-0.8891663655496256,0.1479028670592029,10.398577398797428,0.9140149038521267,0.7580540686568373,0.6984905808172132,9.863106322382174,WALKING
0.37308669955706764,0.5924007099534611,9.939239181085982,0.7680152476745157,0.615175799224874,0.7164857098369978,10.329689667703592,WALKING
1.6188849753837116,0.004079906735998661,9.847968771998804,0.7642554577189573,0.5819608318237592,0.9372848474676531,9.082510011346534,WALKING
-0.21332186338753184,-0.2575466521791971,10.470842615816576,0.6401875648116253,0.6462172666081942,1.0024309623286853,9.533675985851225,WALKING
0.3407097649544286,0.011488666449451235,9.486810472764553,0.8487872284871074,0.7804348109786743,0.7809096208272702,9.285264878022215,WALKING
0.3779250223043019,0.8904696171215789,10.284490679028528,0.7686941969476846,0.5999291405423354,0.6749592266030283,9.664962830231731,WALKING
-0.37603371820760123,0.1595269377912291,9.650624211167523,0.7933867385374178,0.8099721789166515,0.7752974299254004,10.606349516757048,WALKING
-0.1449793385744824,-0.3896238229928556,11.05704322581841,0.9419603004513638,0.5399576434261295,0.6133460048639384,10.670916482518553,WALKING
-1.5760830541694686,0.5355584029795855,9.031062456575375,0.8730764119066525,0.6014273067836434,0.7046060580603355,10.098370865816316,WALKING
0.46753038437798744,1.1858643507092912,8.748606710631158,0.9617212574968624,0.6104355937523213,0.7101215951676872,10.790530507469681,WALKING
-0.10203929630202738,0.9066929581484084,8.839059447958753,0.7987911052153945,0.47476065555868807,0.8363631882624968,7.952367714316384,WALKING
0.15915851743719564,0.2620431310401057,10.323435803969359,0.9235782191822155,0.4928946320350951,0.868021610545045,10.355132288536938,WALKING
-0.4033438648061372,-0.04891360386098753,10.27814118683067,0.7512771435886448,0.5324291920838388,0.8034152417488025,10.599356372353878,WALKING
-0.919035228126925,0.39978750054552714,10.37007303428316,0.6274193271209404,0.5322435347664345,0.9194109403047372,10.40304643124797,WALKING
0.6267124074260764,-0.1509233316266974,9.521991844246687,0.9422369861698509,0.7738899663797578,0.8978858050781796,9.348481271808167,WALKING
0.418011284212606,0.25103893253321025,11.121278874357143,0.8650450092536139,0.44969196982401816,0.905194761772292,10.23395640108731,WALKING
1.5965339918271715,1.8659511336032164,10.485378447308946,0.7816803381279612,0.653450564848055,0.8887655425873837,10.244072476262899,WALKING
0.3981944712731154,0.3995545512326768,10.337269288491564,0.8838940500469613,0.5382746813453076,0.7441698246053969,10.662807052545897,WALKING
0.36621829292150865,1.0046954600085223,9.995523184936763,0.8668741655592513,0.49082991238606855,0.76129002975256,9.793926730174862,WALKING
-0.05727940148645347,-0.9107242480084856,9.714376639354713,0.8890383163519786,0.6575205016106566,0.850066572138121,9.471827735002885,WALKING
0.5590627361620278,0.25258376663363385,10.39361507839424,0.7473965157332421,0.38466570801287553,0.9097152711753697,10.574410954574285,WALKING
-0.3136101119353037,0.635961830427973,10.493604759661357,0.8683569323200478,0.46340442887994654,0.9211943985386402,10.119295767728538,WALKING
-1.420988186318656,0.24519168688840248,9.176502793454343,0.6647329714156466,0.4477640813782109,0.9112688374989926,9.62866385537637,WALKING
-1.3658863660743574,-0.6699146639691954,10.988649296005551,0.7844101822063333,0.5451712703509399,0.8160018225852788,11.186126922066013,WALKING
-0.2878149166312686,-0.7956286116492229,9.669227871101379,0.8260280506582887,0.5036241073789389,0.7042849085104957,10.030051552475673,WALKING
-0.6067962677600556,-0.13824042852346038,9.260613484585356,0.8890198411124788,0.7035249334723752,0.6153812137761907,9.551400252133892,WALKING
-0.0667503758322887,-0.869787131819118,9.262512149499749,0.6996042627918502,0.6207267329398943,0.806934433703625,9.580658816856003,WALKING
-0.21732408826084262,1.0040712541791221,11.072368841432278,0.6700418763072402,0.6829732417879174,0.8811396554491593,11.278557052193761,WALKING
-0.8980358449955311,-0.5505016926085582,10.814129173474802,0.8271495310825648,0.6551476275239523,0.8340589216400497,10.871531852159526,WALKING
0.9356719939422189,-0.13763444644081665,9.96521844014891,0.6468892497444279,0.6514254756017834,0.8572057441714145,9.75621698612811,WALKING
0.45168474071488024,-0.6117986032152694,9.98115827930061,0.7825645742097165,0.6225307922040941,0.7630473071166641,9.663879674638375,WALKING
-1.2852616805909436,1.0497503425232524,11.10516326295239,0.6707737304894381,0.6689707805245194,0.7497025229448657,9.816325077926438,WALKING
-0.6270125324691173,-0.4143246313897556,9.267046467615007,0.7168177791769555,0.5932821709950644,0.7284240010889249,9.593148225940647,WALKING
0.19152360042830166,0.2998110661817603,10.37760181673542,0.8075955267916087,0.6742682418359722,0.8482248952680658,10.768139520102247,WALKING
-0.6106288833428652,0.022762701268561215,10.546663194248856,0.7790686180420638,0.7072978047766012,1.0363872494619362,10.295735568720817,WALKING
0.5772500041009149,-0.13851982430686138,11.162608530656827,0.6661394200276751,0.6692918623031611,0.7394139179241107,9.561951234151497,WALKING
-0.43964570872686415,0.5157527321878811,9.690295480168388,0.7954588782067762,0.602538842054241,0.6080326843802344,9.614418705839572,WALKING
1.1549056027750513,-0.7539041365675537,10.650564149398381,0.7721037069668192,0.5720239831504166,0.8790371896051712,10.78341786200233,WALKING
-0.2650467065466582,-0.36734204070465015,9.131879578753761,0.7174589470021046,0.8949094425308726,0.9244679580736788,10.471691419488934,WALKING
0.4378118379023736,0.3293303011904186,9.796035365157042,0.78745457399971,0.6327879524159357,0.8085893006293331,9.48749849032973,WALKING
0.14016913512680965,1.791155401562046,10.293985332379444,0.7686470313827602,0.6921801501977252,0.8482687887209213,11.655771871057514,WALKING
-0.9047107482607326,0.28417924608687267,9.258895096014768,0.8555512646342249,0.5081313488513906,0.7582633186394916,10.753310054069972,WALKING
-0.9965739011571076,0.032960466599909234,9.432336116200663,0.6741495089324666,0.5782982949575629,0.7691517211544181,9.110935437653941,WALKING
-0.45181920333675385,0.612829977257639,11.67075421829594,0.6414016687762042,0.41200756148609546,0.9870965175371783,10.445360815853174,WALKING
-2.108598191213502,0.002025303958296599,10.262256938274469,0.892427013953783,0.4986104047707462,0.808568716140336,9.314456186437372,WALKING
-0.3264806713281765,-0.5974892368741375,10.520908993458926,0.8858451116656666,0.5765379430042586,0.8038237994960029,10.028641801291947,WALKING
2.0966344728239803,-0.6671802154644981,11.17134179100195,0.8996858773465808,0.6280636404490136,0.9758620484195134,9.96468823655507,WALKING
0.978855105934902,0.6578815402865302,9.499458170003031,0.6680752805401233,0.5797019362604343,0.7199961435602353,9.662859160735028,WALKING
-0.0342587050492599,0.034813640885037134,10.678744705764228,0.5753110666015395,0.5393299705234703,0.8211283692279473,8.557903628126226,WALKING
0.495769156772909,-0.3812174332953776,9.048266672727712,0.7375654610286776,0.5815474642344151,0.7395255335461788,11.173235546457462,WALKING
0.5212175930716046,-0.6826114022548899,9.838806772841986,0.7993478684770542,0.6598794389561911,0.8668340488718081,10.382567188998427,WALKING
1.1646578577174134,0.42270392389483386,10.631245349900414,0.8083826627929361,0.7410459145203504,0.8409762795959498,10.614222527049144,WALKING
-0.35443521690278584,-0.287695780439546,10.23726043611261,0.8463184795267585,0.6197292265631206,0.8311308673442885,10.263346883184765,WALKING
0.7530484646139867,-0.6195143421165237,10.318341639957447,0.9809306349733111,0.5781954104607626,0.7152366071380916,9.409437978733326,WALKING
-0.2964064788720232,-0.8433402115071852,10.012494667159682,0.8902277173786648,0.509224381985308,0.9519283923641769,9.502680723411556,WALKING
0.6836201816532926,-0.6551603402371878,10.712198000669208,0.8171839339793532,0.6553251219984784,0.6824405394375148,9.275945570273961,WALKING
0.3705650336792985,-0.8202826838761474,10.678539370133334,0.6767476685231492,0.6552299937679523,0.8625630933646001,10.22952362114358,WALKING
-0.4310734849541906,-0.6051328104457249,8.429899446661937,0.8349650047299694,0.4435197228637945,0.8095344199441309,9.769141410646132,WALKING
-0.2635582290776731,0.43912242257297734,10.268046423267293,0.8316155957182779,0.6469267589808526,0.6464427876792894,9.213912936040979,WALKING
-0.19526437893936105,-0.02358437257657871,9.892402572478614,0.8333859966568535,0.7431366781831183,0.9081766727672829,11.119107509399875,WALKING
0.30944681655136214,0.6545882551115801,11.609816356560613,0.9023709546106982,0.6249308595641728,0.9045088474084754,9.719570359026536,WALKING
1.2507306870656867,-0.4910571995652008,11.225894179742493,0.8499864123740372,0.4600693825198058,0.8367649292991421,10.845669870485096,WALKING
-0.47388476452164285,0.0741286175733494,11.56332594700023,0.7494253295738064,0.4941092412943399,0.9481663402462599,10.922604510507893,WALKING
1.073180732424705,-0.4454905395230304,9.611755331705705,0.9230874513154735,0.768501427870851,0.8562880860174356,9.674799019897193,WALKING
-0.2681102249371614,0.20540270069377287,11.24332833657182,0.8853975976552224,0.641486550036191,0.8463288530118107,7.983454715322464,WALKING
-0.2372859672558387,0.14479316095006858,9.079188733104395,0.838632331781156,0.5795528779013879,0.975547569831549,9.963075786052512,WALKING
-0.059158052486714074,-0.2709956856957736,10.156019987222502,0.724171793111241,0.48693846650624734,0.8622711223900269,10.73896082196612,WALKING
-0.5052621833322651,0.1518991428227887,10.656275210089966,0.7966387435296287,0.6454740912141135,0.7483570356112429,9.40486197212117,WALKING
-0.14141933049262567,-0.929170979318248,9.607077002286315,0.771512450663033,0.574382024750462,0.7758502554129222,10.703594024524154,WALKING
-0.5198121814786137,-0.7219205132334866,9.166364470205517,0.7512797078805074,0.564807868218349,0.7230003933802543,10.201663410135048,WALKING
0.4760235726684518,-0.3344538318649927,9.669601742285252,0.7073301691152689,0.5968560829625223,0.7151571365809186,9.781977196922993,WALKING
0.24088587135339368,0.11030070979350261,12.154426931184398,0.8349800024567908,0.499594540315799,0.7904535752910927,9.441229960076422,WALKING
0.7323122204481294,-0.3297241647573209,9.906587267363802,0.7364442158595597,0.7738851351853331,0.7678757233882089,10.499986165924872,WALKING
0.2949865178540158,0.2362783789297509,8.457861936523512,0.7721116605849244,0.6845157971184321,0.7951102816525895,11.418797604647585,WALKING
0.9975133724277756,-0.037202405619619044,10.76115942164647,0.7633492979631948,0.4296128413173281,0.7075534011870446,9.886054361890459,WALKING
-0.23987055701990445,1.142481953743804,11.30076713228965,1.0218780233448135,0.5840954789599948,0.8295624488747095,9.189434838842867,WALKING
0.17342045101010328,-0.6583815165797064,9.528906538609043,0.71627375689503,0.5392124739324182,0.7460877296851022,9.140341391566116,WALKING
0.1764331416110935,0.730775491383335,9.589442908389284,0.7282081109252398,0.5769475374819749,0.9179725208360711,10.393150414175143,WALKING
-0.8818337198691387,0.40881570626576874,10.326885846161414,0.7692191528861116,0.5161414201552769,0.7113319077716543,9.528369201139997,WALKING
0.36670936284118744,-1.2522162111612412,9.53230581547424,0.7968941067129098,0.5090316583018166,0.7063493625210404,9.866170744735019,WALKING
-1.7905849866599777,-1.2724200915810397,9.51450785771426,0.8457686586053552,0.3252495157274765,0.750026982384837,9.7368197457367,WALKING
0.30639118779274277,0.08475428405247794,8.29554681615424,0.8768207216631738,0.6215396505456288,0.850826863967459,11.871325347380461,WALKING
-0.22995801552028447,0.17239734264180556,9.963590203759006,0.7575763666601957,0.543016707176124,0.8329508735573009,9.753344248539246,WALKING
-0.9040554712322862,-0.2700077147974882,11.005719373490058,0.7464664912983777,0.635845361820962,0.7269043724284527,11.502246082299173,WALKING
-0.14045115639937242,0.40119288285474397,10.078454031631155,0.9295871781863014,0.528116761239127,0.8745005312877282,10.074679714544487,WALKING
0.20179231714134194,-0.0697374258731749,10.171770546536422,0.9578118057562185,0.6985449685615218,0.8869154592496897,10.783615002793498,WALKING
0.7008374340238355,0.8836024054505892,9.516815499224617,0.7770451344639653,0.43605158374745656,0.7607528893939127,10.546287221462867,WALKING
-0.15240248479824908,0.19443421693293636,9.081846888147465,0.8085209449633901,0.30088640290992763,0.7813103841838016,10.726150528723577,WALKING
0.37333678557286487,0.912603736295628,9.240866783340131,0.9747363197915558,0.6932191564260385,0.7763444712781055,9.407912863009154,WALKING
-0.48687177859176034,-0.3173866248384091,9.154753885791798,0.9223083067095326,0.5741145599630169,0.835250496835688,10.284407649030921,WALKING
-1.5298039803358217,-0.041180427651281167,8.905347968933752,0.9987275999230809,0.6911362722174721,0.810575379127148,10.495932923769052,WALKING
0.1598483469749708,0.158412048800202,11.017882800085415,0.8732492102779803,0.6288723662825023,0.6345112563771704,10.104199094795874,WALKING
-0.9041629797391391,1.4470060053470526,11.213115244202859,0.8602118320392484,0.6072036861283745,0.7787791030098848,10.234679100309004,WALKING
-0.9934084603852995,0.20050585034693846,9.8757927609402,0.6092192442122609,0.5139614989220498,0.7586394466578357,9.064535611255941,WALKING
0.38882903153410964,-0.9283823933630193,10.866152843109658,0.7528875348182121,0.5906363811260829,0.932579664754219,9.625145763231208,WALKING
0.8307030808154533,-0.9116076452861054,7.734275521511545,0.7548841141591002,0.655174079991092,0.920026174973883,10.932190678924698,WALKING
-1.4957933597563366,-0.23311246510980554,10.152339111940046,0.8449218721285034,0.5490193306809117,0.8034441011705842,10.559663241779152,WALKING
-0.7858352274037437,0.03539053295375842,10.357498000642158,0.7657450799142236,0.617046377099657,0.7037267434715389,10.13354373958487,WALKING
-0.46922501565114844,0.1345298425744758,10.571687832509294,0.5950058721422522,0.7159074064955897,0.7663745261318928,8.938079457048516,WALKING
-0.5675528019420373,-0.17312921752542287,9.372997183100457,0.9734936575836809,0.5143227906173207,0.7444453220513134,9.711658141172862,WALKING
0.2539626090001401,-0.19971624262950674,9.925290512880041,0.747066788755163,0.44855296908192327,0.8321593211339239,10.276569930895908,WALKING
0.5541782040934876,-0.7615982979280195,11.362011726503685,0.8202328796422802,0.7631856899089109,0.7266967004476012,10.553488652674739,WALKING
0.18721956348251836,-0.1491171708446696,10.960425326779099,0.8140359869848047,0.4032930296412848,0.6882813538292998,9.957576719618201,WALKING
0.9751766318349306,-1.1706611184231748,10.114870349204129,0.6182020774612845,0.6759712295484168,0.7905541285557998,11.040855519802623,WALKING
0.8333797312470811,0.3501265818071326,9.896386202509248,0.8579857285295133,0.5293107432012651,0.8855555659020713,9.530004378954516,WALKING
0.28913385381848233,-0.7758849262551887,10.457912248940541,0.845060341286254,0.41301836604678355,0.6838216156087636,9.037061267013904,WALKING
0.311182983481747,0.15088416536430724,9.844584694417184,0.7244208499841638,0.7048707126416563,0.9655407113088296,10.406647237304506,WALKING
-0.286423503797589,-0.08363832039794049,10.591722521379737,0.6090643912492708,0.7318302324852669,0.8072680524329342,9.975520472033322,WALKING
-1.3849610427559405,0.8969629364719415,10.033060505816495,0.8443002130447376,0.6951549770574043,0.69788375424397,10.685339747574568,WALKING
-1.7017819362811963,-0.0594565801447614,9.51774347537283,0.8432262950634156,0.6470044187368202,0.7292374105177974,9.300391116149948,WALKING
0.6735869563617016,-0.2215243202684677,7.674409424542686,0.7625177943378194,0.49614561791560274,0.6368724184539055,11.107309739788851,WALKING
0.250547579091984,-0.3639020329294438,10.364723356136562,0.7540909689781009,0.5305399630836856,0.6845637331767016,10.225638213083707,WALKING
-0.07729893601191179,-0.24958015676841516,9.243403151442575,0.860824619168497,0.4682868080053415,0.8776027913843476,8.874403003709935,WALKING
-0.40112171750850933,0.5851874750867873,10.412502470755165,0.8978422112028035,0.6522142545933935,0.6896330171469631,11.077519533044088,WALKING
-0.9574309171410493,0.5362186136334665,10.714363096087016,0.9829620201716087,0.5590313407370502,0.8712322159580163,8.96752757629979,WALKING
-1.504008027126211,0.4276272173167988,8.493479833553133,0.7627680947062078,0.643731318703896,0.8185175536829914,11.029152384403877,WALKING
-0.7618531045910376,-0.40619708307511876,9.38187244378334,0.8830191811862611,0.6900398588395064,0.8451225319318508,11.395199626422755,WALKING
1.2185908973698067,0.44137319834744804,11.425439127016848,0.6343376792322226,0.5475551863737348,0.7264696539318048,10.640361875323245,WALKING
1.0964289151973707,0.4171217400503996,10.2270008189292,0.7012126659099251,0.5153149033874636,0.9249618905296667,9.685788386152081,WALKING
-1.6206462984891017,-0.6425114512106632,11.529135269711778,0.6719544428997534,0.618947982122108,0.9007443973195199,10.79767667597141,WALKING
0.009999457525800268,1.721041833400061,8.665120592897443,0.9058728529883879,0.5827198262603536,0.8771920154836675,10.19880636283754,WALKING
-1.4863211611186298,0.36194850034283627,10.23852677279242,0.8638660168643103,0.705811832508715,0.8367619840209711,9.445772069119702,WALKING
0.9493876961418648,0.8618012434235871,9.809511650950357,0.8046002747253275,0.5095385625006233,0.9172756845267446,9.38512310198075,WALKING
-0.3024063192145738,0.13886755351534338,10.517191630180616,0.7784332362452369,0.51270389095463,0.8881407528923572,11.112964189377005,WALKING
0.936158967357283,0.08057789834867572,10.06367828990083,0.8554057771115907,0.5138296929743742,0.8030031479164083,8.934097688338632,WALKING
1.2027358627431992,-0.1980720563798702,9.830666414455058,0.7372266093915495,0.5711961126077924,0.9418531345148037,10.489500248116688,WALKING
-0.9656173182857725,-0.6451874358295427,11.341114421766562,0.7054493120057269,0.484664948940404,0.913731454236473,10.192452188803449,WALKING
-0.8206021469122219,0.660492839053563,10.849096771898507,0.8532006198821943,0.6361661061247016,0.9761188124867375,10.383820941282245,WALKING
1.6688376396296911,-0.6088556959115112,9.710829786644812,0.8416446038101453,0.5946095150994261,0.7017696419622685,10.291060986617087,WALKING
-0.7232546317888002,-0.929376315032085,10.206380784976945,0.9103877343316258,0.6475167746495382,0.7997596159081146,10.698300307690188,WALKING
0.7310172971084685,-0.9274378720144398,11.271871182544547,0.8574071220894002,0.7399594645145793,0.6657872251514885,10.459838970673427,WALKING
1.437088658341571,0.4236473482890789,9.805854978550373,0.6973630792334108,0.723000057271915,0.7035294574249286,11.348780514796072,WALKING
0.5431450320474227,-0.08219729366547496,9.584482902539099,0.7659092122653921,0.6428316692375238,0.8077156496217717,10.074558644767812,WALKING
-1.7029872755318498,0.2749008688732192,9.216223020226554,0.6846667596794256,0.4312655652889289,0.620610750213211,11.621131439835366,WALKING
-0.4207037407161631,0.1066500637608188,10.320385109205063,0.8131065186215849,0.5922556539274006,0.6804706236400756,8.798442262651054,WALKING
-0.8192228727091037,-0.16788620542620364,9.228369764071847,0.8505965553455865,0.5271727797593386,1.0165056067806604,10.864170290718091,WALKING
0.8847203394858472,-0.3383684928349459,9.347026204366427,0.8078143062969648,0.6861636124497944,0.8139060398653418,10.032128062545357,WALKING
-0.06053248346066421,1.1835253060738848,8.891209646080801,0.8505589241835875,0.7489113108328289,1.0271449745422796,10.464966880579555,WALKING
0.15638538524263268,-0.05930712074358363,10.348780311600036,0.5467753914780316,0.6682069490062631,0.8126177903661967,9.541097824189517,WALKING
-0.32246079125202465,1.1949319813228403,9.334350956120115,0.7449884717063462,0.585297457656915,0.884073448212955,9.607065444824075,WALKING
-0.4858835465697691,-0.04633262713382734,10.340674926903864,0.8418205755887973,0.42239882459515976,0.9063940987560857,10.390590633161475,WALKING
0.8810583661886098,0.2799271868700762,11.076980604962198,0.8522250636017779,0.5902084753557095,1.0272434720446881,9.013657008841284,WALKING
-1.0306460939708302,0.17562928928511204,10.116416958214593,0.7385877434991684,0.614098269961206,0.9588626928043597,9.949974621151634,WALKING
-0.6439731846820487,-0.23261994984513668,9.669107467496286,0.7522354417395996,0.4744864628026605,0.787234531848181,11.782847596979122,WALKING
0.8710157233733377,-0.2257804349549976,10.01505523979248,0.6828345652682438,0.7695722877810866,0.9897288694773112,10.159582078922933,WALKING
-1.0693803511007445,-0.24709402137819436,10.105542373417565,0.7545452281256556,0.5781346722564964,0.7908600442490886,9.151798387207513,WALKING
-0.573612919302349,-0.7707505594199816,10.78225243974896,0.5894353058159676,0.7153590343316926,0.9386349397262844,9.838724336751579,WALKING
-0.051347329031055426,-0.606358931957348,9.587825284953405,0.9530195198863352,0.666492716230174,0.70754358856219,9.913921407087022,WALKING
0.39695934989065307,-0.3211900275405954,10.40919966028949,0.993515404006023,0.6815501022444262,0.7951911492669228,10.947585340064565,WALKING
-0.5018507567610423,0.027133625399989536,10.040958321504869,0.7498215807188469,0.4627534452115899,0.8322974503617668,9.577948119541093,WALKING
0.9766570390504383,-0.5260642687271069,11.369632227214314,0.6252363490171738,0.6434770064556891,0.8475430682526623,11.044907831264776,WALKING
-1.7734550714832515,0.3016468844944888,8.005383343735938,0.7034335196476792,0.7629166364900946,0.7418217966607946,11.692703437741926,WALKING
-1.465345797764821,-0.6307859469836067,11.197945346543701,0.9857702343537733,0.5896568775709716,0.6760947297473358,10.718424283280875,WALKING
-0.649921879149936,-0.02941760450282204,9.871711935164136,0.8330851304615579,0.7451001438131336,0.8879417041137404,10.319779442355156,WALKING
0.549652636687133,0.8799245155671617,9.11073580038916,0.7964174421293537,0.5468545448640785,0.6432140574634544,8.664496873181495,WALKING
-0.025824488839576262,0.38432576104486404,10.098462561324945,0.788687194748426,0.47007836365541755,0.8232786742940164,11.050782014888272,WALKING
0.766708655873634,0.03099658611064788,10.183259750564561,0.9074318012715562,0.6224339656778083,0.8904017554761314,10.289544962950302,WALKING
0.15524155488469923,-0.7620366532272193,10.229564683441367,0.716804508250555,0.5361717273471506,0.7184624371683879,11.170884721415261,WALKING
1.536294001715409,-0.7337370117333383,10.057002999928715,0.6706492374795905,0.5304305122802936,0.7081873016583425,10.902500193355516,WALKING
0.4832967116708144,1.3821832512628733,8.816444621488222,0.9259233239786799,0.7146440870400728,0.7026621161972966,9.853087729325454,WALKING
-0.6591483895775997,-0.43146567086951154,11.63984967662874,0.8000682818957483,0.6782130001531459,0.7209100618332447,8.965663747035524,WALKING
-0.33217101432421725,0.020416446643339227,10.089098081472041,0.7820906714983844,0.6395819781095923,0.8692855755817812,9.80818275983309,WALKING
0.9558102895015502,0.5367883125443234,8.90171243881515,0.8351479900352202,0.40217747506251894,0.804693490206037,9.472315705760291,WALKING
0.6112238252582877,-0.9256809091257875,9.493795976091969,0.8596441137581753,0.5365714152310597,0.7764030012789029,10.233917606218425,WALKING
-0.271297823416031,0.2220366691613732,9.901013855920194,0.8457805609925785,0.5503067974882021,0.7817431025620459,9.384699261356745,WALKING
-0.8912371601295948,0.15519668871323286,10.170191820686128,0.8782873734948573,0.55688744304249,0.8408052846836757,9.353673614261078,WALKING
0.11949078581695112,0.21848417763279682,10.005742773526354,0.5913522341628916,0.616048962397348,1.0212531039397243,10.311963089502836,WALKING
0.2499025683732574,0.7156410992498486,8.99370547527289,0.8731380252574993,0.6590422061251463,0.7857853463059454,10.71909415559735,WALKING
-0.9144154496589829,0.49209491205329065,9.948249115973985,0.8072874098015516,0.6073196991001695,0.784975701120174,9.15428081630396,WALKING
-0.3148238847757831,0.10721683008628537,10.98337182743764,0.8603094684948834,0.5149464721252955,1.0485189916678892,9.910486955008452,WALKING
0.42668739576435954,0.5036811027110428,10.974555769403405,0.9057368305378226,0.6872197000072977,0.7684913268805892,10.758083143969243,WALKING
-0.17817656062128565,0.6391031794286319,11.162093396388943,0.708367908092658,0.516307929620372,0.7859624941094664,11.08896180664016,WALKING
0.33925348921476095,0.023668228944443693,8.851272380905177,0.6684184183572494,0.6281009250281806,0.5867404373845164,12.620858427396811,WALKING
1.8463330004928886,-0.10886944154851004,9.914930397974947,0.899558151400203,0.7703172609918038,0.6361970942563984,10.56989859037156,WALKING
0.39749887240607773,0.6418628729903101,9.040241977307753,0.5683856137031124,0.6858014195302146,0.7171803727034766,10.756792089834297,WALKING
-0.09764570569702181,-0.2747090317094935,9.872510214283274,0.7629417237599218,0.46519528880598326,0.7285319323009569,10.144860463400395,WALKING
-0.7961187854827037,-0.10890189728140028,8.258347962845717,0.817847666388539,0.7428857707813568,0.6525867867957895,11.014025003961287,WALKING
-0.35857969304011955,-0.4153501975595378,8.424861486067133,0.8103438129308107,0.8042076040143744,0.8277358461964677,9.993011041167083,WALKING
-0.6504114978081039,0.49396794940662314,10.180609218489403,0.8017613251933657,0.502463397272175,0.930350793193476,10.819628753294745,WALKING
-0.39805667070816575,-0.4692020955066222,9.392237506015771,0.622893144691191,0.6471542380418206,0.616885512166165,10.057054099391115,WALKING
-0.12025636821749766,-0.19601772791181843,9.165937844263539,0.682776624656336,0.6464369863546574,0.7449448068291513,10.16189735257308,WALKING
1.042622429852851,0.35169948023567,9.670068945426816,0.8257198970355928,0.5759334825469786,0.8007880184694729,10.173488082524896,WALKING
-0.7946869596655606,-0.6095272961939869,8.889165956935031,0.639972889549629,0.47827173077795204,0.8159462506804129,10.057896581962973,WALKING
-1.574803370750443,0.39298535053301387,10.648638916473368,0.7006137325165147,0.6420191542894992,0.7143501762590801,8.599405442282016,WALKING
-0.30625375169037494,-0.07423736776490168,9.681856245108317,0.6815969441777441,0.5600100937868863,0.8269294752580735,9.464609438767917,WALKING
0.9373743317729277,-0.7057040019328683,10.390048237669374,0.9181891092959962,0.6480908092748895,0.7797475772935171,8.893446159954344,WALKING
-0.7760994083037149,-0.2385346592950328,10.990123006009599,0.8379767636040897,0.5031954241489754,0.7689692294615097,10.802703199173354,WALKING
-1.0973945034108046,0.965268513440624,10.662583752147698,0.9090861670603698,0.5537060487974741,0.7850059280920891,10.462698089007434,WALKING
1.036850449425117,-0.664294090081471,9.707595250411787,0.7848700779767478,0.4604210797807514,0.85913492417584,9.656538865458783,WALKING
-0.6314708045757396,-0.00422699128833282,9.827512337145581,0.7628142117721335,0.5271538378319657,0.8319524670782956,10.877960520254504,WALKING
-1.1121775401227703,0.09465686357626169,9.122105344823147,0.6523075072468099,0.5260628592540963,0.9191899334413574,8.807902031686435,WALKING
-0.15702452111034945,0.18102000534104132,10.14042898366288,0.6156206416519254,0.5109682151980128,0.7935922235851284,9.967104856349087,WALKING
0.11443901590316188,0.5097671931097278,10.554286067389949,0.8582571318808806,0.5200059493298066,0.6091997862876692,11.135439827273997,WALKING
0.5684392818382283,0.2576044936810406,10.303711718708772,0.744388125323922,0.586993970644638,0.9669069525826332,9.819430160074669,WALKING
1.0603456872760628,-0.844089005698523,10.468723360931719,0.7263229864052378,0.4584732808075812,0.8218534042410947,8.852290696526847,WALKING
-0.0734758114679641,-0.05246119726630864,10.438655702043599,0.8949594571364489,0.5940584818727506,0.9855503314794264,8.715072110895619,WALKING
-0.2101276162529342,-0.20183216724668174,10.768243837025176,0.8462483624066854,0.48206308783673824,0.8172254386411038,10.762589621446224,WALKING
0.6086773234491822,0.036051596769098165,10.31064960433876,0.9249504900706159,0.466722260252035,0.7650560672783044,11.003904087578293,WALKING
-0.47757942937685915,-1.4341826204816628,9.670223403980424,0.8913473732017407,0.653762990294988,0.8428186247810576,10.442880439915855,WALKING
-0.6674254480276999,1.3104580400282737,10.456405766683613,0.7419351697446049,0.5388614752611371,0.7907055793386412,10.173035184409823,WALKING
-0.5853053911268224,1.1342644110934696,10.039446665216179,0.8768839675968897,0.5391773492555241,0.8363115627744524,11.670093376434025,WALKING
1.0325155687380378,-0.23831718968759258,9.118184207635316,0.8347561613803552,0.6086697699414396,0.835566894856323,11.163030287855706,WALKING
0.4544825641029169,-0.6297932993459646,11.090050282169962,0.9640614563488288,0.9152056734512085,0.6876505966760402,10.518774316857101,WALKING
-0.43856023853341813,1.154067476894972,9.380308023985135,0.6310816962032739,0.552873625929748,0.6024512228782863,10.116923461124907,WALKING
-1.6622494558849574,-0.19217868272198516,11.314702524643627,0.8360647891435795,0.5136506395035065,0.7968796511060916,8.91103830531361,WALKING
0.47405381907786454,-1.622634978961665,9.496092358108951,0.7511726157548456,0.6633326826071239,0.802263085267687,10.238056860270072,WALKING
-0.06325387349164503,-0.34747446578144786,9.615332968390417,0.869616799715929,0.5482307427130785,0.7911908755970927,8.735472278945526,WALKING
0.6268717318388854,-0.4071858367764619,9.745409977805904,0.7218843621868887,0.5740199859232488,0.9598538112096342,8.905247415644206,WALKING
-0.9209229892422954,-1.703447195691256,9.352495343133796,0.8956703186385659,0.6516946515748371,0.7778486737047876,10.172223746298268,WALKING
0.6127026235844919,-0.9695320724462836,10.239718150269878,0.8932434870954667,0.558489971103663,0.8700700612120584,10.55775038160333,WALKING
-0.5904456669291133,0.10875069756123024,10.368217299985844,0.8194842340270139,0.4980304680291143,0.8206361771325451,10.836274863833607,WALKING
-0.1896095760101022,0.4499401436542263,10.22341427057322,0.7049089270312768,0.6318521004798874,0.700830333655969,10.250936702233329,WALKING
-0.9513859720617033,0.6323914627097257,10.457605022640378,0.7295271564389116,0.44624152035508247,0.7855095420918569,9.716295702568196,WALKING
-1.605965488596008,-0.23300816298069504,9.755504711145349,0.863366102477406,0.530180032538895,0.9678674673372567,9.969994726265156,WALKING
0.687667897874845,0.04788089043523985,10.911644428820376,0.7612638035447189,0.4901379574822188,0.9420504287271063,10.988980664961906,WALKING
-0.825564193675548,0.35729453858355437,9.528084194829688,0.7867830644355629,0.6072278965384289,0.6499778138553064,10.757649944985856,WALKING
-0.05011166186178789,0.14587407510773584,9.764605995490834,0.9356583385827982,0.5799647422205836,0.8231842092134849,11.293973211648078,WALKING
-1.2243691277947015,0.9777852786676792,9.701859532838421,0.7757301252174719,0.41099898288170567,0.7545205282622307,9.931766310554297,WALKING
0.7662332915783245,0.12456201084037546,10.246141322720892,0.6904480611154438,0.511924591039727,0.9798725018351313,9.873310166994635,WALKING
0.0018303489148032395,0.6422190961379578,11.017513937550925,0.7889187439720913,0.5611756946478461,0.7944079551477787,10.021316230673978,WALKING
0.49510903841852294,0.9830158393625645,10.305047689811827,0.8311652856004779,0.4481089174909932,0.5369269863170937,9.593375308615428,WALKING
0.1948241633490757,-0.036242237518144975,10.902224200507119,0.8086110868258979,0.5253076714929832,0.899016623895929,9.62482613996465,WALKING
-0.5198615083979491,0.05050093811141769,10.010262914834948,0.8479827035366834,0.5731354246690257,0.6163640216229603,9.779841533278377,WALKING
-0.19710672201163842,0.5918259035435622,9.430421418192863,0.6457196781757101,0.5839368880474506,0.7515826048751263,10.422442004350515,WALKING
-0.007430849254252598,0.18418864361174264,11.450726158812339,0.7657121138442436,0.6278348634644669,0.7490786637400866,9.647184411594104,WALKING
0.28758063803770045,1.4094454720204543,9.427165250979328,0.7583374694384538,0.5936876986888752,0.8395798848709748,8.098376849777354,WALKING
-1.9095438961565383,-0.29752690320608954,10.877840150034967,0.6434351968394404,0.2992367660306242,0.8571179406219209,9.236821235468316,WALKING
-0.7757949757077396,0.06632119048436408,9.498947779053594,0.8494063918975521,0.3145373337095609,0.7143148134872201,9.613099766687615,WALKING
0.6382750239166133,-1.1156020629960344,10.036393181064602,0.8558336423211705,0.7856647436561954,0.7518234028906525,8.162672241252734,WALKING
0.67581950062536,-0.0033361761888423395,10.942810151838739,0.6626597111030251,0.6519902139528753,0.9868817840543853,10.013851455579207,WALKING
-1.2567051657007298,0.8133437614262088,9.511313888155946,0.8504483256383017,0.4436965693428746,0.682054033549222,11.223438916088108,WALKING
-0.06258452724681425,-1.1051386637747145,10.713654079785377,0.7410107682244392,0.6698688813517043,0.8025210867540082,11.822023432693857,WALKING
0.3943891668115674,-0.03451065180327788,10.860274721565519,0.8210668465203111,0.6209534230262794,0.6908374827840897,9.353680310805663,WALKING
1.1395966569975582,-0.05502361448707559,9.289784390769167,0.8997632076920246,0.5713205764261731,0.8759514887486108,10.39753026566898,WALKING
0.23271764607200474,-1.197319068271043,9.103005007924487,0.8929409984790816,0.5867863411098453,0.7476268697228579,8.477516872892247,WALKING
-0.08102457496122631,-0.3590625483486281,9.226729687211748,0.7931876574832047,0.6363970630852738,1.0093197932209945,10.868415880884413,WALKING
-0.6232741915013604,0.12194157275161861,9.633893400529908,0.818568858041874,0.7509131013404551,0.8605606232631313,8.825919862813839,WALKING
-0.16677456843232633,0.7239648929183491,8.778265714728281,0.6944910631823306,0.6126267736234068,0.7015345215152737,8.933657770681817,WALKING
-0.7792974769730947,0.42205675007238524,8.954104174215228,0.6402127865505163,0.5369975020466106,0.8731955502509846,10.040593555426172,WALKING
-1.3965659462877218,0.29682339226501947,10.306748025122916,0.759069152590428,0.7005924511796416,0.6872503901046961,9.7729441217438,WALKING
-0.015898908294649256,-0.06435885948656504,10.976226317134174,0.6923320872528986,0.5237480760853401,0.9036302892072481,11.38236696636285,WALKING
-0.32143602155330697,0.40881739594518324,9.077046174928114,0.8754733298067809,0.6199423985986767,0.8473038282160216,10.462990058248014,WALKING
-1.6507225219835637,-0.19041029534552087,10.752945493135975,0.8191897735873036,0.7948342644789813,0.9025109152581774,9.975842153001672,WALKING
-1.2657414106769018,-0.564239349890612,9.551391274416112,0.5963779497144064,0.6047493468251642,0.775092815534696,10.65982430419315,WALKING
0.18162758309191113,-0.19444090512538212,10.473153721401484,0.8680220360476691,0.6307403569719688,0.717538774956524,9.552236449977087,WALKING
1.678351471305945,-0.31537856039123063,10.02592561067211,0.7327514403993665,0.622327083592026,0.6257778307364725,10.138902401018795,WALKING
0.7955579004071259,0.38760371226873086,8.102672511312885,1.004206965292788,0.6295279940620868,0.7223500859507,9.467945756517572,WALKING
0.15833333387366041,-0.3644833725721843,9.676510405847981,0.7313720864244916,0.45673287102603466,0.8145836470215384,10.670695746232099,WALKING
0.25947216801189454,-0.3196352989301421,10.67173109154495,0.6642482460158066,0.509932861748752,0.7035799928576756,10.4410450553927,WALKING
0.8575438921694378,-0.5275696694471929,10.278876095888783,0.7874825571616836,0.6846882103884914,0.7884775767447803,10.710283955331054,WALKING
-0.5346761558774413,-0.036645402811425656,9.153247493086678,0.5501938982507061,0.6200459631413728,0.8608905356254632,9.791702069306579,WALKING
-1.7746782080408652,0.8218206645925108,9.131156334305532,0.9255403609459897,0.6945869643684146,0.7099409647463939,9.370832569057859,WALKING
0.08198771372656603,-0.289696554484151,8.575073268427493,0.5769531980875542,0.6226684248494597,0.7438442253669375,10.955657809461925,WALKING
-0.21803577708944735,-0.2043592241459169,10.400114426491108,0.6643064430300425,0.6223153054747697,0.8551885971822154,9.478174910994701,WALKING
-0.7026106022587734,0.05993217264552779,10.384595663814387,0.9496710407445982,0.5505034519631926,0.7502427501690787,11.053888371204694,WALKING
0.23098240240786905,-0.6942699712279625,8.933497316177755,0.6448487750941071,0.6662051834758473,0.9188596823087009,11.041540132834495,WALKING
-0.4640130661229478,-0.693849490046314,10.680063465934042,0.8417680752239401,0.6107444374340892,0.838737148063299,11.065859008371413,WALKING
0.43537628187227767,0.5074817235377569,10.411250041939821,0.7538830267965382,0.675656467491314,0.6605504931140739,10.288325840416276,WALKING
-0.6761231667409272,0.332033389844656,9.972859819257673,0.6405244041836669,0.6420699631018478,0.7422079223167289,10.3403923460589,WALKING
-0.7660551640121696,-0.35359933885641714,9.633089091119132,0.8856702480242556,0.7677377087805489,0.7194828248257124,9.178371935094646,WALKING
-0.7670227649494199,-0.8115052136644334,8.733129288169936,0.8412998912137798,0.5785932302272139,0.837940539760511,10.54189872985427,WALKING
-0.05562582899381551,-0.7121960329834468,10.846251344656636,0.7410887867218874,0.5064403701237574,0.7822082124195602,10.304203708671407,WALKING
0.2786733913969015,-0.5386980398553776,9.609835701641003,0.9074333004770244,0.649640011773394,1.0075065039348543,8.966023299936964,WALKING
0.6110882813067381,-0.03186408101814639,9.559214557169401,0.8168015340532528,0.6945211534611484,0.8500831591004212,9.526338091439438,WALKING
0.17334649517142897,-0.18201004048628053,9.8249069986115,0.876624297504051,0.4959806280184102,0.9945195074276934,10.404910757823702,WALKING
0.46745133314824794,-0.06028543234302308,9.954087437598766,0.8410550085327617,0.5768930522542319,0.9393181257934906,9.266285477527687,WALKING
-0.0635107395245623,-0.18027956923242222,9.195518899448427,0.8360164183945767,0.5462354242220183,0.8655403829850238,9.379216166991682,WALKING
0.17544186976034887,0.4751155862328405,9.54348765583991,0.8852468643432951,0.47708164021995836,0.9452117699182561,9.767218660583893,WALKING
0.6471354155141755,-0.3506731751102629,9.400513848461777,0.7778463402416262,0.48230378872300317,0.9820543907941817,10.18989146272527,WALKING
-0.7876272403855745,-0.0035728255276376297,10.627202223448599,0.7811738664913694,0.7193112945851028,0.9021515392781865,9.169802631630306,WALKING
-0.4908700842902356,0.11774456440003227,10.436629370825884,0.5828428595239553,0.599188679838825,0.8158089225323185,10.368794319052279,WALKING
1.0481535264647177,-0.12957631221013932,10.74998199400554,0.9635066394527521,0.731169344927266,0.6907858406571268,10.395448248024874,WALKING
0.5490828440116265,-0.5033356044154418,10.05427081113355,0.5980072667843864,0.744194500580189,0.7487625759323306,10.918494358167118,WALKING
-2.270005153117903,-0.009966205395545392,9.915344994001842,0.7546363612408318,0.7726226545635633,0.7112670541144229,11.028587485401324,WALKING
-0.5337512678220043,-0.43978133947425535,10.87685592598192,0.842532130833011,0.44550626533232407,0.746069498553673,9.475008627136665,WALKING
-2.331404791853553,0.3139339114422199,9.023743448044819,0.5982661201877589,0.3167674075015859,0.8813980860197742,11.112520740994375,WALKING
0.5098597464184581,0.9697800256331499,8.885811622266402,0.7965449376046037,0.43832866250519853,0.7770617668144533,10.045459728395784,WALKING
0.49872571062393245,0.4220640798833365,11.723942941906515,0.7684703344713876,0.505897729933362,0.824608361531641,9.834755726680898,WALKING
-0.4524610942991923,-0.28278943269067075,10.574733938777312,0.7842253016768516,0.5358333179869618,0.9665351917623531,10.544136431094751,WALKING
-1.3050680883336587,0.2881563008435549,9.15591385961564,0.8822782780834003,0.5037348988081023,0.8692769031848862,10.252378737708764,WALKING
-0.18504075434375955,-0.34585174580090633,11.176827752653683,0.7300504779832357,0.4962933926430004,0.866536893503283,8.886320080162172,WALKING
-0.3863278715684142,-0.04962901433789592,10.194473382128558,0.8951306244299484,0.6526897923665793,0.7809127780446821,11.023447505187521,WALKING
0.10105135958656015,-0.28147851252624534,9.205707199131563,0.6554794735587774,0.6666269672043523,0.8577978523639558,11.135399232975992,WALKING
-0.3872947956678542,0.5731615423243233,9.969005684008366,0.7391649235320663,0.6592530307317761,0.8409636118683994,9.973894063873558,WALKING
1.9106975942963509,0.7105539871177037,10.578261515988409,0.8111799158203389,0.7007157200596669,0.8517994776391452,9.936957634014004,WALKING
-2.5363405887024446,0.12636050357858505,9.609219135911712,0.9592669998282884,0.6019344070811754,0.6811036580465039,10.397765013661225,WALKING
0.23275789147158832,0.5747037786649606,9.367294566644347,0.8034008096228147,0.46349782045733645,0.8701494781924715,10.014325129299774,WALKING
0.3318183126310328,0.9626034649851577,9.77192459436639,0.8138645183710085,0.491387370081859,0.7131739038401668,9.817656849978272,WALKING
-0.18873322344969914,-0.2441311467026248,9.572194663324542,0.8294971455708822,0.4502742354821355,0.9280939576666728,9.010176014215759,WALKING
0.5350721044369745,0.4031667646886985,10.307361657604718,0.7005571478200208,0.6249548189598076,0.6816943815265611,10.65719656269821,WALKING
0.012146354032346499,-0.5848839455537052,10.516470169739355,0.8019381237698026,0.3679684401769576,0.8782629826316519,9.15228511210572,WALKING
-2.5413630505568006,0.1674503150071111,10.233250941345577,0.6309328372393548,0.5021500454133393,1.0755217743719903,9.492761189904451,WALKING
-1.6722423190825255,-0.1021549480775433,9.787516351771115,0.7600121761331629,0.5885359164493608,0.8264268271645637,10.417285429453978,WALKING
-1.5594974042579386,-1.2302144743705201,10.591344395761254,0.8507020272135357,0.5942604634925964,0.6604551495244928,8.74307035907375,WALKING
-0.5912229264185863,0.3913982029060079,11.141844291431372,0.758056524734145,0.6756488354316098,0.6085939929412533,10.270783106356259,WALKING
-0.1982019345917674,0.7922484058703004,9.300451481328066,0.8627606297561832,0.5720492536703466,0.7841694521990337,10.002681434879797,WALKING
-0.0501185776974572,0.14474414904403757,10.06760411655429,0.8797994549612237,0.6923508616047369,0.6949376678172199,10.517441410471845,WALKING
0.495791027762295,-1.1467901349975025,10.074383397223528,0.7531503886639684,0.5241234742064624,0.9350852330699007,10.085749527038457,WALKING
0.5484717970387332,-0.08498915160607613,10.933096436535402,0.8530975661964091,0.38217886802685697,0.7470533036492992,7.918147656486314,WALKING
2.0392077669741777,0.318615656936526,10.119101443134152,0.9181567716419147,0.8343654052812625,0.8870746644588403,9.916184409116452,WALKING
-0.3806363552039209,-0.49566719502872525,9.450388720240403,0.6649444035657017,0.5924128549314976,0.6315332422773614,10.118724473351474,WALKING
-0.41770525601599395,1.846116222108302,11.08809272014425,0.6755457499915277,0.6232868087426898,0.7391993857062676,10.408658896985141,WALKING
-0.5451041880556592,0.5806956144151224,10.795025771624351,0.937391438521145,0.5147613233925896,0.847536561069201,9.40052106250376,WALKING
1.2876165326207785,0.13649752543923224,10.508774200569391,0.7177923988172072,0.4780715533477806,0.743055022550789,10.012997165969118,WALKING
-1.3508041504548,-0.6720284534819233,10.5367289986215,0.8603790520277894,0.5608123234613134,0.6982235690923048,10.550064935552093,WALKING
0.7425965530754597,-0.2979190412891814,9.077206059212173,0.8267843637866333,0.517646502937415,0.7481747361138797,10.1938173534306,WALKING
-1.0175352008901783,0.12683794048239533,10.85012583263002,0.7624366334234465,0.7351114089986714,0.9292745289518207,10.555763952175337,WALKING
1.131349830664872,0.26843636224138534,9.59901271376783,0.755145716347214,0.623855495377374,0.6709438578053781,8.273993146455048,WALKING
1.227585681435612,0.6734245312218957,9.63218830733562,0.854339082787181,0.6003147726906326,0.9229990368438683,10.532835212755453,WALKING
-0.16450228291459812,0.04969954231085994,9.417462479224147,0.9748137069120836,0.7040061819902576,0.7260228836027033,10.40511296850869,WALKING
0.1921646751569784,0.751879694860946,10.631935777744681,0.8969569025752907,0.6326855400610437,0.661070126978901,9.980300960063655,WALKING
0.40247229489899744,-0.19124898914767988,9.176150521166523,0.787665593595389,0.6309047443032654,0.7344312280538556,10.911596750789762,WALKING
-0.2355646060704272,0.8716533270757099,11.222998280432726,0.7918954035278256,0.499155126745265,0.5914102122266663,11.195441566371068,WALKING
0.09265966978155687,0.23376271445519267,8.223663192851898,0.6802033570782738,0.6887079776446287,0.8286774112382587,11.314328272011648,WALKING
-0.17683397082964047,0.041621881594841655,10.154077534985044,1.0392109635273994,0.3900643735580974,0.8683223014788808,9.480647956348928,WALKING
-0.039172024686760204,0.4268463476792971,12.490328160835073,0.8808036189402072,0.5151934401969491,0.7576240317977297,9.802072505676673,WALKING
0.586263265457396,-0.764539271446077,10.838786120840474,0.8487774821084338,0.5265766678028962,0.7858470362662153,10.09798326313832,WALKING
-0.19014665356878746,0.04596544227099577,9.590589153646157,0.5895250494280986,0.8042177910534731,0.8155324999199401,9.41735875235629,WALKING
-0.14873958475901658,-0.9596368573165867,11.821669198442644,0.6765488001577604,0.49680337161528204,0.75597407956136,9.069823170612008,WALKING
1.0034706886058717,0.4386003760712888,10.430747965773161,0.871573424117084,0.8394361900582451,1.0185094895036113,10.367052872086267,WALKING
0.39927665291019954,-1.015362498985997,9.863691387689443,0.7187176409663436,0.682805881489331,0.9071080500402806,11.023143002680609,WALKING
-0.149343169850756,0.4374381870014186,10.280932374101667,0.8341660231952627,0.5728685021931702,0.6783419195864291,10.064677375932298,WALKING
-0.11080979568577981,-0.25433402539341154,9.755848923615398,0.9046911794488139,0.5664755918131973,0.6658935286698432,10.043505712365306,WALKING
1.2860626451196084,-0.01233633441030431,10.23134693849498,0.6821076508701676,0.578033054764904,0.8609526045208602,10.157852171589722,WALKING
0.03302996446995151,0.6222953391949458,10.267550811878817,0.9478071898356445,0.5006410484405963,0.8135924567218349,10.784347738630693,WALKING
1.8597386446822544,-0.010203644690298597,10.404016870619014,0.8084518475815328,0.5286415330092824,0.6179239722197984,11.407913123902265,WALKING
-0.09208775513859133,-0.20755159742830243,10.711323059830244,0.6878248897144112,0.5233135961995448,0.8068072269248622,10.236240997931198,WALKING
0.06249418818881308,0.2401415133160651,10.161322324103404,0.6970027725223065,0.6046079221633152,0.6926311341082247,12.035135870582112,WALKING
-0.03191550700136954,-0.8425437397569532,9.89265583145846,0.8519358745637888,0.7673363946152524,0.7410547600061282,8.998505696491168,WALKING
-0.348924353205988,-0.15457229130659642,9.944293237359913,0.8689164457074336,0.5316365717713613,0.7726270747833239,10.078667901282525,WALKING
0.34880462017806385,0.5063037057850424,10.314107292520774,0.8453585523509219,0.44177768332535217,0.8050227699165681,9.464016739257218,WALKING
-0.527231419910916,-0.34446040517015897,10.429131119913075,0.9033881054924209,0.5592539892708398,0.8907962313627049,9.831671718597299,WALKING
0.5972890916817257,0.19534669007224206,11.82066034211811,0.7147775357002676,0.6518101702029976,0.7470798990188487,10.133774151271329,WALKING
2.334538844048074,-0.11048748940992124,9.095857016412253,0.8273010717494386,0.3925359962453632,0.7908043217395735,10.789444028672444,WALKING
-0.402855695126174,-0.0903684087779598,9.387103335511464,0.6871937445192307,0.6309894779380635,0.6726414451403401,10.462068033733573,WALKING
1.4411440794131904,-0.7809527896819987,8.517585213681944,0.7875113114649933,0.6015697795957758,0.8218659306757298,10.300902336857941,WALKING
0.8323447141158712,-1.1730292621909697,9.70484844877483,0.8213808793941064,0.5082023895389264,0.97311696317673,10.457209350720728,WALKING
-0.47302783104151563,-1.1079438286826502,9.657076378466773,0.9029440555927041,0.5663104873214861,0.7153565698541022,9.62246228852084,WALKING
0.11956487173064763,0.4624501257712724,11.905370825386036,0.8827236107657424,0.7159839966388344,0.7494033801012145,10.119140645456929,WALKING
-0.8628101930916778,-0.1051767179424077,10.319454081375305,0.8360393395018081,0.6504287853384272,0.8290964730137443,9.055184064952629,WALKING
1.427820031348076,0.008070218771575804,9.820117555364119,0.7071207918547542,0.8935657902327778,0.6926671967777105,10.488752313079244,WALKING
0.7663456441725472,1.0845651046615579,10.40492612436857,0.6943969200033333,0.5743054874878218,0.8307832372513886,11.117905073968979,WALKING
0.14393149563713345,0.5026983211376884,9.918404226691255,0.7157567369873674,0.6750872779401331,0.8654431027105621,9.551853606626947,WALKING
-1.2470295960190734,0.4916239608836438,10.33911158595519,0.7034217367136041,0.5461426326703376,0.753324118804856,9.18312000019428,WALKING
-0.3299832095103494,-0.44321849899773763,8.698396063306602,1.0022590230569481,0.7252540731029231,0.7220980578480015,10.957899832929858,WALKING
-0.6548840213280629,0.6552640703894557,9.561675756634452,0.6664137595831388,0.6724136559314497,0.9290758424122428,10.784236877482176,WALKING
-0.32784099503482644,0.4700152263144187,8.823608359015,0.6737230224301436,0.5224125176833516,0.8078964045668084,10.840876320508896,WALKING
0.4796620329962846,0.9712725837965208,10.332661303564274,0.6783103289659833,0.736337651353834,0.7394843764394003,10.433721812068406,WALKING
-1.1969270505317198,-0.5509272999058749,11.058195573508108,0.7830877314357184,0.6079573534942165,0.875882441616361,9.850252268462459,WALKING
-0.25013475658588585,0.5147392951748058,10.442855624854234,0.7742699999382211,0.7082112312993141,0.7870965884870217,9.253367360077897,WALKING
-0.21792801328294975,0.7402345670017157,9.355923855175593,0.8188475761018104,0.5343310654372586,0.7739690958728563,9.919757097529434,WALKING
0.4322303552285563,0.13396854795322233,9.041286300038363,0.9084198244043543,0.6210303040221995,0.8198393517177487,10.178986090301718,WALKING
0.38047074874286596,-1.0481374148073328,9.568991330123124,0.7745053029596412,0.6256170605694278,0.9193311005927126,9.614469202907062,WALKING
-0.6412220720836332,-0.20831189706735748,10.616641775990377,0.6946164504635655,0.6427814395152903,0.6298097769981665,11.350497825698229,WALKING
-0.21984184380215044,-1.320746084070551,8.400888874511,0.8034029586346682,0.6613770855789909,0.8375455857627253,9.594642156676338,WALKING
0.7159284448214602,-0.9792089310158504,9.276041733649548,0.6192958605068184,0.5725154699330207,0.7953738782733658,9.258481782521455,WALKING
-0.15219267553057256,-0.8984680011634492,11.090583180105801,0.7696373927101999,0.5511113880956309,0.9588940328444083,9.201809375174792,WALKING
-0.05429710535958552,0.2589789777825584,10.591740374494266,1.0571995317494969,0.3750567545799236,0.8608735589124418,9.521130783039892,WALKING
-0.7270157366463788,1.010714900762071,10.673837861611123,0.8023195978557375,0.7351015752487,0.6487471034701124,9.589755751760935,WALKING
0.12935882136380233,0.061715146759400444,10.119473528847905,0.6588943168933918,0.6803154742614022,0.8239627518238999,10.328580935680174,WALKING
-0.9502121919340216,-0.2383939515308171,10.427491918909107,0.8091093606255914,0.5148460020220681,0.8006273156184419,9.935790455012794,WALKING
0.8948399554042608,-0.3159190122576258,9.581139209274733,0.7235813213362154,0.6876173931693075,0.7290568842671524,8.438127887904624,WALKING
-0.4562512542291729,-0.7074649286177089,10.02712217894587,0.680959226432551,0.6925975100714616,0.7908924139646973,10.779248646796624,WALKING
-0.016079001415721317,-0.46272017972957435,8.580824307110296,0.7313950242964821,0.5382787753352039,0.8107057452992297,9.522570987343107,WALKING
-0.045632933482353415,0.7103924659181335,10.273460171163974,0.7939962458311436,0.5398055558064823,0.7366768603285023,10.631300412672434,WALKING
-0.177510617033815,-0.8098638416287386,11.414535434447828,0.8319965191145163,0.459305659948683,0.7558151072759176,9.171148387629467,WALKING
0.7808325754847574,0.8396918561834058,9.497076555940344,0.7722486381139767,0.49636907526262297,0.7796538858919696,10.879387947334624,WALKING
-0.5984768516973177,-1.1803950385355966,9.983004176579007,0.8293537529968641,0.6249417687685042,0.7673326752490957,10.345904251023097,WALKING
-0.29869474000246754,-0.30011869025759746,9.864118113857815,0.963673996183064,0.5816699290473802,0.7980205655479292,11.593070683490188,WALKING
0.3604904395451107,0.049663742271255445,10.029426266539387,0.5615693211214254,0.6745150864284817,0.8134166415995844,9.70788009517664,WALKING
-0.32881994920253843,0.6129737904438233,9.696992130717526,1.0082660322109798,0.6430862419015038,0.6724317340004269,8.254401379698772,WALKING
1.2795767520910317,0.42188552533200235,10.42656585431945,0.8165403660299705,0.46179824313075624,0.7516382860444564,8.02778439509906,WALKING
-0.1816848062247408,-0.08505453241652315,10.108450733131768,0.8728518643514537,0.6637605812231209,0.8258769805243922,10.487212247808474,WALKING
0.501230690669554,-0.7437373716481437,8.797703513054088,0.7254057873524399,0.5338458557484708,0.8753419463502431,9.537241866068856,WALKING
0.8949058673233694,0.007826024626171279,9.85659917971447,0.7889994501298949,0.7292060334326522,0.7250828273396759,9.928407260991918,WALKING
2.000720398347425,-0.6333836938791578,9.717051392346395,0.6767568760836,0.6952461970536169,0.968918893365168,9.959271866872399,WALKING
-0.2921927819918772,-1.002701863496439,11.628698828145435,0.8468978078148468,0.5508043095130517,0.9328056888986969,9.895561763864198,WALKING
0.5109417119042408,-0.03814412351167288,8.83925768711102,0.8075576372670038,0.7048864141875362,0.7970783594146015,10.01789949867027,WALKING
-0.49960836407086195,0.44818850406282584,10.025193249809597,0.8690073676336613,0.7087710426157866,0.8691618575121389,10.018077716240057,WALKING
-0.4264723216126665,-0.20643837402253593,9.700372679399798,0.7020074425217756,0.40426614108660097,0.7331856951672233,10.046359323497212,WALKING
1.5202147394487717,0.6138339331513435,11.314833207296424,0.8391127876932727,0.7167509822986446,0.7276035269532213,11.083569891838245,WALKING
1.232259183855909,-0.331906347208362,9.796838634882212,0.7246137886309039,0.6382653551477492,0.9124932545303241,9.880609036412876,WALKING
0.09071551357335149,0.2753964010045746,9.849438048981742,0.789641314659422,0.5786124832445361,0.8970316201788282,8.990457332843592,WALKING
-0.30286379457052337,0.5392014962035045,10.030157258499138,0.8659531469589139,0.7766511800327633,0.9038606069208817,7.963413477178138,WALKING
-0.13470793797828204,-0.1956074974901095,10.3122929555163,0.7846094773025313,0.5679614940563206,0.6220601069492779,11.401147090850127,WALKING
-0.07802030699649876,0.19668664414447398,10.761982525562244,0.7189106063799751,0.6366814043285443,0.7259509893667841,10.262512262119484,WALKING
-0.6260788779348713,0.42421941576647093,11.667770336984812,0.6992088304571794,0.5660240992352475,0.8231607474168092,7.766383039828631,WALKING
1.08735159533122,0.45630367175048553,8.605641975610668,0.7392431208220445,0.7568182429527326,0.9447796418457867,10.094911628917325,WALKING
-0.10474064410090121,0.6769438699613025,9.299326074803911,0.7194200345115795,0.7010274586836016,0.7955638544488439,10.025163899632956,WALKING
-0.7379303878751626,0.004417608854140281,8.81716245040096,0.7512366579045038,0.4563746135071882,0.8693923233191259,11.130467382228415,WALKING
1.9979321011358833,0.02760383204180457,9.487108591820284,1.0824330591003046,0.4681031501697489,0.8020106466869099,10.320401561557198,WALKING
-0.39890711663076117,-0.5707106222327737,9.726542543803092,0.6993072639054856,0.6047825319784683,0.7435803820139514,9.705228980447046,WALKING
-1.01450944398025,-0.10095548069252493,10.054697252774128,0.6253533274420967,0.6331647667125763,0.6952842431309736,9.781434350702845,WALKING
-0.5961342162538804,-0.06298062453817437,10.490232593266631,0.7974505871414801,0.5782841192863143,0.8058370290817896,8.347900211488938,WALKING
0.7789809846818943,0.17927866819305713,9.381235324773256,0.9898734981355239,0.6087016480392387,0.6963856428024804,10.341166382234386,WALKING
-0.34060448372127244,0.2702974342668208,9.790593367823124,0.8555941451645843,0.4095055545989361,0.7566126537020811,9.627143367084036,WALKING
-0.3583690707599801,-0.728883681533186,8.233375379017398,0.7769413601476387,0.6135859424081657,0.7947494931461349,10.81892485018277,WALKING
-0.15235694874337344,-0.34444954625236174,9.77509961208953,0.8579346759756776,0.741202687854325,0.7371856260830822,9.208515956512457,WALKING
0.016333733770334504,-0.879404314405257,8.58475975700848,0.8366746407892257,0.5616125258669217,0.820228040762122,9.981014745249734,WALKING
-0.9864810440118842,0.8345834148008403,8.915223724112028,0.7804214729031419,0.49577284119527515,0.8570421173360796,10.690381749218448,WALKING
0.02354447334204175,0.30998666756158033,9.214939250786028,0.6595183056072493,0.6107207962040133,0.768115364450527,10.176520475366715,WALKING
-1.2987060239529948,1.1330621637685538,9.868606411974374,0.86975869703392,0.5163908329780373,0.8308009902217341,9.774733974169807,WALKING
0.023352403148453958,0.4187844180780585,9.013967751023776,0.7315508269387203,0.6457324281086765,1.0098221474546747,9.921380031568155,WALKING
1.5537964758050398,-1.0483330001791533,10.075696835735487,0.637445596643794,0.3493428429463283,0.8297462053117817,9.917145439756846,WALKING
2.478639547257006,-0.15490508281886062,10.40809948900006,0.7350635180386119,0.6295232575040602,0.7761766324944382,11.000942050393794,WALKING
0.10939731791938455,-1.3825271615663801,9.711192621397945,1.0703027564405083,0.5769338333360292,0.9103217572053659,9.398528903669217,WALKING
-1.9482498654263107,0.4104979251653727,9.34819519774116,0.8176150451887693,0.47501796604106356,0.7734762459529798,9.109607797068467,WALKING
0.9575287590090819,-0.3581368708391828,8.660424431637404,0.7890976580036536,0.603437530902646,0.816058943317176,9.965080510180103,WALKING
-0.8825475049864748,0.49233210173273817,10.147447251262482,0.7579972272705838,0.40953253065345363,0.9444412195055087,10.339543575476823,WALKING
-0.9572463428933493,-0.8961058669518861,8.300841933839468,0.8720996952905636,0.5454813755273678,1.0927270092473331,9.596705766254056,WALKING
0.19450772411079129,-0.2821220032711868,10.489865771202009,0.7021411610011346,0.46184082815364186,0.6201785260590893,9.924880602371848,WALKING
-0.5051496219865467,0.7460434783122971,10.982424167686508,0.7665197012555498,0.4206078886808037,0.7433294891944948,9.462228984005527,WALKING
-0.5227703165798457,-0.23192496953865585,9.491567120947554,0.8208322508625593,0.636036871590486,0.708935491281751,8.784647124928549,WALKING
0.3046224570920414,-0.49044488064860386,10.25703317660591,0.559633139889947,0.7392455941483067,0.8672293408040402,11.435652753970164,WALKING
-0.5899039227983669,-0.5005109092395742,8.187158324680574,0.7649221794398446,0.5772280385164247,0.8715493096769485,10.460896912263983,WALKING
0.8053840569816519,-0.9426914106707298,10.865211269039794,0.8037541841486822,0.7091805339074646,0.7929779638482384,11.034560303310917,WALKING
-0.7149968152669715,-0.2327789813444713,9.859093197159217,0.5100486120131518,0.7671347575437476,0.7098624320102827,11.013652002172677,WALKING
0.32484489794246474,-0.14095456291258476,9.285187925984577,0.8797850701382139,0.41265586960453826,0.8645890420275892,10.194854421578066,WALKING
0.515299014280087,0.04919328829483162,8.598098323887204,0.7139270836604662,0.6672389337611382,0.8166655817359845,9.278040552419295,WALKING
-0.6368513101765072,0.06175043431394232,8.148764747199916,0.9673441885622985,0.6441746736377557,0.9227034597048873,11.87634015288943,WALKING
-1.056702684301854,0.46284107694225995,10.000887955749835,0.6455566151751756,0.6492883971851869,0.8833603204837349,8.70806555661754,WALKING
-1.1958049171597154,0.08195843735325141,10.020308222377817,0.7283426511575896,0.6809594435971886,0.853089431421595,10.504781122398436,WALKING
-0.35652024242399566,1.2322912140519573,9.349963383902411,1.0105297429458313,0.6034887947089408,0.6624489110431258,10.73709300179471,WALKING
0.9790847348340747,0.20277333248701515,9.526207324149748,0.8975713377669251,0.6000755507454595,0.8685857818608419,9.648016085577432,WALKING
1.3226477097428244,0.3738524087334571,10.191886196679437,0.8486309993350222,0.5001559147123281,0.9623256690528055,11.38678161929672,WALKING
-0.4553185589380271,-0.47826813973498844,10.032739798983139,0.8434941038367899,0.560601331875688,0.8537768190368484,10.435123547124734,WALKING
0.690822594017217,0.10288159055423456,10.922118482609354,0.6782596206503049,0.6467950422131852,0.6829719293603226,9.296917907820347,WALKING
-0.43839665499291025,-0.12849018642671325,10.669723589065107,0.7678840961294298,0.4414374293230407,0.9140067846495161,10.37891607341449,WALKING
0.15968833472222624,0.6565077285128853,10.383202514714208,0.7138690420302892,0.8178562173991661,0.8194333463338234,10.216625092528052,WALKING
0.3193825543514617,1.495310399160412,9.779902857395962,0.7682239105982605,0.6116578512012464,0.9071515935581039,9.678334913437283,WALKING
-1.30713836724743,-0.25489880851538305,10.401999756903432,0.7109251136447736,0.4573173423218657,0.8069337161715349,10.726821660005747,WALKING
0.653844962990661,0.5724510612939768,10.97478417189735,1.0202013924659616,0.5643907951380944,0.8109571580077859,11.231240936807392,WALKING
-1.076011587144535,-0.5166298032993453,11.101744749203649,0.902003650690209,0.5636868353182922,0.885440200112072,10.103490350456644,WALKING
0.8205056910980659,1.585207146295572,10.478479324037973,0.8049328165794845,0.6722446985220979,0.7634719141796116,9.967042931333328,WALKING
-0.668551204016029,0.658332114963863,10.693749930262191,0.7502645628585907,0.6576451345122423,0.6491444031787144,11.370072727522619,WALKING
-0.6166550421829515,-0.7670115772813946,9.283657631259967,0.6663431499685081,0.7336657357758983,0.9548639295024037,10.13693275188039,WALKING
-0.07608931816061282,-0.19982257143225698,9.751687206897948,0.6452198443690969,0.6264254763607339,0.7959666089785957,9.887992315587374,WALKING
-0.6969544240061046,0.04329194209305679,10.590589784652929,0.685666100891614,0.6087473753680739,0.8233042951529485,10.206772828227598,WALKING
-0.9067368146340984,0.20995422914963552,9.28371650107264,0.9062853693033217,0.83378277453883,0.7139243198298181,10.849955708297871,WALKING
-1.012206727268172,0.2883520550566276,9.301608826488518,0.7793015410901631,0.4968974724852693,0.8822350470895755,9.753370294735321,WALKING
-0.09157789743909035,0.08865354444007711,9.390540262672921,0.8210367113540887,0.7530334564354411,0.7221905214167286,9.436873721125774,WALKING
-1.1640436840724415,0.1811765401030588,9.5620739817865,0.9868603219163004,0.6034807540499832,0.7197800591964821,9.609355988744024,WALKING
0.035063039568342606,0.5734816470674885,9.612593318455335,0.795407117125984,0.5983431590177479,0.8683324511516093,10.062890551443479,WALKING
-0.29742320921879073,-0.8865674441516668,10.206080685918504,0.9892191760833069,0.5116280859308937,0.7226970290397298,10.391281687587368,WALKING
-0.12683015393316538,-0.550811436983379,10.073901433311939,0.6435377872664196,0.6143426566857493,0.8871524386087934,11.345262694938441,WALKING
-0.4894077116036679,0.6815687075662932,9.876801867841735,0.7838045183058673,0.6438412699496645,0.711600114325356,8.947161706450501,WALKING
0.26998565978111927,-0.15798468412674968,9.874380137244234,0.6789839056585842,0.7591400367762804,0.8876714186386117,8.653048556304851,WALKING
1.5623339059916086,-0.036658504803520876,9.400960163183957,0.8416801574483115,0.7167120788003297,0.7976949443914534,9.21888743736738,WALKING
-0.5390320845275811,0.5745222979678605,7.8299099489516495,0.7850544306835011,0.4569168798375328,0.7523446198566476,9.56359582049086,WALKING
-0.8777149197030513,1.3751467600912115,11.49396960332908,0.6837934179743718,0.7582116751303567,0.7600534509527147,9.472840964802185,WALKING
0.7870818748849174,0.07553191834599468,9.618758861424606,0.6695410556199528,0.5106404986280879,0.6358619884397904,9.813856776345412,WALKING
1.0960814828882968,0.7195797437529513,9.974178484717905,0.7912915273856851,0.7879874549421008,0.8520756120358711,10.353844749257325,WALKING
0.6634590180662899,-0.37899091470818635,10.232962204110425,0.7636426705084971,0.5815967600800998,0.5512177942437669,9.51432975721317,WALKING
0.04202109457225301,-0.45357042401515224,10.288353341034219,0.7783476802463827,0.5060758459317993,0.9332551467665129,10.431068707841309,WALKING
0.4299296022563046,0.38538074100670555,8.644595283203937,0.9006606541032629,0.5430301037074269,0.7642172066558733,9.919705239100823,WALKING
-1.7642354982047248,0.8338584803678133,8.923832263353118,0.6996561096500497,0.566864770091215,0.9416411791700293,10.265725779986228,WALKING
-0.4803085542968846,0.08379221373921049,10.058669395822509,0.8968769895681354,0.696717812243895,0.8493977382205645,9.940626498539487,WALKING
-0.8655314949705064,-0.24197267514656318,10.06762158702746,0.8910215783664746,0.5816471827842846,0.6790801288760394,10.148999922958641,WALKING
0.7358972127635441,0.6113539440539391,9.524631302094667,0.7383856541951057,0.49598012890445264,0.8698815670280476,9.876920893647311,WALKING
1.173426045519181,0.3033347119290046,10.348988563840845,0.6809083494026273,0.6678728069279418,0.7070863659490242,9.576704326040055,WALKING
-0.17727975550803146,-0.8645889807149512,10.767053045174137,0.9127686294516429,0.40526575258591857,0.8978457805666551,9.979613884086334,WALKING
0.02302045126479887,-0.11105858965273122,10.969703363386788,0.6760411987474972,0.6607840338735008,0.9101330164889551,9.694836078884467,WALKING
0.765843858074825,-0.06365438120485219,10.986724861082136,0.799231100427863,0.561212421813753,0.9306072203871629,9.631954349575865,WALKING
0.495226357270826,0.8352232509522548,10.08890350023721,0.9318197067234026,0.4641825078522406,0.7556736535182098,10.070156760432074,WALKING
0.5527287659137542,-0.26688410290229414,10.111222949562501,0.7954877109675949,0.507411009610885,0.7886333310918565,10.026555529286929,WALKING
0.060538832490708905,-0.2593771074643981,11.018171787177012,0.6830519370796984,0.5279029891530104,1.0779963624223556,10.651112012829183,WALKING
-1.6616958830190993,-0.14116434598346334,11.716659940061191,0.64550640778466,0.40180355142612867,0.6500818798042303,9.640471648748832,WALKING
0.5465699232008551,0.8341531965071937,11.429877131543861,0.7753664718820152,0.36985282823300125,0.7179121077590314,9.856853313112985,WALKING
0.8951156783445354,0.7646570560125489,9.862661076860173,0.9098484876051819,0.6357661366631089,0.8064505972862572,11.668888551109628,WALKING
-1.1507289334356474,-0.30910253945521066,9.89878488243684,0.8439452690457991,0.7267960487103089,0.7975601432763844,10.676806961035513,WALKING
-1.553486927503525,-0.0022824802024796298,8.727886535455761,0.7335348902497938,0.5097191073037199,0.8809264698241986,10.732216414877238,WALKING
-1.1470446591427315,0.19806827428256618,9.348791464566755,0.763432291746948,0.6504270748038383,0.852144939905953,10.300958423731688,WALKING
-0.3501898579234597,0.10919392957367859,10.35158883840681,0.7901690152545624,0.4196249515907503,0.8331470896330896,8.986500523028045,WALKING
1.1807033204031725,0.2948673065366412,9.816735175262632,0.6862967116852513,0.5178185171578654,0.9302590396786232,10.413575275213097,WALKING
-0.651518549957059,0.900505818168227,11.08224042791738,0.7533425928797224,0.537132975296914,0.538186680130772,10.209089044713078,WALKING
-0.26098696355308765,-0.8072012924491448,9.775068766028355,0.8505337147647349,0.6527839349915587,0.6100329719141119,10.753952246168764,WALKING
0.6273171330827988,-0.538816335794675,9.38716383807968,0.7538732949501693,0.37472066052686603,0.8335968173440577,9.142434295826602,WALKING
-0.4952983585999453,-0.9039151548234692,9.196567549204598,0.6818018003931782,0.6995973678846445,0.7301738151248608,8.987880967434037,WALKING
-0.13464033853731416,0.3594619991181568,9.033792485965318,0.8809112790731379,0.5150279078522304,0.751701607392716,10.04692959007941,WALKING
-0.251752663030474,0.0776208040222911,8.095408715581202,0.6170318184791918,0.6615967006046838,0.9037181405649051,10.26270369307487,WALKING
0.5545740813269634,-1.2166063630025092,9.291167802417299,0.7667420620150125,0.6703140197236049,1.0498430483721495,10.357884727237755,WALKING
1.056796631632568,0.06480847258770055,9.274681163876565,0.8957993941480019,0.6663545618498434,0.6973919155804376,10.966101326772574,WALKING
-0.053159180247564775,-0.2148476677075913,10.98181905766501,0.6789839497019116,0.6438579290921005,0.6629973372635571,11.048876616359301,WALKING
0.39313020508442165,-0.733932138037158,11.139702185661795,0.955124526642773,0.6882286492599216,0.7238412134963781,9.440609784986785,WALKING
1.3538772579705638,0.08659588303562209,7.837321562314115,0.8339355812756221,0.5651842603182686,0.7925073443881553,10.910490955077607,WALKING
0.226442529806923,-0.20358671228289543,9.966930236152663,0.8019599616577628,0.5197569960135163,0.8578928648571236,11.049157827099846,WALKING
-0.5485399340721042,0.4921790247053788,9.239237293524422,0.869593210094085,0.5483385801239892,0.6976746776624416,8.75054057265725,WALKING
-0.14199350701942656,0.049465059980905474,9.704544983873449,0.6420563701282401,0.5182108157861494,0.8391209327237394,10.935380435869686,WALKING
0.31791761876738744,-0.44847339237492734,9.775598357270706,0.6597133842792146,0.5891861009608583,0.9112100619221339,9.809216819640413,WALKING
1.0768798356114062,-0.11598253586878192,11.177268066055916,0.7978143252557877,0.6707231373804277,0.9475112364309857,11.032954173117506,WALKING
-0.10640253114405088,-0.7925353695036966,11.714405643667927,0.7530235535662864,0.6158756050937543,0.9156006669451128,10.232480554451888,WALKING
-1.4344611183299119,-0.17274364612075213,10.196030931452325,0.7730048103174836,0.4456549056814253,0.9594177956204013,9.82989865949204,WALKING
-0.7040095853526112,0.16150855215309592,9.827370298937424,0.6822238542008643,0.7469784258787495,0.7377729777106005,9.741481137833382,WALKING
-0.48625911409249944,-1.0592325522179844,11.392753189277592,0.6710519412790312,0.605844948070565,0.8912620322540441,8.645326770585294,WALKING
-0.6477798686138272,0.1126802028255132,9.370260744010404,0.8203359459998768,0.6681743408815142,0.8962502885800102,10.740390437277101,WALKING
-0.001371322935251166,0.6537219498459843,11.89232621759998,0.6561279898943131,0.5774737357508646,0.5621568340126673,9.972271843346963,WALKING
-0.523626856798648,-1.229708709712995,10.298826946729415,0.9455434483915326,0.5408981544266568,0.8440059929023146,9.77005566921885,WALKING
-0.6099343604823315,-0.4562181847296783,9.685110734373591,0.8382433315692536,0.4687836798804482,0.7602884668432147,11.45637408206982,WALKING
-0.6827963840490733,-0.40166214818009427,9.217353640142,0.9798480087138118,0.6552905228599482,0.7063407993756359,10.244808889363364,WALKING
-0.2755817670019622,-0.449649592174184,10.270212879243681,0.745491277000441,0.7816755629575105,0.6730708894756896,10.312969502711912,WALKING
0.6665262133035478,-0.3781495770026618,10.691398707758909,0.5292456144618822,0.528001046677806,0.7075937192658935,10.35806376363936,WALKING
0.5621279987994446,0.14452605432024457,9.467445228085163,0.8369016437825167,0.6124285694850851,0.8936056167936017,9.303002213050553,WALKING
-0.5223601246656647,-0.32987361578282,9.747786932866996,0.8268050427589754,0.6715174390128058,0.7948881306984623,9.58766999397661,WALKING
-0.7403138061143649,-1.053262738386426,9.443880513538502,0.8473145453267787,0.5297088561960432,0.776219296257406,9.14932589056762,WALKING
0.7976474851629132,0.6764100536132912,9.096120114225153,0.7176163130358846,0.7191090683146192,0.7853146478744699,9.995434386355521,WALKING
-0.9304341202276816,-0.24805426238186482,10.025916970946863,0.946225460403473,0.5709546083772211,0.907254179957276,10.327392871132266,WALKING
-1.5706313182711795,0.27649491924231917,10.838719910250832,0.7918932894564583,0.7744583870075248,0.8859833561467458,10.297407575451285,WALKING
-1.994248399516283,-0.2994833708822194,10.957734421798282,0.7192408659901705,0.5776527494763061,0.6955163686096929,9.455827533736835,WALKING
0.1178384003112672,-0.4082964286584286,10.491955711225103,0.8509683077242329,0.6811705571613266,0.8331918447707888,8.966499157528256,WALKING
-0.3144721605611692,-0.9407929593361605,8.806030183995206,0.6998685345802034,0.5077811094568372,0.704538189804994,9.86977737976323,WALKING
0.7153862196007479,-0.4597935148688557,9.788363281036222,0.8365759986092915,0.40584321993797784,0.5615094491049418,11.6584039867184,WALKING
0.12647590069344794,0.49184383035485685,9.84362188513122,0.8297227221585087,0.7667256841749533,0.5876007181874365,10.31090725623735,WALKING
1.3204583705862785,-0.3775272897176654,9.974362004669029,0.8033524702388588,0.3782408920641229,0.68318221721498,10.74497827205981,WALKING
0.2592291541652267,0.4944617381134235,9.86868046982258,0.9201931669539544,0.6008788442632071,0.8057864047426757,9.674097150021217,WALKING
0.7811451017584545,-0.679289484429604,9.120866996217444,0.8687426755126505,0.5911455785416987,0.7546108583846872,9.87229442238226,WALKING
1.1193823600569275,0.9234854074863902,11.257918568216262,0.7717874223066089,0.723070290498447,0.7051047172231322,11.448675798916264,WALKING
-0.6911838792608627,-0.07591954784823599,9.271740526457373,0.8695165248330141,0.5624366339282659,0.6695183109567051,9.376308383666776,WALKING
-1.6855112917008648,-0.854374867318564,10.142823335776383,0.6035463961897076,0.4518854275378284,0.7997631083867193,11.5374372683448,WALKING
-0.6943379702009229,0.3342825710420891,10.599426045503561,0.7402521141975598,0.4504458463501796,0.7987701550691942,10.358077197943278,WALKING
-0.6005836856044791,-0.6911985285474859,10.087266376279866,0.8385970092568876,0.48233550560999466,0.8928090610991082,9.901562042192811,WALKING
-0.5089789701215438,-0.33903628413071546,11.496859585846492,0.7149115910961101,0.8441221722471914,0.8437126779731052,12.027562480576657,WALKING
-0.7948744031451584,-0.6722507513618335,9.396107042742463,0.8032143146964561,0.42742288751874263,0.8022339239318609,9.859802028290709,WALKING
-0.49452835894690195,0.5391070227309387,9.339333781409561,0.9846395920599249,0.7933359747714357,0.8256750798661788,10.893409382516701,WALKING
-0.6447933848475325,-0.3159330798820212,8.942122052253364,0.8409064938334058,0.666662788345689,0.6650074362138727,9.323211181214019,WALKING
0.44081364818103963,-0.44008924000696764,9.759339235174162,0.6372688272052685,0.6186990209724664,0.7955726680155352,10.161617381417681,WALKING
-0.6518945191274753,-0.8857575264010676,11.444459546149453,0.7366727295289728,0.5903239896813111,0.9010839735020314,10.76359569072018,WALKING
-0.566041828235285,-0.3232741827460265,9.423830383194568,0.6874345032199416,0.5958708638215339,0.6525497312951765,10.365711844454632,WALKING
-0.37295088955697836,-0.22032236052704898,10.230051124133862,0.6835949367594175,0.5642009565586664,0.7140386486121546,11.166349320563864,WALKING
-0.5492310025230152,0.69802563309813,10.855033857115433,0.6714000293483506,0.4911588764327154,1.0560502959355684,10.301591924430724,WALKING
-0.504677122357751,0.25941162852020394,9.426254479422022,0.5967646235701616,0.46784442134889487,0.8021092747850588,9.185039295717488,WALKING
-0.6258831380015949,0.511899183847915,10.197984438112083,0.7990335578686654,0.6878963973070651,0.8480608593347347,9.72930284981438,WALKING
-1.0408874131130763,-0.25738843042345183,10.771815915441957,0.9299987372262135,0.6960305168086668,0.6205808133450564,10.809894317107046,WALKING
-0.29422762125684415,0.4215199883603134,8.934041321684347,0.9171167632706148,0.4535025253895111,0.7331545089146823,10.161871321151866,WALKING
1.4448712942695692,1.6001431333920053,10.077724629668998,0.9116681275067523,0.6232094637928537,0.8498883194768213,10.43423051656813,WALKING
-0.4627677831010651,-0.04649657993579275,9.95325590480201,0.8826403317330525,0.49339678283723193,0.7948457791392349,11.206219216523278,WALKING
0.019545472142427328,0.1925985382116139,10.80178893336234,0.9560255529530931,0.40483970871171127,0.6684558692950154,9.52188077327064,WALKING
-1.003328789596483,-0.33301002092646564,8.87810457326094,1.0091094272732477,0.5977563948019426,0.7942049458237282,10.782465124329484,WALKING
0.8588975551260574,-0.3785073304745138,9.761706556034511,0.8769031655442276,0.5472610938360379,0.7994893367972775,8.596703670300451,WALKING
0.5717965199111561,-0.14023443471103528,10.565966168691505,0.8776931692354829,0.7607915061119157,0.9353453647621204,10.326044278668867,WALKING
0.02574806962947176,0.5236902499070006,10.585664761146418,0.769093376326174,0.6404823408808268,0.7964903533215406,10.09709516887658,WALKING
1.6389666061590806,-0.9752953621198995,9.554576981725306,0.8032638836690872,0.7137381097628914,0.8399469372602185,9.103007111221288,WALKING
0.2580037282319238,-0.8184635962910151,9.574497799768537,0.8500917329085858,0.5017675727723224,0.9605355962361807,9.35340180038375,WALKING
-1.82862179559596,-0.4695548175288799,10.61311078125792,0.7586105057725143,0.6460797243615968,0.6477665681718257,10.035600213115336,WALKING
-0.07429960111444218,-0.7629291125353703,9.077532534608174,0.8967794469003426,0.6398992157501695,0.9050049041553427,8.623530644551945,WALKING
-0.21629335740893582,-0.01643059224224641,11.56248575861806,0.8686956632098678,0.7536061181709528,0.8597537705894729,10.205098693322553,WALKING
-0.7513244558165454,-0.23063242595575267,9.835386405058262,0.9605619832565119,0.39192594746090215,0.9205818420716043,11.000432434337023,WALKING
0.5855184553875049,0.7527112214287139,10.640561558036461,1.0059845001737402,0.6558723836944486,0.7843522623876842,9.410135385892152,WALKING
-0.5215108660251047,-0.18537600875874444,8.316333760987733,0.8138078408417547,0.4113871296048973,0.805305931293262,11.366399874311792,WALKING
-1.1684007195347903,0.7147564089790995,10.540109645125536,0.6283966751689312,0.8710794299040532,0.7936254714496034,9.885152536133766,WALKING
-0.1019254979119678,0.061587317123798654,9.761763075020832,0.8633225310115094,0.5612370167336753,0.606503588275953,10.381352910984534,WALKING
-0.7834401842261083,0.09801621294948028,11.051259985219684,0.7051251304732,0.7061256258512117,0.7566610433313847,9.435008767857006,WALKING
0.5497907603162308,-0.26147383777418154,9.326840388696793,0.7522160149296209,0.5955393467816998,0.9342180131244855,10.613322629354014,WALKING
0.1547588599934369,0.7859191016601205,9.94052373619318,0.7815448557814055,0.6592329547013343,0.809931381495135,9.488177315463135,WALKING
-0.4889417216154617,-0.3167964130593682,11.082455328133126,0.4778983644014287,0.6395598834762942,0.8034271814200222,10.468984325458846,WALKING
0.47171138508592003,-1.5910968378269692,11.09311152948355,0.726226329531516,0.6686567746753176,0.8741073780682287,9.725027125664088,WALKING
-1.657101743470526,0.7006451553166674,9.379964029587008,0.7145506537261946,0.5596934131963278,0.8272236725327389,8.934579645807952,WALKING
-0.5939090963445878,-0.06959824339292013,11.518309834126965,0.7886187461586243,0.7085222263661631,0.8038555168784318,9.87395893386847,WALKING
0.48291659116859087,0.8247667605459327,10.287744678149057,0.9187077678741756,0.5035210262370314,0.7585369491185969,9.73193088563295,WALKING
0.5838183496273563,-0.5586010269794649,10.034424778657025,0.8686857911012257,0.3934697224959389,1.0121631307330203,10.201622102449003,WALKING
0.02675477437852075,-0.0491366277434958,10.792952890341333,0.8747444971427056,0.6297876191023845,0.8450155633946648,8.881160931332397,WALKING
0.11172133937271728,0.03901477871326807,10.650624324851675,0.7156146122575101,0.4256327397603463,0.8156823016098194,9.03086242652728,WALKING
0.9237550133733761,1.4204486184162728,9.697788089982017,0.6709057780506776,0.5593025633626628,0.8014004967371381,11.258794129346464,WALKING
-0.8916258520064494,-1.04352309130368,10.885368339429855,0.5725378968793801,0.5795870231127284,1.1117681129208048,9.97677528640027,WALKING
-0.04064063089562684,0.09638996421186992,10.529810385727696,0.6960888831632261,0.7687548055236794,0.8245114284372619,11.050849989437364,WALKING
-0.20564192705045176,0.16653150809611902,9.253515138250313,0.7003068373597874,0.6688205306452882,0.7556393169792615,10.588267431774884,WALKING
-0.5032302889628888,-0.07059295896129844,10.012022200229678,0.6082651113989701,0.45288735946264813,0.8336277889247563,10.808181533708233,WALKING
0.5753349330843498,1.0918630723875584,9.933528537805454,0.864888192590384,0.5415599023403969,1.0452369912868724,10.430692756185007,WALKING
1.0874380794918446,-0.08828370288846417,9.474700743360236,0.8873989751006883,0.607843924608367,0.8182994449645261,10.262629084246857,WALKING
0.7239696331953599,-0.1354840494456251,11.149143615647093,0.7296083674584456,0.49452955450340796,0.7932769692803869,9.391631934002657,WALKING
1.0944753894519186,1.180150177504952,9.968684778425326,0.9249710420184319,0.49435029293747396,0.9075221541181917,10.036009089780347,WALKING
-2.363399152993625,-0.3850362861912776,9.499267185852318,0.7021745061939523,0.6122243004547065,0.7581036554478766,9.471970072537227,WALKING
0.8971993694799427,-0.3966150327764965,9.588049034853382,0.7543302384976754,0.6338993513809419,0.8456249488528533,11.428508643627564,WALKING
-0.8401492298893356,-0.5833789468409009,9.639797289777382,0.7243995980543396,0.6223926873946606,0.6053474713641136,9.346263074327702,WALKING
0.9947426224823399,0.21320291735408212,8.552585828329393,0.8635329195216207,0.5882332697807147,0.754453294375026,10.571726942982911,WALKING
0.9426022780384019,0.2448815476670138,8.89949272897091,0.752635454234881,0.8943048335268622,0.8724491060381728,10.401918676882051,WALKING
0.24112565582489395,-0.021948023926107476,8.609756307322801,0.8018047252468224,0.7210674552542197,0.7400360005178797,9.29216932790547,WALKING
-0.3610422914749317,-0.6107468942862955,9.342267514648475,0.6712394716346939,0.5099551538621973,0.9419455680797839,9.625906770223272,WALKING
0.9430927496295513,0.7866973779621699,10.691255985711157,0.8306134553102755,0.5768940463159101,0.680812529580875,10.654832072687446,WALKING
0.8476524580987178,-0.33316829814319765,10.830410021852769,0.8764213203338855,0.7727963835381765,0.7530653533573289,10.2234908973796,WALKING
0.04657018166804518,-0.23606273776473025,8.472642032818205,0.8470482996129107,0.79723444790822,0.8464251238123004,10.334847816640567,WALKING
0.7453327734944759,0.2372242087113995,9.749858264277378,0.7204011089991247,0.5751026344719324,0.8314129496450666,10.35612574894964,WALKING
0.6665435450161454,0.7696769813033882,10.062405934783087,0.669222343485234,0.565489590318081,0.80440625674066,10.253880751572524,WALKING
0.30508226766422797,0.8193158775157594,9.495885735886123,0.8574041930884031,0.5890135876898064,0.7815913132984081,9.770495570606096,WALKING
0.5595713975165617,-1.1250044324831618,10.943990823751829,0.905221115595706,0.6097434110297303,0.7773057533862076,8.704381524763757,WALKING
0.6256219100593021,-0.5469703812923415,9.984065282960215,0.7752119880921338,0.5571681742202244,0.7989534870947271,8.634721139354635,WALKING
0.4318116102626737,-0.19592151152074266,9.063260084954036,0.8202383370598696,0.44430489132935214,0.8039713821719635,9.334315736614233,WALKING
-0.3607952136234476,0.17636963276589732,9.381966310526211,0.7942036000331698,0.4486169498755146,0.8630875603596156,10.308456431254362,WALKING
0.6305633126377495,-1.0683754037444935,11.20218746104447,0.8776228504724106,0.5516066555048766,0.923718080028901,10.385900588055195,WALKING
-0.8506835998642549,0.6129748586399688,9.155208150458526,0.6949945210176814,0.5090310211591665,0.8759500037516122,9.562505938257242,WALKING
-0.025633896544389495,-0.7085834901986313,9.078655112772525,1.0111296334099584,0.5139434596186113,0.7676957631226994,10.504230626941036,WALKING
0.7585143603776396,-0.18357265891895524,9.010817370726121,0.9274440227848904,0.5904658908803317,0.9730321814857169,11.674528643031733,WALKING
-0.28261130835052656,-0.13529605400078162,10.23640935327227,0.7441204181115043,0.5687928067947267,0.7662184905808598,10.407155239324497,WALKING
0.20050258568264165,0.48514260413407,9.788515333437227,0.72257961816471,0.5397375695385442,0.800178304110461,9.629161098065829,WALKING
1.699644983863211,-1.66428896396035,9.856304222875494,0.9725693792814771,0.6121844464132453,0.8753417473421093,8.216617475290105,WALKING
0.1643645496290423,-0.46536396276143466,9.359731675067756,0.7501012744020888,0.7744861406623493,1.0404837542253973,9.064176016359005,WALKING
0.37483212923685527,1.0697433600390864,9.802127690379875,0.5621003959246776,0.6670049671815523,0.8985399711450051,10.43890206384271,WALKING
-0.05848584160715081,-0.4744625514512122,10.812749778850845,0.7596620254031318,0.4514813837300068,0.5950525514330319,10.127529970735795,WALKING
-0.35221970948064285,-0.31739904852187617,9.13941068124671,0.7568544355440116,0.38799127848798254,0.7263936346531487,9.977874358565831,WALKING
0.6359384911004473,0.8094810630680577,10.846536075059282,0.8470509847378558,0.6011862679180784,0.7019211991586441,10.33995983964634,WALKING
1.5338073187408985,-0.9153430248366502,9.076669292176367,0.8855201507748263,0.626429021015325,0.9313782176571808,9.842920132240272,WALKING
-1.2261471767389873,-0.6771544038582207,10.777955198334409,0.8872787414469611,0.6363004284806076,0.627892247903953,10.969634199887254,WALKING
-0.46697770685008105,-0.6514486264689296,10.02383693209714,0.7359845543165389,0.7483743910203706,0.726518910246581,10.120753586515017,WALKING
-0.4495440910863411,-0.857342763907036,10.951381169004629,0.8667245147429242,0.597178212106277,0.9364326244170867,9.197192357741383,WALKING
0.6543852355630891,0.23782017388041057,10.13579821437653,0.7153502197131093,0.6607947567005754,0.7244501116866051,9.511388505533263,WALKING
-1.2583914056582888,-0.6315283151220662,10.795439061350098,0.825473113738021,0.5871122621311247,0.7490906194688431,10.264539209851035,WALKING
-0.5850036550503656,-0.5385956311650324,9.49001005213999,0.7624592553516039,0.5951170164066296,0.8235455795111115,10.137772049106909,WALKING
1.2040496308866642,-0.6480015650292793,10.13023729447993,0.9495030309735838,0.4687031470052727,0.8393975225864403,9.384381912641006,WALKING
-0.5854858467327088,1.6331472887438958,10.675564697657332,0.910173786178621,0.6491993486836496,0.6393743211598042,9.344836716333425,WALKING
0.7722613337289013,0.4226017259124473,11.481632035850936,0.7582216987486382,0.4902389017724273,0.7638371890627454,8.49508564109633,WALKING
0.07151622314529062,-0.26555357566449367,10.006182314540547,0.8945311771235865,0.5447430653881147,0.612699416906938,9.316992563970544,WALKING
0.8829760109780772,-0.23069347262491074,9.949288118372152,0.8482790124060319,0.7083583103109996,0.7666539306818229,10.753920504927395,WALKING
-0.6716220464141259,0.8233627899647948,10.113635583064436,0.7327094667990599,0.6662841093021632,0.8893188347207253,9.646297590099767,WALKING
-0.0032582696971480206,-0.02475579159003624,10.599796380350679,0.5985098767493392,0.6334327054553504,0.771001864556336,9.861302690456364,WALKING
-2.8808680835676146,-0.42077374247493,9.299348140282966,0.8532783209322625,0.5194473317489479,0.778488619982951,10.809052777164508,WALKING
-0.3998979443286814,0.32581936757379143,9.812881759637126,0.7803906789323063,0.640968534374655,0.7403006411579068,10.562874325513578,WALKING
1.1644803834058386,0.618992264745105,8.87286471784758,0.8444895895009885,0.6850719394460647,0.8891863022160749,10.839493891454444,WALKING
-0.6094082965461166,-0.17981763399858855,11.260700647601576,0.795220074961521,0.5273225862166157,0.7122382643137095,9.83831530833415,WALKING
0.2665844279920174,0.7794898923286004,10.534038464295996,0.7285934882017822,0.717841931756372,0.7700484962452523,11.194746529116557,WALKING
0.13219204005194016,0.0075131185978718025,11.309769315762283,0.6568645152945574,0.47144008859472275,0.6384153529033169,11.238587920697743,WALKING
0.1947800617094162,-0.24249429568758163,10.001435898302486,0.8117707418460959,0.43282387266718325,1.0710331644334894,10.501126809565974,WALKING
0.567528784469284,-0.08433209130145901,9.49500709100744,0.8599450686321705,0.6385710840531452,0.7190109900910593,10.646019007211837,WALKING
1.1135367101439353,0.013133292698900866,10.253561605587292,0.8810027238506117,0.5275138916199947,0.8054051662846001,11.86840577460506,WALKING
-1.125834754793922,-0.7788623422122947,11.051381260562863,0.8713266250796543,0.4974035182519222,0.8607289015101693,12.136017219864222,WALKING
-1.3792494486944284,0.4162940723154613,10.933222668976804,0.8891343901605248,0.5795644273354351,0.7709558517988852,10.499413887920026,WALKING
0.8320463126347115,-0.6113219742400411,9.817783216701093,0.7059984067876246,0.5613887223913858,0.9015220891814306,10.274841203530968,WALKING
0.047753504463789016,0.06370975166412976,9.489753045712051,0.7942163387622406,0.7127788027111646,0.8113970668127772,9.676647019930774,WALKING
0.0590907475287043,0.7161519212857572,8.92760908690685,0.7680173722111244,0.6144310019435079,0.6166294232370566,9.395801967331108,WALKING
0.15351163601731793,-0.09633576570107844,9.555771117919171,0.8427962626552635,0.772307471764625,0.9639256516741752,9.982880730511788,WALKING
0.12412427429228504,-0.23896982012552914,10.094070903909762,0.8151407396072019,0.5421048242651076,0.710363245217482,10.486285184425988,WALKING
0.6826791818721173,-0.29651401384014764,10.227075653842189,0.8962502591953299,0.7165594895144128,0.7941167145868478,9.082677967870508,WALKING
-0.15488760882840646,0.44675183908387794,10.51355770355496,0.7729732395636112,0.6217718201087167,0.7175349659709312,9.795531085971326,WALKING
-0.28937906887470927,-0.03773632013991492,9.641697884054434,0.8658143036002564,0.5604716451983819,0.9592964096027382,10.137973296464045,WALKING
-0.520525297068956,-0.1959885379131669,11.601941974115839,0.7692428582884201,0.6360226037077429,0.8541321294008278,9.08507288136437,WALKING
-0.7087765871182216,-1.7100180655903092,10.435665920634902,1.0054193841256072,0.6147820739036527,0.6583731140659392,9.204432508004903,WALKING
0.6881461107161253,0.4861560266252003,9.075638564945873,0.8725081044447508,0.7526812663577265,0.990255820522956,12.483558887561825,WALKING
-0.28336511080703064,-0.3554792732283086,10.261657899902277,0.7417938665906988,0.6399044140646526,0.6679922812262699,9.986018464422836,WALKING
0.11327662939190626,0.2851551628303869,10.936529303454128,0.6344775287810567,0.6584524051837435,0.7731860860758237,9.067962037507002,WALKING
-0.8101155531544717,-1.1612579758282837,9.560672846588979,0.9330432344378817,0.587941281152653,0.6659875104345214,9.1517866956116,WALKING
0.31105512821097064,-0.7043239957836173,10.890107444162641,0.7928879709169665,0.6085594703944526,0.7721627032392107,10.297367971783288,WALKING
0.4518312847261185,-0.12725380195225539,10.433762405527238,0.7662122224526193,0.6002231622162402,0.7725356250633703,10.388829467050662,WALKING
1.0484847302507707,0.7026611830017356,8.994747731243653,0.9289203051406874,0.5681841498382071,0.8600733015145592,10.27693548337956,WALKING
-1.1876838335357223,0.36496029980651357,11.076748006270652,0.7825352054318373,0.7360168130828013,0.7810306506547593,12.02824353446051,WALKING
1.1963665961943657,-0.17077530255220733,8.422328778684946,0.828802836830549,0.4556074452926243,0.8444853537557488,10.91636976898963,WALKING
0.6444597622449388,0.585494002373138,10.007086162935117,0.6584475933086293,0.6977872272211137,0.7729628600864209,11.76033862567262,WALKING
-0.03299850318336242,1.295472692761975,10.07305178288908,0.7619544095833649,0.5369541545814522,0.9637082407992743,9.583195027383539,WALKING
-0.3682454100594905,0.6181498163817402,9.695970522968517,0.7595204620579707,0.7132804697174807,0.9597397293221623,9.613400328967522,WALKING
0.06393221099202999,0.19255803715539452,9.209707271888183,0.8723037939579864,0.6085513329639599,0.6284291681361871,9.974037574387216,WALKING
1.5114230364031969,0.14290278368377696,9.3273824880811,0.8220630804307164,0.5647912252546119,0.8324758239533542,10.017680229125483,WALKING
1.3111684220798665,0.5448135975217148,9.43404836415025,1.0209855665748464,0.6326994513270098,0.7164875496027765,10.13780198528596,WALKING
-0.4029202083004771,-0.10342497447219717,10.57178538201416,0.9277856655030514,0.6570487330863574,0.810172320847177,10.892488932132336,WALKING
-0.2304502386810229,0.25861377480653586,9.909149948167638,0.7944147817347189,0.5622613482537789,0.9344854031180695,11.71990039030463,WALKING
0.7822780517234652,-1.4310682192158217,9.547793008631677,0.6188010662437946,0.5049309306584745,0.486148533376596,10.071853969018292,WALKING
-1.3000970071060198,0.04974711190322396,9.668066977503738,0.9501952965188596,0.7411356861745625,0.8785345603010284,8.842079006351282,WALKING
-1.12284690365093,-0.05026985993343879,11.803230487136895,0.7797661093129913,0.5816754756790717,0.6558089643888191,10.673491920765922,WALKING
-0.50337653827789,-0.4240240610238034,8.965502199676024,0.8083872501760934,0.4919592670721498,0.6822583494750711,9.580114838313415,WALKING
0.37315567747220907,0.04742868129016753,9.769475175591106,0.8183012928311483,0.5008472958895367,0.8105278623909679,10.834823939713011,WALKING
-0.7051469641815964,0.054185879523860975,10.931529392428216,0.892567675771387,0.6034333388568835,0.7637500997117932,9.544073297368534,WALKING
-0.6359149176013523,-1.2434131090175988,10.12322547334687,0.7917302254981602,0.7136191374642542,0.8359055093480368,10.970589489503054,WALKING
-0.42313310328372417,0.46655763707536324,8.832993285975444,0.8235135299366189,0.40153120585540897,0.7732862514058245,9.171749922908388,WALKING
0.676894775436747,-0.062077673908154066,9.608343482375462,0.8041895921154277,0.8636669141945588,0.9153502849781544,10.17913578350133,WALKING
-1.9168658306643331,-0.40738820787787927,9.61554046943802,0.6125107935952467,0.4842584209784566,0.6019163529077366,10.89654239418771,WALKING
0.33182756966339294,-0.5780378047191413,8.454347873184032,0.6243131300598499,0.47310174227455015,0.7111140301964326,10.289983298032794,WALKING
-0.18581880223957825,0.006327427044615359,10.912200442136964,0.6819768265799631,0.6418704578292368,0.7986026771523927,10.71970304503181,WALKING
-0.7571926367907426,-0.10929635031475446,10.224969346067253,0.7726993251977416,0.6585021332287798,0.8281192017910276,10.05201220163535,WALKING
-0.7268020092097529,0.36246447326342646,8.706262487963564,0.8346312710224887,0.5369951568651659,0.7265838133878987,10.932598681167708,WALKING
-0.02015094682358358,0.3766082507246847,11.33171345757302,0.8263755584822576,0.5441200427937659,0.846725221518279,8.800077679245447,WALKING
0.7410059928675139,-0.23160154538966357,10.14567859665269,0.6964038071393361,0.6435947629715473,0.7238058761864916,10.646248237177494,WALKING
-0.017624058013552373,-1.060878619624031,12.394248456048514,0.9745858970273137,0.6722674824888298,0.724679621840903,11.01628592173219,WALKING
0.21000231268146707,-0.47049831501589967,9.623395920700174,0.9121188142569905,0.7600097846820478,0.9528331563486246,7.433053194009862,WALKING
0.23772801904657728,-0.001097255306460236,10.111985677057083,0.8053897347033206,0.46737378380508426,0.8557408556851186,10.776924171977141,WALKING
0.4832413159372986,-0.2460176469233465,9.943330521667129,0.8091124867253378,0.6107699449106618,0.899821765597173,11.842214034566611,WALKING
0.06371966609113999,-2.3019933290756214,10.989465972901813,0.7459623661012946,0.5198516078168993,0.7601554725010633,8.76744167154957,WALKING
-0.8621765966332813,0.20589513251844996,10.498355224330647,0.8641541644936013,0.5212963721066701,0.702173435073376,11.196645833561886,WALKING
-1.6379497486166004,-0.13243725417501992,8.933857247179837,0.634775732264651,0.6966956645344816,0.8544624574499339,9.638798617988353,WALKING
-0.34611001306682265,1.3114383700335446,9.80274315659234,0.8735132113054092,0.6006381540963315,0.6151741469921586,10.97304192479347,WALKING
0.630633325308803,0.5484462985344202,9.210363056850948,0.9615872490122315,0.5035106699813615,0.8212824398669969,11.071368337452368,WALKING
-0.5640884161327685,-0.8097631534271568,10.015996388965135,0.7600173265713474,0.9377382919082646,0.8676507476439975,8.52565935985401,WALKING
-0.8201752685899465,0.06896506305547905,11.141862921275816,0.912168914238792,0.6229094831646379,0.7676832334297515,11.380978912441272,WALKING
-0.151352145020064,-0.05180271494803613,8.227342059983465,0.7804565153477236,0.6836484137964941,0.6932277422961455,8.851888360420572,WALKING
0.8462408060335348,-0.3192863341038612,9.689145423607037,0.6876121594874406,0.6378046260427883,1.045987198502938,10.938696609951817,WALKING
-0.25334363674739957,0.8246909888565356,10.64534112173149,0.5056858434528266,0.49959203670449726,0.894438522283539,9.513753937545557,WALKING
-1.5249892960715046,-0.05302397251583761,11.768551780812611,0.8804933390732326,0.8190417001188424,0.8882397089789981,10.402205238527893,WALKING
-0.1497818572055042,0.6195945099732073,11.163072189697507,0.7520035357287791,0.5278430917659971,0.8138856032430881,8.89849381261496,WALKING
1.5292848536506574,-0.38469895763811024,9.787948002489136,0.709734564001218,0.8698328835937088,0.8242070670287968,10.64973847901426,WALKING
-0.15018161886390713,0.5043640276700299,9.339766431335308,0.7507081725050748,0.3989783345433937,0.6676048915780437,10.20375179496866,WALKING
1.3303451577518701,-0.09604469196498287,9.805271757945674,0.8056510648465557,0.5875078404676435,0.778480367643982,10.609873522605563,WALKING
0.8251044202218648,0.23291147739284004,9.22378293927341,0.6647134111035962,0.6148780634807305,0.7828743695175066,12.067065302824702,WALKING
-1.0641810045130704,-1.1939677618926747,10.265901466815688,0.7623577445411805,0.6316067869729951,0.8583883022284001,9.652150357087114,WALKING
0.3430090071046111,0.4622781574123359,11.75475964023071,0.8955703971113868,0.5943211404113723,0.7109564247057338,10.539865630008093,WALKING
0.2055979564686644,-0.7941897425053074,9.651278824727653,0.8877547553451421,0.6351662354974059,0.856864461601277,10.240043444759939,WALKING
-0.3088182382965584,-0.5494530246801363,10.19968756656777,0.5559295985224917,0.5815710998167288,0.7794160140078656,10.7180134832686,WALKING
0.18456939925997007,0.0610730002243965,10.245078027145619,0.8092627587948924,0.7242862562858314,0.812342918170365,10.408205644847074,WALKING
-0.4714029846360542,-0.7520410309770111,10.316731376766436,0.7882827995025625,0.7574146786032409,0.7654092719333172,10.774511525920582,WALKING
0.13492109408815642,0.405814228604945,9.96985030340621,0.8233865101009248,0.7164990882563923,0.8625318334021503,8.1497409217695,WALKING
1.641658649137548,-1.023575456934441,9.498325740182164,0.7959082464804932,0.5853519329271838,0.9006411040026555,9.576180272708335,WALKING
0.2361127834699333,-0.03886335587872591,10.074348522146382,0.7450075167535655,0.5489936049903917,0.8287272514027427,9.342462462677197,WALKING
0.49076813253746965,-0.01950233583461364,10.664398507188762,0.7094202786628853,0.42205610745765687,0.7466995918173667,9.510423067726045,WALKING
0.5928135610691594,-0.17289015745350975,10.12037959901912,0.8157634558440945,0.6194955092412187,0.7975870889545027,11.137270962071826,WALKING
-0.18922990669482817,-0.7869294827392089,10.150458685593419,0.7148819517552516,0.6665334534508874,1.0209605576042378,8.620904674717702,WALKING
0.3631241835530778,-0.5314282798798139,9.500132305252414,0.6898713510160173,0.6732151226054736,0.9007304357473263,11.28356043420823,WALKING
-0.600328102203725,-1.2972193799564633,10.366711207965654,0.6895225326358484,0.6988608793499175,0.7618862303326581,9.08481641872035,WALKING
-0.4527497047139244,-0.04540264359423806,11.230041055227474,0.7341617282059555,0.5405496304050993,0.8478140575555809,8.771412180132753,WALKING
1.7714639540452772,-0.808625538185642,9.742597836807834,0.7967518964157906,0.7912688134356796,0.6675154219067261,10.464688796373002,WALKING
-0.7877069496143644,0.3426847452228442,9.42121070206416,0.9266661253198413,0.5028937970892267,0.7886841505543917,10.61890931036977,WALKING
0.4283669979277068,0.7254061193405983,8.576099913433467,0.9064170702341044,0.8505448905356894,0.7548358910823053,9.031635372770964,WALKING
-0.2445059539254365,0.6289223806051655,9.329458814134775,0.7399661340993513,0.6593539432293191,0.8003060116738573,10.39520732825356,WALKING
-0.3458409486476329,0.13903856521823552,9.258101595443254,0.9288433622503389,0.5365725283182686,0.912884748754939,9.606611069359625,WALKING
-0.8127963449344233,-1.046856232563181,9.155740673126033,0.7676091146784079,0.6211879178828884,0.9010379313283264,8.86881455296867,WALKING
0.38405089432328315,0.829916709197606,11.01306421436503,0.8709932748147238,0.6638543317267599,0.9697623779709341,9.754700801996984,WALKING
-1.089634696683806,-0.41030934029974575,9.992672769172275,0.8060785372501303,0.7926285854855393,0.8081277167591069,9.799637330272548,WALKING
-1.0632061097787586,-0.4453968077259431,10.421585113091002,0.8007560180394133,0.6942938619897233,0.8181253948345051,10.012200260602047,WALKING
0.9304007757642433,-0.2407255239268066,10.567679583506854,0.8928015659151687,0.620849197057558,0.5645517077303398,10.448111269464768,WALKING
0.3566711001833973,-1.0333541603745113,9.423635943459953,0.8411357631151439,0.6410383276786892,0.9214666780132903,10.01673002003581,WALKING
-0.7895541892012455,-1.3534747986568485,10.344807753704062,0.8173947208412812,0.5381824957899831,0.6380826943484136,10.458858850407582,WALKING
1.4912388243294068,-1.2848585281918228,9.44031935303811,0.7790624386688088,0.745482617414665,0.6363596980793516,10.04365318267255,WALKING
-0.15844781057512514,-0.2617578193080173,10.838493407415324,0.6931479245917561,0.6345414181643854,0.7615818334293025,10.46882785601316,WALKING
0.49061243572891505,0.6826660684011974,8.862920043745163,0.9752291909122033,0.3491042821504924,0.723123358996148,10.187580064426633,WALKING
-0.13345179255871462,-0.007198406776634319,9.217581581181946,0.6502767605515827,0.672651162233606,0.8693706112536186,10.640663649769541,WALKING
-0.22696538269178543,0.7142849911160892,10.817570221342514,0.8211209399224457,0.5660469843334013,0.8960932178608262,8.96214531249378,WALKING
-0.23082632054543697,0.9092482892089254,10.91718972698643,0.688767253032942,0.4832242584100079,0.9274683849679487,9.555340604738861,WALKING
1.293635939617346,-0.4622548794827273,10.914689224164663,0.8184858654060365,0.6252194854234286,0.60296914186486,10.34953314291392,WALKING
-0.9001582621901787,-0.6532160462858053,10.449178103860906,0.8562854480457132,0.5862258939612073,0.8780201721186076,11.359224050011463,WALKING
0.054657703951854035,0.07578750875219961,11.844757268774192,0.6600657834151229,0.679643036664211,0.96639862798081,9.232467073037405,WALKING
-0.5493859164538812,0.2309798496285806,10.638853338488472,0.9120936512406246,0.7569628586939493,0.7932553441444818,10.766070262063895,WALKING
0.16599103828174544,0.26740674424915434,10.33880629921763,0.6395294990202188,0.48758781411392266,0.8102541439817523,10.793599810105015,WALKING
0.2617364423022322,-0.6726804076547532,11.104111151094813,1.003721063971836,0.6147076827445974,0.8510535378451237,9.910777981848234,WALKING
-0.02765139187504267,0.5434305602984192,11.876499329517152,0.6599928765598262,0.5896187515597033,0.6819539514767918,8.94361572231908,WALKING
0.5105495990788588,1.0465866688458667,10.53087829484861,0.8204797877281917,0.6409140922775993,0.9414840662825555,9.663421696927921,WALKING
-0.9342922458333682,-0.19702515565008144,10.886176876785958,0.8566602148392726,0.66443105001082,0.8146475611653319,9.773186125542386,WALKING
0.1536033895749414,0.16650951532913413,10.2561502839375,0.7861664717983623,0.562257659886967,1.1157771283044298,9.843331159808091,WALKING
-0.3609750615551013,-0.0784803562361734,10.234263074869347,0.6119564455936919,0.4430610404625316,0.7363117611061043,11.184646156003975,WALKING
-1.185917429596615,-0.45080728176202217,11.21607339279288,0.8131119324675147,0.6884842582801158,1.0051246943269465,9.79797388331544,WALKING
-1.5636744035866206,-0.18623808225358143,10.704849749904533,0.8540589541812241,0.661908316938801,0.7624491019360501,9.646588698472103,WALKING
0.2352656310345713,0.09800080840652307,11.169373613005694,0.897141235767236,0.47047413793328785,0.681244683322496,9.647063029337287,WALKING
0.8125023071955767,0.11247562925334649,10.041965909511555,0.877982864075505,0.5624891005056435,0.9568518985472555,11.171835065554852,WALKING
-1.1018363914176799,-0.20600110551146952,10.913765914308446,0.9157244547731026,0.582850439961176,0.7265328906323141,9.128123182971558,WALKING
-0.9631309191731042,0.1351540091901597,10.503488506743114,0.7700930914769946,0.6679293819982349,0.7289863393162619,10.195145756357622,WALKING
-0.22067196791716526,-0.695161958195691,8.547480819296947,0.7485911195632102,0.6897655771649743,0.9256197439413683,9.139750691782599,WALKING
0.3973076919839163,0.38106000695875514,10.320135684160398,0.5985936725762238,0.5133115415116534,0.7970311209714022,10.133373188779869,WALKING
0.2646270452305888,0.0509192750166625,10.548495499374786,0.8312865651490912,0.6065737660047287,0.773163120086262,10.21832478808627,WALKING
0.30466113467620304,0.8056331168107113,10.21213113819727,0.7351001479526843,0.6883606785994169,0.6633801662331082,10.450936291602394,WALKING
-0.9960409788031961,-0.22969048859205,9.515132934224273,0.7513323677118404,0.6943597776272945,0.8706505463547253,8.926306111681535,WALKING
1.136147951025559,0.35526834017095105,9.434664716741487,0.8719599497624893,0.5929776379425374,0.7712890495137658,9.7413900671158,WALKING
0.09716885135963671,-0.2996707157311281,10.535268168214019,0.9869066503678261,0.5245701867392857,0.6334874703695956,9.604344736526139,WALKING
0.1662884008536645,0.07955860321566063,8.717426522708724,0.6185116170518594,0.6295933240346095,0.8135428834719958,10.430202529015835,WALKING
1.0175196363391548,0.16678946413135334,9.322020887547948,0.8044552165571152,0.4633885919066315,0.9057960713838793,9.817171329179741,WALKING
0.37064120818738466,-0.19982857258531345,9.779283422847861,0.6775597792952729,0.6566540987081656,0.7351530799980863,10.924297611104446,WALKING
-0.3095435572799579,1.0427909910741122,10.343174358838814,0.8338758162280366,0.5871601734082391,0.793171379223571,10.428400754056552,WALKING
-0.7486649838324525,-0.6455362972345557,9.101443959299697,1.0045654547677154,0.6530342901670579,0.8304492201680145,9.949832723297733,WALKING
0.17133515290539988,-0.5859721895181336,10.12821508593406,0.7576166461793518,0.5234388842969812,0.8734106335807249,10.624489199246879,WALKING
-0.7037149404409926,-0.4921970766794804,9.821579454986878,0.8282036210462221,0.5847145008185775,0.843356246019188,8.747678622291343,WALKING
0.6607388664245226,1.0099887455565177,10.314214690440899,0.6912251324646332,0.5876107636764799,0.6881476515788368,9.807009339523166,WALKING
-0.8034702610351252,0.07609481108097711,9.706926658289794,0.8176762103250265,0.6022350554966366,0.701334097227589,9.22286816752267,WALKING
1.792741244964634,0.28585810003027484,9.877391557280555,0.9415204526701824,0.7841815609386606,0.7854650577686115,9.903910050721562,WALKING
-0.15925004300789591,0.1108962201729924,10.266208382909609,0.8559828448828061,0.6237642656299959,0.6789257373370836,9.808479798571797,WALKING
0.8406194323776908,-0.6977633921117478,9.71406796146344,0.8953009498214051,0.5700122525503387,0.8460415649842825,9.81906547123029,WALKING
0.5336523781826833,-0.927033844443861,9.709350393289164,0.8296572676694308,0.6533695248006193,0.9492952622753829,9.519423656916384,WALKING
1.062917129235715,0.49048027601902344,9.269233136294222,0.8307039237251822,0.5948764164467808,0.8625584593675001,11.09824447046257,WALKING
-0.07897671556453838,0.4958533945150598,9.81971881196464,0.9666663259227524,0.5321665370664507,0.7385856468752816,11.349736531202355,WALKING
0.7134724636758503,-0.09278982393650008,8.549365222386273,0.7980681695728165,0.6101630053533424,0.9167217733304374,10.724432812836367,WALKING
1.1481032340200241,1.288095242892534,11.248034868203316,1.305750230903823,1.184457756747224,1.3844292425083085,11.024840728229382,RUNNING
1.7221362995961491,0.41010470485624717,8.552511090496646,1.2479152993427265,1.214880876167959,1.4786073533648834,9.72791699867967,RUNNING
-0.29173722729716406,0.7990533884476682,10.78294662235197,1.6608067247172729,1.0964395943954606,1.5881058892057434,9.88071030223868,RUNNING
1.6075205608358847,0.3542697100142913,9.480832522623375,1.498797597108681,1.17604441410629,1.5489178350637793,11.233286976929266,RUNNING
0.049534960789549845,1.6163294932667946,11.661034161106578,1.4992519203259254,1.2216689097497673,1.5295665551482,10.301553778770563,RUNNING
-2.2266586022901396,1.5339371369513837,10.408725719995608,1.4806659050320377,1.2896797332033234,1.5422324797449876,10.139937069357106,RUNNING
-2.616799332909081,-0.8283314798846456,10.224689516975301,1.4885049068508158,1.051776857632269,1.6151665583047476,11.1021103645796,RUNNING
-1.1821143808555068,0.5476271677592355,9.949388030972726,1.4103414459352808,1.2573447493355399,1.6491673858801807,9.842196410221408,RUNNING
-2.3964295937526847,1.7881650265198095,13.58177233410714,1.6542806773769683,1.166421406102025,1.3845365661271156,10.65509883777121,RUNNING
2.408516937123682,-0.1699951582466919,10.953484350522412,1.6375596964304209,1.15959046881676,1.7035531456719595,10.087709995074464,RUNNING
1.0458570695854694,-0.4170299310226296,8.765167174398997,1.628123865352298,1.321644738727708,1.515551160376356,10.927893350977577,RUNNING
-0.7498065517575483,-0.4093115185699298,12.032944732590005,1.5733179317422559,1.3378142680497613,1.4009376776622742,11.22099515810694,RUNNING
2.298570573881433,0.5046440470848831,13.272163656158328,1.554001780172314,1.306216744758866,1.4676485053215542,12.965648222664083,RUNNING
1.0938554239661296,-0.09980612632154338,12.566002544292513,1.280802134372012,1.0577765498493126,1.5681634223668388,10.621515424610575,RUNNING
0.856418541905809,-0.9772833851918287,11.355729129119537,1.5994414528207583,1.3220550603931231,1.70135542946487,8.2299631274794,RUNNING
-0.7971171017076375,-0.23169848880793517,12.075479328414533,1.438899887591037,1.279634001974883,1.499837828303662,9.921323568589326,RUNNING
-0.6435558721389982,-2.0457430869481374,10.128068689008165,1.4520031853851274,1.148401901065092,1.541687306259004,12.036971040828352,RUNNING
0.8633428887455477,-0.3540674277667705,9.805715571428431,1.5312822236766845,1.25737671099019,1.6397844307031497,10.520214910093205,RUNNING
1.006526707376655,1.2815973336707664,11.908454203057188,1.4936122167168653,1.0745977347571483,1.4001063623754408,8.87093328257903,RUNNING
0.06685441633390744,0.7574692283661397,8.773160013739284,1.6104997201804414,1.1622468851440175,1.6257613112576652,9.922143131919263,RUNNING
-0.14272218461598024,-0.4661758881257771,10.17599786764033,1.533396514967619,1.18288206302036,1.4933887606047993,10.688882483136405,RUNNING
2.4154394707243063,-1.12747820070475,7.7875570072507285,1.5618068493930042,1.2346527018313,1.3991566979468855,12.960041866552613,RUNNING
-3.7311851380591943,-0.5498676351078011,12.996288082175848,1.4523937442222132,1.1509387765973347,1.471724067237063,12.365672378648888,RUNNING
-2.7644053593715134,0.29672574253050704,11.829869239136475,1.3548773701098842,1.1075731597404928,1.6213179188391589,12.351544038667742,RUNNING
1.8098035851814536,0.3228632316188485,9.149759658189506,1.4586551296528205,1.2286386743955389,1.4811405170852512,8.576604432258208,RUNNING
0.27130666722364866,-0.5898532965682854,9.559427077953389,1.3231943280825602,1.201954584479818,1.4947244891999234,10.34795635055918,RUNNING
1.7655009551855056,-1.57496076413826,11.304583828271364,1.332885283520465,1.116163811999919,1.3787342867376686,10.54547039646445,RUNNING
-1.6600994815941763,-0.35963219511946704,9.354802045036333,1.5383455014854217,1.1008908864668385,1.6329794365205075,13.291530559186034,RUNNING
-0.6527081219430516,-1.5778543972852943,10.828607343806503,1.4524607757785457,1.1164129744381694,1.3904129189201282,8.675948286188802,RUNNING
2.2405646385083013,0.7332850861326848,9.350300353470319,1.406688091131386,1.267347279615823,1.4753081672510546,10.48565200651995,RUNNING
2.2433576047236397,1.534121949558858,8.998485683275778,1.6033189864363149,1.1348557450136318,1.3133299413196058,9.838135079645333,RUNNING
-0.4605725113876522,1.3722792539143354,10.659740970435138,1.4156701688715048,1.2702030323667326,1.5197675566954245,11.726417637013798,RUNNING
0.03018169437128998,1.0700406972834902,9.491409623510247,1.53364997888209,1.0433040628832646,1.5407090383398832,9.880428913133777,RUNNING
-1.0650231643373285,0.15599787096191434,8.905445590719422,1.542124737869098,1.2846839945469164,1.5534347213453785,12.256287338397529,RUNNING
1.2452420585194566,0.44741069838699,10.830283971307699,1.6032389398126397,1.3923513487603454,1.404695953663515,10.432120314017332,RUNNING
-2.3047960355730575,-0.34174729141847404,9.004102563047377,1.4536145570494055,1.090181361622185,1.4551091612686993,8.101643727232005,RUNNING
-2.168277221617985,0.43429712487663186,9.303842824394852,1.6074529790229932,1.2225269722015046,1.5606762150206408,9.874816061941754,RUNNING
1.3075538783982201,0.6114162767156232,10.219004535268049,1.6391457966955942,1.1787755690160069,1.503277363755578,10.675499412534458,RUNNING
2.095140266097737,0.5339619784514109,10.546595139598397,1.483823271883433,1.2330867028406352,1.5749766628489186,11.032302000043032,RUNNING
0.719909611722418,-1.208633985032374,10.752345811775541,1.2838696113697639,1.2482533709821184,1.5660343054562682,11.030954569183203,RUNNING
2.1359307683117503,1.6965235779495105,10.45624095116016,1.513931963072956,1.3110911144734432,1.3499197984737825,12.079406086026797,RUNNING
0.553895666474857,-1.8069988863967446,10.425134650438258,1.4410084603750066,1.2331038902817213,1.419065331520512,12.672907697825634,RUNNING
-0.5996557671645862,0.1885749404430414,10.496642825288728,1.39325660670395,1.0740935088551806,1.3994684874002765,9.379751754756562,RUNNING
2.6197359473919324,1.2325812430717813,11.712539324498563,1.488034109752685,1.3514280735720483,1.4781994368878877,11.554630164539148,RUNNING
0.955362118504478,-0.5701503341335239,9.700509420861069,1.5639902957152085,1.2715236583891232,1.4606648875177126,11.683143506305813,RUNNING
2.708125269629671,-1.4375495548087944,9.86014312075414,1.4610596438474623,1.3355805339431501,1.4965058499541368,10.008699211740584,RUNNING
-1.8365809100369317,-1.0713279687313808,13.10106293163393,1.5384209221649463,1.2107760055452543,1.4750106264187954,10.952192016593727,RUNNING
0.17226763541662948,1.042558005966659,10.534656519001096,1.4022061164447361,1.1387577109099132,1.3020981306510286,9.796320603313301,RUNNING
-0.42276727409564985,-0.76425176904772,12.813820817061176,1.3580122835729072,1.211447605881878,1.4891472157435153,7.960883084402509,RUNNING
-0.3766767519636613,-1.16659466153199,10.61936931983484,1.6434177036520325,1.0260574755767722,1.4199777264600095,11.64875565010405,RUNNING
-0.26031662634208125,0.4989632708645342,9.561340434402336,1.5229924345417938,1.2777797630877714,1.4267700450262912,12.125132556769051,RUNNING
-0.3021298501154603,0.4574935861945186,10.439090652482205,1.4903787737959422,1.225893042822569,1.5536807469224905,8.11940341712933,RUNNING
-1.0272181646083438,-0.11312288491788079,11.118533953628923,1.6576172527741377,1.0141708511774892,1.449230587161029,11.364560981938459,RUNNING
2.386193613256879,0.14476171307214494,12.066037694163569,1.5583837081539058,1.156475180299483,1.3591039253207962,12.577744848909992,RUNNING
-0.24309315305523588,1.4342128938136998,9.7796783488014,1.5268850786400991,1.2209348857334688,1.4954955881989076,9.145973810259354,RUNNING
-1.814152993438588,1.491392271992193,11.590751983338151,1.506589160860224,1.366514238254378,1.4732234481275155,9.182263962600544,RUNNING
2.7720602876562745,1.1888530159489021,10.318468453485654,1.572717125953395,1.1596296566002093,1.5829149035059542,12.554510691064507,RUNNING
-0.374483307328379,0.24905075386649028,8.479821506826848,1.6847866995702103,1.3190529643717677,1.479931478162467,13.543846181337823,RUNNING
1.4306403837170305,2.606163200875922,9.116473006407123,1.4180613169501208,1.0811058881946651,1.5441760649649479,11.718267852135861,RUNNING
1.848492907821996,-1.8307948911442105,9.604541958148326,1.582014359412306,1.1532261316141417,1.4201793923641846,10.280248685489099,RUNNING
0.49296603870721284,-0.6885838966921425,11.674733484019763,1.443112302480263,1.340861949344592,1.4874253702504228,9.653178079405478,RUNNING
-3.080229822983833,0.43290690559660183,10.608432520687304,1.5555826027575128,1.1773472527617161,1.4569572301199285,12.115261708663036,RUNNING
-0.8619027872750866,-0.40293434128850647,10.024345751139052,1.4196565725828743,1.2571224210236238,1.6390643595949956,9.048699607617948,RUNNING
0.7752378987366764,2.587619558075158,9.928958064307361,1.4624016420648134,1.1438910869019003,1.451058576550558,10.120153506540376,RUNNING
-2.4153946781877003,0.9038279396790585,8.876973322437095,1.4661330946116242,1.346644239118858,1.3590784201975485,12.442716378954742,RUNNING
-2.3615125765979443,0.4892276842046125,11.371499309942537,1.294083951630768,1.279850133790722,1.5876605879842178,12.305749625054943,RUNNING
0.15467688857580728,-0.5417344683899203,9.040758161125565,1.4962436490633808,1.256975891970418,1.4675823138959359,11.380096475023912,RUNNING
-0.5694367450152508,1.0285900661079461,12.786957894724134,1.2198088430512108,1.243426364992207,1.3573350789189653,11.479058568620983,RUNNING
-0.7488714217419828,-2.247888134182982,9.824447713114997,1.5406847635139782,1.3015392328675224,1.3828168699527474,11.177682968712965,RUNNING
-0.7648409292984492,0.21860475325452203,11.837816451855412,1.3772985922711465,1.1320094103253169,1.5184962587342086,14.068727541423543,RUNNING
3.006634955512756,-0.11677338084190939,10.052771210700149,1.430793480133531,1.1931797469667331,1.3593280567440442,9.750930281163889,RUNNING
-0.36108645598357614,-2.04136856912069,11.061093132196564,1.5264481684951374,1.206370235976577,1.4783172949777856,10.483307120184508,RUNNING
0.47245780733299825,0.2579793809454575,12.185140930643643,1.5676994097375054,1.2192861843150191,1.651842203065218,11.534607453663622,RUNNING
-2.7628786183973144,1.5658017159831954,10.702764362014003,1.4948045229099223,1.2281348347489576,1.4655016838042934,12.43637747855818,RUNNING
-0.17038217043157544,-0.4591006112669202,9.11261127642109,1.526877578914864,1.2187107100125092,1.5388424613677507,11.700548943022314,RUNNING
2.2269627928147613,-1.2316243468678754,12.884161925342548,1.5283911058736381,1.199293709544917,1.4602451303454222,9.637935421070994,RUNNING
-1.1697100136064005,1.1903115718643456,7.67552482999241,1.3476402189331833,1.1981865756491918,1.5293284429004852,14.318614261892744,RUNNING
-0.34183883814875116,-0.27694338252326656,9.304519996779185,1.512390681652107,1.2614961232046775,1.620357805453346,11.395073711228493,RUNNING
0.8805863018918034,0.007858389365447131,11.313635954298153,1.41910361070742,1.3557905432318356,1.599262810297943,9.24512599731576,RUNNING
1.0169549563447926,-1.5416733197009607,10.003463498687879,1.5454704396416774,1.1933834065453566,1.5258887515712707,9.73885472846426,RUNNING
-0.4869295115969119,0.2852780734871833,10.654617332296272,1.5023980019015593,1.1249373178023243,1.4700450588800809,9.944064435590281,RUNNING
0.5815198185492697,-1.532923924614411,12.23487247739136,1.6269613262599842,1.0754849424039914,1.635761963305014,9.770316761066141,RUNNING
1.3845672408401428,0.4873128226184005,9.278770115103594,1.3834798000034711,1.0539697564790778,1.5187941776432756,10.388094218352613,RUNNING
-1.735494683496546,-0.8184897576285396,12.228522958442888,1.451537143539992,1.2143417630681477,1.3924349516425112,12.093101749663477,RUNNING
1.1603365593102202,-0.5948471358898796,10.310003958978506,1.4448883759959372,1.058056680345499,1.4142557570452783,10.734041842427686,RUNNING
-0.4525995809379536,1.1196799268651823,10.595312856841407,1.5703253828095947,1.0226224867797482,1.1077599748381657,10.332650689471516,RUNNING
-0.4531455615369085,1.9048807228986442,11.09999482941541,1.5165859026798674,1.2836991154633672,1.5368497586839038,8.95479530093388,RUNNING
0.48487078130034333,-1.8570837529635733,10.805915786273992,1.519298964177293,1.3676454961914661,1.343502610655822,11.08388364440592,RUNNING
0.27045757700625456,-1.147362843550247,9.613772477862856,1.6245041008223255,1.1948490806246073,1.5375359696144473,11.986343981271688,RUNNING
0.7548485767987445,2.766764204840627,8.976627930524183,1.582257292120048,1.0688456033962999,1.5157346567673078,10.59328248553789,RUNNING
-0.8448146010639305,-0.8423487579541462,11.07781897838903,1.6120685706422595,1.1866721284770845,1.520548642756002,8.867644152249866,RUNNING
1.6626669025843392,0.3542344417906032,11.092322235003866,1.4193490370974418,1.154077960201076,1.4823865802289222,10.076564140703262,RUNNING
0.7837811496635849,-0.783764867915929,8.97179220361393,1.418531434676233,1.1544657576854687,1.4646141037179896,12.531807117465169,RUNNING
1.752870546410072,-1.1985850432008593,8.666453077519142,1.3893129708465943,1.3334506133337838,1.445280821111751,10.327282938278287,RUNNING
0.4026199105418432,0.3011412248544516,9.257729154189738,1.5685656392513712,1.1360806466249842,1.4843723663294957,9.73135193063758,RUNNING
0.8875020745396965,-1.0292798119260234,9.922811964593894,1.5555742178042893,1.4054092441435975,1.5605404504762748,8.941155388245916,RUNNING
0.173395108019862,-0.03571978600368209,10.982376810559135,1.511650805247587,1.2379699677417113,1.4688532805100798,10.128267705113602,RUNNING
2.086250322264965,0.3825700075539071,10.468618443925385,1.6896123276254347,1.063916502169892,1.389054444455378,10.456777073575426,RUNNING
-1.7988064876434648,0.5372355196740142,11.316689804291194,1.3905505639165103,1.185972441444957,1.4664484167966934,12.456495528307201,RUNNING
1.3737356723964065,-0.4358106704793794,10.175371932542443,1.4863577849722385,1.1221691446993496,1.4556570581764965,12.082837426752143,RUNNING
1.4019820610049354,0.44391073560526834,8.824009486603149,1.495850889542262,1.297048845961338,1.3741735370632713,12.446437110485755,RUNNING
2.121043703342981,0.2620065005305928,11.951897923147484,1.4282146785645964,1.2795863812341226,1.5654388134060764,9.82926436451106,RUNNING
-0.2805862747104939,0.11455444962995588,8.955583543365899,1.5226931943800248,1.0281069587046152,1.6046954534428208,9.269802743510363,RUNNING
-0.35186854442878135,0.8259116529268963,11.32160846810634,1.429446205272154,1.1153960327372365,1.5656898706319646,10.740666500516816,RUNNING
0.4680931975901076,1.029924516218246,8.605555594699016,1.3088840674739513,1.1432552718771647,1.6801528407832187,10.875852893439381,RUNNING
-2.6731726229772432,-2.811646921982209,9.578942757675883,1.480192636985064,1.3300625401055959,1.5867805459542446,9.12792383476213,RUNNING
0.3811915306071531,0.8364611746076719,11.087821893368377,1.3965402040393344,1.2650667628792085,1.542591096710141,11.682005287965229,RUNNING
-0.35176130271883643,1.9069767619637485,11.251693914096865,1.4513368811810732,1.1989794399609066,1.506338339263772,11.655199010399917,RUNNING
1.2679099455631435,0.7245377634635504,12.772977141485702,1.4458226763988398,1.367427076607113,1.4099078881445848,10.169679473853588,RUNNING
-0.7555835052441805,0.6311247363055805,10.865836412430676,1.3807026628980863,1.1607273761574182,1.4628537978912315,9.78716607637951,RUNNING
2.1504375297314198,0.22974085914882308,11.49325313092125,1.3501364502850788,1.319421448301399,1.6301102063024093,11.667094690652585,RUNNING
0.9665826803072732,-0.8141936765846661,10.04175080541952,1.4402618938954856,1.2110418046946119,1.6197178531461913,9.475342078617745,RUNNING
-1.2714408187453263,0.9823135420118558,11.882904567011424,1.5851409936762655,1.0684202591781857,1.4534049021927948,8.974906413261769,RUNNING
0.6874769086881626,-0.8577687107897646,13.191787272588318,1.6544841462418258,1.2604097426355567,1.6361006704769774,12.750080456341712,RUNNING
0.36824802269146906,-0.3062246058171404,7.943067062734326,1.4916866474278505,1.282342318456231,1.594563342756763,7.600461468854333,RUNNING
-0.7428226470071027,-0.3652138452647417,10.030606549214978,1.5618556356977924,1.398567641101484,1.5123529201841093,10.696045150437856,RUNNING
-1.2424406405225985,0.14423827049526608,11.1762185044977,1.5209686063574488,1.245754193400478,1.5433747609348536,9.888090249836916,RUNNING
-1.643758744505937,-1.3253421934259955,11.150312415708793,1.4777425072775148,1.031803121601459,1.5478037815192283,11.071671649709499,RUNNING
1.3283656225425673,2.1380217437602216,8.452985511149187,1.4947526143936951,1.1723664704955783,1.5433749685960962,9.853050261948772,RUNNING
-1.6746762827760713,1.185433898887811,11.188806272399294,1.5917768197795137,1.1689603863524485,1.434316453130557,9.095650986261804,RUNNING
2.7729946034498254,-1.5691710973121284,10.910490178818753,1.6566854707213787,1.2599089759263808,1.517567371249178,11.861726700894367,RUNNING
2.2592208611624196,-0.5266199885738058,8.791407738575474,1.2541830569450982,1.1019235156337461,1.488634315750096,11.246145104417788,RUNNING
-0.6001794919516965,-0.6997988607071476,12.608471396261946,1.520073854075839,0.9897399308078978,1.4326460352102757,11.435975918913469,RUNNING
-0.16116732269137413,-0.09223848840439443,12.470209741987855,1.4303538910213311,1.3864199525887348,1.4328692408628914,10.691292986465283,RUNNING
0.6668879926096934,0.5206022881066518,9.37032400406913,1.387708532255243,1.4503171790905711,1.4516015660399446,10.31696794144915,RUNNING
-0.1907990759736644,0.567378083913399,6.416318788512092,1.5166140613078332,1.0850258544632108,1.5324345711194924,10.260092997322063,RUNNING
-1.578494204404793,-0.5706413360824257,8.709936347185026,1.3166829548301273,1.3017957052429359,1.3703951307176072,9.623835230178951,RUNNING
-1.237748849618307,0.27148570640090575,12.176900734090728,1.3830684734913532,1.184985216798256,1.3267505405032671,9.237003665682746,RUNNING
-0.6854877507378472,-1.68987212196894,10.61561791707224,1.605569424888315,1.0902856130229537,1.4377328233447617,8.421104213522472,RUNNING
-0.25317710612392397,0.33975698678343,10.346915414056728,1.2523207933122913,1.250109000930877,1.6519336351090645,9.810225122377583,RUNNING
2.6548696014833895,1.0919550490326704,11.460039927576494,1.5356412583534376,1.1338862887809027,1.4799428819344231,12.780939502124511,RUNNING
1.677507205189692,-1.7032612269552487,10.835992453351572,1.5736763345167897,1.2618860330144634,1.437076623661258,10.011249502345525,RUNNING
0.3503926218923644,2.5401636659566242,9.245707723943744,1.4734171634353008,1.3077293673015693,1.4982137845112267,10.941391098235291,RUNNING
1.545658178455187,1.5497626668784361,10.960504590008043,1.5291732725378309,1.2214110982286133,1.5489130556649289,12.295219210602943,RUNNING
2.2741742705325647,-1.8090635335601049,10.515031727610854,1.4311305566554766,1.1689028533513928,1.5402516209735322,7.696958899909076,RUNNING
-1.4475683708642695,1.0757996042401992,6.389360366947603,1.6187427151682,1.252122999064454,1.6316176081530023,11.420638862737565,RUNNING
1.9119796860575118,1.1096661666161052,9.505962774767948,1.5086761075462647,1.1467163731220076,1.4180733535810628,9.381424834410337,RUNNING
-1.656038450208578,-1.788297027958856,10.719621437763905,1.6161503048481975,1.1815123243754735,1.3494252199435834,9.824068042621937,RUNNING
-0.7178314000765774,0.6187927561000731,12.932810621677577,1.4480165854274774,1.0667550219001796,1.5631418606272407,9.73685817548459,RUNNING
1.4915680964880695,0.6336432054575571,9.34734672464476,1.5049094731305672,1.0648292467975353,1.568589045643792,10.47115013375603,RUNNING
0.06046154899537173,1.0739160738786726,11.386635796987832,1.4843590721207198,1.2763668149718994,1.5400737253691612,10.298654354832953,RUNNING
0.7578920147613025,-0.44042713766597014,9.91438622036755,1.696875730943396,1.2939735481747103,1.423939933557486,11.121260049636765,RUNNING
0.20601198684765684,1.427571174582283,11.018430516977169,1.4937911301785713,1.3042190576983017,1.5233285041087872,10.368039050716439,RUNNING
0.013840489493203352,-0.7040335065142472,9.373249170564183,1.400142961351756,1.0608016713202923,1.4120282638615445,10.097197852646524,RUNNING
-3.533555235191037,1.8895036293148106,12.129720184335573,1.544575985121713,1.3907490672553267,1.402263588251629,11.280828141541987,RUNNING
-1.9107559877013065,0.01763291465324015,11.079249746997583,1.4845309668865445,1.2713877444090138,1.5099014449487258,11.762229566152214,RUNNING
-0.9806130447104513,1.0984835645819242,12.334067689247895,1.333128613765387,1.3132926387301034,1.70604226984447,12.082838232759599,RUNNING
-0.41322347276853344,0.21873626824544365,8.528700705565337,1.5138635028530452,1.249811199564454,1.551616302292647,9.875709859563356,RUNNING
2.843261018987033,-0.18039404851645188,10.800050680968493,1.4932989958274778,1.1178319173694977,1.6623529210891808,9.948129167520293,RUNNING
-3.0025590025883,-0.7815449579798182,9.04780710322151,1.5617428630927324,1.1326585760440127,1.5887803935578848,10.43306492607723,RUNNING
0.21167174505838943,-1.8299819281728715,10.299330941218141,1.4139561531933167,1.26943263811493,1.7572752389244475,10.268204530828912,RUNNING
0.183736388061682,0.10482891031231643,9.403780311586871,1.5245291742636935,1.0757499163080613,1.4055091277314933,11.413994182443592,RUNNING
-2.054195661984087,2.117791060550083,9.338595116393918,1.4776333428196555,1.2330613261090406,1.4434650047498905,11.962797733398514,RUNNING
1.187246153959436,-0.2061725565632088,10.280052338934597,1.7349108558025033,1.2949889068249292,1.4078176343679787,10.305940907248095,RUNNING
-1.844242736562132,-0.49430788126314373,13.21733365979087,1.5579076300875503,0.950883859184854,1.6216723492497946,11.698659932539025,RUNNING
-1.289098816225801,-0.5643068595196288,12.74781954100478,1.4728269960130291,1.0130268338045008,1.4936696777218663,10.61997747931109,RUNNING
-0.6323734671604391,1.254067374277447,10.681185348751665,1.4249977318434284,1.3154997560541617,1.51936617645168,8.896560446971016,RUNNING
-0.791480664267506,0.004299122199339939,10.20800445746298,1.6272428382816595,1.2217405852727004,1.5854903922636403,11.168462740193634,RUNNING
0.020130728082690168,-0.01593970675082343,9.068342060563555,1.5506915720136312,1.195979526546362,1.4498008039818795,10.116737024660349,RUNNING
1.5415781231693,0.37862752910430386,10.428211608520865,1.5251003543150146,1.2179414171048841,1.348333745371408,9.720945016383096,RUNNING
-0.477451521156501,-0.649944915971025,10.369477165022793,1.4416877168675701,1.2486741502158059,1.5197313412290268,10.135417561937059,RUNNING
-0.3385839474182025,0.5467762921063137,9.310168204189448,1.5915653804258345,1.3186415590517608,1.4011127652364417,14.481403421811569,RUNNING
-0.64485015781183,2.013150530587361,8.600052007340086,1.4010349033835636,1.13133954681518,1.4154310688553478,9.318589002442142,RUNNING
1.7377079947099916,1.4685523470157982,11.923944747562974,1.5523998955584328,1.2092743065779552,1.450296930933409,8.866436710378936,RUNNING
-1.49088139376309,1.3834959074457716,13.35097356258313,1.539329513816648,1.3106457152294644,1.4754151682556016,11.553248475532307,RUNNING
0.10750283082036619,-0.2908505497261336,11.943315867871647,1.4014266966572526,1.1226219421109342,1.399189349323957,9.564010399594975,RUNNING
-1.0586333433407968,-0.3127299988007498,8.268938330394034,1.5087204992037266,1.3247303650664677,1.5135491372316763,12.000726172929589,RUNNING
0.11202876395532846,0.027000465894527485,11.64569965854489,1.4608329390495967,1.0117479248532535,1.549200405410296,10.69899746225127,RUNNING
-0.1426873163302047,-1.6944907275787564,10.74823734619971,1.596613966086105,1.0871658429734217,1.627248333084876,10.469396275487314,RUNNING
0.2184254952403369,-2.270440286982804,10.406795900296038,1.5228482177718192,1.1913837895900505,1.4436918922947626,10.727486904389162,RUNNING
2.3111285647751583,-0.6317788257539075,9.847807959941674,1.5815594244596163,1.0377025037996435,1.3786536639847078,8.067392741988707,RUNNING
2.8027907821096365,-1.6725811774490464,10.776179097492255,1.5069085192724272,0.9189371683381915,1.4732682976832192,11.881955911890913,RUNNING
-0.5812369723581511,0.8550053305105928,9.466006397879893,1.3589532583587225,1.0702271624318767,1.3537889544804584,11.164577886368418,RUNNING
-0.3988862911086495,-0.1231782881407579,12.545410942799549,1.4561572632784727,1.2611601561549683,1.5037563351381111,8.785865124528188,RUNNING
1.9336977531561672,0.7876878785879665,9.780712508052323,1.6629318517441611,1.0151889887611463,1.4478233342700928,9.028096605283606,RUNNING
0.6495959201119786,-0.22372369898586483,9.780969086015874,1.5388647246033311,1.1731378376061936,1.3911365156940962,8.334230818942116,RUNNING
-1.263148034582083,-1.5207320260472763,11.739218424060773,1.5321652659591587,1.2398712801790344,1.4629977534162755,10.396199264295223,RUNNING
1.253000153047253,0.40329049500641573,11.2501692444313,1.5499558908249202,1.2884442437381738,1.5288150041540254,9.623981967591229,RUNNING
-1.2836138699272608,-1.423105919024227,10.774371845430384,1.3146267758780876,1.2462154096059677,1.4890806905499447,10.36751042853419,RUNNING
1.6833049999400531,1.6597627761337828,9.47977145137227,1.518178123258716,1.2294418977684047,1.5373653405621148,7.828063014219699,RUNNING
-0.631695352201626,0.5375168793275363,11.185837217924016,1.6352759030614763,1.3198225393201286,1.4714458374692776,12.085471936160125,RUNNING
2.71578371763149,1.457932928225963,10.658655575286184,1.4668221228227878,1.0471408703740712,1.5310539637914204,8.92389621886149,RUNNING
-0.6905884989849826,-0.03356329738437875,10.910421871748557,1.4399493364586036,1.3069283706395183,1.4791794742010034,13.499879938910972,RUNNING
0.5027408498026767,-0.4354267528483285,8.208807965821943,1.478058767902793,1.2234928125088116,1.461241910874443,12.965740215608255,RUNNING
2.1510015055956915,-1.0639670030455177,11.509135180799133,1.3821427215229827,1.3404316281994952,1.5245235847894236,11.785315802880943,RUNNING
-0.011511095526755208,1.0223148849490111,11.872301697146774,1.506578468947475,1.1399170360904085,1.5779696182179495,9.18015805507494,RUNNING
-2.215746624468572,-0.6123493914756759,12.154038069111568,1.5177829799705433,1.1470232294076959,1.580485593818008,10.307115268738082,RUNNING
1.1686959383825284,-1.8926740451034008,9.224703381278017,1.3361754340905465,1.174040327819073,1.621142750363243,11.847762421618304,RUNNING
1.6028243376829496,-0.1062852807225479,11.527072281074839,1.3923045459122054,1.3377974333925413,1.714870629393705,10.011699829848723,RUNNING
0.919237982503982,-0.5057795965996353,12.408297831375146,1.5588157264435865,1.1293524499234202,1.5032264810771252,9.763092204742737,RUNNING
1.7621427003495573,2.5392144681971938,8.353217500146371,1.3076783713790248,1.1754827578148614,1.3481584301171317,12.773058103795258,RUNNING
0.3020918380729216,-0.2317862698194948,7.532422625140374,1.5026185149185798,1.2071287260549461,1.5638956814212746,8.367196811778488,RUNNING
-3.4369392103260976,-1.3301965089561398,8.144511278620476,1.5336712295420611,1.1481865943333143,1.446176286992521,13.420439525322275,RUNNING
-1.5004057841651823,-0.4949040838198884,8.317661752066034,1.5971930343440635,1.2143428937037324,1.4173634714734131,10.600238052266668,RUNNING
-0.2726003064238588,-1.1296577833671182,7.6581282742915455,1.4839961326420656,1.2325485112324617,1.609958446432767,10.291438710899598,RUNNING
-0.005221272859802743,-0.17404042983410692,10.317466971469095,1.5408096058569944,1.109670688922089,1.5934141442233694,12.923435104084419,RUNNING
2.3346240533576506,1.1194744262325702,5.9721648441483115,1.6578945092717976,1.2794758522471934,1.7006408637712938,12.111872292057235,RUNNING
2.023039797968268,2.392948488881328,10.824832107567309,1.342776945592187,1.1692539099984858,1.5389945599383437,8.191915944332557,RUNNING
-1.1117440029522438,0.9692874671809812,12.870509656234454,1.5916567613777701,1.3057427287114136,1.4919184426836443,10.45831723287475,RUNNING
-0.7455787302535234,0.06563383844955138,11.162129639839426,1.5853015188243498,1.1721880135633667,1.3096240594355406,12.35557236830722,RUNNING
-0.8517117632761582,0.6150523540792822,10.935131849453148,1.5043900533123389,1.293053331932459,1.4339158803247418,9.578726417733842,RUNNING
0.7620184365818995,-0.8558307652393593,10.839456311617703,1.4899827231213243,1.2214925964776706,1.454025860493696,10.815692499606907,RUNNING
-0.0063028730867341395,2.0464348278157005,9.013894621888074,1.4935796205047287,1.0426370977883015,1.5372081478667385,10.087193679457208,RUNNING
0.4213366899017572,-0.6633491010542161,9.607041453459026,1.6435856464085898,1.2284566790474525,1.443894914797773,10.344402314917433,RUNNING
-1.0339149347285814,-0.8219953801516712,9.676310278515635,1.4405502277573277,1.0720352151650756,1.387579990305302,10.030925646356529,RUNNING
-0.31074253364106036,1.5241056303058762,12.442510724907628,1.4717875056862264,1.1369136489316591,1.4135569686326461,9.977560649048709,RUNNING
-1.220496862706329,-0.9235996908136661,10.980087287239867,1.368456173411274,1.2994868693787938,1.4466155356185082,10.605904537336949,RUNNING
-0.4924814140358398,-0.06009671862775996,12.707563347542836,1.517769804579024,1.1205340815854195,1.4288680089453432,11.069546527133857,RUNNING
1.0330691168321542,0.7316852680040461,12.628596620036282,1.3050409827273968,1.2667218939304528,1.5983736043903565,9.499522047643964,RUNNING
-1.0931852945660752,-0.5780604611226311,10.863904219582412,1.586567465116737,1.3081316957768536,1.4162176938832218,11.647411016073265,RUNNING
0.12429726280349421,0.5680040106659605,10.45529432722284,1.5524584683047615,1.1663933303494258,1.526880493443923,9.786242707738388,RUNNING
-0.5615850498103712,-1.1118159057356978,9.699684561265377,1.3485585937601878,1.25487004763949,1.4917486481088607,11.342568728851608,RUNNING
-0.8145329195786846,-0.8363297521657159,10.388110984487886,1.5343597535178217,1.056364754296084,1.555012848121788,10.515636320651558,RUNNING
-0.7905991773596612,-1.2283916953568572,10.071470177861604,1.6625330309075195,1.0638324969536368,1.6692313019104876,8.87858664968787,RUNNING
-1.1569041250162213,-0.603491580045623,8.931457543683132,1.479108204262913,1.159298410819323,1.6850781142435733,11.012239610099837,RUNNING
-1.6054808229777562,0.8241929945434062,9.902509480677558,1.2507610348416933,1.2659849612104566,1.3883059115897636,10.135932610479067,RUNNING
1.3766582258272504,1.4521993144383825,9.532607309516553,1.5793262495955032,1.1244539198607117,1.7233115917132178,11.875516091274198,RUNNING
0.47413173316340074,-0.8046517937000197,10.272903762087886,1.2846411887055447,1.2224420038382249,1.5349615331028386,9.314347707988558,RUNNING
-1.122136474272994,0.3499907198268553,10.934008358464476,1.482977620802882,1.2635245536603956,1.39737576246971,11.118728508293131,RUNNING
-0.2730606466284837,2.196892589797514,11.239793532734819,1.403166413674644,1.2248305475735983,1.5752483377074218,11.18477716596318,RUNNING
-3.5137175064980206,0.3596063728055116,9.890956268380927,1.5537179814541735,1.2944214840251813,1.5195162047141817,11.708780452764511,RUNNING
1.207413860456021,-0.1168151626712793,11.668161461966672,1.4405327012837832,1.157743158097878,1.3687511309663687,12.280441362671617,RUNNING
1.1867100065338254,-0.3417546679769198,8.732730468998584,1.5432850402519973,1.3110753172414642,1.5755184973803944,9.937417177004177,RUNNING
-1.1053520283476985,-0.06707575993631461,10.382113806046771,1.5206677628539116,1.187070254296449,1.486637227027323,10.738136906683819,RUNNING
-0.26166590142792323,-0.8969151038990456,8.502130334413371,1.6307964192549345,1.2554638708131807,1.3376082157430034,10.804555608892947,RUNNING
2.3971663436276383,0.26006357054745954,8.374764708076215,1.536516900104832,1.224489730171273,1.4396703151221846,12.182182999399638,RUNNING
-1.3171825554081789,-1.1819353501404388,10.329262841538785,1.5432972928043636,1.216392406359343,1.425734083422762,10.281590351562977,RUNNING
1.6125318217663644,-0.005115525172651397,11.789121382139179,1.6455401337726192,1.1411981480963032,1.4813426746944636,8.801878555811042,RUNNING
0.5807224740913598,0.0006719908076344796,11.739679666288144,1.4255021232514944,1.1160391627959327,1.4323929284706391,8.824662579760579,RUNNING
-0.9339208499389784,-2.146814868601729,12.01067673511856,1.627103009943114,1.1672926569136213,1.4702050635186776,11.273410193121801,RUNNING
-1.0463129137126719,-1.9425870863837285,8.827310606004769,1.5073219450312465,1.1344672476799205,1.5194967705990758,8.865149347177011,RUNNING
2.3435317640598443,1.0667852990203717,13.095776927741937,1.5539950900755102,1.1570008591385161,1.6323340922489937,10.439245620277461,RUNNING
-4.4203563289260215,1.9256820147538236,11.23650591893663,1.532982306086851,1.193822393772944,1.516342782038613,8.618042443772287,RUNNING
0.27910264870582036,0.6738881646853254,10.201996299265646,1.5370867792471026,1.1008665607765749,1.4034173229104037,7.738853404922072,RUNNING
0.7830309526661499,-0.6518418004516044,10.210790869038881,1.3660482076434963,1.1148382759813291,1.5966125325530311,10.335597038911907,RUNNING
0.7338177369964518,0.5285933953960053,10.387459499404798,1.6092959110896667,1.2970462636906666,1.5413372029130397,11.000024345056312,RUNNING
1.5912001077089215,1.0794736520859691,8.972619147873408,1.3914036829258294,1.1298750455595923,1.5976138690066921,11.304022710477396,RUNNING
1.743972088029289,0.2164064287966649,8.485185914124148,1.4040645039351878,1.0818004478102174,1.446205603366686,12.785672163081815,RUNNING
-1.9879220579286616,1.6153241086349766,12.27774454715901,1.5898302549689036,1.1306233392503249,1.53424508791769,10.620636089018708,RUNNING
-0.6139803218800278,-1.4684938159875232,6.783740822056474,1.3961459142964243,1.3112798195612907,1.4597166571525195,13.234346022867168,RUNNING
1.987506982418458,-1.1668020045794256,7.5861441428438905,1.7359614259100105,1.4268991611659454,1.5188453596429283,10.575566440362778,RUNNING
-0.16947168465991574,1.0733506117261549,11.001562120309949,1.3814185088985056,1.1675258064918026,1.5661152928661346,11.92886680926397,RUNNING
-0.5425754817258969,0.21440373026288645,5.4366313497336,1.4550349806157186,1.2763902908575644,1.4609605532882857,12.090166851904568,RUNNING
0.8226949103108561,0.9904975173877019,7.910679057063166,1.4839549956734366,1.1719888992249994,1.4719428293401446,11.817970407236135,RUNNING
-2.869277030021744,2.1327537216365444,11.225761687539691,1.4957668104339787,1.2906834146372925,1.3548165254831566,12.588727951836296,RUNNING
-0.0697448716898369,0.5400656054221755,9.61563150609581,1.548684206896749,1.3677239592974457,1.5995526691674113,11.395797500546426,RUNNING
0.7598815075459135,1.3343440330324905,12.1567165557562,1.4872841403125117,1.264187906147777,1.4616905078840206,10.482464080336733,RUNNING
-2.492371483766988,1.0323990713000644,6.349011866096403,1.7714816939486322,1.350187913379632,1.4738991275827686,9.623140107995644,RUNNING
0.28892872138040454,-0.1727999732419933,10.358590924153551,1.518146106348064,1.0686472201646005,1.5039569724133648,10.180381087641102,RUNNING
1.7067866639540576,-0.4243830658578614,10.840988860234786,1.6297297533925545,1.1920623859979687,1.521446326746755,10.222856213464569,RUNNING
1.9250318659323082,-0.12430547357647763,9.210810414827975,1.567937317057412,1.1695332166244343,1.5620500899099163,10.630590956834281,RUNNING
-1.594888029796917,-0.6638892022077593,9.639445283561022,1.495201420514942,1.0632673538715043,1.5316273780259713,11.89617793002167,RUNNING
1.6418436819206934,1.4837874146210122,13.305208039231958,1.450079800172407,1.1281516014838884,1.5783465648324735,13.40852792074732,RUNNING
0.01705486319774125,0.5113878715754219,9.029417622774787,1.7135321123975957,1.1663455078790887,1.469178407183917,9.451948041965329,RUNNING
-0.7855564243342879,-1.6389551136611336,9.322023119605142,1.694896311144762,1.273565514364137,1.5925904176727719,8.335039137274372,RUNNING
-1.844824672929811,-0.9644683930736223,9.795405305265604,1.4699430609414752,1.155302244719396,1.5219308913132055,7.288667942830146,RUNNING
-1.4893030580680473,-0.6590863839750903,10.129380844788422,1.3870332540689463,1.1509193533503579,1.3869012611514413,9.31798025211319,RUNNING
-1.9630261964837086,-0.18420083468374063,9.200328345071402,1.5906784266675429,1.24058502666929,1.4930148131816356,11.606892271824966,RUNNING
0.2140326183024454,1.9244422265603165,11.189455977112225,1.5913607217568035,1.2133565415535978,1.5675664453256977,11.102278911872357,RUNNING
0.5131492223360724,0.609134187531897,12.150589338418094,1.3575028828184588,1.1025547452389703,1.5229572641074254,12.029280630472636,RUNNING
-0.11749627339523583,-0.6185631277006309,9.779756575210433,1.5030140661315177,1.2111981932621256,1.4543300855306487,12.686407316860425,RUNNING
0.37805096990231557,-1.6095116726840852,11.307754734958564,1.6554282441611026,1.336978110196238,1.5734425852809668,11.639561773870028,RUNNING
-1.0211633494877703,0.35071854738685454,12.494301365955787,1.4410576588513109,1.1138556570535714,1.5097488939023698,9.85682379905061,RUNNING
2.577659423404071,-1.5476113175532669,12.380602179329601,1.4235150771691898,1.0204017265415977,1.5237875156348868,8.097300394867565,RUNNING
-0.012541180907185139,1.1710042699485814,11.377430239629666,1.5056706648839266,1.2478847573217735,1.4972785867622143,10.55696876333074,RUNNING
-0.24097992954911168,1.0211792142081182,11.63595633566212,1.560513301575895,1.171971728692282,1.361934782988986,6.973299549402369,RUNNING
-1.251507279873994,-0.8292652528726752,10.677525301685154,1.4196639567234306,1.196186543117536,1.478946505964701,9.583145477689088,RUNNING
-1.6204005896710392,0.4560809286885984,11.356653942887052,1.4229382049874661,1.3520640096017045,1.4685398552557951,7.843190919355827,RUNNING
0.603296737368527,0.2982541261427847,10.551590692961375,1.435776752155601,1.1965427774514181,1.4488740542130474,10.833046645689766,RUNNING
0.9149270809979659,-0.2782422079509479,9.986973981292838,1.3846517469111357,1.1629963387431803,1.167888544441086,11.380425096785947,RUNNING
-0.40301681628743513,0.4172082506939993,7.230317007914632,1.494316314779305,1.0320497207086596,1.3791696484340668,11.16590407765583,RUNNING
0.02734649570567574,-0.023436467360522642,9.429556660193299,1.4456016586627316,1.2427376045470797,1.3614639481555506,11.781223526619627,RUNNING
1.441640185848125,-2.007700815006888,9.627628855159173,1.4144472312059375,1.0187272034926855,1.396746672379059,13.887401184886736,RUNNING
1.2436476600275035,-0.8902117932101705,9.927343204988935,1.5588436180240308,1.2437506203473037,1.4422657984291667,11.24919060214243,RUNNING
-0.4886083397739299,0.1360013566863622,10.135907116033458,1.5122728907705483,1.328694728611642,1.4875451520313576,9.959216311674425,RUNNING
2.135848405870277,1.4053428776850847,10.661287500646198,1.3721264145180743,1.0774107736560055,1.5015123261584553,9.803061862403533,RUNNING
-0.8891988497679704,-0.028072752292735467,6.925856471890403,1.389867337123029,1.137294915455265,1.620750319495192,10.910482470709656,RUNNING
1.9468747584911434,1.5150928883569803,10.413745546807625,1.4524515258810557,1.133616689717431,1.475893677753422,11.169264789115893,RUNNING
0.8877017867175236,1.5111404537234019,13.294303682100265,1.5124663393407556,1.3099463771395652,1.4648339816165785,12.210048001828564,RUNNING
0.1411047617872858,-0.8020297967890665,8.408207343201784,1.49599627924789,1.3533012542249183,1.4690155098635926,10.193505697920115,RUNNING
1.9745172562792792,-3.490392893376604,8.665874581892737,1.408436770364154,1.118028497713261,1.5336262951185895,11.412222619882892,RUNNING
-1.425156853718474,-1.4618112801687826,11.094479523011794,1.436976792635356,1.042952495463203,1.5971344284541482,11.139581052179176,RUNNING
0.9388981439593538,1.643841868034293,9.537876314964848,1.611067768405409,1.2275396234143208,1.591371165234259,10.94992872852802,RUNNING
-2.2259685892011265,1.7423119587776663,9.078703888541831,1.6253058210243914,1.1909757118559678,1.6176010985197706,11.402389598055509,RUNNING
0.6339429257888489,-2.4165897075372933,10.677495328347304,1.3883935823928104,1.2171187143745663,1.3857057453616783,12.384642942600497,RUNNING
-0.006213877416231686,0.22172238029882865,10.128125961385487,1.5569876375979523,1.1323945633451196,1.5993740262867957,10.551444022110898,RUNNING
-0.8867202448884157,0.39441881939577955,9.6939561160299,1.5468523602818836,1.3216006538911476,1.4280678313191826,9.863709310423042,RUNNING
0.6964808412399977,0.6664786327820879,12.124892664441456,1.4394009953915088,1.1057224759769526,1.4692422610436255,8.902678018524595,RUNNING
3.4995246273790324,1.5551134338885007,10.518863654400471,1.5867394492997975,1.0363198135689209,1.7523373331399559,7.768069479589435,RUNNING
0.7294309571113421,-1.3276129884925305,10.652483642349043,1.4455725567075461,1.0922256065069655,1.4195638498237382,9.508078196197436,RUNNING
0.9949100718967168,3.1229758498491758,11.216383229329507,1.4082738357822713,1.1632885829927688,1.503158900615258,10.892928352946711,RUNNING
1.3617785773648052,-0.37733254835715524,12.488250329581884,1.4833514415718454,1.1028810130862008,1.7177320381042223,9.983126928132366,RUNNING
3.762459409584845,2.168230660975814,12.740892215463298,1.466934133762367,1.4426178003841774,1.536835200384097,10.530558159703006,RUNNING
-0.3776680108895689,-0.2515679921029947,11.412737473017119,1.5367199798775388,1.1968528629796316,1.6509523992698854,12.417563612364912,RUNNING
1.7204443023827545,-0.07784572926403334,10.811880101075936,1.598594838331472,1.349116640428018,1.469946401482123,7.59682382676602,RUNNING
-1.0350188997218779,1.7590031743235557,12.138806750412455,1.5522445210926694,1.155140312689088,1.4118181501014582,9.776494309135652,RUNNING
0.1521344463594868,-0.9044491738340952,11.76416104514854,1.4461273719653558,1.1902406109845585,1.3316617866957174,8.849597795180626,RUNNING
3.1576299590017536,-2.4738277345346993,9.299737052003843,1.501670086726755,1.1634867062204215,1.3895854543336081,10.241147643496902,RUNNING
2.9278936342761357,0.09352475586985164,12.274350734081287,1.550697634582814,1.3113862397982219,1.2200035697406415,9.779813757630487,RUNNING
2.643709747304418,1.780668184521314,9.796303925808807,1.4496836480953643,1.0986394157645532,1.4370405768136203,8.534509502153028,RUNNING
0.9055995242853327,0.7536944362802983,8.008193392224117,1.654981860632834,1.2513609294415222,1.574969802144487,12.265355271128719,RUNNING
-0.14791259850701594,2.402306951098033,10.566096952369406,1.6140785800452475,1.2293008807258654,1.5585521532856867,9.73637559138152,RUNNING
-1.2695974586665315,2.092923821359174,10.179344627906477,1.3996698169024504,1.1640868371891124,1.3699549771078086,11.527197365905113,RUNNING
2.0341600713154877,-0.6001832174576752,11.298033648409179,1.396991394509557,1.4445769569113684,1.5936380134616623,10.374578943389276,RUNNING
-0.5099755835272788,2.343533464799408,8.661697916677646,1.5134801423290203,1.198166193336629,1.488258969965513,11.811544172724638,RUNNING
0.9134766697386527,0.5026939336473437,5.949015956782096,1.5299794874163164,1.0344360639829917,1.5646320163135825,10.40602333404229,RUNNING
-0.8990335575794954,1.4825181309081608,10.64254182790811,1.6728329380566334,1.2413754202947387,1.524245018063582,7.954927218535572,RUNNING
0.12801593328076488,-0.08405573247355781,11.58812824073665,1.4812298394125962,1.096126556583733,1.50073506749197,11.929783153057699,RUNNING
0.8685923590420059,0.5605091327922895,12.454392632918717,1.4334968109696076,1.0568885857228745,1.4929970223191955,10.442338092114133,RUNNING
-0.917407719306877,-2.2032063400281974,9.83823496380936,1.3863624833296142,1.2231648071610923,1.4343965241759344,11.797187701966864,RUNNING
-2.32653927297498,1.8062351986548473,12.863580675560648,1.501879051130794,1.332292616033553,1.444832486195332,13.42089391840653,RUNNING
-2.2366198854172104,-0.0005744616822065898,10.551215840010318,1.4487025756032188,1.1556478400162884,1.5072249134236202,10.98865976876858,RUNNING
1.6100498736674584,1.0434870223841053,9.285396798915283,1.3748772084622325,1.1715812117845221,1.6567791509795664,11.904350235165186,RUNNING
0.6311498437778795,0.14473025713629434,11.493460344971952,1.445383389578198,1.058553698863368,1.5722996934624323,11.954419804405566,RUNNING
2.5211485700822847,-0.002695442108545175,9.272996722887381,1.5123018673526756,1.1449466031799298,1.4383269890043597,8.578061991056103,RUNNING
0.028936320560914212,-0.026770246694917427,11.015331865559904,1.6875225388483388,1.210451403607582,1.5598172150334795,9.863193605612668,RUNNING
0.10713124887163977,-0.13061835008299402,12.049461352371047,1.3690023445625001,0.971676136538496,1.4786567302912075,12.369639490022664,RUNNING
0.6560590112695025,-0.6766179982318319,7.011869768790479,1.4762687765804783,1.3027959002257798,1.4607952217332885,8.991390364392245,RUNNING
0.9348538449582261,1.9645461480020467,10.24077997215989,1.3870935578167698,1.1933398972978027,1.277561589139113,13.034566931627783,RUNNING
-0.2909921888499376,0.4901824057757643,9.208067846421148,1.4643572879474922,1.0474814563337802,1.4805210378716764,9.582291112955348,RUNNING
0.12501802646263785,-0.40005606672919874,10.00275091755073,1.508036232596303,1.204052294231701,1.576117403905164,10.239001591797596,RUNNING
-1.0719961752614888,-0.4318933122800059,13.546738069609846,1.4087321239304134,1.172134366612069,1.461251133673031,10.932381448218965,RUNNING
-2.5652626520876916,1.2446057670384054,11.448874199463296,1.3757128413936865,0.9730922727047598,1.40229278538586,11.736546063973822,RUNNING
-2.7113844737721866,-0.8275866058811328,10.420181345590525,1.5253683554298096,1.0685251139689576,1.486500977202294,11.022340085528917,RUNNING
1.1608157601642333,1.0092495323539432,11.361579526700814,1.4502630466859736,1.2714549761463505,1.5309054438104288,9.784327457688827,RUNNING
0.11083040418683103,2.9278493603826017,10.951863720137085,1.4388811497749714,1.1167610555030556,1.4508233387343796,12.31108294868701,RUNNING
-0.5638923682070346,0.31342144953555434,11.687617911013083,1.4428097150190076,1.135888834584723,1.665886969445533,11.812078504104951,RUNNING
0.6893632324665981,2.421330975810078,10.565862452815734,1.557726236720092,1.0549087071405987,1.417503931340876,7.077192933876785,RUNNING
-0.6034650341290839,-3.592447923192747,9.253068156777164,1.4509051050268134,1.3384871093794044,1.5396627939221457,10.677567773020654,RUNNING
0.05635028806087848,-1.4432058093263904,9.014979429145292,1.4174902700054475,1.204646127315419,1.5077885726980675,6.858151182125781,RUNNING
0.3939629818075357,-1.7400196274010393,9.051043613082696,1.418783052827367,1.1336661676487698,1.3624850607959698,11.168282771629132,RUNNING
3.3554566155924443,-1.5952308707208764,10.073234543491166,1.2476542637487529,1.1699064707029867,1.5642717152631485,11.883524929797302,RUNNING
3.8190818039141874,2.054765624925119,9.716218605885544,1.3548896013533263,1.1593848583426196,1.4053017234382652,10.508829497586795,RUNNING
1.2570210818044656,-0.1208350473806124,9.080529265878305,1.6174814057585691,1.0121019055246172,1.4672204944122538,10.770942278789757,RUNNING
0.9156597297142397,-0.04248892685442103,9.947912576784478,1.4592410655340304,1.1388484197961646,1.5787543324326865,10.62178383647853,RUNNING
-0.7818822102841944,0.7420886588929617,9.408819112915323,1.5638184040728214,1.2212726121191784,1.440367531090808,12.2794756349265,RUNNING
1.4492205186139437,0.5895288248715393,8.808613573186856,1.7448586988174057,1.059638378892819,1.5949263174282309,10.429429336963551,RUNNING
-0.1181293293669607,1.5666992589726283,9.430033649579682,1.4738054993575647,0.9663930394978737,1.6734762793123577,10.47907272887281,RUNNING
-0.1470014501750099,0.97183438184505,13.006893690455453,1.5251493669941991,1.2655078017630526,1.532889153672704,12.221497910586926,RUNNING
1.6657497984710758,1.2990444104194918,9.509778198995287,1.483166236576281,1.2239466988780434,1.3629157955170994,11.184758061602688,RUNNING
-0.8655066595908044,-1.5922530712404273,9.593955171787844,1.5219204187633588,1.2673428812753693,1.516179154060272,11.263657274951042,RUNNING
2.2242492995788603,0.8457473309267842,11.71431283237941,1.5294016399306631,1.0496844930400397,1.3955333469368756,11.180611083287555,RUNNING
2.5146351267661102,0.8712431990752004,12.388329308614232,1.509468138947073,1.1192784322515559,1.4942133840785659,11.895663900513197,RUNNING
0.7807687449424194,1.483131842673724,7.469915378215162,1.558813795134266,1.0689354215695628,1.499274430153434,10.881371181378219,RUNNING
2.0176757604176827,-0.7222765931191363,11.563671584449926,1.5162223216898831,1.0364709729928447,1.4081383541476966,11.277110312814138,RUNNING
-1.7512512358210715,-0.1683794736565917,13.526709673189545,1.5111223334840858,1.1672674424927605,1.5491739640756221,11.325206080063754,RUNNING
-0.49333424500621387,0.863193122195326,10.754539736956925,1.5481967827052892,1.1240816453832494,1.417871361592714,11.019614069060996,RUNNING
-0.45959314062977935,1.0784721288163728,9.588285029955513,1.4864398760099118,1.278599281270313,1.6172967699164267,11.24656538602401,RUNNING
-1.5643923927131065,0.4428624583079616,9.925501178274814,1.5434068487183177,1.195714375233966,1.5074273690190145,8.951015624559611,RUNNING
-1.6631473431074926,0.440832418976984,12.904266370766955,1.4647406902935594,1.2700972322703965,1.6073340176863544,8.955065830696766,RUNNING
-3.3113213485070325,-0.31540859935487187,12.267131052843261,1.3875834015238067,1.2700209847518764,1.4049847469948127,9.549932288035334,RUNNING
0.25572702104537115,-0.49810960407039445,11.557722988407265,1.5235317168484637,1.2056507674429267,1.6558349960141978,10.451560654361648,RUNNING
-0.11384817761949112,0.09638348715025429,14.286763914911242,1.5370851892710997,0.9964097429895223,1.4457201028283035,8.068094304825996,RUNNING
-1.307385706602642,-1.8248658355609437,11.076240266951217,1.500053936262888,1.230296230749873,1.4895448611431474,13.559778317267847,RUNNING
0.6138188679098201,-0.5111095191810792,8.357899235841833,1.4091933029240034,1.2453039656572058,1.6073118026799376,11.607891249126471,RUNNING
0.7598015870788764,-0.7901683143135071,10.76088526796273,1.4151622196117861,1.2017428952958102,1.5330863531066912,11.608209757818937,RUNNING
2.2218548874353923,0.9106173190065556,11.749418164237563,1.5587694901867812,1.3298334489775416,1.3912521831887632,7.550108199574258,RUNNING
1.845968706267017,1.4648582345945296,9.84997416737321,1.462922940333949,1.1927652524849328,1.505202065043962,10.264718530757197,RUNNING
1.414789955216691,0.535137332550364,9.589554831191046,1.6335112667804097,1.0641743013877512,1.4907834189178524,11.093830775276244,RUNNING
0.815009395498572,-1.0326286415774868,10.391283420608948,1.484349616979079,1.1448262148167707,1.7301674852050775,10.049298786275454,RUNNING
-1.6299542833279226,0.12337709178608268,11.473640076581251,1.5920509575065678,1.356226511065507,1.79452462899351,11.213891601112758,RUNNING
-0.39931942560973743,1.1111593558226758,8.554253555451417,1.7368334542400437,1.2856048094775512,1.3315995982203837,12.349433280735111,RUNNING
-1.908356440847945,0.8556310205195387,7.578990191007115,1.4910664134528955,1.3112046842103207,1.444848426989702,9.857193591607905,RUNNING
0.9443375490987536,-1.0623917186616725,9.34104466552035,1.2978997679123756,1.2169944711051481,1.4839095061723402,12.174064392972825,RUNNING
-0.32335191512842476,0.3218003397863685,10.909966874377746,1.379567017282104,1.4056585820707594,1.4529150169877716,10.37869136926977,RUNNING
0.910192537589452,0.29498306617966696,8.373540364158892,1.466772729874991,1.1387449097645939,1.4538254958653873,13.120222083385638,RUNNING
1.467004463997613,1.5246350689765713,9.983047744487767,1.4363743165013965,1.1221412953188288,1.5644064922957224,12.447728417200448,RUNNING
0.6074120307230145,-1.0063891650247017,9.478636756296458,1.5681993299254144,1.3041732852654597,1.5551680232255969,11.684420416994508,RUNNING
-1.2578709892222535,-1.571985014078121,9.918927382477928,1.5753213446416157,1.3826647079311938,1.54174470344108,11.571509315449239,RUNNING
1.2350352442157588,-2.375513131023034,9.879841796435235,1.594970038427787,1.2274468335636564,1.3803484951849068,11.022096426454477,RUNNING
-1.325884424742518,0.17170192443359328,11.259580120849343,1.5670687170726232,0.9644081075067678,1.368571490219188,11.264085742501305,RUNNING
0.7078049218150138,-0.46010153036271817,10.008549844035059,1.4271670731578259,1.2768194128105848,1.4079511212260423,10.513022433124156,RUNNING
-0.9850655996647,-1.6266502333969515,9.528520865432931,1.4669993131375114,0.9630975688418748,1.4802644844665336,9.877210780731565,RUNNING
0.07040444762284158,-0.6673974833063996,10.723141100003545,1.6540107823744032,1.2968498802624875,1.5520794305692753,8.054336973600973,RUNNING
-0.37853022298633576,0.7004537037887398,11.610631821071626,1.5669884490215742,1.2294830689209695,1.4804275020916118,9.33844879531836,RUNNING
0.09260201469044509,0.20783717125049686,7.76157723215303,1.5455146380949518,1.2772728377919393,1.4922714762533704,10.607847921630396,RUNNING
-0.592600359190814,-0.09142513354922105,10.006912780550563,1.359318945539513,1.1453451703763524,1.4902379304225923,12.911631506798582,RUNNING
-1.1630685445089095,-0.8349715327513986,10.261007133735973,1.6784558888853587,1.1834575947818107,1.3672492509462568,11.59502577070518,RUNNING
-0.30032499973748417,0.8200976082720367,7.090241696179752,1.5103829235032697,1.286068542136863,1.4167136724845464,13.138089831178355,RUNNING
-1.08023096553235,0.2892519334345341,11.405875562225061,1.6512067949141453,1.1846102226014363,1.4460570206221581,10.363227139486659,RUNNING
-1.4323036223761145,-1.8489093699784347,8.668053923092161,1.5864391497406665,1.1679375523693187,1.4392479090079289,10.1980371807936,RUNNING
-0.40969821557887875,1.619188713372887,12.80702442279245,1.3389978327091003,1.2327592731142958,1.4223137901378609,10.194485737917256,RUNNING
0.34568982094144973,0.807564247238301,10.94186520081048,1.4353163695832376,1.1370800393029676,1.3560294703381965,9.690071440474945,RUNNING
-1.7900682186657297,0.383913434213728,10.33445286106221,1.4804406763150775,1.340904596641209,1.5549126675558365,9.79174788185194,RUNNING
1.3121094323703857,-0.36977715534376493,7.810269746318774,1.4951680321265655,1.046297399887207,1.7184230601754902,10.984956830658879,RUNNING
-0.432987241018845,-0.34803648175943114,11.132740929241315,1.6526215958796278,1.2767509081817296,1.6478513878573542,10.853763866539364,RUNNING
0.5266369375151022,1.651478364762687,10.168816275311919,1.4594496633445913,1.2533980797418662,1.3221797272434153,9.127800613804572,RUNNING
1.5855885170348658,-1.274688380811941,10.296190427454306,1.5293157225322969,1.3353451561476117,1.4989443565119147,10.809804384014456,RUNNING
-1.6342701124101833,-1.7214970330852186,10.65975810212878,1.4457303126097387,1.291926109168129,1.5745856518098578,11.354813857047095,RUNNING
-1.5269241692027256,-0.9101567075170379,9.030876392677268,1.4861498978060046,1.317019233407056,1.499495912977647,11.494408012621825,RUNNING
-1.1706069088929412,0.14102114298971594,9.968672076125038,1.5838177219599439,1.1842763607971447,1.4941073645476948,12.12169214368727,RUNNING
-0.1329091595229141,0.0038375887383460764,9.712710809513348,1.4050004296480305,1.1447249212933677,1.4227851036288057,12.60389778071315,RUNNING
1.1280695754282446,0.02460207524120216,10.500477917197603,1.4442718690385448,1.2270084411347764,1.608809246320859,11.74786621380536,RUNNING
0.4865489613657007,-1.3442385617294152,9.399912943628824,1.414089572594986,1.1275467730965751,1.4676317245958812,9.40377110317825,RUNNING
-0.34317651587907233,0.2012298418314735,10.025555195452734,1.6158667023341302,1.2508087714420786,1.3409154143141304,9.90587020968931,RUNNING
-2.2427963809547333,0.009680111293363308,10.488437022776633,1.3878353763466804,1.0548780783740064,1.491244645354656,10.392842058277694,RUNNING
-1.6541645607304787,-0.521784735439337,11.299987545921521,1.465002991964871,1.0328027528207446,1.4527307722276428,11.099624144991713,RUNNING
-2.4881619376290462,0.9108155646986267,8.831720548082162,1.6559182290482353,1.1951223735499383,1.3753606501460838,10.068631797462446,RUNNING
-0.14498086442721125,1.935336279236447,9.451133903656388,1.5059962857695706,1.3419844487373052,1.52705134754664,9.101326549930112,RUNNING
2.1102112930994474,-0.9874411259975734,14.954264261618498,1.6467375988327677,1.120338743037202,1.502001380500161,11.259934403938832,RUNNING
1.878238555449165,-0.14756273596124342,9.94992349713595,1.465313601207539,1.2858373231972127,1.5365181040302647,7.497248923068841,RUNNING
0.4651032358127256,0.26228266664845884,13.003212121951059,1.3471412017736333,1.3557186632376759,1.5075409128924666,11.541405126802683,RUNNING
0.6005524341938414,0.29074942296278206,9.774782797508434,1.4971510875489606,1.1284487233877252,1.4955433100574518,10.908298530957898,RUNNING
-0.5043056050001464,0.2637097007281718,8.34965411555184,1.6929269996621283,1.18972325385124,1.4854155567027811,12.66354094778298,RUNNING
1.553874314148051,1.0253253013686672,11.319598427500907,1.4641457472437391,1.0549836832963297,1.4798961228133365,11.041753051561212,RUNNING
2.4184672918553223,1.4369862480458093,9.815256585743857,1.320487080338013,1.338557523394148,1.6359385223230745,11.405917889444035,RUNNING
0.24102824718847954,1.9377399050967927,12.517027759845922,1.5651330951995204,1.2473217065811983,1.561639429053036,9.166426875285737,RUNNING
-0.4995596636083782,-0.43996065440271964,9.547041945567504,1.5136746502648464,1.1676019149299421,1.5502234720351975,10.971469691219188,RUNNING
-0.4659438597553208,-0.20687123977107752,8.122130983905214,1.5356477104669493,1.264760598256707,1.5493537294203767,11.328289507257027,RUNNING
0.2341361076852786,0.825060863510993,8.134155545801818,1.4106419032021988,1.3586899657033091,1.2539564177903795,10.457292185379387,RUNNING
-0.6075166071760463,0.15530601217836046,9.97031972999633,1.503084949275694,1.131661896347987,1.6108674419955724,8.688169313632716,RUNNING
-0.7857647554700928,-0.22078639212355705,11.258308315354812,1.3991986776829322,1.1230837681357848,1.5510676137858808,8.64828527392707,RUNNING
4.926177301931826,0.9399650845064562,10.099494357349453,1.586903127553084,1.1875543370285577,1.5867156889100187,10.33297430457017,RUNNING
-2.1710720001946346,2.3257138792717678,9.087699119598385,1.3639976423689406,1.1787140117243633,1.4038528186489494,12.021568889259676,RUNNING
1.2220960824325227,-0.36675846574281634,10.574387741492378,1.540787905089749,1.0242212576057927,1.557058470011986,10.423486033764526,RUNNING
-0.27731276579188685,-0.9236485190854264,9.555044952216466,1.727409356914324,1.2940369688623297,1.345079755485216,10.426458004759652,RUNNING
0.46004541304475643,-0.017932895305289093,13.458869856670399,1.420370981100791,1.2146010609775726,1.4571854669007196,9.365319443837002,RUNNING
0.3301937812316639,-2.0888407276564025,9.90139419113536,1.5421968821433458,1.1175266020497636,1.5586801850735654,12.626110018507273,RUNNING
-0.8801171410950175,0.0920794312715482,10.775181339708348,1.56193492954347,1.2014381996244266,1.5190210959342842,12.453031936182201,RUNNING
0.9691248618177815,0.8415067673320428,11.584605486203367,1.4846191222118965,1.231882704357953,1.3914826321664255,11.05878560318089,RUNNING
1.7113439657254115,-1.6366415203552098,11.099669876425276,1.4319233553420974,1.1631196734811131,1.5945940960639438,9.36405948681508,RUNNING
1.4630036023331394,0.538731261831597,13.122203358786427,1.6682647594013298,1.1657754869853207,1.750323780506949,9.61922858619086,RUNNING
-3.385087657934128,1.9284228098991372,12.892142983565796,1.3984492561186679,1.1772115711618094,1.5095607544112577,10.499246444001704,RUNNING
-0.48161914418887025,-0.46609348918653015,10.834074093901448,1.6429519658525993,1.1696907280308273,1.5170442998721363,9.663127050764066,RUNNING
0.1445656846710538,0.657047784202864,8.807472993733834,1.6263539010796508,1.3431588905214111,1.4277219744555507,9.71655244007247,RUNNING
0.7224207685321417,0.1959067515505985,8.298122733541799,1.5459161315978558,1.0899857583728965,1.5939202851662047,12.600198822202389,RUNNING
0.7445724697932679,-1.2953687034894543,8.977625143801374,1.4400697211376274,1.2394644083356665,1.5358299814932768,11.084198241370439,RUNNING
-0.2727900986852429,2.5886590649372847,10.554905484844618,1.6814252827700276,1.0829616401895659,1.3426787060438292,13.317844818965353,RUNNING
-1.173269180928951,-0.552679235711469,8.746528634681251,1.3188360152881613,1.2718411697776628,1.5223020302962162,13.068389007493321,RUNNING
-0.7550351070742096,0.640351709779771,8.318157892132913,1.4809474810379963,1.2291374456238584,1.5327075218053308,8.827244459240568,RUNNING
0.29605890815949004,0.13650922017633285,10.847509026292592,1.507234521731918,1.0726787226086603,1.3682200247891025,12.241595282125076,RUNNING
1.2653254368331806,0.36814795495374214,7.300321173422834,1.3973289508214735,1.2170415417593112,1.5135518002791795,10.53209171254832,RUNNING
0.18115569832704254,-0.7668783993984194,11.973016479182386,1.4569228391319615,1.0669350916979372,1.422900098718127,10.51753641446589,RUNNING
-0.2792223284484735,-1.4983961097151528,11.678223884744364,1.4348047845976615,1.1899972141058663,1.6480183076881865,8.121310645712404,RUNNING
-0.09646567517886907,-1.4552887378497659,11.472820121449496,1.504226306496498,1.2165384769023861,1.4293256818357647,10.959371747345822,RUNNING
0.5295588726225015,0.1169008116771751,10.110469704838398,1.4167929532267203,1.0915032012519523,1.3864402734474477,6.689487592136917,RUNNING
0.6672873308974836,-0.04591353895698704,12.520009502101718,1.537312239709101,1.0521326403689701,1.277032335927002,11.987009019494675,RUNNING
-0.01330639843436009,1.3604261977182106,8.512750416446048,1.5965264384380449,1.272098915343092,1.2981765888568804,11.264713375973226,RUNNING
-1.297344168642634,1.5302964155063667,8.721221506141696,1.5832092018373947,1.282060747590867,1.4025832571827779,11.863297956702693,RUNNING
-2.2906811930036337,2.5412760036102777,8.663164589662365,1.602488643276593,1.1005228282068305,1.4381011197152318,8.761344557814457,RUNNING
1.6357082535854908,1.2539765941598329,9.09306988673266,1.659864759359111,1.0543142371751961,1.4375227417222385,10.96732870082789,RUNNING
0.36161411820494277,-0.2244891239072647,11.74860080788584,1.477163920734236,1.2231541068813805,1.6146471877487902,8.906096473957803,RUNNING
0.7871888632519826,-1.0541985491634056,8.57787753033296,1.4928293653715032,1.109570481334841,1.5790617718839977,9.612894735890656,RUNNING
-2.1896800078769982,-0.5551551319114688,11.182763504803237,1.475771190182161,1.1410240759332864,1.630017652681314,10.38880611569538,RUNNING
-0.1171635151691843,-0.6328360052641303,12.814332158308677,1.376902150319474,1.2011736369721935,1.5527438651859997,10.615546038380653,RUNNING
-1.3299975520265621,-0.9787101254629799,9.975206005385344,1.5649581331646174,1.1657282223121854,1.6078426194472946,13.556402250324144,RUNNING
-0.986937191498267,-1.5730944084865917,7.886919087342255,1.6075103453808939,1.165869548533994,1.4746290264933601,10.305429311435356,RUNNING
3.5160806682489394,0.16051268886507505,12.092677150437481,1.5805239857904407,1.1963552679741962,1.4413029013979537,9.67335783930793,RUNNING
0.24950829892598375,1.4834459739115153,13.604921608604517,1.5854369320349422,1.3862759686380282,1.4370625788793545,9.354761940806569,RUNNING
-0.7283851680675139,2.0854857142023002,9.03735171631959,1.365886996734429,1.3527981573639511,1.619676322498044,9.863686335294002,RUNNING
0.4229233107135767,1.8957683488818597,10.857849189213114,1.7166959267246966,1.1102058014359768,1.4980319245671732,10.3677082993538,RUNNING
0.6259939524906595,0.629076215942436,13.755678268416833,1.546446746972356,1.3150136803679615,1.5066094246298976,11.926155754611948,RUNNING
-1.488988523177372,-0.658566027332602,10.922901454807743,1.5456498035250645,1.2698425134384372,1.5460197681230041,11.127931279808779,RUNNING
2.782481036220985,1.2239143265133057,11.302055924454297,1.6029566923822751,1.1628935971099148,1.449173485391668,9.931680548592503,RUNNING
1.812412110978209,-0.5703881012186266,9.295917425662626,1.6942577178830631,1.1548624768918656,1.5153528457250351,12.446729462687909,RUNNING
0.9556785606168414,1.870060814256938,9.48116709417285,1.509912579247616,1.2039355754994194,1.5263888494350022,8.641363278808045,RUNNING
0.5375011067953821,-2.5543789494222238,7.72261974856412,1.581854871644,1.1453161544805217,1.4012141926367758,11.967476196315708,RUNNING
-0.2493631084812457,3.2155544326800034,9.593229209160308,1.6744495549359888,1.1938633959900087,1.3345489605087253,8.960327984076384,RUNNING
-1.383328915702072,-0.029637171701990674,11.024621722871972,1.2529336717120598,1.3053121452523802,1.4505502026185022,10.71321857751203,RUNNING
1.8242486651733814,0.5255427155757065,10.497728245577932,1.4847270055019843,1.2482712760556138,1.458646874119067,10.388298708293808,RUNNING
0.050351472103509126,1.307255803385529,10.329185088396388,1.501503392554179,1.1400350488549067,1.5430739933981852,9.705968969780944,RUNNING
-0.6867254543852785,0.9505648789745631,10.878319505044296,1.4093781873807305,1.33065540677345,1.3301549431599748,13.46636037894364,RUNNING
-2.316899590358435,1.382700782247298,10.377548459983133,1.4633397430161257,1.2185396656467762,1.5631900339157814,11.595719998311676,RUNNING
-2.5610144304744,-0.7010749118305024,15.06103043123916,1.4031987035410718,1.3147802791759753,1.4414049231286188,12.24252737129264,RUNNING
-0.3003807402191635,2.3866615665058237,9.61599515312223,1.523422041359956,1.2245276932217608,1.3878031880050585,9.8630506350792,RUNNING
3.6613859481848023,-1.0063484083194367,12.269136702210641,1.5856459813148787,1.1986137865495727,1.4134790946147753,7.930222932771168,RUNNING
-1.505198138698936,-1.778971818436371,12.518812504766576,1.561846239238822,1.278597409886546,1.5588831951541948,9.746044704980052,RUNNING
0.16000448305056733,0.8964705933889477,8.518186152215806,1.809658889614255,1.2028565762777585,1.5141989450575593,10.78019603866569,RUNNING
0.195194157147063,-1.8049782371375747,9.665301333225036,1.551721021615896,1.2443892839042887,1.6221165750004087,12.2005565400331,RUNNING
2.154134019273024,1.0778934874274753,10.254549493713762,1.6044386051876578,1.5428910478008213,1.5115152314440476,11.627518244951164,RUNNING
-2.4072064663470942,0.20328368989448342,11.070504975473824,1.6535121739812653,1.33101948560543,1.586458479175177,12.055657232893402,RUNNING
0.38391656561751974,-2.0762665513745824,9.33483913621941,1.3833177230465934,0.9984991560492908,1.4997084848585205,10.786786058194835,RUNNING
1.9406297337989404,-1.8829188296318695,9.704865620992695,1.5096897876034314,1.109184605139233,1.4577799315195255,13.289665105142825,RUNNING
0.5673394281472652,0.5754126755295639,11.309482161517606,1.5612626377337113,1.1917113016125134,1.4679253628521154,12.270698610951957,RUNNING
-0.3605977135326167,0.9214124336017336,10.208123005440498,1.5033870549435244,1.1526476618445802,1.4818354861093765,10.890959616826656,RUNNING
-2.1708266688869378,-0.37109268915927557,10.138027644382907,1.4170856514556596,1.2021665411703564,1.4570817709772346,9.068334704500057,RUNNING
-0.5980526737247841,0.09284913931300028,12.276449146735088,1.525671917279574,1.1338064820082572,1.5399004759243853,11.659420437924311,RUNNING
1.0883852632234823,1.7279448497143568,12.11344019102649,1.5566760381117657,1.3068642219590085,1.391834890373594,10.841466546204996,RUNNING
-0.8158650802698864,0.9910232037932514,7.7057046203231465,1.4465227743942197,1.1515044455122385,1.3363698214900541,10.009166072087085,RUNNING
1.3619696367077008,0.7752544121144779,8.83773795527288,1.5682489209260637,1.228978447865822,1.7333035562111467,9.23670033419844,RUNNING
-1.1163650504333569,-0.9909229145617897,12.556648220867883,1.5017969915016471,1.256524712397473,1.6514247599980887,11.263762609877594,RUNNING
0.6525725574606666,-0.9940838660979014,9.367313402327223,1.5488845889812988,1.438459780033147,1.6003313312814902,9.78829335909037,RUNNING
-1.1712074273684903,-0.5859284696360256,7.420826350244212,1.4275080657108399,1.1439646843940157,1.4824641825605158,10.488497576356211,RUNNING
-0.8721646295141354,-2.3560303719186244,9.63703708739731,1.4027549362312994,1.2466066748278604,1.5909287396693694,10.43509475692711,RUNNING
-0.7829333482138451,-0.8965233044004794,8.238751625097375,1.5991853700507859,1.1825288962070024,1.3753659706379127,10.687785090314168,RUNNING
1.601201776606029,-0.4175874595146998,7.121199727824527,1.481081966484108,1.1843806099902803,1.4775079769064479,10.644116348407591,RUNNING
-0.037245471189970646,0.4951696337315588,9.85525076527822,1.4513414330299346,1.33801232895854,1.5559355409715436,11.451771427538654,RUNNING
1.3925830187042565,-1.8952141944843124,10.80623080799404,1.4817281538185672,1.3677684090899809,1.59276455318033,10.802297791670615,RUNNING
0.6814971497283431,-1.222610963249582,11.040024697857337,1.4771848650711765,1.22824497640556,1.427561483487783,9.075712115287244,RUNNING
-1.4666316015630727,-0.061897508658693645,9.342164437221069,1.4114971367737201,1.2105075971208294,1.3494934143096295,11.556827225767297,RUNNING
-1.1198450284048667,0.5018580939194365,11.350995715479945,1.599441442009024,1.187284397054327,1.597649770277289,11.244040550552631,RUNNING
0.49445029921168726,-1.09413874520237,10.889129986894739,1.437615975131274,1.1723040905772835,1.602477380066501,9.096813079005813,RUNNING
-0.6167600933299744,-0.03209556140751016,9.513152267137889,1.6040642442799669,1.2347389841708556,1.540608510987443,6.699335284245651,RUNNING
1.2510831777740534,1.1211740852049252,9.851398219083057,1.6272910217247425,1.1936902447045654,1.5062431703327444,13.097635751211131,RUNNING
1.051696801069377,-1.095365383921434,10.715384738219239,1.4186875906153613,1.2822110847282813,1.5140466975734856,9.379310181570581,RUNNING
0.22682433200632054,-1.0308927796383078,10.54123145004122,1.5750469861935095,1.1946948008074894,1.460911173282761,8.883963340003103,RUNNING
0.39098423205780386,1.5810489828208798,11.360485444915073,1.5057754146667228,1.2639737506698894,1.5452496456102682,8.597811868038086,RUNNING
1.5072437242248555,-1.8063350113937287,11.102307953578809,1.4647950343967708,1.1003810754404002,1.5349649757147474,9.897012749008796,RUNNING
2.1601651801037605,0.4229074972611774,9.508467177685931,1.5799246457517246,1.2565738504453952,1.503584329485805,9.297569402854384,RUNNING
1.1391632607338744,-0.2687273091759288,10.379875502626362,1.5279821595944276,1.2265288344783807,1.3570673529025936,10.377980175764897,RUNNING
0.64626900775462,0.28385063233783564,11.650594034234553,1.5537983672150941,1.2717846228996266,1.6350993905727516,8.916811398225784,RUNNING
2.5016968995067725,-0.2852680480165352,9.790338879959217,1.326327318223556,1.233847310531211,1.514888660395377,10.028773211472453,RUNNING
4.03547251093304,-0.6832334305090418,9.84721000170331,1.4125223775745632,1.3277876521041971,1.4627224205535247,8.541547968186107,RUNNING
0.9376658193734211,2.1376796599210293,11.349911749252634,1.5637898316259924,1.2870060216907484,1.6709708028675518,12.005535666146093,RUNNING
-1.328902388197666,0.9315523088967864,8.99166604322438,1.4632977581368374,0.8917437824856762,1.5401429659367463,11.206886382343493,RUNNING
1.686143842052438,-1.3003158536070452,12.057579055739449,1.7105856344363328,1.2764158299931894,1.5790349008692288,11.661576128230216,RUNNING
-2.2591243656031024,-0.5013061499049797,7.843414796494226,1.4296343622684917,1.2642045091893561,1.5505393376220464,7.6743078911686515,RUNNING
-0.5588434208563724,-0.817621927722252,9.511410464228188,1.5599578627813753,1.1139492673494689,1.439531914987259,9.411216642018896,RUNNING
0.11880439303446541,-1.1413296560909576,10.656813368323824,1.4855314239257658,1.367204177304232,1.5497217980453193,11.041486813257357,RUNNING
-1.394771922588976,-3.5620421162830227,12.524319470750616,1.5720224016905409,1.2520976873491771,1.4392676954529084,10.859253616141778,RUNNING
-1.3808748387547163,1.8195461406672169,8.144645018877233,1.6232283829510832,1.203891582801733,1.4510533004658008,12.583429504237438,RUNNING
0.4697145347002982,-1.0688353023147328,10.583445185648683,1.6816793236662373,1.3347678085512624,1.590876347812436,12.324807826342992,RUNNING
-0.6849431785828579,-1.6261032789300074,10.603505251105592,1.4182418413222309,1.0944979244622814,1.4279721423412068,11.656296399019313,RUNNING
-1.833544210506381,-2.2125035505511557,9.271421035321792,1.6438195585208748,1.233427546607652,1.5598595091444392,12.650545994563124,RUNNING
-0.9492113988332733,1.6874788311150635,11.163453234203011,1.3210954845753677,1.1251990513399464,1.3215061467127895,7.367173727457624,RUNNING
0.5636203225794876,-0.644597114865984,8.274291217450015,1.6677965836968698,1.2107285866096578,1.4706568597686687,8.754567600776602,RUNNING
1.927375177312625,-0.5686594437428629,10.533101551405295,1.2955669523798925,1.0681907964204493,1.5609812519874753,12.702720066496717,RUNNING
-0.3460664587272346,0.5675442776559252,10.025094835645389,1.705480981863865,1.31490146960524,1.5169685090857752,11.504737694134182,RUNNING
2.3379420256051286,-2.632377511510648,11.191842392248198,1.4484565135318614,1.3756377987627992,1.654639868718983,13.303013058821744,RUNNING
0.11161000788922096,2.966320526918229,10.452988270995416,1.4785479049664092,1.2865872588584344,1.4646209268857686,10.664575901473132,RUNNING
-2.5425266894629615,0.44078326541903595,9.455559631421409,1.5865271157294547,1.2696189715826245,1.6471400348166523,9.682227018487154,RUNNING
1.2059797438357538,2.362141547232348,9.46702513704485,1.6799738291727098,1.145064990879867,1.4148028754950026,11.906971510749049,RUNNING
-1.4426436311598028,0.5214481167051483,9.471668142774742,1.3511077743929423,1.1071263684467214,1.4249099634044182,8.441038340161514,RUNNING
0.5279416113120835,-1.4120378229250876,11.443628113521001,1.4377269418996252,1.094867098197672,1.5799664515347576,7.2338074613172525,RUNNING
1.4198270421352106,0.9850902254029286,10.508186766421971,1.347241905864424,1.3209369178334762,1.433373661363921,9.867090063271458,RUNNING
1.1133149436397507,0.674510714499141,11.085258289320128,1.528200054255451,1.2376388561889198,1.527194059094054,8.721989944929886,RUNNING
1.5321871560230647,0.9868107584250618,11.547598681994103,1.6116979427640128,1.1907400604731606,1.3131025924173123,9.47776794360135,RUNNING
-1.8636295107486176,-0.5728138301326012,9.605064459024826,1.2622430170072898,1.2700221911282288,1.7220321858004883,10.460327749519342,RUNNING
-0.6314788020197641,0.10804990064034999,10.444487858890149,1.4158951569601705,1.3682888388947831,1.3512845764290229,13.395206724632994,RUNNING
0.5112968988723321,-0.4318866446198979,10.128439202348254,1.503990669451976,1.08572093050036,1.4233130474882087,11.028289449158656,RUNNING
0.4502625739267815,-2.3751956339956823,10.2941824454337,1.5563409950822131,1.1837087806623765,1.43662113542222,9.586892628961522,RUNNING
0.26073528786727257,2.7692258732825414,9.384450124642225,1.4681857367338573,1.1948302060624767,1.4312645565641706,10.245210800257938,RUNNING
1.2274706044799428,-0.3529131700663605,9.268741561724562,1.5440756754438765,1.290634323539715,1.521063544521506,9.984650058550637,RUNNING
1.1177803228407417,1.779910661827909,6.591634866467201,1.5111067473195632,1.0264266063052372,1.7441788585329772,10.508833272553089,RUNNING
-1.2046268710785892,-1.106463656612912,12.878518759651138,1.5955938060178312,1.3943584087377563,1.50554533351577,10.083732959338338,RUNNING
-1.5628303987160526,0.10081222910922151,9.316130107670704,1.5441908922164203,1.217001021898021,1.5287682043675723,11.903403519925403,RUNNING
3.0772641961283718,1.567940483154057,12.229754547682267,1.46933117844795,1.2229643055567796,1.368172370797006,10.5667589553631,RUNNING
1.54079218236429,-1.4493297869092758,12.95229427674052,1.5901764687940283,1.1929366020348025,1.4851270412182607,10.831634082180596,RUNNING
0.21604635296883934,0.0217421731510456,13.173036169052208,1.4631116897062977,1.1970492401380928,1.6463435654260994,9.237075091701957,RUNNING
-0.3079387824427712,1.7813208461282743,9.485490426354682,1.4848700960230292,1.2256685230891478,1.4010845482007013,10.589095071568499,RUNNING
1.9205280312557036,1.8497486337987041,9.215872691998634,1.511126851916749,1.2674248308424765,1.6516347465799197,11.555479183226884,RUNNING
1.0106532515043898,-1.113257150741242,10.789198188759404,1.645916099418869,1.1792643231305995,1.5129446642547444,10.896860024721974,RUNNING
0.45268789597930903,-0.6149920690570824,8.768044576672908,1.411939354021835,1.2764187616135563,1.6972524773046906,12.071313954662491,RUNNING
-0.994743563713935,-0.6987204750105326,9.807036603043073,1.570606694985543,1.2959253376449038,1.4901968928720213,11.366304802792758,RUNNING
1.7643385601377937,-1.5412463706110384,10.530041009706045,1.3931975624108823,1.1949057720936596,1.477382471231924,8.324864336090364,RUNNING
-3.1416562900723544,-0.15741618511780853,9.85349834125059,1.4324062335196173,1.332254846283166,1.4140561813204688,8.103946365916762,RUNNING
0.13857218849845462,-0.47963578900318893,6.132294082924101,1.3555358746931585,1.2774936107108474,1.7019199252711266,10.562350078957875,RUNNING
2.5239943719721705,2.5778870423491687,9.61973598071372,1.3000013439689708,0.9901812536728798,1.6321880992159803,7.817435500437723,RUNNING
-1.1297833691826995,-0.35457697668093874,10.811757575046105,1.4601407961086241,1.0962673801698657,1.4215433007397478,11.564924601256015,RUNNING
-1.3483107163159944,-3.5445881824807492,9.715343539673256,1.4133429445574504,1.234901226862808,1.8285723713681843,11.864254376931642,RUNNING
-0.9448293563590726,0.41749929374506006,13.170957899216562,1.682956259632124,1.1424662631956921,1.52531836956993,13.045510482846662,RUNNING
0.05969918117402424,-0.8008608652321537,11.040196426916344,1.5417459031363165,1.208114383184962,1.5178715124335953,11.668636758335412,RUNNING
-1.474654720716224,-1.2127087237903136,10.118438374460156,1.5736837124105179,1.2148057413890814,1.4356849589877345,11.833897059832879,RUNNING
0.49958765260057114,-0.37833382494257256,10.847278158069692,1.6315048059524202,1.1430369923453623,1.540265698164716,9.53251975400313,RUNNING
0.16550314973906372,1.329387938900161,9.09448952813084,1.367059489667492,1.0708544435513034,1.3829337469799812,10.232764196840808,RUNNING
0.927433954966062,0.4999908726583123,9.921661530056273,1.5190923731755106,1.2107145329737568,1.4775759044451813,12.021351785013438,RUNNING
3.720976376268214,-0.5963557595046015,10.372550104667779,1.3667874234723352,1.1190433197910428,1.6901913148662502,8.971069490843067,RUNNING
-1.5802035511099153,-0.40947746522810535,10.404375117481234,1.5923087292450129,1.2450770417186265,1.4583684742655971,9.13823403334495,RUNNING
-1.3319444049024325,1.2334606697200916,7.75775260810929,1.6617358697445055,1.1657005774397768,1.422749139360784,12.35611795634961,RUNNING
0.7527780740398362,1.304236187666203,7.925253634284201,1.4478169458511851,1.1088829939975156,1.6224638731215175,11.363785678376159,RUNNING
-1.2934604042455216,-0.7043498519715413,12.440726536222089,1.4224517351315586,1.2124867610195478,1.4217458713673554,9.33774741798654,RUNNING
-1.4406704309758225,0.34352800413293083,9.232893886813235,1.4189342444301327,1.1060946856298028,1.4922091953668681,9.687171285911417,RUNNING
3.2254661899968164,-1.205645832848155,12.125322784991805,1.4278303545984556,1.112907673012999,1.425524384321561,11.526102077275421,RUNNING
-1.4159775230218323,-1.1875911450135224,9.125041959954679,1.488864559761449,1.1789844395809126,1.4049824537930204,10.122244809081456,RUNNING
-0.6502677318053002,0.6715938843892424,9.661775562394809,1.5668964481718182,1.128145729322096,1.68321196075773,9.659554894897344,RUNNING
-0.7706996290620524,1.6472995994986481,8.596873488598074,1.4332058329540496,1.1438339443074574,1.4984312033243061,10.068905474587414,RUNNING
-0.14932602477745266,-0.75371740209574,11.530163233571496,1.5919408428753647,1.1921613300270606,1.523054158685073,12.447363242091235,RUNNING
-0.6351548747689164,-0.8847140116703531,13.916533389046396,1.6819077190195806,1.2467574912482156,1.6138910611480048,10.391567671098848,RUNNING
-0.3539701483004193,-0.587932825168755,6.67496056272548,1.538602461870856,1.2543654128280606,1.6601898791589982,6.669277870050973,RUNNING
-0.4403502548863293,1.081334137274606,9.582348206710922,1.714344481854365,1.1743405164210476,1.5146992284288556,7.811252969427071,RUNNING
1.0405469325197174,0.8693138114824946,12.538937136504765,1.3980031281232312,1.2160562118297418,1.5563816559386505,7.020999827603017,RUNNING
0.5204404453267217,-0.1829996139719033,9.64999411055784,1.5763945363715466,1.1955080461845566,1.3680804947232201,14.447959593169301,RUNNING
1.0841651608991594,0.22633481037001413,10.227508609221292,1.4752607060052565,1.3167195983359095,1.4509404258096568,13.444631043548323,RUNNING
1.1134327613674555,1.4946681776203505,9.623385337967642,1.6058136112567423,1.1687422574605308,1.511003482393285,11.150165207645943,RUNNING
0.6570078877780903,0.6240052569609719,9.823823260359802,1.7086264100808082,1.070506811465974,1.645888538863247,8.626790997039533,RUNNING
-1.3032472318345656,1.7903316709939687,7.684441268054536,1.3393541098959587,1.1511692213288507,1.5191993788622267,9.883139561730987,RUNNING
0.46708490654464074,0.563515779953281,11.161859733255406,1.4822013792048654,1.004491388608185,1.4082384010893667,10.242735196536527,RUNNING
1.6772528225609622,-1.356139958842738,10.161977799430488,1.5137758405174038,1.155862249670537,1.5100762822901599,10.905946650554034,RUNNING
-1.9925276872693014,0.19873815011606666,12.561203736225163,1.4718976802723946,1.0828516870029012,1.487301218679502,10.378052888849219,RUNNING
2.56464487749686,1.3955875148128059,10.270379243277896,1.571560906797309,1.1606763590837155,1.5033956885165167,12.694458169550154,RUNNING
1.197972310786715,1.106323921542427,11.884550155853594,1.555125592233471,1.086071384078973,1.67009715194165,10.309546197068801,RUNNING
0.9186174793730626,0.6609754022202058,10.197080896870471,1.3749974344412397,1.2305701190749776,1.5551436538175545,10.16052558321937,RUNNING
1.4910030592594172,0.079018197079102,9.80261547845292,1.4819346617954279,1.0254030967525019,1.481775817582146,12.829126738869379,RUNNING
-0.3944623710235563,0.5847757956639793,11.689110264458659,1.734285700828741,1.214476549111764,1.3955812821135978,10.341859796808615,RUNNING
1.2616223079096236,1.4744736662747042,12.02559831595523,1.512555852247358,1.1301526241786854,1.4918720451986414,11.076154789153122,RUNNING
-0.5698619498108655,0.6664555873797224,11.79012760161423,1.537961005641448,1.1163812885461675,1.481859396528281,7.677805149762716,RUNNING
2.262124275216031,0.6136983060262556,11.41009500378016,1.3923183026372943,1.2737528063466537,1.5275248687568364,11.129872042195075,RUNNING
-0.5941259491189032,-0.45358769518226116,7.477167141851435,1.5593336599631364,1.2261857207245725,1.4805919867666906,9.934201065311594,RUNNING
-1.2750123821405788,-0.33455397572586365,10.601205037885835,1.5430013523811354,1.1653026546894882,1.4122644264845106,11.38335060154345,RUNNING
-1.1351705505313008,1.770544957250753,8.329864340507303,1.4665226675295173,1.1303882948653698,1.3840464449549512,10.578316923356342,RUNNING
0.04076575150869598,-0.7455980682263751,9.944229965109196,1.476915103209629,1.2809846061119428,1.4851570598935815,11.44607562839871,RUNNING
2.0817689555189602,-1.3432690556950917,9.79022534053933,1.6763298800299569,1.174268349941073,1.218487631009415,6.583367757876582,RUNNING
2.0009034598319224,-0.8564549566387224,10.992844672781274,1.4774018454655937,1.0711648580795958,1.392949186536458,10.455437964026581,RUNNING
-0.7827982748276199,-1.1215306951082775,12.294225332289189,1.6464201272523586,1.3184743898706681,1.5492437339154166,10.245033357889037,RUNNING
-1.0257903050196548,-2.1906145307816516,12.085565128748048,1.4304170053607725,1.3195941907435307,1.5881746400760013,9.641459646100696,RUNNING
2.7867752269359976,0.051750517143659,10.952897527678056,1.4350923666433362,1.106883473922304,1.5477296008809422,8.402300425741215,RUNNING
-1.9048846309913205,1.4353604605093284,9.580119278024892,1.4661091454324167,1.3450340258759061,1.3877849438513585,13.005775701967442,RUNNING
2.9900752508736206,0.9018758704826051,11.67507708623136,1.441964499714727,1.3947328486904282,1.5267696254358663,10.179498782731146,RUNNING
2.494563389394176,0.6476684156859684,12.677063191605573,1.5255328171745044,1.1151633463576909,1.4416657067121512,8.872067551407554,RUNNING
1.8021255476805371,-0.6538440849882146,10.70728912168698,1.5296133589885605,1.141184687467943,1.6450799466308739,11.002071475045462,RUNNING
-0.08138190429622179,-1.556295135926379,11.806226327795196,1.5743510670334597,1.1324431471408782,1.5707487207205362,9.363211557106618,RUNNING
1.7074221673343688,0.37129942217046036,9.65354558128406,1.414152410882736,1.148460620188458,1.4555520470122296,12.452445372333129,RUNNING
1.4559505089171647,-1.5279065421682314,10.704466943345501,1.4097761797285233,1.1738432776773464,1.4655233420126343,10.14912895274506,RUNNING
-1.212395737600387,-0.9150977153964575,12.065665434602632,1.3347897668307065,1.123737708356448,1.6446822840111535,13.70504303374945,RUNNING
0.3695219294227482,-0.849823393631499,10.076884414685477,1.3864567690969432,1.3255937040015697,1.5574561717536715,10.126786289727443,RUNNING
-1.4171292780133347,-0.062055733569655006,9.190858393817193,1.5164956875409024,1.313209688083469,1.4831860353950832,11.706795389732678,RUNNING
-1.001673591432435,-2.635735513971719,11.20630328906307,1.5987834421307994,1.2446374244758536,1.4359769504531985,10.862886898329734,RUNNING
-0.18868894148749465,2.186956011592549,9.079799858728002,1.6775037021127466,1.2031783904870639,1.3164429523129124,10.022403893954422,RUNNING
-2.2121678118575923,-0.19741743815540394,9.214241439162441,1.5491814401087962,1.2773399816067612,1.3943729592251894,9.316721817581682,RUNNING
-1.6232372037419927,-1.4144293581555056,11.028057919437181,1.5309157719517463,1.1315953969620958,1.5005085396128235,7.997161571615362,RUNNING
0.6826133635805557,-0.13248139668190617,9.434962369777349,1.5652080237354908,1.2839225144668789,1.2791721980119908,11.750973413609854,RUNNING
1.0141554574457246,1.407473134357774,10.52560323779959,1.579668416009162,1.2718062043837202,1.553904149675276,9.631792575432765,RUNNING
0.0192214568497424,-1.4021890705191202,9.314064013090572,1.471768795807507,1.1056294568569924,1.4494982729254824,11.936185788991791,RUNNING
-0.6956765570671619,1.6021255407223485,11.90791661793824,1.5504093831943941,1.2153649129296618,1.531912084186854,12.713648319544015,RUNNING
0.06199024781550474,0.6659605979983355,12.515319759933078,1.4376283965083607,1.1681583146281695,1.501603666301348,10.30168114813036,RUNNING
-2.262914181569565,0.2954207331551607,9.122525794007398,1.3510063795359777,1.0736128439266284,1.532638100784556,11.008140356445974,RUNNING
1.774342408316888,-1.853345890900265,11.280264632400407,1.4988410215681178,1.2566057458832067,1.4516516091596183,13.032761659381775,RUNNING
1.2913651568121942,-0.6092313242161098,8.48854194602808,1.3317932716302214,1.331609945185048,1.4044917711864173,8.247708741470028,RUNNING
2.238396764212588,-0.3043685446710023,8.777125027141892,1.4752649072851087,1.1277403218598523,1.5440819798905716,10.469919262399253,RUNNING
-2.0348175784298084,0.2451838607859837,8.719304501575014,1.4511987196827913,1.2182587804214335,1.478754127496573,8.809054430907613,RUNNING
-0.09659631093706186,-3.995404557009755,10.870999952523785,1.4699185869625158,1.101655023652203,1.5315719422296523,9.269163872313797,RUNNING
0.2475378936580675,-1.6027279999756328,9.509427944196691,1.6222402161650502,1.2062179229812287,1.3120533036053834,12.099262439745893,RUNNING
-2.426432187939225,0.5396551289958101,12.495515261234578,1.688785898795864,1.2331222759859877,1.5506802594552473,10.462060387807323,RUNNING
-1.400206737637562,-0.3062473613275495,12.767510121278146,1.7208046047543548,1.2125408679475844,1.5998084172603655,12.776121092168738,RUNNING
-0.9331912205345835,1.8426369280462587,12.447811994653625,1.5614036263957207,1.3828974756254353,1.723234603318574,7.768941416317026,RUNNING
3.3670233831453844,-0.5276184107021396,12.20255528565261,1.4258744632490516,1.3538265640912035,1.4299882408184588,9.86880813841994,RUNNING
0.8944496781918186,-0.061673912631028345,11.441553591827882,1.4708978526914707,1.1334892628981195,1.4416439452103926,8.130064414807283,RUNNING
-0.7803135201811215,0.11623923897105073,13.268099521875568,1.60286987158899,1.1078282163518085,1.7418355753572452,8.89425793099891,RUNNING
-3.5972446428763467,-1.6901177884420329,5.624499785706441,1.7112089327252908,1.2214532918886416,1.407535598155197,11.453797731419659,RUNNING
1.814297101704403,-0.3479053836300184,9.18024104084852,1.5827775214371917,1.2802332777884464,1.5100735808121344,9.729920338762607,RUNNING
0.6271371412599025,-0.809925428296198,11.243274786217343,1.416699174416056,1.1599757717068113,1.6890840420039166,12.30849564504502,RUNNING
-1.5765629254300406,-0.8315318761764816,11.364841680763492,1.593841142387329,1.3220476391081073,1.4252778167779516,9.649315978567744,RUNNING
1.804819173438428,-0.6594652750315034,10.91730689403147,1.5155579469230638,1.0929245623661497,1.596609285535632,11.204889252743824,RUNNING
-1.1594601512499314,1.3164903676951532,8.331900244828862,1.4643523031370456,1.2362024550988466,1.5054340294141875,13.155035439260216,RUNNING
0.7877169881824071,1.6316618556010751,11.811360253849863,1.4988389885544957,1.071580178908884,1.4436446818751298,10.002273566863062,RUNNING
-4.227456429303269,-0.2552276811661425,10.068445667806325,1.4750227387959616,1.2528539201831401,1.5876212579321662,7.957046697979742,RUNNING
-0.5117995990399434,2.764907740259028,11.061325102203718,1.5367819568443866,1.2359485939773858,1.541537962250599,11.041760515625205,RUNNING
1.9222430988801187,0.05720747354675513,8.030232920097088,1.5430089156171751,1.1196175351757254,1.3783214358918583,12.46817806667293,RUNNING
0.7243949177663801,0.7584278683404257,11.209567909257002,1.5101327176860468,1.2696930634962758,1.258122453293058,12.309519008118848,RUNNING
-0.22073295782529073,0.037137705921396216,8.242392188619295,1.6016830889012852,1.2627328120273809,1.5556947882340504,10.943263045357089,RUNNING
-1.0417476153720768,0.5218715552128061,7.258631095849917,1.4512455443593408,1.379675346542649,1.5439485827995765,7.394782205795347,RUNNING
-1.2229666721821613,-0.4814078060968669,11.787526849508085,1.5875656363228237,1.1133993291017372,1.599795432214255,9.088512395920674,RUNNING
-0.18496739859924083,-0.5882007784518724,12.08404555734857,1.447721878343383,1.1957551470988244,1.550681139766305,10.899655400854869,RUNNING
-0.6273733729197468,-0.41963849443050055,10.538508472811419,1.5249592476074383,1.1852828352151563,1.5019203420965548,11.038559554619319,RUNNING
1.5028056203116325,0.00019260888850192393,7.89240363221732,1.4641553810693324,1.1800070076881584,1.57429033054336,11.690614801122702,RUNNING
-0.9922318279222795,0.08955361178021685,9.559445236275232,1.427042706677961,1.1591580149868683,1.428930800753299,9.245104812169771,RUNNING
2.6518930002593004,1.1528880141888425,7.7077299590112,1.4235231710147467,1.224246297172271,1.5323755067231493,12.02947270235685,RUNNING
0.722852448060508,1.6280741888545454,11.178434988856377,1.5448580879251848,1.3557679271822243,1.6101219580727708,9.617121717893713,RUNNING
0.7562318264254169,0.5719362084237772,8.42479903131602,1.4878154388688964,1.2265257023580403,1.4563709809005843,10.50935336646682,RUNNING
0.33689921506238923,1.66010889426717,11.20979487483784,1.5200824289674473,1.1041920620358638,1.5671026011388849,10.693454428716374,RUNNING
-2.724399750200994,-2.040145042593914,11.6035211456396,1.4429806402301846,1.2436767751110498,1.5114232644502357,9.206044441839884,RUNNING
-0.023666533349506115,-0.7013921193532784,9.941615219811442,1.467635095529084,1.177330673010128,1.5922173456507087,12.8670373663969,RUNNING
1.2824169765842242,0.6413622420822133,10.99024831422528,1.586535870905007,1.208936073859624,1.59845698459572,11.887389516350437,RUNNING
0.1372200089663528,-0.12735840913477925,9.785701259401518,1.5166018847874572,1.2996462615412983,1.5888940005593037,12.439692846478046,RUNNING
-0.2249494367562916,-1.3385040042362475,12.451694778267859,1.447022174796928,1.1309661876656094,1.3203802244665448,9.612678207629372,RUNNING
0.882355191772588,0.8663055028900464,9.522443777672649,1.4865846673007594,1.1127405473593845,1.4451603212188817,10.159392321659105,RUNNING
-2.19706002242635,1.3595473977673649,11.265099889756598,1.5792905371837203,1.3290425324616861,1.4174787124454284,15.389040734779478,RUNNING
-0.22437797297606427,1.2464734798978945,8.642758283496812,1.599638842564301,1.3857590876649666,1.493971925097202,7.320555744573904,RUNNING
-0.05683005153276285,0.985160567175595,10.446363533439728,1.4715860445311033,1.2527568116112033,1.5604024846949553,14.371702746171884,RUNNING
-2.0025243684720357,-0.10250259939967978,13.412619183077554,1.6104175156543676,1.1486603319223938,1.5206135379622603,10.42733495161243,RUNNING
-0.4199491992097938,0.1352987256920996,9.37742522896345,1.3723381799755339,1.1958719226607628,1.671511821817878,11.638586399108073,RUNNING
-0.23747941889306784,2.241639509950932,10.494131236057383,1.5700497063158163,1.1245395617606726,1.5503089253336662,9.756329341596778,RUNNING
-0.9570452484785616,0.33882319677558304,11.44340866454471,1.4872837203705869,1.228726792912079,1.4962085321867231,10.530743621674654,RUNNING
4.047060685226139,0.3739611585689098,11.467945437646565,1.5438023605328097,1.173718317670294,1.6293989213291669,10.08798593818018,RUNNING
-1.4399587787160613,0.4384754498834315,8.84299746584684,1.553564022501661,1.0805841343908682,1.4680991969527146,8.966761957053818,RUNNING
0.014720610594606484,1.3719651291960164,12.054578862880538,1.5851342122173138,1.1682771611778524,1.6351088946337002,10.94991149097301,RUNNING
-0.45588397142305886,-1.091582430999646,12.355726463218074,1.631220799360153,1.111589085897008,1.4846214834853808,10.598698430306031,RUNNING
1.4202921924692697,-0.8966607701840923,9.23047951273101,1.6236619742142975,1.1537355258118702,1.3736964646422933,12.859161223577262,RUNNING
1.387239318565106,1.3770247399586906,11.729960463520179,1.5946243671615314,1.1311917873419681,1.4801397844646516,11.624153889244548,RUNNING
0.2018749272183702,1.573776982752354,8.787876311659172,1.5500238350698239,1.075169719813068,1.5094176469173641,11.383908429119359,RUNNING
-1.4395985022494011,-1.9964279738356594,11.335544433731705,1.6744010234075732,1.1003955059830108,1.6222194180106795,8.947713316670441,RUNNING
0.02367716004097508,-0.4853547455089244,8.530630534862642,1.3305960718774594,1.1153280672073493,1.5193809008331118,10.819567004079062,RUNNING
1.5600400797940313,0.4729518125209774,10.318036992915628,1.592807200666069,1.1040149697783705,1.477508046044465,9.985734061103495,RUNNING
-3.1124395213429548,2.294613657195544,9.09387931734553,1.6586114131421312,1.2038084505719493,1.556486413215596,11.501839906826957,RUNNING
0.9968286215912734,0.9297280680892286,9.947500934941235,1.4519640327508645,1.0405823674732395,1.5523219011176936,11.245837714140885,RUNNING
-1.1497196593628538,-2.0365153719473463,12.062500099625026,1.3203723433222465,1.1659395922256233,1.4775693172056354,10.707814369568936,RUNNING
-3.6230448931177945,0.01758709184415207,7.155636638832184,1.5732218073090996,1.1444874844196387,1.2842963274776649,12.36554006175168,RUNNING
0.29495661262536754,0.4133339332206962,12.271832451330901,1.490385571207551,1.2754187961032404,1.5683861113931992,8.769117461599455,RUNNING
1.3760499742167722,-1.820487644286759,11.40185518222751,1.6861914878150173,1.1787021343449788,1.4743644357146855,13.264963798216781,RUNNING
0.28828837418804354,-0.3842034098648709,9.689571708156475,1.406705152982698,1.137224501324251,1.4649326606341404,13.690649490011717,RUNNING
-1.5451426147342349,0.17595910517540972,11.388781514641307,1.5630107995583733,1.1941392924217527,1.4759297428152691,10.139266921031542,RUNNING
-2.3428178575866463,-0.561508466799897,8.780174754438814,1.4332840449933673,1.203322323851696,1.5358736143996616,11.981202592634622,RUNNING
0.4589400366567548,1.5551972047677476,11.36434307939344,1.3991518572713684,1.0276953970708769,1.5311261699667504,8.714854833989088,RUNNING
0.24146324638073327,1.8092492391760377,9.886991481440937,1.5590270311075323,1.1897733649782407,1.3710617910896608,10.671119834822283,RUNNING
-0.5122806225079577,1.07169292147883,8.91277351129397,1.539086990780196,1.1160202592651298,1.4488894787671214,12.818357192593044,RUNNING
-1.1510212289072468,-1.3495868259995927,9.75652687068099,1.5716879534819452,1.0107915074415075,1.4858415580705662,11.031881412137286,RUNNING
3.304964722886637,0.7585819556289273,10.688885730728183,1.5506636454909002,1.1599134664990298,1.629963128530344,10.205613570707078,RUNNING
-1.4501017948150552,-0.33743281463691516,10.111373911379054,1.6197423199804908,1.2695292726664384,1.5263265487575397,7.339068832615008,RUNNING
0.16974001708917474,0.9535694442883906,10.337499175133116,1.44651456772133,1.2464502165214213,1.4916667799375654,12.29341820149799,RUNNING
1.1366011713148556,-1.5482008973417483,11.494490553078899,1.5376325957646575,1.2606424728391163,1.5492609486813054,10.900861715189183,RUNNING
1.4045060712439954,-0.5651877723168038,11.685962375831508,1.5939319890232455,1.2364426077135346,1.6669246942376499,10.915249296061747,RUNNING
1.321210280226333,0.21531542555391986,12.428638554765849,1.433831012903368,1.0859421510511444,1.5308128336536504,10.479803890634924,RUNNING
-0.5100296859351856,-0.08992508606846819,10.543273342189778,1.469501870015167,1.179686795367657,1.459640666301309,13.946405481633269,RUNNING
0.24105682691769276,-0.6610289643943941,14.506013062294597,1.5413626377714336,1.2990124786892816,1.5592102983202492,8.91928574111236,RUNNING
0.551293571342118,-1.5898335646202868,10.238455745381199,1.4274382543436712,1.2357470185848725,1.5334126247338236,9.623059267911277,RUNNING
-0.3915052340275194,1.1044753935053817,12.1017850159416,1.385321690137345,1.0469072367487353,1.4273110616795288,9.361032188041811,RUNNING
0.4609640306045074,2.201317599768105,11.1229672158605,1.6421503285233094,1.29987265700831,1.4089801293772088,10.660091399438459,RUNNING
1.3744934301578569,0.4904217147304902,6.095698584332827,1.3687159726907274,0.9812619085023957,1.5175365240655334,9.075151296122197,RUNNING
1.0112160076799839,0.8595149957622349,8.617276399192264,1.3533961798551128,1.199986831377306,1.6791782273613358,9.767893441258291,RUNNING
1.3302639892328776,-0.5429091177708497,9.348739444989285,1.2856033168378005,1.2102382198347652,1.4370132650862626,11.103994820476833,RUNNING
-3.6466817459574417,1.3055283039222625,11.282836851202626,1.4721335228575412,1.2562719860082079,1.4021925737336447,5.936681038533765,RUNNING
-0.6708365395162856,-0.027172956163649134,10.20555957338135,1.6457101826227405,1.0876098875077116,1.4378840756554772,10.685114897646633,RUNNING
-0.6576133320550606,-0.06297921877285685,11.454353742645486,1.5347363403516125,1.4647884213557087,1.5453935888403774,9.958211276627901,RUNNING
-2.2527553869447567,0.04783704898990327,11.675202159313375,1.4386636399376764,1.119261994371589,1.6515945146294233,9.362688134798386,RUNNING
-2.3106490756864444,0.46347127692549817,9.958943249325639,1.478031295497616,1.3152934176974773,1.4308665138837224,10.050105084779954,RUNNING
1.1055342833344706,-0.29018149503477614,11.886147193261184,1.3428510812423726,1.0354487754874653,1.4608732285092458,10.276464814935496,RUNNING
1.0800202977543776,-0.4891926942791219,9.26420803406537,1.4648486623241102,1.1230854720193382,1.4065994497937286,9.946081269586575,RUNNING
1.4494181088520075,-1.7368753104707286,9.686874667428182,1.6812907220658748,1.106039048290215,1.4763466747903875,13.050731527497506,RUNNING
0.25655923895572086,0.160414605885148,7.955525647325667,1.5358741388108303,1.3157421945993826,1.614947706082853,11.098471063250196,RUNNING
1.0013774407149114,-2.1533323021066817,8.818080612777322,1.5888157321743441,1.2876045776671927,1.3451416966378607,11.732835887176043,RUNNING
-0.9517819851509122,0.7742201957770823,11.765743161728437,1.4648665064544288,1.2017752546173286,1.4351478370495347,9.448685305901932,RUNNING
-1.0737388708121252,0.15212472137053576,11.629996757667318,1.3664173154849477,1.3847660002942448,1.5308675294055616,10.552755641062564,RUNNING
-0.2224247068911045,1.2213551628431525,10.488107118819944,1.576705021849271,1.1566152476647427,1.5195640528312315,9.441201048049837,RUNNING
-0.48746916639198934,-0.37795249494569383,9.969072918489347,1.5722495769442937,1.1683342235263356,1.6393924530541073,9.418889540790694,RUNNING
0.6314591737972001,-0.01913967237212404,10.267406932952282,1.6188474966503523,1.1345658128944895,1.5586515157618,8.783748434974006,RUNNING
-0.9937757194601107,-0.09857165468743805,13.221973750984617,1.5100803870459774,1.3654668315866707,1.5220323291690918,11.322329602287244,RUNNING
-0.9640823908240705,0.5646857512803569,10.061107875138585,1.3010965803828705,1.2935973159265617,1.609493405564193,10.507691936162898,RUNNING
1.2524841410678786,1.0197844383826875,12.957421774704633,1.4955372376933558,1.1834421027432405,1.4284455580241473,11.838654702699746,RUNNING
0.8817526827986844,0.7020842429500465,10.70733785475276,1.6532978247531085,1.2871993465426863,1.43929228086243,11.41028423379361,RUNNING
-1.500208381859935,1.3000705723000225,12.484459962518315,1.4120983731049548,1.1814451465407145,1.5016620981362414,8.308836801078611,RUNNING
-0.4772710762900243,-0.31922003467241633,8.398995217670178,1.4514889980695937,1.242776894435061,1.4721321097160442,11.664351479126898,RUNNING
0.16754119516001248,-1.3175116356804557,10.891059242956914,1.4835786215958506,1.0111476587284594,1.3929744559985584,11.357062999968107,RUNNING
1.654624917440051,-0.186906370299852,10.370180758979096,1.6090979027619465,1.3662777289179469,1.6301096693465622,11.033146498109561,RUNNING
-0.38951694526129366,0.4654290520987149,11.730865217503421,1.600280975195514,1.3685870152221522,1.4670558895275165,13.48873007989901,RUNNING
-0.7154637899310887,0.8242163724764633,11.543618688708964,1.519144204734461,1.2006924721043715,1.4076570794278607,10.573163322424737,RUNNING
1.6461340311340602,-0.12375367482165073,9.721461421622777,1.4109014558046569,1.265680582850948,1.6358357166430606,8.470007011852074,RUNNING
-0.5275113642656571,2.33676507466761,12.182925737872838,1.3462496781765274,1.1944409476800728,1.536309843266104,11.062125166618534,RUNNING
-1.1816373864306589,-0.940610086901621,9.967979460103862,1.4866324085345188,1.1990917205904312,1.4116010101077998,11.172377014660576,RUNNING
-4.284413120011736,-0.34738809652034347,11.87877923051543,1.3940659312725174,1.27164302036574,1.6155732712120892,7.93244899196518,RUNNING
-0.17731266835641912,-0.008605453177592174,6.7761840211337425,1.6924838362079866,1.2286015807634625,1.4150976567917966,9.187216404194436,RUNNING
-3.449183285504848,2.1612542358472004,10.998519557208006,1.5659401789848495,1.2301001233918476,1.5573767761144586,10.66700378806066,RUNNING
-0.9128877083539177,-0.055949718257602976,10.910391859892517,1.511054911955213,1.0522227892246683,1.365501333139159,11.498350866878884,RUNNING
-1.6381798645835945,-1.767775051975836,9.23460508120243,1.4777434929228588,1.1334859700715587,1.6293933523105715,11.329258414371992,RUNNING
-3.6188262268797162,1.2672499277502653,8.235672566295069,1.523053366721134,1.1225315942336154,1.7142711034464186,10.570248448246298,RUNNING
0.3668971044738261,1.0360968858739326,10.543727868487519,1.3975105100619134,1.1282441360799946,1.4995518203623208,9.53549358882072,RUNNING
0.9725591665646849,-0.46438180665379175,11.835612007780263,1.7527010418328606,1.164117362905645,1.580160515972637,10.604312903765495,RUNNING
-0.29052549006657086,2.9556164265300287,10.040110387982427,1.5586851538784867,1.0069913130676567,1.543199656336961,6.977909658673094,RUNNING
-0.05797765324098765,0.02062062046263369,11.586112576116456,1.7010903035413434,1.1619946349399692,1.414371187633972,11.357243613158092,RUNNING
-0.8184830915438768,0.9344192948709474,11.198076115228764,1.5043231689644891,1.1097585279255875,1.4518135684515276,11.155479311996244,RUNNING
0.28271848663422966,0.6051828186774723,11.078732229648335,1.4889616819353966,1.2048668043162751,1.359568358330383,9.437121045855875,RUNNING
1.2902261938088195,-0.7903584971460366,10.824458116872474,1.5116565656815335,1.274627759361041,1.5900791174028301,12.591453609917197,RUNNING
2.290962336291897,-0.5785491411857633,10.854970369009274,1.4109168319869219,1.0051621493267848,1.4261284734457613,9.10773731593368,RUNNING
-1.1001377502258585,-0.013207585954089236,9.344659525334787,1.5543524332550027,1.268166065139744,1.738038774616449,9.721806125717677,RUNNING
0.4406210275109982,0.3919151518996273,9.730030366491508,1.5783731396752878,1.0601901985318125,1.475560016446249,10.22974655107241,RUNNING
-0.2066787917884207,-1.0027214888252947,12.260851397361312,1.3981962328077184,1.2318159327409886,1.5413647898282374,9.246120224462352,RUNNING
2.086563712583918,-1.3665395243714555,9.519154358652054,1.3775774991644418,1.0642301273132448,1.6591215290882293,9.551386695791019,RUNNING
1.3614177165701524,-0.9890669272409436,11.690458941495155,1.4127488723394364,1.1355492298124328,1.575828238611792,9.047504517623503,RUNNING
-0.6700902985842432,0.1882784894382161,9.226078557134862,1.6370962760129293,0.9598053056049454,1.4221260484630847,9.104176562283127,RUNNING
0.9379342688131027,0.03634036386355656,12.859704033064354,1.654522644588482,1.2433046378603947,1.5313238249000711,8.99211713462543,RUNNING
0.15101325464840112,0.7392308504972057,10.934504718207211,1.4107535032284342,1.2937406282469495,1.6482444028754637,9.835031503084126,RUNNING
1.613901184051199,0.1749103671931887,11.267333292783007,1.5365431842824708,1.1878512894559587,1.4139997524877699,9.909558235550268,RUNNING
1.340020893912219,0.8844848047412062,10.051593904470254,1.6388800103619576,1.1644453328809294,1.6509546862612632,9.191414387491994,RUNNING
-0.13239034520256193,-0.24451141619330433,8.612555422123641,1.4782384577282333,1.1196196819902915,1.5585991768978782,13.296303310293553,RUNNING
-0.19282655157769463,-1.170025661926217,11.636632170312275,1.4553545521744953,1.1918263323968505,1.459572175578792,10.181926589894541,RUNNING
-2.1549776882688687,0.6612721490591192,8.691626473464368,1.384673982732474,1.3192606204977315,1.3803660100789787,10.654483618994133,RUNNING
-0.32648268170717465,-0.37740047202024,10.84750490852809,1.4247280758096932,1.3476114874565763,1.35237695196906,9.415860265898093,RUNNING
-1.5356016679167275,1.2206090570041874,9.013708868974927,1.4393336059249433,1.2887308962459745,1.5034741233539024,10.288283839673328,RUNNING
-0.6041359348596259,0.3069411027916384,11.437615195506108,1.6961104291291467,1.0339931850594304,1.5825952208925946,11.735114239925899,RUNNING
1.4014110264548203,-1.6583553419844053,13.124649758821246,1.3441237746861858,1.0864683718761226,1.4738212326375904,10.849900912106918,RUNNING
2.148117905856845,-0.3603817710785673,8.732344930603986,1.4582765164761686,1.3370791833805777,1.5070864997055136,10.002245362129273,RUNNING
0.07661445669761752,-1.0238617417702554,9.497350454026845,1.9479084251025758,1.3018624510033812,1.5861097989006674,12.329743340966791,RUNNING
2.8224319340366564,2.199736978078139,8.281366067853718,1.3890160510730092,1.0996212184536363,1.4056059356667563,13.634519467762503,RUNNING
2.8570198231224566,-0.00775391289484772,13.432989324224685,1.64881346272402,1.154929344082274,1.2990784655974439,10.842331379644722,RUNNING
0.13384243031212367,0.07562119067907426,11.285527112068747,1.3787478052916322,1.2411360277569707,1.4560383846982994,8.744394881038799,RUNNING
-0.4219404790043541,-0.14224108083463702,9.728596542644038,1.5899829496132958,1.1279611641199527,1.4444599600557662,9.906307447447416,RUNNING
0.6900680863253343,2.370846121476089,10.387772369474122,1.6112060680033158,1.3671354084093128,1.6027191560040415,8.603542762674564,RUNNING
-1.170064737224928,-0.7256102179583028,13.860918180261423,1.4187415485744732,1.1172523248738169,1.3956079019751018,12.160373174937185,RUNNING
1.0068894991160315,-1.6564678160688808,9.289083344984444,1.6365328748275823,1.1796701755423196,1.6187591818018012,10.114493474848755,RUNNING
-1.452074693324544,-0.6786633148829085,10.801388559847869,1.551160509036902,1.0409808676745702,1.4982631992490902,10.763311707351075,RUNNING
-0.825677809033818,1.6585655938160089,12.28209281437659,1.618182829394204,1.1505089804509698,1.4037501165080677,9.589252254247908,RUNNING
-1.7636016700004422,-0.049821563121685876,9.89389582462129,1.568834703703802,1.266510605152148,1.6100799805422716,9.60860407283851,RUNNING
-1.830621316216627,-0.5143226843384521,12.103057470201927,1.4627681646429516,1.3565454659959113,1.5548878515520332,11.270031796507588,RUNNING
-1.398839082670058,2.230563162696618,10.889218234629714,1.5018796191985493,1.1144467330094383,1.6179538267607738,9.798700506543035,RUNNING
1.2511508578651025,1.094176312284962,9.496832641828316,1.3583009860319009,1.2581373059338923,1.342665305039426,12.34178129497652,RUNNING
-0.589265836150811,1.328727566404565,9.728685833455462,1.599999100505961,1.4060341543836832,1.393195286163376,11.109895342405112,RUNNING
0.09268240534447239,0.9461987368212236,10.561621296142132,1.3292774005429449,1.3132287374838938,1.2997051586134807,10.089357824197283,RUNNING
-1.0405447386966062,1.0551166861998726,9.22332781974842,1.3777774280408046,1.2274513987493283,1.4817076701587408,11.37678077752025,RUNNING
-0.5396325249084479,-0.34959840734993575,11.205589113013735,1.6190361419752066,1.1717206789890675,1.5654688493008144,10.645368146553528,RUNNING
-1.3684882710995367,-0.5549989838399632,11.014280198672472,1.6818464378381592,1.151598037680372,1.58047874435274,12.783257769079366,RUNNING
1.1464388721306498,-1.4895591272891482,9.641287464282614,1.625622134444136,1.2141878042628496,1.3851159880384136,12.083895809406,RUNNING
0.02678295222326161,2.9703765611233224,11.736228545183458,1.47565189303671,1.1184293951900655,1.402511569536096,13.033544460601334,RUNNING
2.199467704376789,0.7596798569966726,8.731505740564657,1.4327781127447594,1.32556775257411,1.4436933800204899,10.725795755472415,RUNNING
-1.0542492194031616,-0.1130926122297019,10.784471932312346,1.603253889830112,1.1114264399366245,1.4737183157473885,9.172088147916307,RUNNING
-1.9748546893308228,0.8087581820520596,8.223076327579946,1.6284979714762169,1.1844073902517092,1.3452468917725553,9.738310188772894,RUNNING
0.030044623236521253,0.8880940388463437,10.19671449691857,1.4062942323533867,1.170101600262816,1.6414840136459259,12.631695811989744,RUNNING
0.37522157405303436,1.10877921494418,9.674267609598555,1.3231736490498514,1.258448878864746,1.4059022738717284,11.697469227677406,RUNNING
0.20917869904379577,0.9389592262496085,11.503612881744548,1.4579066435416235,1.1929526426122543,1.448856247121746,11.150789362019419,RUNNING
1.6126811234726346,-0.9799356357851838,12.421904468102014,1.5113521496477942,1.2241078976405813,1.3300570480392482,11.996194658430095,RUNNING
-1.0070706654674286,2.004112680699707,11.602403961381473,1.4091658748292015,1.2030848667053506,1.7476929133723411,10.207531394300439,RUNNING
1.0603444363777683,1.5207283755820582,9.92064436693295,1.6118912271707173,1.4221203394271962,1.5066274737344234,10.618174471614227,RUNNING
-0.26501263906236383,0.9563231107903148,12.307013903635388,1.489034515088254,1.3533622845732922,1.6530047441561628,9.685902426179135,RUNNING
-1.2185720320350582,1.138999284285793,8.682347688765955,1.5676837654111007,1.0918890652175888,1.5823546119841974,12.316623942165263,RUNNING
2.1525981180031675,1.7529824619469354,10.715446250982296,1.3841206933575396,1.094747694500262,1.2913151470684063,9.796667246442444,RUNNING
-0.270203406614777,0.5912585033536811,10.043902112901362,1.3878171199587417,1.1946766332436567,1.4101509513227155,10.230107349939212,RUNNING
2.6564363300216174,1.7179631843255636,9.631042037131435,1.3888876233584224,1.1947445838079807,1.615332776339689,12.382637288148832,RUNNING
-1.1610384755439087,-0.8112613059463044,11.56899304819051,1.515184754964157,1.131393847345632,1.4647819551880412,11.799328205028404,RUNNING
-0.7180382834087868,-3.3404594685577185,10.464193547535821,1.4258428741106492,1.3688822192302676,1.4414554979080032,9.670041253617383,RUNNING
-1.1691843018783483,0.6114016593892871,8.93929903816565,1.3542726341800546,1.3725998002094337,1.5579498737600646,11.265770351184692,RUNNING
1.4600061744201311,-0.9071703495780141,11.049219788948523,1.4493295823789762,1.1811018755487375,1.5160692867464904,11.26526836803796,RUNNING
-2.2622538140582664,-1.6293878484785305,9.94542497286106,1.6828625262441825,1.1148408167498398,1.4791777290387247,10.817823895874797,RUNNING
2.1011659142934773,0.5471620798567068,9.29470355785936,1.7753229510803208,1.2078573220961126,1.4422779043617886,13.177899675359027,RUNNING
-1.30596418645,1.7160364667056431,10.801571496422541,1.6291052232702434,1.3901765708701543,1.3867392709478745,9.287170308710234,RUNNING
-1.2051141896886555,0.6043639634134333,10.549523815402289,1.4832863915837164,1.2146235279022362,1.5591289589293473,13.332779202137377,RUNNING
-0.03204355866221546,-0.6253067545570995,11.420304193777783,1.385574518373538,1.1321295867888388,1.599938094639279,8.393556191235344,RUNNING
0.07307501909071093,1.3702758443616119,12.19281866629678,1.5110880502892838,1.4008909419096127,1.4895179634059537,10.302604381224059,RUNNING
1.2780225523627418,1.8767536042316448,9.254648049499073,1.546225232929305,1.3046879032323286,1.5011208153195899,12.139098116410125,RUNNING
-1.4211343425276883,-0.3049854370492644,8.766755936806854,1.2429852451419647,1.3027004411787657,1.499625146619815,10.304191468839077,RUNNING
-0.12477099015661303,0.6794128689242069,11.950325125133615,1.5322670630742012,1.3105593145289485,1.4703331263325528,10.9110615253735,RUNNING
-1.8023030921089302,-1.6040665009759465,11.171079444710141,1.4593643148629576,1.1834159094337997,1.4640307334299176,9.067152720485234,RUNNING
-0.7991898196206706,1.0200051215635115,11.402904355654863,1.4958542037670215,1.0862399795035764,1.4317459953846454,13.082805288537083,RUNNING
-1.030320352182192,-1.2312422970662882,10.337120284758084,1.6031738980514059,1.0553117033239297,1.6453634150874947,8.15159333722769,RUNNING
1.059781160130941,-0.2054054342898418,10.75605822413176,1.4099188258988635,1.1680903965748977,1.4513418753645262,8.239385300502454,RUNNING
4.092749617944911,-1.636085096805017,10.772188510413809,1.3227972171575957,1.0002952563382024,1.5097826491852269,11.205128565374746,RUNNING
-0.22471607811868644,-1.139520292878005,12.748518102350323,1.5928851246050224,1.0753670522251575,1.5037963728210635,11.66715350381316,RUNNING
1.2475997075222656,-0.228582837366127,10.078696131303513,1.6498958462667532,1.2932838892362237,1.5072360389908384,11.810111302545002,RUNNING
-4.13178244259756,0.30224333798163056,9.874962019806397,1.4779145719870448,1.1092619047236678,1.4851810709596358,12.141250229569378,RUNNING
-1.2094968283194154,0.9105074311872466,10.502483783432927,1.5352024828789281,1.2007153256097487,1.5641625232441208,11.896026591360332,RUNNING
-3.0653075308443536,-0.6366964267766512,10.418488738445026,1.4171859862387104,1.1308438597306225,1.5271582200153593,9.82316474790455,RUNNING
-1.0968914599905673,-2.905655702252734,10.712567685476262,1.5934717745828493,1.301664320731588,1.412923362355926,11.893077387084016,RUNNING
0.2322756724655759,0.3471655630485135,12.21274639160435,1.4260863440769296,1.178002991332697,1.6634605511761202,9.621505408246716,RUNNING
-1.4072697768318634,0.42859510284152474,9.156079494616831,1.5271034252861244,1.126393478145935,1.2876621461601772,11.28741825287868,RUNNING
-1.009480828747885,-0.9354533704312518,11.102200287722319,1.6519019572530982,1.2011168009506328,1.5424585096047145,12.103460785814613,RUNNING
1.3626213586292428,0.8529288302102328,10.227081842486372,1.559705609973854,1.289376179738783,1.6620158684956707,8.665765187109784,RUNNING
0.2334874465076116,0.30789287501916923,11.563544662977456,1.6353891859323426,1.190484948794322,1.7100987189813113,9.682378885324658,RUNNING
-2.8608329995332045,-0.24212925155899026,8.314240952368564,1.4838572101967182,1.2034769248094457,1.611854140933595,10.939076759948748,RUNNING
1.5432737304143918,-0.5181014100373533,8.501633119854832,1.3782500673784135,1.0708192546332884,1.5477814152920655,11.67586674555318,RUNNING
-2.2851630872034296,0.2163854990127588,11.50284392450569,1.355187522472313,1.1796116531020144,1.5715917140485565,11.98358335468157,RUNNING
1.0750914715760143,-0.4952631350337172,7.9159162776519665,1.5534062956316952,1.1917409674583488,1.503211545543232,13.511914781227302,RUNNING
0.23078134331024847,-0.8294549253493406,10.21737472963691,1.5415663372538606,1.3015856518992976,1.3532966048561281,10.322010913799533,RUNNING
1.3965177823036568,0.5917410326592061,11.93379090978747,1.4190239458400067,1.1194598329934418,1.5020271892122288,11.124145004226525,RUNNING
2.676953410424659,0.48326182712378596,11.437842706309654,1.6164475847050006,1.1035342411104943,1.4834917337629014,12.706963922791667,RUNNING
1.4456068157596609,-1.773736457265227,10.9657189155089,1.5146747472205226,1.2329958787840434,1.424588752020894,10.503530602625766,RUNNING
1.777476671400474,2.180772983670728,12.594896769334767,1.5860185210781843,1.099565973770041,1.4591103825010505,11.395469602676469,RUNNING
1.0807291623814317,0.6435480750785622,12.037701906836372,1.4095408786286927,1.2932828704092199,1.4304354549879803,12.42079284682998,RUNNING
0.7320202295640148,0.024964828527053076,10.965230739152261,1.513642691806728,1.0874049103864605,1.3757379855055085,10.518099749133686,RUNNING
1.01415242047487,-0.25857205939720784,11.344468772857283,1.485541323267355,1.3823358962036465,1.5080713726726447,10.776272233999094,RUNNING
-1.3491719643895117,-1.7314662888692323,9.012836573405764,1.412039369083601,1.2394820020412176,1.4473834628939812,10.485542363711781,RUNNING
3.1187350477002065,-1.4109731764070375,10.274124677437609,1.446068707638902,1.2936506606057008,1.2760208369633879,13.009075278696779,RUNNING
0.33876275105596093,-1.6218569451170806,8.704250110964654,1.6672989702844954,1.1378865201203758,1.4057036627550237,12.665630469703071,RUNNING
-1.425062820398725,-1.8301267692172327,10.699749734044058,1.5335126133073664,1.236460180370483,1.6478183935639001,9.286537743878501,RUNNING
1.2836029812912617,-0.5699480454256529,9.279042306164232,1.4390097293050799,1.0554389799223438,1.5040428939833468,11.557124811985748,RUNNING
2.532235579354186,0.4395929802492926,11.28101665062011,1.6400099811827813,1.1372337303973303,1.3511741787176967,14.286449260266824,RUNNING
2.183247438118415,2.5967715999618965,10.593670464994695,1.5550573593701598,1.1540524568047354,1.5882924805586751,9.969292345885094,RUNNING
-2.1832102134259737,1.7735120833914426,13.223516182620475,1.359707092758689,1.329171560752124,1.5951384983500771,9.92451218507422,RUNNING
1.1219930979408,-1.4745352210860165,10.351691061510776,1.431406549605038,1.2473341183385143,1.478320796831207,13.580234497576122,RUNNING
-0.6253494541790838,-1.2492062619405444,11.375150353733948,1.4856475330577044,1.0584766069133527,1.7231496335202467,10.762316160209647,RUNNING
2.595175153813259,-2.0156943918227945,10.91397877413081,1.7087272161793627,1.2128728680739649,1.376466602069652,12.533045391409981,RUNNING
-0.509003766624091,0.991982156918918,8.346946759429667,1.3556281630404945,1.151719931131505,1.6438028721873261,10.923145864249951,RUNNING
1.663811973880096,-0.7322648310454247,11.53242766273235,1.416911733614487,1.398327265592076,1.419960889570331,10.72215515428811,RUNNING
0.49027860939140144,0.27277655459078165,8.864411701788843,1.6613358929079485,1.2893542205889108,1.6358949951267117,10.836633816811485,RUNNING
1.6920039393022615,1.3922977581955427,10.789576204437171,1.3482048868156749,1.3779661887087689,1.555598743369014,8.298141353689704,RUNNING
1.583029601206566,-1.7654540931349836,10.168748261944376,1.524445444960555,1.3038839711982093,1.5106544676434375,10.495082945077362,RUNNING
0.12821587552244598,-0.22686950502284953,7.970144635377847,1.4231676506303372,1.2244774841111699,1.475087899651128,9.21574145351681,RUNNING
-0.7396491914644407,-0.36819809326631364,10.507714710812774,1.5393378344469713,1.181944970911426,1.3970344744307581,9.573194631230779,RUNNING
-0.7779375018965744,0.6204003630167222,11.041290914348522,1.5520865692561572,1.1557282930467825,1.5238558070639547,10.874956345286543,RUNNING
1.58304832012606,-0.026640268122389725,10.476679269534639,1.6068161034875985,1.2961360359818812,1.6583936440963483,11.753021962949365,RUNNING
-1.328478596629898,0.3019055015986138,12.076682621636998,1.41708410775146,1.2442562429022808,1.5871353675731017,11.06997754873266,RUNNING
-1.194197258314432,-1.0549838389122552,10.297433097205838,1.5801639716903693,1.2643734001192108,1.4138587270813658,8.205263463069892,RUNNING
-0.550715356570847,1.3475632459028828,11.48394082821206,1.4998428192626805,1.1583294516408942,1.4610237863883568,10.061199832880986,RUNNING
-0.3233541920396532,-1.621289350141797,9.242327623653637,1.5410506791486382,1.2009511839940994,1.4691238208806616,9.533267857075087,RUNNING
0.37738921089260613,-0.5854429056885544,10.554418938957502,1.5457609741940372,1.0629743410792114,1.4993383755846512,10.67009283807092,RUNNING
0.06252181082536318,2.6535996343218393,12.202386422398797,1.4382715430744781,1.1381016549113876,1.5956549461787268,11.181930841388851,RUNNING
0.7765811460406087,-0.30808056417606394,9.555262793630385,1.646199283086832,1.1753262719446524,1.4589064923426138,8.957564387277543,RUNNING
-0.8473072413103675,-0.7416384886872694,11.767920456910272,1.411403743200011,1.0244232142241945,1.3032905437093847,10.876354674752548,RUNNING
0.751873630210804,0.643785272545595,10.58427587758848,1.4925218703348693,1.304452642981814,1.514599591431264,9.828912188516137,RUNNING
-0.7457010358049043,-0.8729577677451353,12.326322032926074,1.4594949047054446,1.1201527203200368,1.531977804112682,13.340201394069789,RUNNING
1.3696062088932894,0.03241266516228763,8.387364923690987,1.4500037502791365,1.2711046102545303,1.3828958960338185,11.050241563702464,RUNNING
-0.9999677894369667,0.5960853081308621,8.762997290216653,1.7164892589101457,1.331735130465201,1.5984296445197046,12.491442788516057,RUNNING
0.8896580990366088,-1.2025309255605299,9.524859367037017,1.454806386199401,1.1396562165511392,1.6528778835710307,9.067675481026301,RUNNING
-1.4418772311766017,-2.411680040242461,9.6764183532617,1.6510731651539214,1.2264824242464778,1.3801638453000904,10.86567286063949,RUNNING
3.0521237372288854,0.9858769495495372,11.523978760938881,1.4196621292833709,1.262739848562134,1.5216791277604493,10.751972029606781,RUNNING
-1.225292250322437,-2.5765585199592382,11.997456852867575,1.3497611018310482,1.2107186464782416,1.533300212944904,10.923094890674895,RUNNING
0.7064506046777432,0.8819577789023817,13.100162009076394,1.5234194151498206,1.20640488450177,1.4093271034649906,10.263753837865439,RUNNING
0.8169187562760556,-0.3510194322592101,11.506488978133387,1.5912602314029745,1.2898627866730485,1.51178443261413,11.522459560161632,RUNNING
3.6732184586103407,-0.4088649258384982,11.18375651758221,1.4443947442520597,1.10260329557509,1.4323684136422639,7.974117702065504,RUNNING
-0.39574234560094923,-1.4137534744200653,9.173429676956694,1.6376522659738668,1.220106699003139,1.4034603840818298,10.512293085086236,RUNNING
0.25933752718153874,2.274689727874272,7.6255488510034395,1.4965187685242047,1.1684432307465478,1.5946548527716782,11.053203171531232,RUNNING
-1.3979866879253093,1.4535185957916155,11.697757356923503,1.5915529791724743,1.3264050170507165,1.541767510065196,10.421036266673061,RUNNING
-0.009905865725047088,-0.028612521763339754,9.720913016864186,1.6631888848370222,1.2296295365503667,1.5094738475832907,9.518834891952864,RUNNING
-1.2675577675744134,-1.6566852209363956,10.151101142346771,1.524551844332736,1.1534677481658921,1.446027320184823,10.983882676398851,RUNNING
1.6713515201139066,0.8124365637609676,11.821520020747803,1.6085918411506719,1.2282828160118702,1.48413589739569,9.79454710815139,RUNNING
1.0975084899313674,0.41613906551303537,11.545136794071452,1.3839663143899847,1.3431749484241078,1.4573019628493238,14.330717538436717,RUNNING
-0.5815752997373513,-0.39011576576511053,10.211842979055486,1.4851379616568545,1.1218523934198745,1.514321308320613,8.987303083628918,RUNNING
-0.5165188574005626,-0.6618328801219556,10.5794092023522,1.6330451671562316,1.1851117203979116,1.4911845131129609,11.717110566410724,RUNNING
2.9371974229526634,0.5877735057528157,7.520209287033716,1.583266575788036,1.040799154288135,1.5452005368582449,10.296138477086158,RUNNING
-1.1551786608476298,-0.41862239662944,12.048842580540828,1.4286047087840448,1.2545140879510541,1.40343503603927,9.01806925359975,RUNNING
-1.967580649366035,0.5902537806946658,12.184620599010959,1.4920934980512628,1.1542687093443296,1.5155675387688388,6.714478360404597,RUNNING
-1.6036564367489448,-1.0142761265242246,10.726301442767344,1.5185877883622267,1.2636180488684035,1.5257581749210436,12.6798000190179,RUNNING
-1.8872959350403886,0.39924635324901947,9.606863422135476,1.5138863989200548,1.305331027964187,1.713010426632096,10.059853932482822,RUNNING
0.2732023065167647,1.6317262719939762,10.432936864860622,1.411388734865235,1.0380310134483373,1.551304786741025,12.069647305425905,RUNNING
-0.6326652965814457,-0.16157291018975423,10.475003800053084,1.4649047257861911,1.2235865065749572,1.6151515145933002,10.90963747012078,RUNNING
0.23064574431705936,1.0462134838489088,10.573946137825738,1.5480229261905702,1.2715864629571147,1.4495634799619392,10.31513941275371,RUNNING
-0.4830920947174979,0.5652964849162636,10.622467063527381,1.5394544034316675,1.198248263710425,1.3395878987529675,10.864263349519582,RUNNING
-0.890593790528613,-1.4345636599986142,11.436909967341418,1.472639344346583,1.2171244047684995,1.4718539920111704,9.06392808312149,RUNNING
0.7105974911529858,-0.7237441058713441,10.745927221342216,1.5410460221902078,1.1413187284396917,1.3796114365627015,12.01692383453122,RUNNING
2.909195324355186,0.9478892962246718,10.049335786758673,1.493288361246489,1.1167392780261152,1.5881696426957743,8.998213479482562,RUNNING
-1.9818506064955375,1.183816804565041,10.680559693433342,1.5214984536332752,1.1177051374137643,1.3536496896695593,11.948525466635614,RUNNING
-0.5788996897733462,-0.28418141164423005,11.56994726493095,1.5732348079650524,1.2797565622685954,1.4704798746897303,10.468785999577973,RUNNING
-0.7702325456610803,1.6112971239801188,9.51833139967304,1.5629476497114476,1.1941577689480138,1.315843438351544,8.392011389358531,RUNNING
0.7909951192210075,0.6324854384137384,9.543630213183697,1.5147822090303245,0.9468569954221995,1.5706975464470598,10.53806435097623,RUNNING
0.7398812642895478,-0.03468182819743313,7.688916745903169,1.7196332234522522,1.320080081942845,1.3715055338045172,12.132634422864253,RUNNING
-3.238903402979652,-0.598809917315747,7.859045334993745,1.4714904484171663,1.1527499106915096,1.5079694067382712,11.50080669327595,RUNNING
0.6820091114138707,0.6616780113338906,10.234649864263735,1.442826141777481,1.188114751797923,1.5501162070068453,11.449361397516407,RUNNING
0.09322635912859048,-0.17917610624601019,6.65082092110138,1.4560146736899595,1.3789438711077373,1.5012901295568306,11.04180290154831,RUNNING
0.9882303670341965,-0.27465619578953016,11.137379403590526,1.667665080276136,1.3006250799432715,1.7340300215856979,9.57949752378483,RUNNING
0.530349220110695,0.8789718350857192,9.733834212143291,1.5087964277474275,1.291046110245184,1.4289729101688091,13.742151023765258,RUNNING
1.5019892021993881,-0.10767069159333431,9.895997683144902,1.4492971737208977,1.1864204359742985,1.4951504138451173,11.213646012772827,RUNNING
-1.2684427319841065,-0.6548712487634328,10.225363823083073,1.3969877894703224,1.082105859789262,1.7097127212373027,11.776203497032933,RUNNING
-1.7675191872102685,-1.3152144574452642,9.295436398403632,1.6654513280865033,1.1747119934221626,1.2558293013097512,7.944753073963922,RUNNING
-0.4750252319451147,0.6252046759258837,11.106073749799453,1.679841497916482,1.114723213743007,1.5046720120264971,12.01808844440384,RUNNING
0.6949043537212802,0.3404141396386232,11.140185289887967,1.431452714731158,1.0994304912681807,1.503764737216936,11.978621588175733,RUNNING
0.04376164015214392,0.32374071527992326,10.517390788988058,1.3974056660300571,1.2024647378210542,1.3665173182411507,11.898858056672196,RUNNING
-1.3846787763547945,-0.08691488357073983,9.248435532367893,1.493748623182279,1.3041107816524562,1.5653007938309904,11.519636206363634,RUNNING
1.0157249611999397,-0.24293180902000283,8.808743629370255,1.630577657828752,1.3008991476931648,1.4758945785406037,11.870472195832553,RUNNING
-2.1946518768745484,0.2923440257877891,10.248552711767454,1.611300069913868,1.303104273878266,1.6318607828178044,12.322069831891648,RUNNING
-0.8874687230136684,-1.8257195770971688,11.298894731421099,1.4452781559734027,1.37897907703084,1.5296184553988463,12.896109271976584,RUNNING
0.5378316898347314,-0.4901994217874477,9.308874440091829,1.4926526945435783,1.1022353162845193,1.6028877441678944,11.734247053081987,RUNNING
0.5131791301644857,-0.8607395676188027,11.490388060059823,1.4113960611614091,1.197761534350319,1.5651841571980356,12.342442471774493,RUNNING
0.13004185722830108,0.8915944931269817,12.793651510009871,1.6117520548774606,1.3120129406331043,1.5192679929849473,8.771018985869864,RUNNING
0.45411568875756353,0.30763318048615856,11.375594042282728,1.4872003024786604,1.123854444323615,1.5656506083175228,10.489323535214186,RUNNING
0.36829225808425237,0.6702697839378864,11.386032067266287,1.3591015700048266,1.2824086580544263,1.5303153828376272,10.084428233060688,RUNNING
-1.948112529915738,2.0667208691844308,12.729226987715016,1.545170020097594,1.1776601583657909,1.4802892012062605,9.937659413352772,RUNNING
-1.6763790639349863,1.8571689283143251,7.819292118623323,1.3991469191747354,1.1753142107489147,1.3439566532194969,9.835025540891412,RUNNING
1.9194211787666215,1.7391509140845913,10.330244027564905,1.4549331822431992,1.4259602027742477,1.5721161822084155,11.08111415218431,RUNNING
-0.7584308788787827,0.09619171258506418,12.057981430979602,1.3007814433650786,1.171196926056078,1.6383057398581604,12.780828483806442,RUNNING
-0.09829367323342698,-0.6822471658668009,10.068961688775548,1.7664614492001434,1.3874424446933245,1.5125390971806738,10.904870672378888,RUNNING
-1.8650381064140311,0.09604952305831221,12.483606487217596,1.3200643318783527,1.2826583965137248,1.637479797005478,9.716830395527769,RUNNING
0.6616239927906056,-0.36812722159635647,10.039505464256095,1.4382700930241954,1.269857548086202,1.584880545773145,11.224447721676112,RUNNING
0.6330215391160408,-0.2600580136637129,13.300846930771213,1.3436070735099346,0.9782716289746431,1.426916510030233,9.179079752556657,RUNNING
1.426532004267232,0.5550575073572995,11.0655913644426,1.5781428919465528,1.1574807046727116,1.462101592594181,7.5607282462990515,RUNNING
-0.6499262604417816,1.11704794687883,10.883339548480205,1.5857291504123014,0.9983705689576834,1.5315496808323492,11.94430199202367,RUNNING
-0.1672783447586893,3.685604041927202,7.234145896654897,1.636911436767475,1.1605841903473926,1.3382848285559956,12.086670957406726,RUNNING
2.582946432198263,1.706271706445211,9.051926968943258,1.6130164692266118,1.2391284957120874,1.4345396979071012,10.594721584117293,RUNNING
-1.0944868234411804,-1.2335928878609268,11.218678691674159,1.5628730548259637,1.1812402999908387,1.6367651303935973,11.503111242401028,RUNNING
-0.19863837741500512,0.10175727483137212,6.719342294071403,1.5016707384737975,1.017280406252874,1.377904942900113,9.960727357258085,RUNNING
-0.7297389233182279,0.7971302451085506,10.833581721202046,1.3098925571182014,1.2083294637546806,1.5318255246583428,10.796967095016656,RUNNING
1.1468993964533702,-1.8898559849552814,10.133524442040526,1.650833609805773,1.3416661308297955,1.585093692777578,13.547283533213827,RUNNING
-0.19361998207027864,-1.163318931945984,10.094561523563257,1.8096695513772054,1.0430643657274805,1.4529460860470582,8.951676500421701,RUNNING
-0.1631265342504268,-2.3401141920225106,11.426430997626976,1.6222345256467974,1.1616056377936541,1.48648699929243,10.447877520806966,RUNNING
1.152175428646041,1.4796469601411346,9.278893166261726,1.4690671507225703,1.2901619448924744,1.3578330951940967,11.629763410040699,RUNNING
-1.0834502819303884,-0.6943812649445461,9.359711517388652,1.4133074760655566,1.26934958206046,1.3819501513002361,8.397172053366084,RUNNING
1.3052672621201562,-0.6237902666082467,10.782660120631135,1.349192412019899,1.1258060546243525,1.5756087880695007,11.166528730905187,RUNNING
0.61842089721525,-0.7393201838871404,11.774282980491186,1.4133267329339687,1.2153847660216641,1.447792809550164,10.170992684826425,RUNNING
1.4185335562457326,-1.2336463909114364,10.603125085145358,1.3177465656313399,1.0912066541370924,1.5382131275890805,11.356260522299207,RUNNING
-0.8687792117203954,0.9874104878596295,10.823494181229096,1.5435683111924503,1.3240965598738532,1.5319823062614066,10.044980993651821,RUNNING
1.939722112531907,0.3166392250835343,9.907980437009245,1.5278385695320882,1.3112326824390261,1.5455045094242221,11.684085682687552,RUNNING
-1.5391021241117366,-0.21567901681214502,10.607496209626277,1.5696631501217746,1.2637333041272192,1.5169540410218285,9.254361135760726,RUNNING
2.5432737288747846,-2.4566002621961656,12.683114223258045,1.4954814471574838,1.3002579814271593,1.5363840434292613,11.743924801258492,RUNNING
-0.49324623988086,1.2417589566314835,8.873294064631825,1.4994669426673874,1.2835969924272277,1.5995017579615889,11.874597727203904,RUNNING
-1.00404935867813,2.101690888498693,10.372993653750504,1.346037430579404,1.0805316531983449,1.5043643636879587,9.251723685846393,RUNNING
0.059193298955896076,-1.271305688498468,9.761017720179895,1.6683972030069338,1.0863663776844008,1.5587042424067834,11.294579399339224,RUNNING
-1.7400305729149328,1.987587009364269,13.38726824268528,1.5047104697759313,1.4423106130613554,1.460097206845008,9.978908759650277,RUNNING
-2.0723235883191577,-1.9340604787426248,13.591239845853988,1.4470975349361221,1.1814263236581501,1.3887235921678946,9.91066916964135,RUNNING
0.4492806291242407,-1.276855112694687,10.232126595728662,1.640220958950327,1.2428254397516862,1.513054229242836,13.506151608623266,RUNNING
-1.2182356958011011,0.2531113943567161,10.67253834951421,1.6008762507133136,1.310317393879364,1.496798119551293,7.116106553161151,RUNNING
-2.383484403716663,-0.7260764288663647,9.657601985434697,1.3800717578035868,1.274958257137363,1.5002118421017472,10.546431899367501,RUNNING
-3.9400271339979174,-0.19554757296700923,10.594775503211634,1.5241914984321498,1.043589823652072,1.5224816736691476,11.72243163053812,RUNNING
3.0211705850396164,0.061630510563216015,9.274356812039652,1.5188670447509998,1.2939029157499145,1.5620997565872736,11.66215250468547,RUNNING
2.3233769301273046,1.7833910844222383,7.574883110213429,1.499664237996002,1.34845207658487,1.7890642990399137,9.058756018808099,RUNNING
3.328115036296274,0.874489903758911,9.227899609671873,1.479684363366622,1.2310186516828703,1.5543806653888117,8.166649355136446,RUNNING
1.5596434344071728,-0.4099421601243793,11.199482473774939,1.6422258508576326,1.2219870142373945,1.4887029524050932,12.372899686094678,RUNNING
0.46625759630818464,-0.6532812234946951,12.071773585334626,1.6230484356358352,1.0661669373179536,1.6532783884768105,12.027194884507184,RUNNING
-0.8504645865064182,1.1449974170291086,9.934836795393217,1.3525049320289662,1.1002243720893066,1.5567021832903227,12.51555404955983,RUNNING
2.0001587490494472,0.1497342956128943,10.886792425942438,1.3806288145755723,1.299578351015749,1.5379833455037086,9.83956542138601,RUNNING
-0.18921232481597727,0.3920051058506013,9.09684689181194,1.481240117872316,1.249294981046697,1.4674578728627168,12.473825164368733,RUNNING
0.991778212224007,-0.682594305067909,9.113387147655002,1.2919717382757547,1.1204824987586166,1.6047176655002997,9.671779285109533,RUNNING
1.0606592401598443,-0.8609983225013059,9.051637490685241,1.4892872782829323,1.1335033488680004,1.3457177850962787,12.406210009037054,RUNNING
1.4052085156995902,1.4639318390793976,11.580536247590263,1.5332612758949975,1.0771055093528108,1.5149872197935275,11.695637128883295,RUNNING
1.8605751519081326,-1.2383974696382867,10.010373560777857,1.5429350713661272,1.316095269074256,1.485477135416108,8.850556053842798,RUNNING
2.4111068247351435,-1.0549633117292216,7.622115864661046,1.501006700852258,1.3698458702375564,1.558645313033361,10.333156634269873,RUNNING
-2.317364054389673,-2.7112635094850233,10.794408507661295,1.6312549194340227,1.2344133704828064,1.5623599527052012,10.593357494494311,RUNNING
-1.2277872084750976,2.426655075566503,11.28982166873052,1.405639828408067,1.0828832332198763,1.6253063726928914,6.920087384462398,RUNNING
2.133892796684965,0.5842737733943573,10.677891634585311,1.4824541564958238,1.389072984859403,1.5707058858401204,11.045170219167199,RUNNING
-0.001606700306121278,-1.823841644850611,10.416909711776496,1.44260653669258,1.2009290068306695,1.5725923611648402,9.741559591176117,RUNNING
0.5533726932437917,0.07572854579042877,8.501806568053649,1.5398232784692272,1.3856672337917715,1.5032426604187004,9.002890947667073,RUNNING
1.2954082603294317,0.6298379900701545,10.243634919787885,1.4668835734144179,1.1787765698384454,1.500827449434232,12.37543790006731,RUNNING
-0.5781014647454373,0.20045172500297295,10.927922926751242,1.5322020479655214,1.0826182002901574,1.3324159835448153,9.461348879192215,RUNNING
-0.5323820305488505,2.552756896499482,7.7318641727931965,1.42449660040895,1.3896604068573928,1.4955401328004776,10.727773578339598,RUNNING
-0.522462592566009,0.2308427124450133,9.51283678592585,1.3982508937111922,1.188640307236525,1.3989003039923993,11.787276349804749,RUNNING
1.691887478275241,-0.48688380195870196,11.249121911908604,1.5492523446206357,1.2327818715815984,1.4520540589049542,8.110480877041331,RUNNING
-0.4017591488524668,-3.064357218778318,8.495396364962605,1.4122866061552575,1.3096724207629284,1.5688108024404268,11.892825183008837,RUNNING
-0.2409972725620823,-1.6612537730564283,10.188131534900828,1.4902107594827865,1.0767545609169773,1.5367046792929968,10.939492539210994,RUNNING
1.0947645526724745,-0.21519363344763784,10.80267766105643,1.4602259715754469,1.141550078437805,1.6338249630762076,10.103194563817691,RUNNING
-1.1250572664646814,0.31389298087848844,8.265585581473495,1.4183976928053796,1.1150860353487007,1.4778601741814905,13.389113674358944,RUNNING
-3.0329902841220946,0.6531872457188835,11.787995158616361,1.5542985202391104,1.1341886506908305,1.4755904437841458,8.771788888876381,RUNNING
-0.17218323245182546,-1.8033620535660837,10.199798168657793,1.3751418310900236,1.2206816361791404,1.432058043905711,12.956711249803254,RUNNING
-3.7920068835307355,-1.0010329126485393,10.045370884331978,1.5460327818381483,1.034964549584547,1.4017907593199785,11.06862371522927,RUNNING
0.6655135903321743,0.406313319739035,10.790482974947238,1.5055739773326369,1.2664763089724362,1.2760677333435775,9.552011897937083,RUNNING
-0.3401411949752171,0.8071354693078109,6.007099663800576,1.4971875676058166,1.2792395039415734,1.5994518116028478,9.63949935232952,RUNNING
-0.5890119802891266,-1.238191860874122,9.166121756293624,1.5434376922028368,1.2131615373272742,1.5491586507590474,11.85185656912349,RUNNING
-2.6125749297991563,-1.025171580497235,10.152936063764942,1.497732247451266,1.1329909426181966,1.5912023670988307,11.035990788674132,RUNNING
1.2741843826564967,-2.239007706244123,10.542703410657616,1.5979035825467518,1.1356846002798888,1.3773439420098035,9.141561398412875,RUNNING
3.144241914076426,-0.5744356572095347,8.769510972860147,1.4906378680929389,1.2907860637704491,1.501741424899823,12.795163212029768,RUNNING
0.8425665418776649,1.2572418826531315,11.047740948712754,1.5824884037728784,1.1126947440322772,1.4508589583310438,9.201108067243878,RUNNING
0.37460410179571824,-0.5171325605822729,9.454452795952708,1.528483969535545,1.3140962932365408,1.5451662473284193,9.99068208518467,RUNNING
0.6181714510959029,1.67575884054688,7.384260511048758,1.5797252298540034,1.046094507842953,1.6228327710544461,11.674193963482521,RUNNING
0.5462550947136161,-1.1990242835539897,8.620500364247409,1.4812518512508719,1.0795913049828803,1.3938527027076373,11.201286043365693,RUNNING
2.2352153938252153,-0.17826649788069884,10.695226592978377,1.7018096732835488,1.0812398882622654,1.6191235195180742,12.582749585091285,RUNNING
0.42086244893792835,-0.6995153947191209,12.141859936830851,1.6132842211712894,1.3105313901493287,1.5044502082319235,11.963888357160572,RUNNING
1.5365276847899483,-0.515611352489514,10.973059344191086,1.3691221695514044,1.298495010300585,1.4216691243274937,12.182885503890148,RUNNING
0.016091759501138524,-0.03125430782467785,9.844567819054026,0.009036169180533071,0.11495550374451283,0.022588852461927857,9.788936384895159,SITTING
0.0684094511874289,0.036045745221169,9.891193070616108,0.21536352160298583,0.013475080459091494,0.03115131402411706,9.717984143194588,SITTING
-0.0007373859008421205,-0.051422623748444425,9.808291405923285,0.26157708095629845,0.010934509633070862,0.06947740056280673,9.824735191609184,SITTING
-0.018120121684404,-0.009275119002449305,9.76199947389061,0.13460450088894077,0.13414916566140958,0.1471088338382202,9.792636339474749,SITTING
-0.06159343440665402,0.02317194580318546,9.85643837675379,0.006192135189646314,0.1120610548678933,0.17850844946693506,9.799175371510774,SITTING
-0.09311066632244239,-0.02795464721767975,9.763829976373746,0.03340382685270753,0.002924901619235261,0.06789317289381608,9.831378492830309,SITTING
0.022883580559679303,0.04660628495578087,9.790561562478521,0.07618774433584853,0.16069703246322492,0.06358417481081124,9.779192528641689,SITTING
0.04233611693854218,0.03938623192550441,9.849191170287334,0.1292961605445475,0.0969029537259759,0.06315227300781566,9.791437570830468,SITTING
0.018498960694037347,-0.03216051991816986,9.777035048157478,0.026384543214277353,0.040393837672716364,0.12978518254783006,9.816857597229316,SITTING
-0.09053997891598405,-0.01764095282094435,9.822784976902408,0.09287279932940681,0.019569279139983416,0.11768882044807155,9.822584229366717,SITTING
0.04634998143670844,-0.027028720096621276,9.785658906374085,0.016889649172921475,0.006780228385806664,0.19262342580797648,9.780124226527024,SITTING
0.018638361213820107,-0.03626031123731082,9.773732997959263,0.1844959666174149,0.02133756284731867,0.14546668160293869,9.765747649452946,SITTING
-0.013806604324058256,-0.043545108826945005,9.816051693925138,0.029434808814661356,0.07605800158863016,0.18969434562328213,9.711803310709644,SITTING
0.02216879910511876,0.06890510642818197,9.659473874184325,0.11893825429756254,0.02406414252435357,0.034979500302294464,9.849080427636054,SITTING
-0.01855959756307632,-0.037738792976326256,9.817231381689478,0.1373169292381588,0.0012946973766272338,0.020961700834920334,9.868609528246845,SITTING
-0.07301429530294061,-0.02828754717173842,9.813734081972713,0.05011375578851496,0.20003972988892946,0.19103123065906452,9.810083190260833,SITTING
0.12946948586945245,0.005787445221001458,9.838809637516421,0.18999034411695587,0.16776333498078094,0.10107320661358936,9.76921498649012,SITTING
0.007606685943205793,-0.04437230129991979,9.720955917995985,0.05504267641394431,0.16622778906716723,0.14258046415960593,9.781797395346892,SITTING
-0.09589163308990117,-0.08728405176803848,9.750940452970214,0.13166247432622288,0.02348026834673863,0.09609586418573021,9.834367931171077,SITTING
0.02694815363278611,-0.03442951953892413,9.877710546262255,0.021229294445052345,0.0016247019086990666,0.2611613218417973,9.87784857019949,SITTING
-0.03252369997296085,0.04999284388214717,9.784905294250118,0.004462338933829732,0.012800002769186383,0.012206483494495476,9.785530961489957,SITTING
0.03372525165774109,-0.01100729749545384,9.793596481481767,0.054868388490154366,0.08634603556662172,0.08898476493774196,9.798955710505298,SITTING
-0.03274922443043595,-0.058720865950694055,9.859158924049952,0.051239007619400756,0.06108723585105148,0.15458029156995157,9.813672054398639,SITTING
0.015398077604014772,-0.010513962646414911,9.88368687890381,0.19861665677213564,0.1520056637899783,0.12911536503642257,9.875122409565487,SITTING
-0.051321705531794264,-0.02030767913533547,9.801470366760498,0.09074180346519754,0.103942804219255,0.13928405543192965,9.83088597256265,SITTING
-0.054537685791112324,-0.03004107227276089,9.854773011183742,0.13372094867286813,0.1123799416444421,0.0014416761656527513,9.864082410724576,SITTING
-0.013043540062294509,0.0673668162536253,9.733927895396727,0.22634040459185217,0.0038535670836538152,0.01205207439882558,9.806428029831457,SITTING
-0.03688131326354273,-0.02804254123916748,9.83434429751503,0.04015654953035161,0.036819423500548225,0.0872791249746409,9.76787671162511,SITTING
-0.03658166325936207,0.007756877859261421,9.791460178310023,0.272815443334965,0.02374720353237433,0.08352183462173718,9.821847365684985,SITTING
-0.008056374334300061,0.08096114145517028,9.805011986234287,0.005830989557151937,0.024584898829401854,0.12268032027067559,9.810249491545886,SITTING
-0.010243031713569252,0.08959860768925791,9.71841743856432,0.04011032869843571,0.026390354131835065,0.030247066253083172,9.747061131503088,SITTING
0.017859643949746953,-0.09285941368310313,9.808711532206138,0.010035669426357328,0.14162879427566358,0.22553110706333046,9.794366152594094,SITTING
-0.048306326156454506,0.06983614528742478,9.8360388222367,0.050443852260981435,0.10871774750986485,0.07742150351301674,9.796617452030985,SITTING
0.03116277117292364,-0.004910857027472422,9.85511628805652,0.0883655023866789,0.047813631808540695,0.08191719578321237,9.8268416057035,SITTING
-0.03590688293813649,-0.024615693030195087,9.862653485879747,0.06482029686278978,0.030272706542729295,0.05176418087350197,9.839896102512027,SITTING
-0.03761172682637213,0.041056775085384016,9.925905113023191,0.02914676425128536,0.07818939743719894,0.06755422438351483,9.75743856095492,SITTING
-0.0054292080890195,0.023923690911098184,9.789648408652697,0.11072550177549217,0.15647107852399103,0.07402306257704477,9.767251394875624,SITTING
-0.047735491684646136,-0.010662891397159414,9.785406027259278,0.030334197529047535,0.22304684749987744,0.26719932094942916,9.800624502232372,SITTING
0.055374962005907816,0.052225822473601885,9.721136810065518,0.09760108000656256,0.09068213411611484,0.22582721578752785,9.798014008023445,SITTING
-0.01444886291330792,0.021004517715432627,9.862095630208874,0.064820729197171,0.2238754500912114,0.21056901078208434,9.895637640141977,SITTING
0.06164592933387415,-0.013469721201915825,9.850716990728394,0.34971982917191385,0.05051599818512121,0.01326482514400193,9.783781931759725,SITTING
0.022081253390710848,-0.050176042389100055,9.776723306649567,0.12582447761547977,0.13548708515422514,0.14031675919947767,9.785813223781812,SITTING
0.01434319214096752,0.053010544125095545,9.81288113815798,0.025344639242401015,0.09795812479848043,0.037089882046793435,9.814249274174072,SITTING
-0.006491816292470168,-0.03217071685797669,9.818252031826887,0.06585496531596428,0.1575454012339135,0.11056334030627878,9.853535763928738,SITTING
0.03769560325960665,0.02031519380274484,9.774808337096527,0.13854705829400954,0.11301309287433317,0.12353107035927717,9.843965019478283,SITTING
-0.14880162370047623,0.05290971327519146,9.816555609808923,0.10677723475897753,0.05009469702895811,0.15925254146784196,9.741832974013377,SITTING
-0.020700261756920232,-0.03698768922094128,9.895879010252216,0.113936284348663,0.32470095889576406,0.0032390466582772545,9.87898596145833,SITTING
-0.018305984468767366,0.004977503916277769,9.81483453514434,0.05394967612021895,0.0252398460462478,0.036270893208963345,9.857179958918232,SITTING
0.08803140173122463,-0.033617390506788275,9.790400318760614,0.03250118984061866,0.058710153722227265,0.0038349457510976834,9.683816459669393,SITTING
0.024588994480034546,-0.018407481955915156,9.83302111339922,0.03964694377502004,0.1596260988306875,0.1413280618040284,9.772811800504584,SITTING
-0.030981187734464496,0.030097448032699172,9.77161354286157,0.19456350466580868,0.007640892871896843,0.1001894389860622,9.814040056045535,SITTING
0.05270915823186537,0.038051095555061254,9.793609234488033,0.0016730437521853964,0.016686406745494826,0.1947857766151364,9.788671122897604,SITTING
0.03527742823979934,0.006221001503346254,9.759828309462089,0.04688241140349944,0.15986055665555068,0.033132140912561614,9.844500360707823,SITTING
0.027731610032034067,-0.005061041981145983,9.8487457277457,0.07862782230818843,0.2204448971987125,0.04015546858232516,9.8470632044941,SITTING
-0.10057456627309101,0.03716758246190843,9.803624601054542,0.0056073505565108275,0.10829130411779131,0.04944128660318169,9.736475638199288,SITTING
0.024330974006405562,0.03486820524245508,9.819514145496122,0.1650834649684363,0.03136150156485014,0.04456487255997976,9.903035913367807,SITTING
0.056564952512487325,-0.05570050268553914,9.817787595391565,0.039995368889633336,0.01260075268369568,0.009098215218506053,9.830192521347676,SITTING
-0.006025918718959686,-0.0062890686756448,9.856840715846134,0.09634449381160623,0.04726894630354332,0.04640987023998922,9.851109880868895,SITTING
-0.05379292809189334,-0.016458260390659275,9.840555304772302,0.06328828133542733,0.11730085426495004,0.05630776754292401,9.848332034799341,SITTING
-0.010239262880286789,0.05141947798835941,9.749759282953129,0.040604763436771565,0.07995845532077595,0.06705149301289089,9.72969385338109,SITTING
-0.0018870898104300254,0.01543826945034531,9.780497166323597,0.09798649055088139,0.06784587894474103,0.27112429502825613,9.772606301922682,SITTING
0.010777281750497587,0.030860901235044775,9.809579316701432,0.020226435111876884,0.11261275213503738,0.2391455115269221,9.800545685148323,SITTING
0.12598538228226872,0.005396284653525113,9.780279315071102,0.064506791648254,0.14259010941126057,0.086358427384619,9.809318924324808,SITTING
-0.05852308546443119,0.005317138593100043,9.834074766028357,0.0035164267167637764,0.20904526695858397,0.03371063267469117,9.806204477745275,SITTING
-0.009423840944724572,-0.05715464601798649,9.877867074785815,0.03301067983324041,0.09373654249348248,0.11727204878601409,9.876777238528133,SITTING
-0.05585988328702225,0.08511672299029026,9.772756360736187,0.06795174566405118,0.05323090206885346,0.2708348264339871,9.834279045591265,SITTING
0.0016824979267765678,0.015276866800120381,9.774098345891387,0.009972184593138103,0.025157735284080024,0.06298880879027512,9.786510349373001,SITTING
0.01602532062993189,-0.07282637972797215,9.798545494830844,0.2817353765614861,0.0686109686325625,0.17855004964844134,9.743998149076345,SITTING
0.006984098264261606,0.05813588423258706,9.790539442740162,0.041903857526322655,0.1410370850190332,0.0840870791346281,9.885925113874505,SITTING
-0.001847059323374916,-0.10965957717909508,9.829410749579553,0.030154356045596405,0.1429094413921217,0.11792080900537842,9.764790843880402,SITTING
-0.0017819280465834369,-0.02576811993279755,9.815002431388887,0.029727997056332965,0.07999955800936431,0.001119779856138467,9.805928008039517,SITTING
0.09686921205896923,0.029241501015421424,9.852622063241068,0.03340315922050752,0.0620145190351275,0.006890001047430719,9.821196829382645,SITTING
0.008030565107758408,-0.0007266752562181802,9.95690940335779,0.016661927749472255,0.02757115301586923,0.11940967468117569,9.755731802907901,SITTING
0.024577895970129347,0.020170289779366062,9.794240397003827,0.12148166884800726,0.14581250137335916,0.02068534015143436,9.72268113895667,SITTING
-0.015394798251922354,0.027760803482429677,9.874105419571325,0.004728788320537289,0.11332158376215937,0.11365420380756676,9.720276037902451,SITTING
0.0035092926211372313,-0.04055174963878892,9.7738247445469,0.019878085594681762,0.006107236865085713,0.06415592668957945,9.829858754550969,SITTING
0.0007408004965252692,0.037419775835137815,9.800570407444685,0.042107332422544434,0.0025599552001093206,0.03377514600415046,9.848929453075813,SITTING
-0.05416008415923007,-0.012764723587916136,9.86076713931355,0.014729920499639289,0.1228740453685575,0.00910457207268417,9.875982094794008,SITTING
-0.05684355908172078,0.02988746360500373,9.76000264866033,0.18173839179398216,0.26067827246151004,0.11865300596903368,9.835850306624977,SITTING
0.03884609273800958,-0.022950222016175043,9.90937670805117,0.06180494666897744,0.08169625768435199,0.024685149995705508,9.777375737326919,SITTING
0.024624174237231112,-0.01882692579928721,9.779230634511874,0.1410254181281051,0.09981746029905672,0.1799181252629184,9.8504661917059,SITTING
-0.08231206745531255,0.04878131743793035,9.76478024385227,0.06032927428246264,0.06484624211312916,0.05381392850114375,9.688619239315942,SITTING
0.08212096229641612,0.001745605298629518,9.745351699379825,0.05172453692868416,0.1391646378260802,0.11010529350741034,9.825111824866019,SITTING
0.021328395589183882,0.027810700010089475,9.866364056171603,0.02172639058443472,0.028582973223951924,0.011014974558014513,9.727338699316443,SITTING
0.05546857847296427,-0.04556728497054999,9.794631484015138,0.17439419249661248,0.07280097179834052,0.08395299482636598,9.857328051429361,SITTING
-0.02945717727421949,-0.019796474931993973,9.858197562552736,0.05499135453695274,0.06692351328862581,0.054290732616769144,9.781029225286213,SITTING
-0.05391820818974327,0.019306601041652265,9.776592540424163,0.14687446211672517,0.01754449584093471,0.05584504894210378,9.860476035444304,SITTING
-0.018450009462576616,-0.011048415248013033,9.880577335274623,0.1008267321463349,0.20627060160034968,0.1759045004063905,9.886443979147067,SITTING
0.07664065661617099,0.039523839343067496,9.858376149745459,0.019733895632445028,0.04373820843495748,0.014778268110254324,9.796336254382359,SITTING
0.06456653645324799,-0.04925998308886398,9.86413124605011,0.0005119341820680398,0.08843694083091741,0.21271180521597577,9.811856759158633,SITTING
0.021975500940955912,0.007785143116696443,9.770386202291427,0.008794773021507808,0.23607178320387032,0.3172156742628014,9.793442915242032,SITTING
-0.0399092946948483,-0.0292912964172081,9.782336617065662,0.265116404142577,0.22062822963825987,0.1246278389935394,9.798251990158997,SITTING
-0.10765047193220607,0.011484025496050375,9.767904347958298,0.03080534290900372,0.014959200643199246,0.00016770270575870716,9.716210254437366,SITTING
0.07601389944414166,-0.03933506891794719,9.762380080743476,0.017144674820970256,0.029166515263070583,0.1958979816831839,9.82376217702962,SITTING
0.01157307912493865,0.012389180123480349,9.713363292871554,0.02500815151604714,0.15622611105711573,0.44423310108066855,9.781647654523626,SITTING
0.10238259519484248,-0.05415131043165926,9.841246974515794,0.090721109950419,0.008143333193916746,0.046568666925019105,9.843408760471252,SITTING
0.000938886169397348,0.010911735451439183,9.857916635734258,0.07825566930052875,0.12105949731485924,0.006890485308942471,9.799685905464475,SITTING
-0.02950129845454107,0.032931799774213226,9.873047584274047,0.0032851540860184616,0.0733006565781397,0.11942110429452256,9.757273540517389,SITTING
-0.020772524151937477,-0.0534532755686178,9.713060004530922,0.06354441943371232,0.10424744465726188,0.07715440721267673,9.80786516517029,SITTING
0.01712654948647966,-0.037841600730062125,9.918173742685008,0.00412944891384287,0.017189531554848335,0.18170586779673648,9.795919985675528,SITTING
-0.013741618902861364,0.014820080433123668,9.837647159459905,0.014324843121256717,0.036608045614692976,0.01091360888575632,9.82531412595513,SITTING
0.0469297901587556,0.0348418117258087,9.690900436343167,0.025493491295673923,0.0702091955592559,0.0643737437820857,9.809093166658082,SITTING
-0.09480009474589446,-0.038683434911981625,9.810289255741333,0.05901104292310864,0.10056768077040018,0.10364597035461219,9.726730987485206,SITTING
-0.022257025631567087,-0.019537843653546036,9.766079976133035,0.020373695672496278,0.041383572322239465,0.02201629036798193,9.818394938793926,SITTING
0.043910278271832255,0.03356991381562381,9.874410523553305,0.13381468968971605,0.06385575315418043,0.006656836235985543,9.810308454423868,SITTING
0.03486937393559674,-0.029026704115320823,9.808139107066811,0.017736222872176938,0.060935433018761476,0.004938338394995023,9.835273551560299,SITTING
-0.004837470266517745,-0.01713686920000143,9.823070225127362,0.008548378253234956,0.15265178936857032,0.04738661536932566,9.792821953173483,SITTING
-0.0839817748853315,0.02985266090236505,9.84832518835028,0.12841701737244765,0.04288724801744678,0.037987040471009204,9.882054432451861,SITTING
0.006127757847538576,-0.020625361363213086,9.878431171134926,0.019450316138481,0.06288492080959075,0.18519573053984584,9.836172855008256,SITTING
-0.0019758271115780514,-0.03973734396532463,9.773778011994837,0.07894510728506587,0.10233367948813865,0.06307438590182499,9.740199438959369,SITTING
0.06581236485806369,0.06781453976719741,9.83050757838568,0.05380485814246605,0.007189071163975894,0.045240275488149295,9.824067604060414,SITTING
-0.00453733786695614,0.010604283780489726,9.786973828941935,0.016181328301753152,0.01760251704766678,0.2417259534504072,9.876561654369633,SITTING
0.03992306694889413,0.0072508463805622085,9.734721432949016,0.023783607987485994,0.006496210798164814,0.06330751730921569,9.826525944066763,SITTING
-0.0583698490033806,-0.029835140257447573,9.868061113657708,0.03776965135165605,0.05707989039338024,0.0310221700432019,9.814596571508273,SITTING
0.008436128867293861,0.009207232249168787,9.813953692898131,0.08446093205941102,0.25917703320508106,0.3061297776771106,9.840263600160991,SITTING
0.009312622995063314,0.04244167436734322,9.824244294985766,0.05586039395257191,0.1528906595877223,0.1768780588413842,9.805019862635453,SITTING
0.004921881196229184,-0.009039328134089948,9.831710358893094,0.14961047893171003,0.21227097107207282,0.10789130237728996,9.806326762839202,SITTING
0.025732011999057953,0.01552672133735769,9.912519832555576,0.003848686474509158,0.07847505337668031,0.2854711397744092,9.762801549919557,SITTING
0.004104344981371576,-0.03120868592550566,9.862340045174568,0.06473188590313954,0.05353972599822935,0.13405676977916717,9.752695477008478,SITTING
0.018441220612433074,0.03093366778578835,9.788831125488214,0.07590027269681511,0.03583925046296061,0.17281152937809285,9.746023390940474,SITTING
-0.02155898601747863,-0.018739106029276496,9.83232233916524,0.03949984970958785,0.0353264211737142,0.16042630672606678,9.723768861064768,SITTING
-0.12121324353486429,-0.057501831257776324,9.785972828719661,0.10763560176138087,0.19422468704072982,0.20928520643719872,9.765856802269465,SITTING
0.02519299670862454,0.0034078371988315,9.850884315652728,0.026620863240028294,0.08732152090075887,0.16021953187712,9.71566627529451,SITTING
0.03512515095316789,0.07818650173849959,9.747778197612567,0.04086187395720568,0.12804813009141136,0.05314174734665505,9.788608362742698,SITTING
-0.004334707679268889,0.0016668568855742344,9.750927936921135,0.043397801405397125,0.19685339387093267,0.00808662064110953,9.774467002994939,SITTING
-0.06691709126609698,0.005566738469304834,9.774485898142446,0.012471416685327495,0.055342738038538904,0.10331745953623346,9.713885695590244,SITTING
-0.048833884765367735,-0.07199358141553751,9.785693176657558,0.09280587476511656,0.05123379487323767,0.2891873389457284,9.75036984651271,SITTING
0.13533439704877506,0.0425028802293345,9.839468480363479,0.05748518122156179,0.06735215674750172,0.09820732754824262,9.764796630450022,SITTING
-0.02692632267842393,0.060607055737742235,9.803741253985258,0.25711713025331107,0.13406794364873834,0.0022130186225747805,9.769015841733419,SITTING
0.01576548133852956,0.010673046843215486,9.776035484018621,0.17277995573365817,0.1877692873032153,0.021423528396364383,9.820387029303296,SITTING
-0.01613382324999826,0.005941240625660191,9.7522485079796,0.1259912843176484,0.05968670947568703,0.010556965530343188,9.889459193540352,SITTING
0.052789911923328596,-0.012962887352071273,9.732948346544978,0.19050555856028933,0.17706959889049761,0.017197615335349567,9.885180080498019,SITTING
-0.025743233120189103,0.07914605150194014,9.849306027379912,0.2297544844685987,0.006379726964987932,0.0905029604444193,9.855129065460828,SITTING
0.11985119591005933,0.01928159188878597,9.846204710125305,0.0029169623496218267,0.09413793726352385,0.01201087913124163,9.792388957986113,SITTING
0.003147254827099675,-0.015011806788536823,9.791013443748309,0.15766646515022714,0.057541364182641136,0.08470662722002771,9.836805631956743,SITTING
-0.019916931134437637,0.08340118705042766,9.695538636790797,0.12843671357705463,0.11128048049548622,0.10415829319994119,9.853437333780677,SITTING
-0.0362943791915997,0.011967824887203585,9.800834157898835,0.059376840022550864,0.11171699746132896,0.006436042468403333,9.770365896710588,SITTING
0.05142395045950552,0.006127725622323106,9.879119137284498,0.016655623123304583,0.12741698718964994,0.33396229148079126,9.84475231000226,SITTING
-0.07110376637129133,0.023432691898698028,9.825322816032479,0.02402526166016908,0.04840363742048807,0.11939832403270371,9.816199890468774,SITTING
-0.06116535238932518,-0.020559851133133553,9.79609328308551,0.2912376653923846,0.04845889468094964,0.03837827367486128,9.783963166311715,SITTING
-0.05695283330698552,-0.007811783191847947,9.795030307833388,0.009224437762401352,0.013881035889711749,0.16846957978810032,9.787012398828438,SITTING
0.00271678297326963,-0.05345078546205416,9.89129889800032,0.13675794775062722,0.18301727436187795,0.08921281254876827,9.767575663225259,SITTING
-0.03910933720010495,0.0062530057582177445,9.878911492333508,0.15532871339523996,0.13062811201760208,0.01881729471254467,9.803519908722702,SITTING
0.04446589536646766,0.03320470657980906,9.839567066058637,0.2025961281769379,0.05279883636772641,0.03911461192672989,9.743811043771988,SITTING
0.023156923998752008,-0.014252052709282478,9.83873464968538,0.017091437768477116,0.18159106404926767,0.15010648425707634,9.852635315706351,SITTING
0.019627390761870298,0.009543367517224195,9.862143270477981,0.192653615440664,0.08524111844855445,0.05503841073498064,9.807124308600061,SITTING
0.030005822762225312,-0.0008567317980934649,9.783293917919355,0.16264577571291583,0.05405564032067497,0.08429829673663183,9.9131799215484,SITTING
-0.022390750193588303,0.07991792818051599,9.761263240904379,0.10174849028804415,0.024253216880623714,0.16195661169810927,9.777509061609306,SITTING
0.046861258683330714,-0.026230050425565574,9.894170742237135,0.04959971069613904,0.09456279183281469,0.14515520780790864,9.793932622587764,SITTING
-0.06563041335763452,-0.00307974656553352,9.873245794748616,0.15031370033055658,0.06317927626259248,0.16122682930351073,9.829941618475907,SITTING
-0.006520741340855585,-0.00987293321906229,9.749967813383945,0.15813413886427113,0.12178664249496363,0.07432215732522258,9.774480799964937,SITTING
0.0003273983318317223,0.034167985944512654,9.798427389250618,0.13017851843284858,0.06063080055930869,0.03385528668301328,9.82050451819808,SITTING
0.08730387591470976,-0.053907391997899304,9.816495945220565,0.06793980391804458,0.10200931975868673,0.03133599364488912,9.756010184846723,SITTING
-0.0008012495206809272,-0.012526460915204542,9.949161757112368,0.15499435995250135,0.04496613557082174,0.03880833148007954,9.66462208109308,SITTING
0.03214965773666669,0.0011186617591450664,9.744442808910652,0.13802141396241768,0.26461880135582655,0.10567959468277809,9.768908397474563,SITTING
-0.09287857225834587,0.02627464253238007,9.797619423177927,0.08741734523715429,0.03218300638642068,0.12275473737906202,9.798878022514065,SITTING
-0.0009738232650672752,-0.07717929050504328,9.802861252341465,0.08443404721448917,0.10590259520210962,0.10610425755867782,9.78299594284088,SITTING
0.014722729865098603,-0.03464137780893568,9.823937287706503,0.02321087746883707,0.01567345123247694,0.09053541693291353,9.822706442515942,SITTING
-0.0013449926244692295,0.00674770979237568,9.826381961836072,0.055737555380698134,0.1008092623967069,0.059743628697865855,9.907152565150877,SITTING
3.5933529431513087e-06,0.038009666068683876,9.792714804718647,0.044198490560606964,0.0053364654270843595,0.2965927331461365,9.727454782509417,SITTING
0.09868667213679261,-0.006531135409132134,9.84721145597808,0.1355997290306546,0.006283052343037061,0.1172452775386156,9.868348989424947,SITTING
-0.007909468991109968,0.020740513344106214,9.830546049694089,0.1137931960055289,0.11565369342016249,0.008529053131636988,9.831519985041293,SITTING
0.05934465387979487,0.053807386213851914,9.793039761739506,0.07919658624579072,0.08456435044900992,0.11212560942035293,9.856692823813239,SITTING
0.04763246718462205,0.048138402276015874,9.8367067971133,0.05273134230509724,0.026102726844489325,0.11510533950619155,9.807998173588183,SITTING
0.06020005650428256,-0.018279761542258372,9.797393842061396,0.05219732959632163,0.14399922494136325,0.023393634423799683,9.853571195756134,SITTING
0.022363327912553452,-0.023792812418163046,9.81203991091119,0.05749895671304055,0.039765659685047985,0.343032028549251,9.81844119134974,SITTING
-0.048978265731727554,-0.03207156431804202,9.828109216105235,0.002489256563648498,0.13041495948515822,0.2069685680977757,9.725976089346103,SITTING
0.0373805122636025,-0.04574685206156233,9.78909954356833,0.14595758923851349,0.1429758164309032,0.003349247264988281,9.750168876210731,SITTING
-0.031739774105212094,-0.06452520075658755,9.844153129075414,0.08945236051618757,0.09605292848705127,0.045440405057514274,9.813387282444161,SITTING
-0.0073634913756472666,-0.011579330767513978,9.89553878888472,0.09260250117929784,0.2370678391466491,0.1768965025431633,9.840120952189922,SITTING
-0.021588274449668654,-0.06653546845438131,9.884800158477777,0.020630747429437088,0.06551016302666846,0.008543613675130658,9.799039989892574,SITTING
0.08654075965223715,-0.02665268866178503,9.89296353321096,0.13488367959795217,0.07962715635860862,0.1248120032251875,9.838483523937859,SITTING
-0.08323329925127565,0.011850077275598603,9.849198657149632,0.021099878139878278,0.05262558727139327,0.011285799467440696,9.733587891949469,SITTING
0.03345223712352661,-0.09961126833505315,9.776676003651826,0.026565328524537787,0.011784046401253547,0.13564315499362029,9.866772370389771,SITTING
-0.031088284379441618,-0.003824520936476814,9.810188692827762,0.0744241052860572,0.04370143774961423,0.0072889451267368136,9.771776110000891,SITTING
0.02131839094867785,0.04766881209606784,9.845294709805229,0.1432375241647187,0.057192084890744545,0.04361504460748793,9.857229618846011,SITTING
0.1392955956997028,0.03927287777754415,9.751478212125125,0.02672725723599824,0.2678517315955999,0.02856110680232217,9.888330081348549,SITTING
0.02501666036603127,-0.030984053915412466,9.760308735557137,0.08072039458978722,0.04442061748804525,0.13321102172211274,9.78285386742206,SITTING
-0.007997107414941699,-0.022027233866270503,9.803490223359763,0.05164409286193817,0.04979308933800571,0.11306798620978803,9.792495047476843,SITTING
0.012112907831014314,0.0033215279925321384,9.831105905745224,0.1398346125075529,0.17049402040080333,0.07854861626880533,9.75993648699244,SITTING
0.08484270368561408,0.07949603530108654,9.842515559874817,0.13584588426390307,0.06509431932366591,0.08660559154607914,9.766269416628699,SITTING
0.01406782687691851,-0.0023843938155413682,9.907341098117307,0.14166276887228413,0.06845119825216449,0.023306031286037407,9.826941092266766,SITTING
0.00211248022134175,-0.016166156228292906,9.811825311119277,0.14619668506783162,0.11477064012411875,0.08496305416696276,9.774305991728383,SITTING
-0.07214268770336678,0.031381090419025544,9.781640242449246,0.114323541855256,0.07898651580657173,0.09783003922546894,9.804039433889582,SITTING
-0.03176532671841018,-0.03853996242064206,9.690749560101452,0.03188904375954905,0.19193781829519532,0.12300800925375975,9.859917248346203,SITTING
-0.005965465590151245,0.06299737255156235,9.760945636835267,0.02499695279726563,0.04472699442196284,0.09821183704340132,9.774503110029695,SITTING
-0.19281876646202986,0.04297093189680487,9.72579531353263,0.1089228284886637,0.043121458966956475,0.26173728164203425,9.775044761548143,SITTING
0.07513638403996427,-0.05903484388405647,9.819543996795936,0.0368879536750328,0.005677393129532415,0.08535139844484255,9.816970407289778,SITTING
0.020884070250862384,0.0037346077172637875,9.777028655639185,0.05040012602365954,0.031438655970402,0.028037660473085035,9.811776823729211,SITTING
0.04581894136816653,-0.019938563301633735,9.819842596323742,0.061802771394381895,0.020862828746606513,0.057374078620654495,9.82145999665882,SITTING
-0.03526641654713337,0.07875435404819504,9.777582181483876,0.11677834605474778,0.12601841202180766,0.038518296035157405,9.903621364313553,SITTING
0.017729513930234135,0.021990048865803392,9.818130781179114,0.07700496134451963,0.17986246105594145,0.0249145338772305,9.835166158259861,SITTING
0.0053989906442521345,0.018830129661911457,9.791462788985292,0.052069258285425975,0.026829974614009006,0.00914882570709169,9.928382864846665,SITTING
0.04386811046032377,-0.07111902138809403,9.798791683525454,0.03314540840964422,0.07918866289421123,0.048937827073972026,9.773120413887664,SITTING
-0.0438376115735616,0.036752185868094284,9.725170872997872,0.09778789360960514,0.11975103068781243,0.02814416616615836,9.774868567780281,SITTING
-0.030082621444456198,-0.01981934724397233,9.868266279961164,0.17922937468847078,0.09958902344636189,0.15062407473116368,9.829537126842679,SITTING
-0.0022130060139288346,0.045808667462866354,9.844945189575089,0.27448984141487265,0.1358707844961828,0.06535479764239155,9.73840691949503,SITTING
-0.01075310180304316,0.037042703729313814,9.809816445575974,0.15217252687600727,0.07375737334390134,0.009690771024599032,9.816980310037103,SITTING
0.007534211442595699,-0.03076200430346826,9.78835118673789,0.2758460796154644,0.16284664904235427,0.09738408968097158,9.855384735642502,SITTING
-0.025997091871110364,0.04086634912791752,9.812982728250354,0.03369387202730252,0.11561151761751817,0.003187579290226894,9.808477310466827,SITTING
0.09543881366888679,0.027753016514240732,9.841440691416638,0.045049535393493184,0.12747546767096063,0.017739222719835378,9.862050283460364,SITTING
0.014530234863089592,0.07930052254791506,9.92961491918349,0.12633194514331475,0.04684253112079034,0.04460645121255688,9.837009355632617,SITTING
0.08648936937281217,-0.032976931546533875,9.763784791575933,0.026357406162931987,0.12212011497518235,0.10548672402144882,9.750089176294638,SITTING
-0.04188708371744288,-0.004618292687567577,9.78232843770124,0.13898594886509347,0.06863784830010945,0.22655611776272605,9.870528078554747,SITTING
-0.00454604015618978,0.05976020990830183,9.837041410519225,0.1852786469885359,0.15775704141494643,0.1412726813119809,9.777265019570391,SITTING
-0.029435241677838495,-0.0336448547024157,9.897096126594697,0.048823216217636606,0.03634390573708293,0.1052008310315779,9.778633461645853,SITTING
-0.07063942888956384,0.016012243726192785,9.795555379283298,0.05153875645012687,0.1678519748890523,0.01901477753095019,9.84626244782041,SITTING
-0.06677326467240595,0.05037607211968495,9.846200112750001,0.03828109659354614,0.1625036314509744,0.1453594950662517,9.813474127608021,SITTING
0.07691974922191391,-0.005014679439900343,9.809244320495702,0.20786153904786303,0.02582222437501886,0.1314322851407777,9.810145039522773,SITTING
0.03458525568039938,0.05414839359906045,9.883734699267285,0.020523592577446736,0.05872492320322136,0.01812611004225207,9.793098786533417,SITTING
0.036374510207838266,-0.08823740719657513,9.773319602695668,0.02255183044419154,0.15871272524080254,0.0613844377401017,9.862159969501109,SITTING
0.029791593225527366,0.00484974927281518,9.782266656270597,0.13523425031098762,0.06470856556874054,0.10304897985298728,9.823056072423393,SITTING
0.016957084310393503,-0.039625892403682375,9.7812967643216,0.13364888385704266,0.17772639038132337,0.07998744073684523,9.874517002812354,SITTING
-0.039612704638737825,0.002450108413615488,9.725078654538134,0.14385268369397536,0.09963335838654738,0.12850258390697022,9.847423939650167,SITTING
-0.03322927439742969,-0.0635401254563269,9.835474743082777,0.1842256782860181,0.026223807866562344,0.030331285840711653,9.871487248346726,SITTING
-0.06198034056902612,-0.05993127237298612,9.926999816096624,0.032267721210996136,0.06528927956903095,0.0191930840617639,9.825095401233975,SITTING
0.08704290385072175,-0.013069783597643676,9.796855876348232,0.07314063512774156,0.08649616455060971,0.07279472620626093,9.791509909000602,SITTING
-0.029048850703732282,0.0012992821901297463,9.76192386563354,0.06353913238732314,0.221546896000385,0.22472373285098912,9.776679440339517,SITTING
-0.14380161410232084,-0.029141155048859373,9.845793316858204,0.1442174303593869,0.10422919936033015,0.06583919557524685,9.864483632324006,SITTING
-0.01922912218601065,-0.03524565235511049,9.759714350978875,0.05644964211729529,0.10590680288024854,0.024274557109707856,9.826575741565552,SITTING
0.048129599142290105,0.020503980450911938,9.772344420990136,0.05761024164685875,0.05251329907696772,0.041915865847400244,9.912020397629446,SITTING
-0.020637204711077446,0.04931467165546858,9.78656697452601,0.1388838819539992,0.13024916555578472,0.1452590507952045,9.829091238272035,SITTING
0.08567648646701398,-0.06479679212753733,9.827414312383342,0.07833235925356666,0.05365198458054913,0.10795842217637383,9.71036669406042,SITTING
0.07793132584814073,-0.009261979757811819,9.918344201740815,0.1302949926519495,0.08480982133510245,0.008622769428099933,9.806586167589481,SITTING
-0.06696351577426506,-0.06067433666033274,9.762064813542821,0.23209672252662306,0.2613277918011304,0.07049891473089098,9.76328784112162,SITTING
0.0687589528803622,0.07494305575588543,9.765329045708036,0.04171616215753984,0.0049866300710167955,0.007976092513502286,9.83364228994883,SITTING
0.03641190536529328,-0.005686046944072767,9.85465339134934,0.06476518405374503,0.16171299211561121,0.10222053049258543,9.676405771176526,SITTING
-0.054297636678926745,-0.032543970174351455,9.857410299741169,0.02068433463146005,0.04180789873059771,0.13174857806561918,9.79260501584916,SITTING
-0.07238533840391777,-0.05638717178638596,9.8386716895844,0.1375973837912579,0.11888642158521251,0.1608776660307233,9.83308505912916,SITTING
-0.026480409978477937,-0.029896969839617444,9.838020731610436,0.12302954798957517,0.135110860587232,0.11335727440817173,9.766036315735981,SITTING
0.03719148172910621,0.027212115682419036,9.814265225752374,0.06773210412697715,0.0025248345729506766,0.13378336775244426,9.7977497851934,SITTING
-0.008084455401253056,0.010995720356438886,9.780946634997,0.2394185057571584,0.15927690016470966,0.22946889471625492,9.803285641148252,SITTING
-0.009375194186438646,0.03982074308651838,9.812731972082252,0.029262283037118322,0.0918409450558049,0.13656341848196735,9.761728866109324,SITTING
0.09192184497641646,-0.06974778028228948,9.845480051070075,0.1409582767196902,0.03903313816984678,0.20610229304479594,9.784170845185665,SITTING
0.0050311055417721065,0.02056563963042891,9.872578969134135,0.0043765995391505524,0.12117850634872016,0.06569686270487601,9.825047809917352,SITTING
-0.010655687704639458,0.012260488258791776,9.765277789990641,0.09867105303254986,0.09170981967549785,0.03277313896965832,9.849495183623786,SITTING
0.05385962521338949,0.05668308133372578,9.990141606790544,0.0541589067558434,0.18204009231298557,0.1512635254401941,9.789418285014374,SITTING
-0.024934251196818975,0.012790620539274463,9.800865011403905,0.08185008529981731,0.19627487850530118,0.0021853277293721607,9.798598401578953,SITTING
-0.09570029140067438,-0.02320510570795758,9.844368662111876,0.19375467509326466,0.07546185675377268,0.0659282399230843,9.788103721563125,SITTING
-0.08680210297756968,0.054762451993698606,9.77153344228248,0.2152834186339027,0.15135213534583392,0.01463172976974167,9.804917221398732,SITTING
0.01730734719762007,-0.031061731581207157,9.847319743676112,0.07653280549998996,0.005960484328413604,0.021204065541802306,9.81298069282592,SITTING
0.004271934260995488,0.010468291339053575,9.898312120483594,0.036755528030042756,0.14045978671244824,0.07295873969757018,9.807067072429517,SITTING
0.013988385386410816,-0.0383728306087588,9.736732980827751,0.11542973934742755,0.1298123832581259,0.12456358328028029,9.845722329092133,SITTING
0.03938146794774774,-0.03438163285368454,9.75515241014227,0.011143075324772933,0.038261589045734457,0.025807887286771043,9.796989145402458,SITTING
0.008635220828847682,0.04978195963052235,9.69275138652394,0.0011693871911712117,0.0012882726420195487,0.016368995454935545,9.84384696075799,SITTING
0.04790176343144148,0.0018848108724369508,9.740031347692726,0.1579697035146007,0.1129407723231631,0.08597657041660195,9.791574892228981,SITTING
0.10058607877213735,-0.032916143639058974,9.856390972805803,0.050191293602099396,0.03390604882140031,0.1676637548616744,9.850236239915825,SITTING
0.018194568107502692,0.00029748555239658496,9.820212747132851,0.018800881484483764,0.009390060666891527,0.008063527975270636,9.745219258551497,SITTING
-0.0361718611581544,-0.12797058580848714,9.785275369905893,0.053764506509714954,0.026386415113302628,0.24801543515313923,9.727902158684868,SITTING
-0.018232102705856634,-0.019466512292947824,9.7706959400596,0.029988066551334666,0.14081229539416237,0.07758532046813284,9.784779155083806,SITTING
-0.000270566732635403,0.04669562714804604,9.81021052604379,0.1040374130931038,0.044660484238825744,0.011862995074671909,9.88179459650623,SITTING
0.02914140347280695,0.006057350406428729,9.880053467781359,0.1294678323045124,0.18936620223706613,0.05539308478552221,9.765396786793396,SITTING
-0.034990747182898706,-0.010246636249833348,9.79562848958869,0.02108795728331731,0.12253075172403138,0.023477613454946575,9.861383732135907,SITTING
-0.03357487569737431,-0.04348121312005101,9.820654528743448,0.02669412623830629,0.012595273979429417,0.07584601743190691,9.806708078411765,SITTING
0.0308919109439611,-0.0776677618997178,9.766967543404263,0.05869136949167124,0.05543797233026288,0.09155379938370026,9.798814268245138,SITTING
-0.03154275193562097,0.04454399004746036,9.913562772707744,0.06350557047836909,0.13393630640715723,0.0843370349795475,9.785776966681146,SITTING
0.019773472002279205,0.048499637763279174,9.769093288918116,0.15332991110401267,0.009826442644124918,0.151013071434825,9.818228197960694,SITTING
-0.005798562638073199,0.023778659262129093,9.748563661977721,0.01750214058313322,0.1595185402403098,0.06928961936367839,9.852838328691368,SITTING
-0.018647925510656284,-0.04579633030555907,9.785155047642371,0.1044929188178994,0.03931460050985091,0.1618469411443344,9.747565756205425,SITTING
-0.06523968868104209,-0.03596784384192077,9.865210726040988,0.10603619506667351,0.014502757292243165,0.048889740937716565,9.823516642487048,SITTING
-0.13296405920236995,0.011891483790398925,9.856737406477068,0.07246323158560751,0.11265149187347837,0.08570653744603843,9.794201095250601,SITTING
0.05327073891191758,-0.030635362732824824,9.832795131658383,0.0803692593921197,0.19861972650791304,0.04583202218705855,9.917324629749528,SITTING
0.03561916724332281,-0.03150646367241628,9.755902706041052,0.04529688335074053,0.2403311880382046,0.017267255947856407,9.794212738380367,SITTING
0.07838251798937518,-0.04057909964065212,9.869032161583023,0.062209209645108475,0.16070265134276854,0.20826190437340514,9.81331794980046,SITTING
-0.004738533600256584,-0.06627865822954912,9.887624018689253,0.07457850173811903,0.0763099185051054,0.1567523320198409,9.779792173564132,SITTING
-0.02274503340525667,0.019526170581552944,9.78419759219491,0.10465244160535132,0.04952640643767153,0.04158704168507638,9.840495607976203,SITTING
-0.03410109074320257,0.048214782231379635,9.92732006619967,0.11563853008413226,0.18928318913651576,0.12207272382960684,9.910705282071303,SITTING
-0.026177687131372557,-0.04157309195512296,9.753290278844236,0.0282470616166451,0.060347208864306216,0.21740194274372376,9.795149824427854,SITTING
-0.057009859887805915,-0.052375757817331094,9.764600412891095,0.0847525494026711,0.09198829317679477,0.11031960730586848,9.75898077246098,SITTING
0.020073298379226414,0.019163082219898084,9.751391347648678,0.14680296071963478,0.27388229415282445,0.13348357375846626,9.799558363138258,SITTING
-0.038036692338850535,0.010095928266081973,9.753076870442285,0.13896977865979004,0.06196016818135487,0.052123306577582115,9.824662683999678,SITTING
-0.04950875192852254,-0.005557774034613381,9.898248592706322,0.11511897695753842,0.09691326623816965,0.07748515710123026,9.710072533144261,SITTING
0.02661860056483617,0.012837430172834707,9.832529916563956,0.07630351818179039,0.03346892883276051,0.016218854767666074,9.785163937197563,SITTING
-0.051037010510414926,-0.045404776776449565,9.766663488333315,0.0702598524476074,0.17396275635535602,0.0939170424432326,9.761359048565026,SITTING
0.003984048992270693,-0.005738789212175913,9.83598187341343,0.03588631784836341,0.16647695267749654,0.0178830600956318,9.846987977591057,SITTING
0.0014810570978458157,0.025348636029007797,9.840656124961459,0.1519849852763841,0.07400826010234435,0.05206250405038207,9.860056243336587,SITTING
0.059924117619194965,-0.011715633208119873,9.797435956933763,0.02054337240572865,0.04891876972385442,0.07025208827339366,9.69503056079735,SITTING
-0.007627247381855904,0.05536400123560415,9.788094253634755,0.16392418183632884,0.009354819998881117,0.0674923467441964,9.846536839639906,SITTING
0.04409091401003325,0.00105715624801971,9.74862378786808,0.054380455660721465,0.16572349606742778,0.22428664700517603,9.852254627061077,SITTING
-0.013798154822750042,0.03772162566244159,9.824053611250882,0.038344410576185,0.0458244360659381,0.1808338367054328,9.730658686768635,SITTING
-0.038608234343232586,-0.01640545047083928,9.850999956795864,0.062084926781162175,0.1953751885729636,0.08371522108411915,9.817993040422648,SITTING
-0.08238467673847961,-0.0022169624792968755,9.790657952100675,0.07742872230509239,0.06910096272474422,0.0323643129855644,9.781323266375889,SITTING
0.10390783085550147,-0.02142858531998199,9.832044050569724,0.06455224922103618,0.0752750225258872,0.0929088403610932,9.821349439098123,SITTING
0.00292385342340697,-0.005536714093598978,9.764410105916967,0.043913162257979865,0.06412673752655335,0.09021645565727951,9.80715457437135,SITTING
-0.027682324227539603,0.012528959640262556,9.798943588604294,0.068056093819747,0.14008030433825525,0.020935890964241977,9.911104673961217,SITTING
-0.010815016423175481,0.027806583326042654,9.810767672587799,0.08883045083134937,0.012068909551914433,0.13804711054283936,9.80885576547933,SITTING
-0.05461681489755053,0.005272709303868753,9.887557354069902,0.12694573108029034,0.1936655828739978,0.0061512021444491555,9.775889717342912,SITTING
-0.04634424161430901,-0.05226891876847829,9.878292831266567,0.15919602950264222,0.17701389048045568,0.17460589249202313,9.73102544930387,SITTING
-0.027420184063178216,0.02500481825359696,9.810153181872034,0.05434994950947576,0.154820478465649,0.21843833281815378,9.73456514167331,SITTING
-0.020719335805451763,0.02041759912003975,9.827742827012889,0.0007667849209706742,0.012575649152355303,0.005278926345544818,9.71164788208044,SITTING
-0.003717475740396109,0.013999021425027566,9.781475765717946,0.002066695603511852,0.005039444081544955,0.002095002646283997,9.704975660455931,SITTING
0.03264401857361441,-0.011599955373878368,9.906648158773427,0.06916485388987084,0.04673145087543316,0.02970910214167389,9.768878494656422,SITTING
0.02956600802869217,-0.037924957857301704,9.878501318818811,0.004611640115092769,0.04993732013418966,0.11102442577895195,9.87336272238699,SITTING
0.08383176703184819,-0.036874347197103134,9.85691956670298,0.10234705093035475,0.08249025317863849,0.04286821094851808,9.838797187173554,SITTING
0.01492139497414092,0.02033474706887804,9.813088543568828,0.04388042588920964,0.18425781722524429,0.20628898196781764,9.814089920438787,SITTING
-0.08058492209685975,-0.013457423104480256,9.889985210052405,0.024977587503181076,0.25145434623013013,0.16721263095893824,9.764186073371572,SITTING
-0.013261437611235105,0.057655964412870374,9.779273533041323,0.15611317569487992,0.09770401894370584,0.06981584124750106,9.78353693453878,SITTING
0.06813704134994812,0.04983286219854016,9.856037728262862,0.006989791941210591,0.01130824240623244,0.081162882372473,9.818619309679406,SITTING
0.013369565039870305,0.05147079025501013,9.847723291446757,0.10068016448352908,0.01863696915146143,0.04287833699834165,9.815188360576505,SITTING
-0.013406351531392503,0.0027667917214393256,9.820445963673889,0.014009965171690689,0.08187111007693654,0.15501390425553535,9.82834983205299,SITTING
0.06325994439764747,-0.050218720387696675,9.723218456207249,0.08842319165190898,0.06932713754434303,0.12313068096727535,9.769675251265099,SITTING
-0.016671185414120642,-0.09766114283673881,9.780431288830403,0.020429456948420438,0.09571024469361403,0.03417698634891139,9.768629662507049,SITTING
0.027799852578572204,-0.012354585222926205,9.852273026648719,0.13046029093892236,0.11311108396894742,0.013913921778504035,9.868243333453183,SITTING
0.051734984804364094,0.08154567700193065,9.873340180422167,0.029543658373229906,0.05416381281356505,0.013980209151506488,9.80118074363928,SITTING
0.0438954898876501,-0.04928793865252419,9.822513086882275,0.04379224926030843,0.1288592200627407,0.12845362375298336,9.800973999528123,SITTING
-0.06331793274232048,-0.046453874828689894,9.761536001013061,0.026632670827507622,0.1476178733604915,0.15604042110786526,9.774378853579195,SITTING
-0.1265791564250623,0.022644837877996312,9.797692008784074,0.03868574633690241,0.17458710583756384,0.05883090132843572,9.862993651208546,SITTING
0.014823378302461275,0.027567583947925942,9.802721617512857,0.04181422536403373,0.05130207102988285,0.02531209504326619,9.910591761743307,SITTING
0.07960989570190902,-0.052930294270741904,9.739007123270753,0.06907094319451611,0.053438744187948084,0.23087245923576638,9.859326552141013,SITTING
-0.025454732528675368,-0.01733421764682551,9.838362085340346,0.1435268755244199,0.013313726773976013,0.026563397828056237,9.799198385844917,SITTING
-0.014796377010438176,-0.050425764639546226,9.842304046881887,0.09833206786258894,0.10957197008450764,0.026807035546436805,9.777315271064198,SITTING
-0.04453340666228506,-0.0502821229857377,9.796233873595643,0.2077327297050473,0.010544952135551462,0.05898030441669337,9.704092140919133,SITTING
0.033117315987664334,0.08513871074006402,9.679973203628549,0.07357060240221239,0.2448527088651606,0.04246955792591652,9.879724787705616,SITTING
0.04152751451650671,0.06808589294008707,9.868010538405356,0.009705693139049551,0.046672645623483985,0.03686769154809731,9.805761727752998,SITTING
0.06711267631518052,-0.013206722500273231,9.763395679322132,0.036961103490318725,0.10551002716225308,0.09031384080889997,9.824778568020157,SITTING
-0.0037302694559377247,-0.001436416145537194,9.758521770388642,0.03571347104345411,0.02048183270854228,0.07712730301092932,9.877753167618746,SITTING
0.08025990076047626,0.03181068849928815,9.871249070402795,0.049071352138809435,0.07491989346880626,0.10179733762901656,9.848794754496952,SITTING
0.07066864623426035,-0.01016862601152262,9.777502785234615,0.08204616215115826,0.06735434435238893,0.03267213517065729,9.814425245675144,SITTING
-0.04172574277860709,-0.02907971970473668,9.77264418694837,0.11200943391950573,0.0741830321846106,0.13946574516920052,9.76953651436776,SITTING
0.03721573211813447,0.025556920894982068,9.820871032121815,0.22443112524232728,0.037357447863293716,0.024311001607511123,9.843285310742697,SITTING
-0.005274268357888828,0.02039724965427181,9.902093900104562,0.010924823009538273,0.19380087167915513,0.09810703695107724,9.829910519105804,SITTING
0.03930481600521876,-0.0378643964084619,9.79493340692983,0.1976753729848928,0.03216221912293651,0.05666697554137853,9.818931658533533,SITTING
0.06139939047928005,-0.05448118728004004,9.813728203103025,0.012428209094628322,0.13530880549924937,0.07178033053225852,9.821210250403865,SITTING
0.0034465526154236316,-0.010071162965704712,9.83389059231347,0.05436527343029612,0.026719369792330507,0.014358346597725696,9.760547708181763,SITTING
-0.017473561895868833,-0.04220743778524691,9.80800772886096,0.009233220485402802,0.11707831479812558,0.11727269777566897,9.84203397136967,SITTING
-0.00876541600820144,-0.02912870099222179,9.75537982359776,0.13542675615783623,0.130271314828497,0.029205240112595135,9.877164192737553,SITTING
-0.007847240263858938,0.005671062431979568,9.793974113816702,0.18957074818675057,0.06607316239555339,0.19744603266068356,9.79359148506072,SITTING
-0.06541095989481853,0.03722043062144406,9.825570417559467,0.18616234583088176,0.020622367978430183,0.008076862110108517,9.811010922106588,SITTING
-0.03763787484285531,0.03242123051158196,9.797298971691466,0.10992628254007984,0.01407240256212466,0.20640140182118133,9.785646279585793,SITTING
-0.014075328071038454,-0.016482226190423065,9.846930403304672,0.1418363114933871,0.0957738828932371,0.039201653325472964,9.856533482398456,SITTING
-0.13451378156767677,-0.010888886870907832,9.798787060428026,0.1169252564126162,0.03332291822892542,0.12191833809492873,9.855163349716241,SITTING
-0.07371914346590741,0.10054573872835612,9.869544296643326,0.05013533024656419,0.04284081072387682,0.03249148497262942,9.885049645877055,SITTING
-0.023804923472142303,0.02250839350290245,9.745378541869995,0.008639928567473261,0.07767168478693587,0.11912624910088047,9.88311531842781,SITTING
0.058095430981402255,0.008338288682094654,9.698167742338965,0.30111325476900086,0.038006843834275494,0.018743294197867313,9.829375357996426,SITTING
0.047531393656325624,-0.037042486573960524,9.794375256092938,0.25305457232242023,0.06245906332499918,0.032747562667325356,9.861684061487894,SITTING
0.04372938229049037,-0.01035203454435667,9.828062614168177,0.21716594366486114,0.1470882292171469,0.02841627421933196,9.850758137459223,SITTING
-0.05446122459366313,-0.00035158088491110803,9.796815046706346,0.06042863222321988,0.014469628711971244,0.17905109976279937,9.855938601916897,SITTING
-0.06320937979958526,0.05137977510140531,9.859552971211128,0.18897752953207864,0.02417536275583842,0.00038860202166234037,9.777364671626124,SITTING
-0.027681165706282124,-0.014654913890658568,9.751499815678008,0.11779632895993344,0.034770286242899344,0.019162153076635314,9.907059990350852,SITTING
-0.03136287314307848,0.024421135768373063,9.818131723495009,0.22751884611081025,0.21924508231385925,0.11840839787761161,9.75261643118015,SITTING
0.09131102392305669,-0.03630630832965858,9.783845800165267,0.022956107814759125,0.04803794002091702,0.1870316500139314,9.829333096923351,SITTING
0.004095270630203663,-0.039264370577762324,9.931127778729797,0.18627595622962556,0.05891158497110346,0.20818760934989877,9.826485620824007,SITTING
0.0756063071188327,-0.03784614324518722,9.893684534866068,0.027488743931488382,0.19246767428475672,0.04947734025371799,9.78342247775925,SITTING
-0.013502744907215604,0.05516445612674268,9.694291800866377,0.07389659448048372,0.03254717093581023,0.05783447924360212,9.84001983521594,SITTING
-0.03189020337387676,0.05340207467176547,9.730593503700224,0.2641982640147936,0.028462979717755084,0.023796477815856185,9.90637191213425,SITTING
0.03944473153922434,0.048618821683191496,9.748816536396962,0.06809378270039995,0.09210286893314037,0.07707565235498434,9.816343232289018,SITTING
-0.04774820178215015,-0.07421002158210654,9.840333325674495,0.2950455734131501,0.06152542733462816,0.0670447050412966,9.786291460164987,SITTING
-0.0430079389630701,0.039387067792981845,9.876276128467703,0.06590362647317351,0.04417340689941011,0.005720906207215229,9.80502669361532,SITTING
0.02874132422309311,0.019610297777140774,9.809588381771524,0.055705383682536386,0.031844920491022125,0.07972115391662733,9.742664098410742,SITTING
0.018535278355779186,-0.0244692014567418,9.821387696062942,0.13476378150694274,0.05502387211452319,0.059212128207297154,9.742660075703883,SITTING
-0.02574098311986874,0.05353519615055829,9.798273853695951,0.06973976863003002,0.11130732322865353,0.1190532462151185,9.78830327182231,SITTING
-0.010351198034301566,-0.07571884307687227,9.800928806944096,0.22839141981831484,0.04959699672367044,0.008349359346976379,9.870367661973614,SITTING
0.05901589195888125,-0.049920423555746406,9.834989586524848,0.1933750034214236,0.09096631077101232,0.09784096833437766,9.871848002022512,SITTING
0.016410448421438198,-0.04993099024118906,9.787197916285702,0.17092795388889936,0.07247433203510953,0.06190620782430764,9.8932736523066,SITTING
0.06315945615090165,0.05770366485781491,9.792064687961693,1.6909737390380375e-05,0.024365482650081406,0.05385732419762537,9.837294229265982,SITTING
-0.07155933829234436,-0.06752087378387502,9.822023137240086,0.1380263205600717,0.032043295101386246,0.24149045049784051,9.777055227250209,SITTING
-0.035114860659561785,0.021051434747279173,9.788914407407825,0.10478404612786617,0.1291578456695117,0.12599519260721298,9.820716627347107,SITTING
0.0093023856075606,0.07665817284065413,9.855691332807279,0.19416461833422005,0.06886096512984931,0.04769318210905636,9.845220971273386,SITTING
-0.023620607205417116,0.019551458951295966,9.763348601457936,0.05432775941107171,0.07157847113854848,0.05246259885567971,9.855336431667732,SITTING
-0.05145648390391525,-0.020172481340172674,9.81358156383881,0.07468869015322667,0.0099290590805561,0.12868600687351572,9.806070343472204,SITTING
-0.025640940472817172,-0.02730528088048488,9.825351375896469,0.012284421718872715,0.016916977768078927,0.005171273575467775,9.739434086885504,SITTING
0.015150814623748142,0.027061950416118016,9.780956043091136,0.24220369396065472,0.04176213109768533,0.10613429830998887,9.832458752869407,SITTING
-0.012871526205542331,-0.04046281102817563,9.755250969094387,0.015359928518167115,0.015777536251876292,0.06349741648992573,9.892523655931118,SITTING
0.03777308569354816,0.052234443447472495,9.858705923411685,0.13331303283983445,0.006220373694267166,0.06409108783869472,9.813434804219115,SITTING
0.035678307578951345,0.01693293526060495,9.801908536849282,0.05555387408916663,0.08334636741935265,0.11673944380578351,9.865752002167557,SITTING
-0.0030434784965529013,-0.016963063734679155,9.796825026353698,0.02362946944234461,0.09579377815243736,0.0608016393980767,9.829818403711517,SITTING
0.011143199810514655,0.02063624921256113,9.781365192447085,0.04418027323249556,0.2857004443250514,0.01987353154257636,9.889845931780762,SITTING
-0.027226405846734792,-0.03995261072758102,9.74789233246042,0.20931062215029256,0.06381069864610342,0.047244406348443325,9.795674431955888,SITTING
-0.046889333317058024,-0.027665137016932514,9.91030525487087,0.0924896104172403,0.1331469519553989,0.1324659562849253,9.822463772966008,SITTING
0.008422538496624719,-0.022752216686612325,9.816492391523344,0.0206329706696292,0.022854206935916024,0.016471652548266304,9.763705923332965,SITTING
0.09020523322931506,-0.012387271281469117,9.848798408044821,0.16244451430933582,0.06082860679643278,0.08544896173623505,9.833494376650322,SITTING
0.08478062666390433,-0.01017746910742654,9.878243468692753,0.2573256706682891,0.029063093358954177,0.0039264711227364885,9.814323807547268,SITTING
0.10154768086745745,-0.051798958963843456,9.81298309468485,0.13143081213896174,0.0026762828838568023,0.08113953574120188,9.829931848797214,SITTING
0.029021097004812053,0.0018295651601065342,9.757606684700551,0.13516569636800563,0.014668782173721688,0.03653845669367703,9.800372923077553,SITTING
0.019276356342088984,-0.010800479498048084,9.850527099947348,0.24793336183838782,0.25907855142107006,0.05970406272444893,9.802719810178253,SITTING
0.03395960709620895,-0.045406405187433004,9.79445804258625,0.16561146166453072,0.03181956337876233,0.03719488212703223,9.87379111317411,SITTING
0.009404978307637415,0.020300514883293125,9.82979490534717,0.18843117530307857,0.011880004237137247,0.12322676199282319,9.697302941965932,SITTING
-0.02996372391325723,-0.04076682485207616,9.817479414278536,0.15160302195142722,0.1645622890945603,0.267009499187626,9.828233350488125,SITTING
0.0073170461874589934,0.03989402626206104,9.778377790396801,0.06866148260735694,0.06274212679377154,0.05468579584583377,9.861093907065344,SITTING
0.005745636318574008,0.06534339329636232,9.757931045573924,0.05847588015104499,0.050569559100430865,0.06332955505143742,9.695017365533047,SITTING
0.012485358061126939,-0.12851814442060092,9.849751589689252,0.1618169414895207,0.035975572530781444,0.05839815774947546,9.83163604978478,SITTING
-0.011570400082662862,0.03721166837158474,9.80431865327404,0.036102310648825894,0.11358646708655104,0.13640648250557125,9.827164895195716,SITTING
0.08916149458722594,-0.02251217325191565,9.778626125780942,0.036783824764467614,0.042943270041999285,0.23875513502558465,9.882812007290935,SITTING
-0.008910950628392802,0.011966582687539142,9.794924317773066,0.07903683825796394,0.16038747417935953,0.10316987339898608,9.734689298899305,SITTING
-0.04887376665763577,0.013446126804560993,9.783544366636276,0.028228695878250987,0.029534393522089836,0.018246876901711076,9.803005708322244,SITTING
0.030930427380514183,-0.06574536568879802,9.808797608745008,0.07811432526915607,0.05895804037291447,0.19221418115480882,9.801956334632742,SITTING
-0.0885387211295528,0.040350082867361754,9.762224061579039,0.026347948459426368,0.09976610012779955,0.1960903426144534,9.87928463856011,SITTING
0.023185693963772347,0.026846854362064337,9.757443413211192,0.012079047007344183,0.023216456761956925,0.0357894757342974,9.878090372016993,SITTING
0.0029586732780248048,0.054971636542935055,9.818951045711476,0.026470772958796254,0.1677619013231722,0.07123261406678989,9.862147657161888,SITTING
0.05344446377720993,0.01159068577426142,9.769653895709512,0.045399117128738814,0.10112911472382442,0.07345700199365338,9.777707692434207,SITTING
-0.057753781048006964,-0.0015015520548896742,9.793512842056508,0.12858464131561503,0.0674498389658808,0.15203818741776798,9.813270200391623,SITTING
-0.03837732506150766,-0.02170643595896266,9.789583165967716,0.1942940067837931,0.0328129214189226,0.08221729566400084,9.808793426524586,SITTING
0.07346067198634947,0.031100346690635917,9.757543563505608,0.00514328123964021,0.06262262814246089,0.11661892380266074,9.861437759063211,SITTING
0.04536368423958542,0.020191254436602836,9.776206081782385,0.0670202824613539,0.011337748751464906,0.05308152774500663,9.812245079953003,SITTING
0.07253549620672116,0.03063122157921099,9.842934540695282,0.1108926549445604,0.011484146984472164,0.05643724104341996,9.791163298647964,SITTING
0.053058136618692534,0.019009997160233355,9.860355721449082,0.11006831090159856,0.04579746966156636,0.1466704981396601,9.792911224324962,SITTING
0.05171133370023814,-0.007691132512457814,9.764479116291515,0.10499991784960076,0.05487015346631669,0.11889016685637292,9.747017638439377,SITTING
0.012886487060552634,0.03381084117783467,9.809864583657584,0.11106942949172453,0.07862115546625031,0.04453530552355297,9.814366865933746,SITTING
0.025490895422348,0.09562592537343395,9.815616603419361,0.20111411600126733,0.07577550834268766,0.04004716723522466,9.82541735456576,SITTING
-0.09960325324106863,-0.03450665431554128,9.815492154656692,0.16939822731788445,0.18306243969983943,0.026345342035906525,9.743607989827918,SITTING
0.02023737526577518,-0.03311571469463236,9.801408747766164,0.004097674950568467,0.08353581270481475,0.10503036740090903,9.818693653016336,SITTING
0.0927011900219301,-0.06097436280788709,9.894780493006463,0.021017809113160313,0.09708915863683051,0.017434031940639895,9.862188021185878,SITTING
0.023650397748370258,-0.021684631467315293,9.990567503140785,0.16985736708662524,0.13333423042072529,0.014703576925779581,9.86412620543985,SITTING
-0.0495302168537914,-0.04272815325817268,9.83697737666805,0.08191964446421204,0.037031353789089595,0.059120357841522475,9.742098962014106,SITTING
-0.0646812768041147,-0.014460478898018771,9.846642090349881,0.10950088021082799,0.1531678537001218,0.09903498074607976,9.876811115918011,SITTING
0.017945499070634294,0.09392074034615505,9.840464255820793,0.1542746632841343,0.044444791877550675,0.028097529284428713,9.799525300565739,SITTING
-0.08842928349567407,-0.04103174339702965,9.794079821297295,0.12272793759371595,0.03839261138379254,0.042793578949948605,9.876078372852609,SITTING
0.007778755637927851,-0.060292543259274474,9.747423860284774,0.1088788877223153,0.017568452477738035,0.04254197698964858,9.795022725245378,SITTING
-0.009330661086430233,-0.03404893566652505,9.856084564907139,0.027886720838357856,0.100788033311976,0.06935915640340178,9.715031311110165,SITTING
-0.040096873753185755,0.019105375640395394,9.74401356719255,0.03684059178366742,0.08266317859767969,0.031527408802051654,9.697868001894038,SITTING
0.04910576560825304,0.03903258614410122,9.935181832114417,0.1707186517934315,0.11508321093468157,0.1468682138083387,9.76281809806239,SITTING
0.03901112373007179,-0.022121800308677435,9.825020804977564,0.0705960716209084,0.21441681361472947,0.23149259100865127,9.827878516051564,SITTING
-0.07063410335034559,-0.027849135214887202,9.926807304979981,0.08578544011046552,0.13997795795175225,0.028795568763300902,9.796732056291404,SITTING
-0.07466264655157992,-0.04013301829816127,9.845394225720613,0.011930931089758914,0.04257048820279071,0.07349230504972107,9.755185578304275,SITTING
0.02851263617718123,0.03020111174078591,9.859292588950076,0.09129175994148724,0.06548192183469982,0.22160759463985175,9.849040014696579,SITTING
-0.05127349221991302,0.07335298915999898,9.834975039848446,0.10195028141934262,0.1262027378010535,0.1294544798213313,9.79468493441145,SITTING
-0.04938291647992209,-0.027289559790973326,9.784751088249635,0.06188465181313739,0.16901600237659933,0.1827697862931667,9.719243531881665,SITTING
0.034798062765180236,0.06613760435303372,9.778140264137022,0.038321547422360186,0.0834291461315731,0.2224418360609906,9.81897411761332,SITTING
-0.07125162534518366,-0.05787162615319459,9.769600241544257,0.15128905740373727,0.006464292945400685,0.0029604048802292712,9.895144750385741,SITTING
-0.007559869284856077,-0.03145189621499433,9.811262281454082,0.2255083605761537,0.010282471893561587,0.06810050084309452,9.844445264745302,SITTING
0.0503441789341123,-0.041828690958493134,9.762457733277047,0.017673774061251,0.10844930246968962,0.07600078976522555,9.857162731817164,SITTING
0.026413038033221876,0.0361487344419968,9.876933898711654,0.019434990491091948,0.07874061548536818,0.068096361784702,9.791237410468232,SITTING
0.039377670340252385,0.0006765686870641589,9.78548357778287,0.03840012738394142,0.06389734837147643,0.15254065707512868,9.851078002131846,SITTING
0.028708210418192576,-0.06894741514236047,9.852750081735511,0.02415926390940565,0.0025895472436080202,0.06870201076939375,9.807569131371997,SITTING
-0.021232166445795536,0.016488827742617892,9.80408060813279,0.2305354459125924,0.09864090099699019,0.04234156249903548,9.875000622579844,SITTING
0.07055525045560676,-0.015845388814622573,9.763318289170527,0.05614976412061874,0.06524287572157801,0.28037843092174936,9.77394491119998,SITTING
-0.03119571009224565,-0.03288010080459632,9.790605308753289,0.08693948610199419,0.10819811693226467,0.1591763490916644,9.757483068292338,SITTING
-0.007904701842959562,0.005891194230699158,9.853070917993813,0.05431841762167727,0.04507072538636744,0.07377973631390594,9.866300460735573,SITTING
-0.00419554493920015,-0.0012085090713713335,9.808320729761641,0.17977738137911686,0.07080533268294423,0.22758468947911953,9.847447350589201,SITTING
0.05151583477368357,-0.056139960679939524,9.755364906837647,0.07778428094718479,0.2744419387763796,0.17462627809986808,9.814567008479344,SITTING
0.018114840182327684,-0.015307805643312142,9.76746380047267,0.06591652603213882,0.05422611938939608,0.23724486608087242,9.814813805349187,SITTING
-0.03300820433067799,-0.0008314873556360482,9.891964856760364,0.13686540584366283,0.06036922784764595,0.14239743341675953,9.859078648775691,SITTING
0.025851382241237886,0.034342058804135135,9.818069352481725,0.02458741768098965,0.01481628789401488,0.016730960547095858,9.763355352869729,SITTING
-0.025367259799201805,0.06248976842553165,9.802121902222312,0.074176688988431,0.06733196445119272,0.20875809128423667,9.804736308759894,SITTING
0.05682674278873841,0.053764227750178195,9.833729190984698,0.17329093740618798,0.057766099646898925,0.03273967523831775,9.773420631484258,SITTING
0.04987104690621754,-0.008339705240811185,9.79345882386379,0.13930043681997123,0.031116785915508698,0.08889585360402898,9.82934814159429,SITTING
0.06747365526308119,-0.03825868574958441,9.832495444441562,0.03294677345802875,0.14213976838403983,0.15119055837497714,9.865743092745303,SITTING
0.03534644925680846,0.026024435844245426,9.859196345460312,0.04956424072441601,0.059460759846102426,0.08831903853773275,9.871622496502333,SITTING
-0.021088454388295326,-0.0021769720148522255,9.768970735207303,0.12869890098107922,0.11789321805205111,0.047426620516075255,9.800804593598103,SITTING
0.05482968945910617,3.285347117840375e-05,9.811459187902772,0.07075282778634226,0.0836382128406456,0.1124920464102357,9.75781347691976,SITTING
-0.008761248331527277,-0.014098108141514304,9.809938748084587,0.04052561597764433,0.14054953203063783,0.1334027568726331,9.781054702851792,SITTING
-0.015507249750533967,-0.056009809150047066,9.762019634389409,0.13601203919849664,0.07018124860758687,0.2134274485976531,9.789627163998658,SITTING
-0.015958224160908432,-0.02639816052586392,9.82354941073436,0.05291040671484113,0.010991450183827252,0.17511489130189023,9.838473886921028,SITTING
0.0380884863131887,0.0742566207130534,9.848015965787972,0.00851858525992847,0.07922725266505484,0.11262442660633178,9.865151549158632,SITTING
-0.09117463675247932,-0.05001714180162376,9.801179647318584,0.08536795955057044,0.09576324449489071,0.037321074833405875,9.857123640761175,SITTING
-0.029605706066750167,-0.03239667427156727,9.852443691514253,0.08692655346561898,0.07855960077744592,0.030084091616278896,9.857096245648181,SITTING
-0.023909334861684985,-0.00012703427068525377,9.82472963104717,0.16009812104995985,0.1062717335427299,0.058633301878716265,9.729843015642166,SITTING
0.02826275281289935,-0.05504884881617305,9.792394750292779,0.056437776423796396,0.23024298804711982,0.0839492162970036,9.890221597039384,SITTING
0.020064120808860258,0.005478923583946714,9.883715646964587,0.06474224414226123,0.061957135614107685,0.06317252880651517,9.799345955514605,SITTING
0.0405167314228723,0.011094918062315278,9.804287804294894,0.09005223910307124,0.18980502845365954,0.016145410995077075,9.745455022173408,SITTING
0.06261377387653076,0.010181625855981584,9.876767267836852,0.031759129926408114,0.11040512299670543,0.12625271113450137,9.791425154667817,SITTING
0.02359058697530725,-0.02418320350616583,9.85319210468194,0.03566126435500114,0.12852366136499785,0.18097571658740363,9.703869410536246,SITTING
0.029108349836867393,-0.005009388588612157,9.761080352993632,0.0056279064870410345,0.18344253164448016,0.06373402006101546,9.792162493992763,SITTING
0.032226634365652346,0.06528981035595463,9.79520142480569,0.025681905192289876,0.10220649049902,0.14182428214350015,9.699127467520874,SITTING
-0.03890044561832767,-0.04557246688270202,9.844231249815595,0.025609705139915798,0.011697839446107174,0.04909437363770188,9.875200992212509,SITTING
0.0809053391523844,0.027336689249555658,9.808526094248904,0.21147293030068853,0.02809668359129796,0.03712089790330124,9.771963404932295,SITTING
-0.007768649410899935,-0.06407421175539105,9.834054883271413,0.10171033671831091,0.05321610548653619,0.17171671348966439,9.8239718548301,SITTING
-0.026547982357712965,-0.030916146549688054,9.791887915112131,0.10136541744623177,0.06524485549536635,0.054883112480840976,9.840656412014079,SITTING
0.03459209020044283,-0.019493597041566613,9.809933496098685,0.11273726701874223,0.055278236710023555,0.21019007847698717,9.841738612519613,SITTING
-0.0632323636143256,0.036971877292324484,9.744964409970402,0.11385846660585502,0.024827355417266266,0.09765841469833933,9.750126430537458,SITTING
-0.0448387622253576,-0.029146365641351292,9.715249655320111,0.16274778587319289,0.05101075857563289,0.06355180451889948,9.822838338749458,SITTING
-0.04126352725981009,-0.08073040613316111,9.741777972057438,0.0051509569133568675,0.1298296871206048,0.08465331468192452,9.873834148358718,SITTING
0.011183984824777799,-0.004776706795686403,9.866621155499445,0.17474967235682737,0.15545902476091913,0.025291350329671235,9.741956794613035,SITTING
0.09736283693321413,0.001119981807782517,9.756955787215022,0.07318685541566104,0.08776048240560597,0.06403629067208431,9.792302008881917,SITTING
-0.06839676930456712,0.023572072237766903,9.807270336694366,0.012159749408255205,0.08881107300675273,0.019984439977723464,9.81838102196563,SITTING
0.03960300510396711,-0.019383061740202493,9.716979424890177,0.14910928765980402,0.05360325130481806,0.06069170530152555,9.783465888413469,SITTING
-0.026934634073406346,-0.015641052710622202,9.880827017549658,0.04973219124418678,0.05679628394617962,0.045778335690296726,9.834211611018727,SITTING
0.006207930192360769,-0.033674934036683556,9.78880293502196,0.12339078818646242,0.07460919604530955,0.0034246606922537573,9.80046229800401,SITTING
-0.020560340528540798,-0.0528847176577496,9.836281996136355,0.1818779685146789,0.29651540585996916,0.08864461835180462,9.71612714924129,SITTING
0.008847962486991667,0.09401356480617212,9.873540611482847,0.16165642691137982,0.06456028170579156,0.08595231602803222,9.78183125204373,SITTING
-0.03508636732979436,-0.012930278121944298,9.79214977552745,0.021763559197166243,0.04138720721759761,0.005827759620805319,9.799478953349249,SITTING
-0.05481477948431256,-0.025657972739914645,9.817169942151677,0.11039976147549581,0.04224073772721374,0.10689643848363341,9.870729490712304,SITTING
-0.02472635422261396,-0.03148838751140254,9.820096995166775,0.09474622570271597,0.1602142724832433,0.004066487594743345,9.779265995448315,SITTING
0.06369733647374737,-0.059805586339355336,9.753086893252096,0.09866359561448114,0.07616473856371411,0.07003204521973168,9.803438292341239,SITTING
-0.03499282798288783,-0.03446654813490959,9.704884730432754,0.06395631528213373,0.08471899921129289,0.03317577964694803,9.802553153458518,SITTING
0.009681412545913166,-0.029110372059657712,9.87213482396367,0.1347400060855577,0.017340888147277085,0.13362309764108674,9.769694626268079,SITTING
-0.050339627966330194,0.02396910522657557,9.773003813574226,0.07551230881234501,0.06643014140759551,0.28683934682353723,9.73705914191457,SITTING
-0.013792635731887274,-0.004763433697092738,9.699465023630474,0.02138541602930133,0.06973525428275529,0.0032355670266174807,9.844160635231454,SITTING
0.04569448707629765,0.03825985903366146,9.731707180767282,0.08145527958573842,0.026875411852151497,0.09061424419829013,9.856125722378447,SITTING
0.025653167150678464,-0.04609777872435471,9.773788934308454,0.011930257438337637,0.03275948526821028,0.15063782748037807,9.797028656648,SITTING
-0.08866770173037361,0.05167990504504226,9.787645170106718,0.20548402404262572,0.05961092921318354,0.2525284208621445,9.779493971197232,SITTING
-0.008456748033598247,-0.03495131548433296,9.791146959140898,0.08669391585821094,0.04057212810991224,0.07374119490109399,9.813610982821945,SITTING
-0.0408370433061456,-0.06518157199860869,9.81299714446986,0.023951146718664707,0.11830409072864431,0.035662973502803196,9.832189528284829,SITTING
-0.012705435579917932,0.00658554125798953,9.833702097828084,0.09288566138934352,0.055769421996281016,0.00498765267061084,9.779842617088612,SITTING
0.08314355492820288,0.049236483635285454,9.645221941001635,0.16567619824643115,0.03263479737422431,0.020818206289901192,9.77620662330849,SITTING
-0.05635662918409218,-0.054183986442905695,9.757980992457805,0.08233938550656872,0.04500901485707971,0.10558564515518563,9.834861493447695,SITTING
-0.05023446394374575,0.025864572079557363,9.751703999852152,0.018747662640352533,0.003860835943208518,0.11744048010569486,9.904287380863053,SITTING
-0.09184915806125728,-0.041535105708022046,9.755940576098052,0.12706523099222744,0.03195195128860275,0.11877691637967061,9.72392638001052,SITTING
-0.039826278758017364,-0.018467948623503358,9.842120021127355,0.11749163979182213,0.005500874572113824,0.15868180300688906,9.874346478235148,SITTING
0.03674484712691664,0.03477588700315163,9.722810817662731,0.20124557258472148,0.03732760851111979,0.0009438944220230977,9.801146263484508,SITTING
0.02408705162938129,0.0030360409153747255,9.805247899815354,0.04467840637461963,0.22121405873077657,0.09633936285052293,9.867750844972381,SITTING
0.06940450161896392,-0.005495543976671029,9.836519715296237,0.22648737104525096,0.03348232330777477,0.05664334750651766,9.828748181337902,SITTING
0.053222810407031765,-0.004841659682701537,9.728951997527318,0.15216508350576774,0.13762989615657786,0.10459547779230412,9.831121577592484,SITTING
-0.0033069776023236675,0.07040175060539429,9.813258417054161,0.15346681017529357,0.1186954564094698,0.07928737322045297,9.785154742866537,SITTING
-0.03373102621783454,0.00682302325908089,9.786574003536998,0.029370457950223847,0.008328339429758677,0.19320096713686258,9.734560021133952,SITTING
0.11034024660272349,-0.008933374777364092,9.831728925048271,0.02713772263396093,0.07209859692714159,0.19593296516015318,9.739784561832964,SITTING
0.1011433059183396,0.01074143720978299,9.789360307782387,0.02021258767138362,0.011003817451433542,0.004109483587650682,9.803770645332033,SITTING
0.02443307686302386,-0.020925749857661057,9.77144818429295,0.049222505554702485,0.12123681180904838,0.06434231875345843,9.844755725381475,SITTING
-0.046309293821200664,0.026445520533521474,9.815575711212695,0.05090102310848599,0.16228761572290895,0.08164356834264522,9.810879834541229,SITTING
-0.03497913482486585,0.07191354932361886,9.83882232463015,0.31550865151041063,0.008639176879086642,0.08840889920124233,9.82778549168586,SITTING
0.013068287105678686,0.043114923062592084,9.841829918875433,0.10747469291255052,0.06014923231332744,0.17867988527259016,9.714741143435209,SITTING
0.052808202190501786,-0.0030770302311661814,9.956680285308565,0.009446730823754211,0.04885781294167353,0.10465049536084137,9.811898237222115,SITTING
-0.015184409483841883,0.04690415834972027,9.764812564104467,0.07749021130822216,0.18546642913850458,0.020662175595629842,9.834178223468108,SITTING
-0.02530987383213088,0.03210499040313912,9.781595322420449,0.1064915924160071,0.17723639452651702,0.06030592641310144,9.91744019639055,SITTING
-0.0684335534260029,0.04101974345065012,9.834986313649233,0.1337746225555152,0.13680227066762607,0.0002254857718828121,9.821369755162557,SITTING
-0.02359223105777524,0.011102158806394471,9.826481276558738,0.04100264465438659,0.07949712816904658,0.023278797630535426,9.771263878240685,SITTING
-0.022833379495236318,0.0028820340074662337,9.878715581032713,0.06927840777242981,0.09282883324746677,0.02023574640035038,9.824666290151034,SITTING
-0.014798378652413008,0.05359999541904838,9.791341688074894,0.12072411352053673,0.31427966043700195,0.017263130905624806,9.85763954263279,SITTING
-0.009901360979870119,0.011467392794973715,9.746274489534754,0.2490147773818276,0.04518059981826698,0.024609903725912447,9.777158533103352,SITTING
0.06971695260273442,0.03801117133953119,9.826102360216286,0.010044694400324995,0.14642758718444707,0.003553136722243451,9.871802353316653,SITTING
-0.0056910163091791624,0.002861327281637786,9.871271053072935,0.2693925151804445,0.19603668175048813,0.137713461937785,9.824826594403318,SITTING
-0.04565245919983659,0.015031285347390956,9.832002533034679,0.14608451414681917,0.04387386091917069,0.09148748990891054,9.742925313396245,SITTING
-0.03879321527801294,0.0413975265265573,9.810028583282289,0.08398789813149085,0.014652116070857882,0.051949402327685634,9.90112352190404,SITTING
-0.05325087746073204,-0.037613287500382724,9.832043994911874,0.1973879290506746,0.039790268261705515,0.07293180208125041,9.776650049691208,SITTING
-0.015202054957665832,-0.03717298352966509,9.771104713791273,0.05745340002222435,0.061503581213723,0.09239803338209672,9.846044875481576,SITTING
0.039024876034392995,-0.021781647238201945,9.840707384701886,0.033695603969883,0.172376206283529,0.029913620085646478,9.759174097426865,SITTING
0.04504578808926546,-0.02456527235467164,9.724996391751086,0.23820133631680301,0.04750446944279708,0.18759084192989733,9.79152139602828,SITTING
-0.023245653777801148,-0.05333728581798274,9.762558406418833,0.1481149519400785,0.09038878713794005,0.0773088858529889,9.695038427259952,SITTING
0.04214013456302665,0.010342996029485668,9.742738377395009,0.21164255574900404,0.13961646591685814,0.10303061822496024,9.808272092764968,SITTING
-0.08184139210764316,-0.11385497265307254,9.756606188653418,0.01166249422619968,0.10442561808107917,0.05674080850608198,9.78358469833739,SITTING
-0.046496330493458055,-0.048998960281192334,9.780315028650637,0.057451238509633386,0.017263851942420333,0.01764973305750271,9.743384210678494,SITTING
0.02817267608006196,0.010633985940331379,9.826432974908617,0.11258386575357097,0.08566415273079453,0.05287286924713041,9.781545062460584,SITTING
0.04836671823390835,0.005703451683822975,9.847896151700562,0.06697564295368713,0.17740565511599815,0.05075108556332457,9.7498291188685,SITTING
0.03153327049438365,-0.0017215972894635795,9.779670899044048,0.13886191897177197,0.061081367111731684,0.1208112140184589,9.850936908208952,SITTING
0.04726300389470687,0.006185598345053895,9.77388331880749,0.09410541128156448,0.08869847076588633,0.117394439035031,9.784750920419352,SITTING
-0.09493106728439099,0.02987984153421389,9.79938442760098,0.09308140706974151,0.10756787481901584,0.19009808496930508,9.81612805186714,SITTING
-0.00947213887630895,-0.010806404264486964,9.778096849534194,0.17951961769007685,0.041261283435224255,0.07692215303532203,9.854910300654575,SITTING
-0.030230986025860364,-0.02151106223218191,9.811171606357371,0.1373424819947326,0.09687545355960295,0.10053546309917458,9.910114447629294,SITTING
-0.009823461227576272,0.030187750012343195,9.845945691860168,0.06800239140985068,0.14453943252229043,0.13209820924169108,9.861681603241816,SITTING
-0.05097133668877965,-0.03090069902737576,9.908718657754465,0.11597353613815713,0.08562860414069254,0.004030185752607947,9.752140170803136,SITTING
0.07549971622159656,0.010519444964188622,9.83925843721046,0.036277482344146406,0.06894549488591364,0.14329016611095907,9.844933846755515,SITTING
0.07723986731921302,0.07791563919207045,9.813492989849088,0.1638638949687134,0.22701679333715472,0.20522829093767142,9.83212694204937,SITTING
-0.007672118365775688,0.00785813518272538,9.889384648411308,0.01157799546540287,0.06869238165005534,0.2313463857298551,9.853516696564224,SITTING
-0.06617971960067184,0.025815386870275257,9.760802596705872,0.0507431802439667,0.03242855963922422,0.11176638046330563,9.822399019969254,SITTING
-0.008779806733147618,0.07251560879763702,9.790188234496542,0.04085796380308799,0.13908028561228497,0.009926420138365019,9.763662633924952,SITTING
-0.04730138729948066,0.006342667818744393,9.779477086713612,0.2658019010857196,0.06576289302348062,0.1900646686857405,9.847359987777432,SITTING
-0.11091177651562084,-0.00046210715906228685,9.79688859313831,0.06329780946912673,0.08596260372158684,0.22165403158774716,9.748651324674569,SITTING
0.003588891311884666,-0.013024851325999842,9.779716139362142,0.11895068283290589,0.2036181301057099,0.3161318651757835,9.83829893943685,SITTING
0.08052423676616018,0.03254759868162914,9.890317351976517,0.027451332939788076,0.020957443977312834,0.06154359074013123,9.858537923419151,SITTING
0.052404183228594296,0.020423706832175596,9.822291116333766,0.12944266892508483,0.15629919076527213,0.07105707523339422,9.80562287801819,SITTING
0.021592774673080805,-0.02298411686136061,9.866476171472682,0.09736497774134742,0.05506858578838608,0.019751657063611996,9.77231435567148,SITTING
-0.0028330771206619212,0.025163304769649588,9.837578676940991,0.09870089678081552,0.04925313917410772,0.15258195333018967,9.780867713488043,SITTING
-0.052903085864525884,-0.021757590678863747,9.907682837398836,0.07816959138273535,0.2526441827526385,0.03798016564125636,9.805400282696437,SITTING
-0.038682545593386214,-0.04595393072666708,9.835066831359043,0.15549007175973634,0.28449813006664015,0.006628709330897757,9.866350356132656,SITTING
0.04074937273981324,-0.035077383274981055,9.764890095651353,0.14525147585958975,0.07831961512084078,0.12583887130111437,9.766640302049469,SITTING
0.03438833650056135,0.08444231914539564,9.78852680052362,0.2775855881876866,0.1229819767491688,0.08930323017088261,9.688793399770844,SITTING
0.0322225578956691,0.0469088471929245,9.829943406206558,0.043827878931857675,0.022707341699859312,0.026867767230817782,9.789385513983536,SITTING
0.0056747173112871125,-0.022272590306282657,9.766543537875105,0.12597708591258455,0.07706139719478558,0.003922953678956689,9.813202642102732,SITTING
0.04875220273614334,-0.02414964372665054,9.751379419608313,0.03548654169786584,0.09634650161854619,0.02225514906490246,9.837035402317747,SITTING
-0.009134488334066028,0.04727585811087743,9.820776598989704,0.12356085703155484,0.15900387532070434,0.03682829172292538,9.872177537178157,SITTING
-0.00728486998607773,-0.040229222013919264,9.846986124324372,0.1679781191964252,0.0029274222873178143,0.1408311041211841,9.789258846623863,SITTING
-0.1004964632234287,0.028619137271321336,9.803855697901154,0.022767539000523796,0.013133138359095874,0.05140797984645843,9.741973181518832,SITTING
0.028775806077203356,0.019942787640169053,9.820276349910824,0.15752413069613191,0.043037867641295885,0.1611376088989256,9.77288436323262,SITTING
-0.006539285925122037,0.04955424136233495,9.735118606696526,0.010804633182139131,0.005703516355325594,0.036521060035373365,9.774556140288448,SITTING
0.03027564601179197,-0.006336649386728718,9.765490271338884,0.021291841024286717,0.083605107477594,0.14390098785218386,9.889141637098131,SITTING
-0.06294352781851265,0.014226794913544947,9.851532784564771,0.04048501834011694,0.1638283210855647,0.2698837038261284,9.858868515592018,SITTING
0.04210344301889507,-0.10075323819672738,9.809863222195444,0.010540053326088608,0.07967056915139167,0.030634171970620967,9.846787920517631,SITTING
0.08275211107343661,-0.0339068779686014,9.740147248842652,0.05200032198274639,0.03713443389647361,0.167093278612036,9.702833350578532,SITTING
0.06874918181059113,0.010021785132934542,9.78682835430096,0.08222714785911765,0.0830476058177251,0.09142668997913914,9.912302772364326,SITTING
-0.01737938114724103,-0.03845777775897516,9.829100360272639,0.07257917407817274,0.21199845303294038,0.19036196685283352,9.78878074898276,SITTING
-0.014783280604271413,0.015342685268282594,9.861981616465057,0.05365126307585899,0.14109095653427445,0.1117685612811298,9.815940719288376,SITTING
-0.05297942418510421,0.04094723396650424,9.75380586139339,0.1047706193163144,0.03193836351849179,0.006062488437520122,9.750484182528158,SITTING
-0.020607827759590837,-0.030069742587487524,9.808069143322564,0.018468089251265432,0.13680812423866143,0.05551375469323623,9.820964459885737,SITTING
-0.014130619500431913,-0.0020650169643667764,9.788509403858432,0.10269285310410653,0.0500808854259373,0.06712682101586152,9.831193095079454,SITTING
-0.07046784284182607,-0.0038422034468030375,9.750268619840192,0.0502823199533097,0.09782785192762222,0.20028270852495805,9.816937696710053,SITTING
-0.022533357641231204,0.030394260202378388,9.79820375744574,0.12175305164006792,0.05922697131279949,0.013299703229629228,9.808541838173996,SITTING
-0.13936444626778902,-0.007961971304338197,9.811621305891123,0.02672266233068279,0.07363385616655312,0.0023090072402678005,9.872041849653296,SITTING
0.07750394119805463,-0.0365223895224123,9.764320008719848,0.09106953137775282,0.07872204097428895,0.000739712889767985,9.909207080855827,SITTING
0.008539207380010388,-0.024433520091127422,9.812562175582652,0.03494116605913655,0.02634428907968646,0.047619629190426706,9.739684803565815,SITTING
-0.03584133039540572,-0.0047551505255926975,9.69702233436722,0.12689915363449175,0.16531545098475053,0.11695876908981782,9.836182269077417,SITTING
0.10990697597397413,0.004658079108293976,9.710868683590025,0.1453695132635774,0.016808159514098173,0.05699066544588236,9.810770330286823,SITTING
-0.020484694497634775,0.04887339624022076,9.846355688166938,0.11270019227815474,0.16626258523490484,0.09495250881602113,9.862044993066261,SITTING
-0.0607021936286697,0.05510309343381668,9.734368561293625,0.02912271766469847,0.054287083538969196,0.1876933731588662,9.832401211075453,SITTING
0.03305904952963594,0.02670144379176526,9.7964330417387,0.07545343010369479,0.02502330862292857,0.21748016779357304,9.849967196316594,SITTING
0.025986665299750075,-0.04977449936599152,9.841665061812783,0.061426523006332015,0.16633640849509193,0.13074191823824283,9.805820014361393,SITTING
-0.027894612995182817,0.010094636967322943,9.789222586427869,0.022405422390669408,0.08590339049067039,0.006786188643122394,9.768570884376667,SITTING
0.032802178360148024,-0.04920768466785898,9.87228625388015,0.14743993553013207,0.013177006466021348,0.34987341055024646,9.847578065837808,SITTING
0.003293153315987861,-0.031068483634376445,9.75650454284169,0.14948933348883792,0.01979454646241336,0.03981236449629481,9.803807374620549,SITTING
0.019409114636207578,-0.10353436654205794,9.810845989958338,0.02461210125850355,0.18023626534502252,0.3442752646005437,9.816102020433688,SITTING
-0.010271466474660249,0.07885402596005162,9.893329467168778,0.13653749705965645,0.018669408121265822,0.11777665661808034,9.732102314975666,SITTING
0.05308976692268233,0.004312333132449405,9.804957932622772,0.010015649500882753,0.03936164996533776,0.0817258581278982,9.757737782474116,SITTING
-0.1029340343102646,0.07287581263704083,9.767095647532722,0.02221591615216957,0.15345383310080746,0.23544309005166414,9.766241750366069,SITTING
0.04674008313478273,0.06556528511718134,9.755987371921096,0.191474533796822,0.030903411152870215,0.08361229029455722,9.804651679998551,SITTING
-0.015757915315763683,0.015398839252787887,9.759648456757374,0.03837232981868416,0.08378721449493556,0.18420353309757287,9.847924674738085,SITTING
0.04152525943167458,-0.03814098903346554,9.771149488489755,0.019007459394353485,0.23286338008939644,0.10081929391719041,9.743998879748078,SITTING
0.09690952353885195,0.019167501231478427,9.846158005632748,0.12655212889158024,0.1179643852361518,0.014378754987237313,9.747054351244165,SITTING
-0.06408920975573051,0.002421912814568401,9.790661860563418,0.08340693621613873,0.20759758710680046,0.037049628637266255,9.870312705669742,SITTING
-0.004296973624841493,0.061173226147668076,9.83264707965689,0.13382697343973893,0.05095822504383585,0.0797001294264729,9.855803077077475,SITTING
0.022023989869360855,0.027047530863133853,9.801599659677523,0.09628778368074294,0.04414960862228602,0.08652903274589056,9.860596999858753,SITTING
-0.06858807076439347,0.05463329155159498,9.794584281539509,0.027849156511834866,0.1479277692746526,0.044894558723994185,9.723940646387426,SITTING
-0.014021914058307076,0.03156889996241891,9.763642850723222,0.08301003827998792,0.06289274027027542,0.09636872101675166,9.834744717448174,SITTING
-0.0691914401962301,0.051926526057756155,9.800848275750315,0.12635226679048234,0.13598754612848893,0.06574449523659558,9.741759764961506,SITTING
0.09819996179942173,0.044474134751864985,9.913683208771689,0.012978596939208942,0.05024286640780087,0.10273547467523633,9.765241392459888,SITTING
0.010693111641447478,-0.0426743936664922,9.755256825381657,0.08935720111545928,0.03048406485143848,0.14372062705816852,9.831228118757192,SITTING
-0.04060124372769136,-0.026325109022267413,9.77907728048103,0.029029789370444713,0.21724365432959028,0.08767888249571572,9.888605138372903,SITTING
0.15683430241611365,0.057258120831514214,9.856283347395394,0.08124963516250173,0.07862222615110429,0.08601901843652215,9.703656580646708,SITTING
0.05761166927823078,-0.012868012477343942,9.81632984727351,0.024837229642048236,0.14985264102225723,0.1734695279194262,9.843333083628506,SITTING
-0.019544571010520196,0.011539593770649854,9.847956959946005,0.10550849245738736,0.17409696134093455,0.10188806757053354,9.786122226214808,SITTING
0.04050256983625081,-0.060073060756564746,9.86529036517064,0.021885627398546683,0.041860590440789,0.05987241767814673,9.8894957603556,SITTING
-0.06315378252629605,-0.02312654492247452,9.80538894209363,0.0251856743969934,0.0406118664141803,0.08195007664155189,9.74504272047196,SITTING
0.016888015996765537,-0.025877712783526664,9.83150066900118,0.0931332186353047,0.05869193832323314,0.04011523426340877,9.799052346100586,SITTING
0.03289934148874868,0.029268739034485267,9.783518494364916,0.03520531376425,0.0861918976837642,0.05334541202014851,9.871099123319308,SITTING
-0.017672988514314213,-0.021448171221606548,9.909892238681358,0.2009701819187646,0.03645978705554142,0.06390131810589753,9.900750662908685,SITTING
0.004361494620971018,0.009489395025240675,9.84443311475732,0.16899197160476676,0.1336899194304106,0.10380847863116394,9.851298693079201,SITTING
0.01251993486396528,0.033045145352918075,9.904358303083562,0.06769632050593244,0.15379101748045837,0.016963653750636895,9.916460645829023,SITTING
0.006504346813086904,-0.025620568974239217,9.83099373113959,0.082394278071827,0.1538097094110448,0.09480527986049256,9.805800954508086,SITTING
-0.030194302502652717,0.0034267335341670803,9.821552956054148,0.07812105299558778,0.04671876754939992,0.01098212167272987,9.867186770162926,SITTING
0.06783998427457397,-0.003078581457617401,9.762920851676629,0.04188263896832089,0.24916654352700796,0.14989678353166208,9.887141665962702,SITTING
-0.057643310077355986,-0.01568159474788491,9.78356391835816,0.10871143970709835,0.056011089063959726,0.1256311290689408,9.806719614175979,SITTING
0.03472727759790916,0.047816259956917594,9.865756215774748,0.08608284084017967,0.12193469063825454,0.2241660663972287,9.839229335533698,SITTING
-0.001864060900979519,-0.09392004537617377,9.833099901185156,0.06166506500156071,0.15564177714974384,0.025009365748830642,9.829299506246427,SITTING
0.004691647269278445,0.000828347347416139,9.756563652289683,0.03610828630250768,0.005159417049558482,0.157270874076744,9.896218665864637,SITTING
-0.013445383810750467,0.022311468955446525,9.801653933320537,0.21311525150280042,0.0486859775813611,0.06164142278906737,9.869982499663914,SITTING
0.042292192234234395,0.0011230472446468395,9.895066255322833,0.1372985641342569,0.003818111919734926,0.08803483537339381,9.839895789436783,SITTING
0.06795688416510096,-0.04378183900476001,9.78804223330266,0.0677642669874513,0.09387992115794455,0.012781874595331852,9.76264826522629,SITTING
-0.040463795969362,-0.07119292701293736,9.820717610413851,0.02321389019707383,0.20630313782118478,0.09098087996495947,9.735304039217075,SITTING
-0.06839358884727155,-0.024885638182885392,9.775054855898786,0.049917184284599445,0.07770947274423445,0.10142655924148591,9.722998699589503,SITTING
0.002908194948613163,-0.008743208163517011,9.782464955901638,0.019766284601305945,0.03930401170876419,0.027447217267827128,9.729252829261917,SITTING
-0.01442582375977827,-0.016083844179861213,9.80014815698616,0.039137820211049126,0.012250234188281785,0.02875925761817945,9.770296362402982,SITTING
-0.018549035473267028,-0.028951551564555224,9.772970922989755,0.05246415666379467,0.0297765790116988,0.004053960962478981,9.830138667201036,SITTING
0.10275963712953569,-0.03499365108932873,9.82969816118673,0.054494895702071014,0.10686297581325899,0.11967929604960716,9.78828300799535,SITTING
-0.038248017655431774,-0.00387382643807139,9.745770558429117,0.009385599011746869,0.15068536244725686,0.05985122210796912,9.801426444236373,SITTING
0.010366291709682077,-0.012073835766110222,9.76936971197622,0.04529682593324047,0.12431503725964912,0.0708627280485648,9.773952803845784,SITTING
0.042017109011338566,-0.012203021564090213,9.87084298545645,0.0013666122756979746,0.06524259602426724,0.029575507706140966,9.781498194735383,SITTING
0.042834593516261885,0.07184176833064737,9.743490524222326,0.17635130428331497,0.007770371597442871,0.0847882531202234,9.71010924816455,SITTING
0.01569675361550827,0.01029024188117346,9.819550381714773,0.023491015063292944,0.09495266744296438,0.08910815094167172,9.805262240020209,SITTING
0.0264388579454381,-0.0050351730957636075,9.820835099555477,0.1074722941075262,0.00020874263819650046,0.07338365862541954,9.825082433483116,SITTING
0.015907115734818636,-0.0016870442598656205,9.84695593263866,0.031406458386206274,0.0053898781126861806,0.1605298252874866,9.865396593764835,SITTING
0.028340846603103043,-0.049969420782905304,9.811357745461125,0.029800000294138273,0.009599925533531332,0.06427515873464276,9.801523486451996,SITTING
-0.01205294669159938,0.04655484182177247,9.797144969109471,0.07344056577617455,0.11734348389905139,0.08627295665659698,9.743549951513302,SITTING
-0.02694560833053039,-0.05322275398080593,9.831730535777446,0.11488475406246502,0.07386251576366003,0.058593632040384286,9.7256889272719,SITTING
-0.01205674721939515,0.060676214133435255,9.801002222540982,0.09885446390319515,0.020740924767613536,0.013069232567757577,9.847353695812755,SITTING
-0.017153796537069912,0.04802518643918892,9.753327018047477,0.1576575315244259,0.13279735374200438,0.03486542653507193,9.746928567842028,SITTING
0.04889825064999607,-0.003409717165578369,9.840089030164934,0.23208865915594062,0.03222540723962968,0.03566204951600247,9.775362513598024,SITTING
-0.04775088517697393,-0.021123225604133825,9.773079264759856,0.0737348119489531,0.04784345071975996,0.07792377542753513,9.707306460546956,SITTING
0.007250315868068323,0.04701762579823461,9.738762704532691,0.09834282306474612,0.021101435176056317,0.13025011536933695,9.813257753122977,SITTING
0.06641659031921764,0.013896419107804094,9.774728814299879,0.059871505232100365,0.003111895703395068,0.06623999065195892,9.82002335777296,SITTING
0.0027894814308276807,0.0425582338018339,9.78925220604336,0.14808538474953076,0.0036129201536687083,0.11264307589165772,9.760833224370687,SITTING
-0.01811672291374315,0.0617580241904458,9.756355494214255,0.05124049831465862,0.09799765769572591,0.19840605532206973,9.853389255227002,SITTING
-0.06045614856980696,0.01438768417268187,9.852433047608612,0.04565002896740199,0.017975987672402265,0.03031922951270563,9.794034285133527,SITTING
-0.06408349583264938,-0.0026957701277516974,9.781620582250763,0.07433395652641624,0.07429671986454509,0.06779062595062006,9.743788659914362,SITTING
-0.05885101940113471,-0.008255962297621686,9.816049771718175,0.07698236323771812,0.07075529177284476,0.025852326097920028,9.832665810699043,SITTING
-0.00820777167469084,0.01502484926812166,9.799283596692755,0.08936348765745665,0.03926111301196764,0.1313840570650689,9.761674680644987,SITTING
0.05344592076190169,-0.006182352795509584,9.814603114777329,0.055363661404638706,0.04655537251502785,0.05228126440726964,9.83236555259993,SITTING
0.02759237903212551,0.02316179591751348,9.730595794247781,0.04933354996097386,0.020321816661726395,0.10321824160814556,9.835581417048955,SITTING
0.004062353811990124,-0.021972821211330124,9.85628812252285,0.17212335007751245,0.033573487157038985,0.1263250931991936,9.746419452712988,SITTING
-0.07118589093519674,0.09527779933662497,9.742035547428992,0.21505209030879735,0.02277978354207395,0.0024829121438975296,9.752884317938944,SITTING
-0.025512489486426523,0.03387478938737009,9.82439971562135,0.16019178306413828,0.09151119544317794,0.23082240091491485,9.826094131574685,SITTING
-0.007124442586327901,0.03392348635203698,9.821852061193152,0.1288180009145144,0.134449985362416,0.09284546815603274,9.782597961546328,SITTING
0.042169172649536575,0.056945247272740536,9.712978488724582,0.006786314725141483,0.04236206024146501,0.03792744620806779,9.889172560193192,SITTING
-0.10159117781610705,-0.0068190459592678485,9.83316401708952,0.12802139722002417,0.07191273430690384,0.2261402549936115,9.777822559364273,SITTING
0.0028991473294424897,-0.048508603031954034,9.85504322202745,0.037955713735882364,0.0757821062519898,0.018663136871492625,9.760324418166475,SITTING
-0.04683837162915053,-0.001110749213654071,9.842978697870333,0.2362895553113848,0.0702990856665729,0.15075314024885403,9.84094414773963,SITTING
-0.002480225557938987,-0.006587841898317016,9.754640010107051,0.032128679572017094,0.2310435632133414,0.04890044382860126,9.750261753696334,SITTING
0.0007653287422755028,0.04355642050660955,9.7794753836864,0.08733242797608214,0.06918613130146538,0.04442256623201869,9.797137314993607,SITTING
-0.007476518227163448,0.0035601644221392842,9.790371916132122,0.005464410804600882,0.14503776848818414,0.006538720912011707,9.78656878181912,SITTING
0.0649742999090881,-0.001148162868014192,9.743107681409203,0.11523840564542558,0.16182579226197263,0.012699627473892625,9.790819464228115,SITTING
0.020237542949818065,-0.027907645761848184,9.757337741993307,0.0049375768606727405,0.1643192019144856,0.08929816176751905,9.834880396367558,SITTING
0.008956390688947815,-0.02593784541664995,9.811525240725022,0.0037829068453300724,0.04593861310707511,0.058005747530174026,9.825804197769768,SITTING
0.007583659290070184,0.017636753112334376,9.797264060500705,0.0018342548945425724,0.041528032939112246,0.09139691334071136,9.730020742475723,SITTING
-0.06911429520680151,0.0416855957054071,9.82120897424269,0.004816327179647931,0.26715744589045604,0.11482497187130287,9.849374157755152,SITTING
0.0054476858635403545,-0.07488980248981031,9.814773023377942,0.0835555854639598,0.1791985298524414,0.24440482938018987,9.751772990034882,SITTING
0.034530876107280915,0.04358017838252223,9.822678411406892,0.04906284414792355,0.04935881248984165,0.028379308221667416,9.767566552737353,SITTING
0.028232536075177866,-0.03355942250918626,9.796882372292,0.11160443970128167,0.030379671998604384,0.1150536488977602,9.868133847907684,SITTING
0.0038892170988557156,0.044091061063414004,9.899673246243859,0.02586989782986886,0.10449549840273967,0.013756792532287551,9.74200999360744,SITTING
-0.046880388982365497,0.023657303972842714,9.78431754922756,0.12105140871218616,0.06994119380174872,0.23511540620191151,9.830230227607078,SITTING
0.015569675053903631,0.04658932168453261,9.843439873293264,0.07100636129574281,0.060565466592971774,0.1038229311830416,9.881368566465332,SITTING
0.09322068319299989,-0.037155298336406635,9.776550278378016,0.16425228195041447,0.09335199931423965,0.11764281053209222,9.82660547466197,SITTING
0.012609607534904605,-0.034339664009818416,9.825754547160786,0.1737710696149668,0.006586676115663853,0.06525692487409342,9.84385707322501,SITTING
-0.03400328156274937,0.053305820747837365,9.841310278081613,0.043676860067289464,0.20980096848862537,0.06681014612615954,9.834899247488938,SITTING
-0.08859798521170192,-0.021026412689754147,9.823954866861078,0.16595666776426587,0.048507008538739405,0.06579793727052599,9.810557629201826,SITTING
-0.05956470529425073,0.036782421874513006,9.85189268973839,0.021026291314763874,0.020141867660817624,0.12262639375953455,9.834655237752125,SITTING
-0.04066296603692542,-0.015593722176703748,9.882893528397574,0.0366021525991202,0.040173493587387324,0.10096672754635976,9.807086546537773,SITTING
0.0018076263962913568,0.010881075865153078,9.824461097045832,0.3087441228777458,0.07758597705872447,0.14800916201979564,9.777683128243012,SITTING
0.08323340151338132,-0.08767931458960793,9.77583666513911,0.16716821972228113,0.00298883965774821,0.20964645248001856,9.783811234377245,SITTING
0.02086996387682644,-0.008880806015200918,9.78548003737188,0.1920396431098524,0.1913444975389151,0.008562023429244447,9.822715642593025,SITTING
0.03279778111093988,0.0025199114231418324,9.806454594645963,0.03045426146940826,0.10549797939138383,0.21781853788989103,9.762112383388587,SITTING
-0.07452329970269259,-0.04519903483137665,9.828983642784221,0.0904962197591166,0.18602877611748,0.05087815471454613,9.741082402141192,SITTING
-0.06033979432110025,0.023222362336259815,9.81970904527972,0.10875655954353308,0.0042507152728272005,0.1290529563425356,9.82735519676516,SITTING
-0.010349843524230875,0.008483721767043874,9.809106964951255,0.20961065153129232,0.06454376225787892,0.049838732760549155,9.845460658038144,SITTING
-0.013692081515631407,-0.04622566058491235,9.764901593081083,0.03158374604578039,0.17489275061190832,0.024982337075308614,9.885972579199224,SITTING
0.028451407299073,0.03184039880023431,9.85808440259647,0.03352697712410368,0.04845906337475354,0.19886019419519946,9.853559652264638,SITTING
0.03214656662113218,-0.005126766810659751,9.808305807859304,0.1277640437975942,0.11760028599347264,0.16682325990194619,9.787756211137165,SITTING
-0.029057475553595082,0.03122522697405978,9.781290746599181,0.04792989968831381,0.17790232409712908,0.17205702923450888,9.803849823101586,SITTING
0.04338300705278074,-0.0014599710978466243,9.782085880349488,0.1715774756407974,0.05816001391292812,0.0077255820991746355,9.759723045227677,SITTING
-0.010022695667646733,-0.009867334703536488,9.832614358289174,0.11320083228598582,0.015147391127948558,0.0992751175906025,9.823796818077023,SITTING
-0.006599044936534114,0.006497756208163008,9.892561698585343,0.35382816136218287,0.12334374113986085,0.14839061553329236,9.857955355507121,SITTING
0.07048724035990817,0.011398596606507888,9.76552117575225,0.14276494887096203,0.05179975761440643,0.026615678486586754,9.890279054050225,SITTING
-0.05976762793498172,0.024878089699157224,9.791380640728867,0.09672723981921137,0.05477058207630082,0.03331377801895606,9.758980255988709,SITTING
-0.03233434265316956,-0.05303536307814756,9.79024299456869,0.021324912808397253,0.07756138771456575,0.10935389863983155,9.7968917819371,SITTING
-0.04185374937056827,-0.03251978637639748,9.845180193403937,0.12597025986504645,0.03192750616870576,0.017647093843879885,9.81083535762035,SITTING
0.01714921706795534,-0.07618924874495979,9.756283601356914,0.04082101531872088,0.09141469076343045,0.06824993111126999,9.730698616777678,SITTING
0.004225290287839469,-0.04917412952856459,9.76673388369761,0.14322783548263734,0.058909955676685125,0.006814490525541436,9.820691971890165,SITTING
-0.060727832116134556,-0.0779129493240379,9.904090091632009,0.07224792253175578,0.09276965033001229,0.20106929323381745,9.738729959861274,SITTING
-0.07200052681600153,0.015067793947055442,9.8825488161475,0.010454090329547083,0.015572046214936415,0.11974810908111866,9.812156156799144,SITTING
-0.02047340292890278,-0.0006215263494608198,9.8981576057325,0.11045329441009562,0.14925008042559787,0.04186943609200609,9.735207971377669,SITTING
0.026989536668554987,-0.02053096547178709,9.73270981618372,0.06297757323276196,0.09390425910626099,0.06516080686445629,9.933339700972983,SITTING
-0.059128469426432295,0.03491687929428814,9.81077114854445,0.03544665062670321,0.0351600949371421,0.08929326375886175,9.73248987271135,SITTING
0.025319126924402913,-0.03855044163646129,9.737413952099322,0.05804177358283705,0.2575954161835487,0.147806414186884,9.792564024696912,SITTING
0.030196546434016636,0.022192748593556817,9.775965179041911,0.08578240066332941,0.10221409737006393,0.10523771930093442,9.78773486112962,SITTING
-0.041351878251739416,0.00015848724484300775,9.835951637054576,0.08092502695524338,0.09091626800766725,0.026057887328912593,9.804382822360836,SITTING
-0.0659327954608934,-0.0077542062518913555,9.836611886842576,0.1262510612692665,0.19619407371867822,0.10202348958254609,9.776939081310708,SITTING
0.04851242573340779,0.03804281406955635,9.756149364957562,0.12230958871534814,0.10503836913958425,0.06138088850141943,9.68866399303056,SITTING
-0.008005120684602485,0.010312588210199558,9.804246459755845,0.3367106817187974,0.07788512292349745,0.06471418192987004,9.856513165409584,SITTING
0.01805009730885508,0.01260686815569963,9.778793988856654,0.10643303264490935,0.010138608907729066,0.07826338562598924,9.79841408292999,SITTING
0.02152897423132618,-0.03907296503501257,9.819644500594254,0.014095414635139705,0.11382829421306362,0.033484587697162504,9.816443552802076,SITTING
0.03987885316321122,0.09200122740577805,9.785353350877665,0.01320006046043129,0.07666921959392664,0.16405163348462193,9.71766119682486,SITTING
0.0441985921339263,0.04633033123112105,9.852288753179218,0.1105325281353718,0.10071510407793063,0.1172670384724001,9.825513013763198,SITTING
0.02673182663187342,-0.00032134414237088504,9.711878524363573,0.10351210087995322,0.04976081411277479,0.04026197913712333,9.872069097742319,SITTING
0.035297870365372734,-0.027051996449388126,9.684150222389425,0.12646791754352352,0.0766686773855075,0.012533769092782338,9.81902442866826,SITTING
0.0017529208935556898,0.002038708703987251,9.843996993641738,0.035747634654298824,0.08259831217850366,0.04205909444695907,9.775840180122989,SITTING
0.0040297912014874955,-0.03415145520112163,9.88520564188504,0.21228759844712097,0.1096223682562848,0.20566565676545773,9.871286388242897,SITTING
-0.00028717977579585007,0.0028441542926938065,9.856682830071446,0.11464979655959932,0.035546072020105283,0.16868293712714694,9.760813469452922,SITTING
-0.043714347860019216,-0.022745692437605058,9.851021907208178,0.15376795407302604,0.09087407198072074,0.11325069760618053,9.81107308489607,SITTING
-0.08982293605850027,0.020365579026861626,9.705344592634015,0.03195614646493007,0.09477697760195869,0.0617757948316312,9.829179747305881,SITTING
0.0349000793755266,-0.014368003510666227,9.817595943187841,0.05100515722341992,0.038745105538385526,0.017203107664707715,9.790608991976116,SITTING
-0.03683654937584449,0.034082151272400975,9.751389669107219,0.032849084110875865,0.15663397115612523,0.14091293525995524,9.849430505503431,SITTING
-0.05314851984890659,-0.011034958232661611,9.800912209460991,0.007584021219801028,0.003818601191547477,0.0006624072502647363,9.801060453937557,SITTING
0.010071827195864292,0.00655107484771419,9.812736321255501,0.05928045460564286,0.00945827799689786,0.19183968685148628,9.787721216637129,SITTING
-0.005941042136454021,0.016704860654869827,9.884997004626817,0.08730475446650444,0.10597747586417777,0.16267236367786345,9.757059966979767,SITTING
0.021526480583851718,-0.01433403729422209,9.803493046655994,0.008894419272152572,0.11201634327682686,0.07290329605981383,9.838633417053561,SITTING
-0.013098592742816165,0.06803099150163706,9.748260262439075,0.12259184481696488,0.14086805686085732,0.1579588119292436,9.870470852634627,SITTING
-0.0528319107352761,0.029818458189820027,9.812841203107466,0.06665864991558593,0.10256228953496077,0.025628175106244364,9.784414961081621,SITTING
-0.054536902886167395,-0.0035161664721876694,9.819112922179103,0.15656152597083106,0.0768720911568326,0.07854869431991662,9.804938379342591,SITTING
0.09683398811428817,-0.06184010176878708,9.878530419074506,0.12038313351662185,0.09272102744065042,0.11770945584721652,9.74270458287887,SITTING
0.01013838008116903,0.01807101543498762,9.811992465207517,0.03377808509784471,0.22289096324371785,0.06458362662419703,9.755191039735472,SITTING
0.02749438409510084,-0.026231892458791692,9.805450693098038,0.08054026818934261,0.1541418066886643,0.1109502123891729,9.779325664154383,SITTING
0.008321919868541012,-0.015426903884874775,9.83087941908214,0.04488782112669559,0.059860295018044844,0.020185839024225258,9.781717257082061,SITTING
0.04576591501360757,-0.002062412732905966,9.846724082798897,0.0628771318353111,0.036658907990207365,0.08497296820763661,9.834118285805355,SITTING
-0.018424245678835074,0.06283545895980103,9.842016855546484,0.05777084600250062,0.02773463277453255,0.14779082692731105,9.813925903993049,SITTING
0.059500228655717184,0.06365235244738696,9.804635302828306,0.05435876639417834,0.0919530432515955,0.023565058113623506,9.860602810273623,SITTING
0.036149025654891184,0.032409113292097315,9.799734117759897,0.24259273205022613,0.08839119423794722,0.07472940534868315,9.815793493871183,SITTING
-0.039383864821215,-0.011692685830763517,9.80170999909485,0.055592066092321826,0.13627069900416042,0.036472945929573564,9.861781911933313,SITTING
0.1026197746060603,0.027135087985785077,9.748278891396684,0.015459304816746573,0.09959633088310912,0.09832904964290232,9.79195020336409,SITTING
0.08762120019580194,0.002346824134785503,9.759166281198945,0.1975133657032921,0.10960954913944448,0.2995045222488606,9.83084340760295,SITTING
-0.0651228041996025,-0.002354794209692832,9.796091571322307,0.0037289010892389424,0.18120694308092794,0.05466660586316889,9.829200826242841,SITTING
0.0620559186247687,0.022548588897157173,9.831467483524602,0.0866834868832147,0.10134432666501503,0.011446090258773953,9.868375591589182,SITTING
0.012598940545302181,-0.021935024785374808,9.732114144173519,0.05858070999233882,0.09489503447179715,0.09889875026379256,9.827313020148171,SITTING
-0.007964780128093716,-0.0242653826489044,9.724754245963553,0.03528881258303576,0.04161364900510906,0.0725307673514962,9.801934093274967,SITTING
0.012020560683432803,-0.03304679817556711,9.83127043147093,0.08613578712477037,0.07121773983962906,0.03867827023752309,9.890740042278475,SITTING
-0.018829443740875515,-0.00510005274713218,9.758366223549102,0.0753766331991023,0.06285720863275249,0.027587149944624287,9.834684664746181,SITTING
-0.050286961940851464,-0.03281793867088335,9.836955603262602,0.017588043610790832,0.011578406751990004,0.031215836355156873,9.813014585779577,SITTING
-0.010095680014053714,0.008856682468970443,9.779263152651703,0.029918276545834985,0.07939520089939353,0.036300713800299186,9.84058961569724,SITTING
0.00349381917982417,-0.11962405792818144,9.831214556632723,0.01086695947711356,0.015372558858246031,0.13973773305228165,9.816123269081972,SITTING
0.04523287409549206,-0.018773127252702086,9.870802586261423,0.02469903782071803,0.10004330767310017,0.08047857514585276,9.8336154780356,SITTING
-0.01966420683069056,-0.05608002493712448,9.790467984239028,0.16103071757481227,0.052996187156911546,0.10530369295124499,9.834684169261482,SITTING
-0.061700006036996394,-0.07063325984698375,9.778747893269998,0.13513587079899197,0.024416550999299944,0.2951625371836304,9.87592192604785,SITTING
0.03745439291500476,-0.0059496285919655315,9.80268256649159,0.06559097824245792,0.013234422999444655,0.074344071424013,9.800695404467715,SITTING
-0.047460674037834126,0.009013007181620207,9.84918897251545,0.11296480134298949,0.07701870754423554,0.06468632094564149,9.802076295842246,SITTING
-0.07597566691205422,-0.00879210822430933,9.832923628459945,0.07440060631427996,0.011179601365198036,0.008527338987114622,9.76735361477377,SITTING
0.04850429930886574,-0.03604549562926465,9.816114223118111,0.05543039033263328,0.13456674478849115,0.1589368288958371,9.75763995576803,SITTING
-0.05344350438691288,-0.03382763279059796,9.847596049981396,0.057332992825063586,0.12686572407355626,0.15028027343200828,9.80941755583503,SITTING
-0.01638938448121076,-0.021393714180988458,9.869237775170554,0.05519717267155009,0.04131447885597679,0.030277767486859578,9.8328854278235,SITTING
0.02411146800275811,-0.016500601972942747,9.82588260405916,0.06856695590444871,0.03606393751898504,0.051294398014523256,9.813013963673777,SITTING
-0.05519320951060709,-0.006088438040224191,9.823247430059844,0.05972887285392916,0.13537502593951387,0.11200865894994544,9.794532123817532,SITTING
-0.00021742433135920155,-0.00011925599354799196,9.840576083461993,0.06773283631411438,0.16305450052085504,0.07410031376623602,9.840294840344402,SITTING
-0.08070841322528427,-0.05383521659040181,9.810534860356261,0.14509221185211657,0.17070354319548778,0.028289425297822857,9.733574201291018,SITTING
-0.0004038268239184802,-0.024756324984862046,9.855911544023888,0.04743247396455133,0.08779131065564705,0.09997148109085592,9.784570716869442,SITTING
0.01155151628714209,-0.04228066016221432,9.859699357845267,0.1691006549750692,0.06167009527519517,0.020195582580351337,9.740403045051343,SITTING
-0.007166053428217656,-0.034117132891833574,9.865409894821294,0.11059320943245889,0.008624305473437198,0.06421480125300405,9.887926254660035,SITTING
0.0026757326289833633,0.0372034321916546,9.821600654420402,0.18142818430295243,0.159883753259922,0.031178241598099357,9.876685061791514,SITTING
-0.0003382296828245414,-0.021484256616535337,9.758641777015605,0.05969280916615104,0.12070605622085193,0.1013211050420852,9.817144197745916,SITTING
0.04811088506997418,0.038107470196326806,9.756706294975759,0.07736459874697901,0.12688667501940823,0.06330207380905963,9.789364534652961,SITTING
0.00047631886099011096,0.009356596654935585,9.79606981483876,0.0672288152404672,0.034599279808074174,0.11522435669409782,9.80330951488811,SITTING
-0.027966098873784147,-0.06030723352624801,9.791682833970524,0.14308201250373193,0.16614608039888049,0.29393342787192667,9.790060583353808,SITTING
-0.0011392817418888488,-0.003422393369347989,9.813476666494811,0.2907591421547559,0.06820515457923973,0.021353113621429873,9.830053529068154,SITTING
0.05173286849341044,0.019459960669281188,9.819588281655125,0.1438610769693984,0.04930685565049705,0.00036368705039986626,9.88121221815644,SITTING
0.015169618759889057,0.006121270111246008,9.728474356117948,0.0786609125399738,0.00014163356991382658,0.1307429850295599,9.792599685123731,SITTING
-0.011171173637082596,0.01014371766763226,9.823465861892322,0.021242858993659713,0.10249100884688428,0.18193981398964387,9.792780359975309,SITTING
-0.09134551519829909,0.030321095150418836,9.747580609393648,0.043248599247171046,0.05530345970676229,0.05198271537653672,9.831546752811466,SITTING
-0.002795201657562054,0.024518243366650986,9.879674764852377,0.06375418294721938,0.11818503575829997,0.19553289348821973,9.862067126644188,SITTING
0.012438558002359643,0.04468919990935655,9.838431729178147,0.07756680760361881,0.08339720803463543,0.07552379560389313,9.797426895819475,SITTING
0.08815874646863348,0.01910111644444736,9.78133475388843,0.022258256857035637,0.1456258453447951,0.023618671008861947,9.723996776493664,SITTING
-0.06494074291322291,-0.04723463759203241,9.879261868980407,0.04538207873407316,0.0036736460863282736,0.09434130630185737,9.791778359142606,SITTING
0.10322471949218376,0.0265521431482546,9.799510091982274,0.11981236054063565,0.012154317812756825,0.030067774287918778,9.792771231021689,SITTING
0.01530166411817551,-0.03744936823029793,9.842530247681571,0.019340547535774757,0.10639103275668566,0.10859841797505183,9.77698021161697,SITTING
0.06744352352743686,0.04699732970512163,9.898544110383023,0.06740560393430209,0.03885857119279899,0.2576796585329547,9.800578976514577,SITTING
-0.04908453580785388,0.021045953004933834,9.779716580912075,0.021251583009512787,0.13677788616649625,0.11236932101761915,9.810615183389688,SITTING
-0.021557753320868223,-0.00010106643391149072,9.834542081274648,0.03738378710211604,0.0819767630230274,0.033666877842304724,9.781834134729403,SITTING
0.06435905233530456,0.02904155172441441,9.756153844065784,0.09374982964084551,0.0009417687351429976,0.018238458547156555,9.742167649595235,SITTING
-0.0025981589004937227,-0.03785244982899475,9.848792197353497,0.016564817368604948,0.026553734447965528,0.039926573706996725,9.807848022153918,SITTING
-0.0259200987627389,-0.06298917493368372,9.754072452022907,0.12184797386806456,0.009418053667370231,0.01640097777224797,9.775334366531059,SITTING
0.04440264270226286,-0.02228280774489274,9.830024276262073,0.010305982939795774,0.1038866696028849,0.014824919819133094,9.901897438792183,SITTING
0.08949421577754274,0.019461332111174585,9.803147059229316,0.08039018020950835,0.07168523387332897,0.04601132476328985,9.794229736884976,SITTING
-0.05976283996918215,-0.01840236968880663,9.84997594245368,0.04685377755046354,0.07002868915875052,0.02169844722955876,9.759025682891926,SITTING
-0.05431445868017757,0.04822546435477638,9.78899569975329,0.024148472546003358,0.20179596843809056,0.13149850354042417,9.798243122845978,SITTING
-0.034633983963979986,0.01898764897940018,9.79378490573399,0.05754980089994033,0.14213632348996716,0.14112131037953768,9.753665343917373,SITTING
0.022520708065785246,0.005939812232044225,9.828948968118173,0.020255524535576736,0.248407127365249,0.040129970762031425,9.835423751268783,SITTING
0.028789498862589136,0.00219903486249141,9.785233779472815,0.06411348907452988,0.06670103334301744,0.22899364863062827,9.824358766604908,SITTING
-0.01280268951976259,-0.004001641509224007,9.863517591768188,0.23202665034292352,0.01979493450178113,0.12423692262512494,9.840560143858294,SITTING
0.04757824625290521,-0.003221185991457255,9.847935691241595,0.12665645075202492,0.1438298411769601,0.03198441185598999,9.825879026426223,SITTING
0.004231002419677439,-0.054523846143212755,9.814990683441083,0.14605613534832285,0.013248709609979405,0.18149370453402958,9.886862678888688,SITTING
-0.03406999563498048,0.04215941933508296,9.908732618111092,0.06710440689241502,0.012701698738330693,0.02727388029500237,9.882812675515408,SITTING
-0.0016419175327973543,0.0415122776610842,9.807558030443698,0.038305512160835914,0.1524176785112353,0.21338702782782049,9.812219881942982,SITTING
0.047806430287050006,-0.04535276775015814,9.821350786847796,0.009042695405975174,0.1100829099825002,0.029788682149589046,9.7632212910459,SITTING
0.0031844977713444238,-0.07751893257953411,9.782045271394754,0.08374010703246616,0.13717547790318954,0.20711368531054114,9.807003302197462,SITTING
-0.02662326970035936,0.03780618942667319,9.789777515876544,0.07684618998667321,0.04257553509232628,0.0029000579247022013,9.800814511152526,SITTING
-0.023027778657730744,-0.013700496319978129,9.695104373360714,0.0783059546508912,0.08091112889885513,0.11297187241189241,9.84501839463693,SITTING
-0.04632618831704674,0.014769937734038277,9.823381052628134,0.031521916735720676,0.05281862007635379,0.10952383640551641,9.756549337124746,SITTING
-0.02637245164627271,-0.0024133088968026632,9.844424727499105,0.10834894011131167,0.01638034643043767,0.009732744005779767,9.799262496548394,SITTING
-0.015524178215629484,-0.04150367485958627,9.804101620791567,0.004116909678550183,0.08955861425097073,0.03853275610043387,9.78006677475542,SITTING
0.014864581385270284,0.009388709313686223,9.789148890871083,0.02305893816673321,0.1053606445109524,0.19027643105807002,9.730343992924762,SITTING
-0.029774499624464337,-0.013381841156944909,9.7134469253983,0.1389950096076087,0.18538844885481362,0.2561934956003614,9.876280476404357,SITTING
-0.012680923947347692,-0.02267951655370711,9.716699116322776,0.1632622457771749,0.03807392439266351,0.022934185896306233,9.818425120744003,SITTING
-0.010854903116333763,0.06489432635053462,9.80331701333688,0.2119322076323305,0.09641169264001978,0.08511701427617313,9.815728534672942,SITTING
-0.04660656075567659,-0.03861968763992142,9.831124231096714,0.040737888516649584,0.033776894302750056,0.15571845385510913,9.88055328772427,SITTING
0.027393761849735077,0.04071171948816358,9.696622082839536,0.08308528782627461,0.12421578363798932,0.22002886422979923,9.892607415567689,SITTING
-0.10086444886394896,0.01914364439478971,9.840881040717036,0.017299233734809384,0.00900944600662898,0.11678539132878224,9.850673570162812,SITTING
0.08770215251634322,0.021519370901680723,9.816674224770725,0.0016397484660770414,0.06106000406510562,0.16095782415009496,9.793633573642182,SITTING
-0.032464433068050566,0.01683195555310064,9.80617320303658,0.07055286046107377,0.2217368329781848,0.012698377377163755,9.747195374309989,SITTING
-0.05011938223082423,-0.012060373588005114,9.766717672771085,0.22264563718786884,0.019982436320148848,0.13897490428140682,9.81205535365653,SITTING
0.06185653538943486,-0.033003718933400664,9.89631676552283,0.07872231805040951,0.11815117256224239,0.09051638599397828,9.785678675977728,SITTING
-0.009083478480844552,-0.055478817917231735,9.760627476563823,0.09982647071958825,0.0429671824977445,0.01905280258215071,9.792265931406064,SITTING
-0.025282813908923587,0.024601505110441776,9.81240818455686,0.039183475346540306,0.1444216703867239,0.1365034480632093,9.772579003133805,SITTING
-0.045291438140853645,0.05997151033902748,9.72133807108688,0.05541990277827717,0.18804921526690804,0.11407463809986539,9.832482911377765,SITTING
0.011633004598720973,0.009022480684096707,9.833261910860726,0.1005692501297453,0.2595973052895957,0.03051071883273279,9.807533355700977,SITTING
0.09314434497724094,0.03937940009738626,9.782816612806235,0.053004136452128495,0.08964383755849947,0.046911934429830646,9.757792915748507,SITTING
0.02449203823689461,-0.0032900034661329557,9.731622481415448,0.1575146966167788,0.017001149857425416,0.10882651434415279,9.80566371412627,SITTING
-0.013272318911275156,-0.007536232646029962,9.753108392460351,0.09109761650141684,0.02692996732674595,0.025740865597941184,9.78985811971944,SITTING
-0.0119813940391257,-0.017291333165198566,9.81275772786708,0.042148829523824406,0.06307685386646072,0.14430970369215945,9.767732926978738,SITTING
-0.025430744704432864,0.026143867357838708,9.843573883571604,0.01786206175368818,0.10115839257817424,0.044353211664594175,9.740807973178093,SITTING
-0.02170369108797035,0.08729071238781973,9.82013901814025,0.280044997671826,0.10439265298750364,0.12507417926638423,9.842376617760674,SITTING
0.04189450474981382,-0.03197078898321652,9.861954521098838,0.003371476004469451,0.023590274888760327,0.006667778064336619,9.812766283068866,SITTING
0.054365918932931405,0.041788449670584024,9.76160298928635,0.17161272476716016,0.09034142435493227,0.05409018644728891,9.890433025866397,SITTING
0.04068933724610482,-0.00284594248764141,9.87324018091086,0.10819876447035377,0.03493413001200415,0.024758027825962856,9.725371422928369,SITTING
-0.07221927572491353,0.03624863476822405,9.780290386473057,0.03409133356313866,0.11628326416744844,0.03419153720420884,9.788494914074922,SITTING
-0.008315852996484201,0.009678216092840461,9.853408963652662,0.029236926418064912,0.262057592182978,0.11795831493856468,9.823527434931666,SITTING
-0.02821549470700853,0.020007336861396965,9.85265834098421,0.055649634141848446,0.2891248330007266,0.10637410876713797,9.85410762741102,SITTING
-0.07907377140210908,-0.05335686170870794,9.77834065297254,0.07658321698553995,0.019547138866161724,0.008544126259909315,9.884381356767387,SITTING
0.034295555983448404,-0.012983069591385763,9.914850595560681,0.09916611748560093,0.05689620553135486,0.07565137399918442,9.757450059038923,SITTING
0.0043229545021221,-0.014408870852241424,9.883956394422773,0.12411558240849149,0.02407752740865806,0.09259381109485887,9.759225997668835,SITTING
-0.0005584308639765556,0.00142407871620137,9.807390124726858,0.01892228212123222,0.00739396775479801,0.0884258136821629,9.932100427661878,SITTING
0.09803457178701584,0.05317022518320326,9.841124166728079,0.2507988106470156,0.010988463500059158,0.03326044119902345,9.81620727335354,SITTING
0.014991523206387164,0.008033593547244278,9.809378432390911,0.06331545281716155,0.21363238088498893,0.1120051867639084,9.729332896010332,SITTING
-0.09069412352347556,0.0833123996083406,9.783408886238439,0.011675134415193224,0.06456632413772492,0.10504029783299276,9.885349562322173,SITTING
-0.040546661231941075,0.03874938293687157,9.79079545408946,0.036249125556922335,0.06939892059513625,0.11930728538314096,9.85646498735054,SITTING
-0.01405391217600607,0.012343608757994935,9.878376287695772,0.0985295181782108,0.03246173885496873,0.06808836245658499,9.853468912831643,SITTING
0.004846681286536963,0.012136186823890208,9.826553794549525,0.09697123646737556,0.024362452264503853,0.07484732179970922,9.746657204232763,SITTING
-0.011726629625904025,0.07869464444365976,9.769037624363568,0.16739282473548095,0.198473964304512,0.05454665262331937,9.819829773823377,SITTING
-0.04295519900951542,-0.026352113054871035,9.832678992607267,0.14334404081685476,0.007720979868461236,0.04308664351119469,9.79509313520777,SITTING
-0.03776704098636129,-0.030907384934961243,9.943444137911163,0.03037983399209182,0.17650583215122242,0.21839933375190707,9.815139280033327,SITTING
-0.08060911753293384,-0.06207892048992649,9.812442423345214,0.007508646139140374,0.22915803383935904,0.026342706130538147,9.90610863642417,SITTING
0.025321224847367308,0.022531675830847888,9.784411802163318,0.10769171804036888,0.2092713433081251,0.03551725059398625,9.89102506269394,SITTING
0.04276756035005432,0.057907199618844746,9.825681135524214,0.0539319356777832,0.08239440390706324,0.15701585344125402,9.828451773691357,SITTING
-0.12031390690150892,0.03533973708420778,9.746384749336901,0.13591727606739873,0.13015179982381664,0.08298925973812082,9.785355096698444,SITTING
0.039671482985123935,0.04652093211828145,9.898004129876924,0.06057802860597032,0.08085160649877682,0.04614891990614646,9.814011669183676,SITTING
0.057250073926099244,-0.01384705798376837,9.80329742819015,0.07115042623381848,0.04618288514364561,0.022306984501593102,9.869306028893913,SITTING
0.030365629033414727,-0.061901241019557414,9.83651893459189,0.10224798230941273,0.08229286085112855,0.035812327361698926,9.805181548479629,SITTING
-0.044170308016768405,0.018298747443520332,9.772861001463337,0.044908602828512126,0.0024527387797561237,0.016539776431807457,9.804467769881494,SITTING
0.06261399727579461,-0.034180379109197426,9.723621948118184,0.06487703492494162,0.22559789218064158,0.10309868293620023,9.823102281390238,SITTING
-0.10776813355289588,0.017117897623541135,9.818433388000965,0.009257880179546298,0.02632211329409297,0.0431899425657821,9.791817818331081,SITTING
0.008465686192692867,-0.01615604333544827,9.849171559332195,0.0676763699972207,0.01200894268295185,0.14259679459071828,9.806978330573804,SITTING
-0.05912289736226667,0.05733128690880783,9.852837158792195,0.1930705997640632,0.15469793007809543,0.10923173021274617,9.764063709834922,SITTING
-0.013420381203748083,0.02827609122507684,9.847827039359371,0.10722367269445582,2.8848132908980417e-05,0.010693162735547476,9.802730732194577,SITTING
-0.03567782454693768,0.009786813962838307,9.819901140028904,0.04837737912957047,0.07817266467878861,0.22635375024423537,9.777652996825665,SITTING
0.014734918041281395,-0.02273878005497676,9.78372785042829,0.0959523374055626,0.04977947828196747,0.09297696219049773,9.787975865180295,SITTING
-0.06798395438430449,-0.048851480226619136,9.745218583026402,0.23780420354493814,0.06878104969263699,0.008296621926189275,9.779712746678127,SITTING
0.06581276081275762,-0.0011977378823099813,9.737626679136303,0.2810459274730372,0.07401611393658972,0.009083530992386735,9.786737176453224,SITTING
-0.06156834630469174,-0.03866760435700107,9.764675194046177,0.05070317978495496,0.05910618172813036,0.035134537136865755,9.824746898380042,SITTING
0.06402593184184982,-0.006511667269982743,9.800885664678527,0.05830010520528482,0.15182048597593914,0.03947229994386406,9.811716674415102,SITTING
0.06066194183321599,-0.047282482955058235,9.836102276812236,0.09303095645066176,0.053545506439379296,0.0960638122953821,9.85315365389586,SITTING
-0.028587712617883232,0.01081284983373476,9.803416310877235,0.011469682300766747,0.09028846851187713,0.029226425265084854,9.849991696344707,SITTING
-0.06103000536134154,0.01117537973602425,9.812747594681408,0.013146822302910026,0.235666845721534,0.0679674018460446,9.79850249270396,SITTING
-0.0009544375117970773,0.05834171062641935,9.864405264630022,0.2451986431688601,0.06216420929728839,0.0376937065700748,9.848491439167935,SITTING
-0.02929581580386241,-0.12221271785278041,9.933188784916497,0.00706011384883154,0.01765909254858096,0.21716116926603668,9.780920118280736,SITTING
-0.06618977222984294,0.06822871045512545,9.856154847353126,0.1420000984515043,0.07676555467887745,0.10991016330776804,9.763757241093392,SITTING
-0.06944702595315273,0.016438133228321262,9.867907477782978,0.011663117577193606,0.018798710766545823,0.06381506450830399,9.849623316424724,SITTING
0.027258808781546618,-0.024737246687781416,9.777493547828643,0.1295404473240933,0.12119989322167313,0.03280050145681071,9.792137063425017,SITTING
0.037296611226189075,-0.005473726994323943,9.75762336094815,0.21123121400237027,0.05200638957314762,0.021074397988808335,9.791737332270529,SITTING
0.09625644417667963,-0.023386475146969704,9.88237274161731,0.0369236331396916,0.07811503911016823,0.0026788811549603928,9.765982651106322,SITTING
-0.09519019337406331,0.06051184275258905,9.820550851511115,0.01862784056181019,0.06217577464333892,0.03354803936420618,9.82110029579287,SITTING
-0.029450651965738248,-0.07735659246709733,9.735292510242873,0.21544919295549053,0.19019385487984672,0.1253215035998948,9.832832706576822,SITTING
0.03274622241757672,0.017846837777729854,9.734650640768695,0.06981609507468876,0.011021816640836186,0.11436397075331133,9.80141506231862,SITTING
0.03963698446637889,0.026986861424306494,9.759488703547394,0.19466861694873017,0.076323982875029,0.15922394419007502,9.821340082568403,SITTING
0.00988537203543977,0.026979967937382818,9.829572974896678,0.12836491298705383,0.08646199603451357,0.07644552589258437,9.754572279959993,SITTING
-0.014491994633864995,0.007329423961403628,9.822483751399389,0.1556024745140268,0.17073091189715775,0.08362808307573559,9.848395950546067,SITTING
0.02434940694185322,-0.0021795237543121566,9.917599128350215,0.004618336344181885,0.18544569567083374,0.08542929263269373,9.714894168146195,SITTING
0.006947528652754703,0.02861656164976175,9.822598180206404,0.08781559356069635,0.05362231623766635,0.059424782636159204,9.832441619232693,SITTING
-0.03234198385427136,-0.09103452760082795,9.763774356312553,0.09476066922751382,0.14915675392244895,0.010686801604445496,9.814827764017455,SITTING
-0.03582292581806404,0.039694189249871545,9.825101966154458,0.007182578572444795,0.12502330518370194,0.05079405230232381,9.806620272729248,SITTING
0.016077231965899923,0.05334267288793381,9.772405318504834,0.2778108623385511,0.09568683168289861,0.10194118760338074,9.872415536100098,SITTING
0.0009046740780251313,0.00599670812231408,9.751769486313702,0.18214427402353423,0.05877670867744673,0.13447411111234175,9.85861253860319,SITTING
0.09238198540128473,0.010718751968429521,9.801234909178403,0.04331471424484833,0.034298790267208855,0.02655837927368733,9.826405544909978,SITTING
-0.07449680749262858,-0.0037047530074856036,9.861505892504523,0.06189242769760182,0.041652641413455115,0.13546093108984109,9.79480655927923,SITTING
0.09110364327692712,0.01729772441697251,9.836529783244467,0.05764820498948993,0.0014894623155547043,0.023263618204761236,9.85340558666434,SITTING
0.01994685970837243,-0.03312268772903948,9.826536501754873,0.14126784014656563,0.17230092687080403,0.07981501756374366,9.820368861195222,SITTING
-0.003637429922589227,-0.04440511763929186,9.866667399680166,0.11859492010692506,0.1083268990448445,0.039301722804551874,9.75141678608733,SITTING
0.07785135761051562,0.04140488663086293,9.87175278677538,0.23871059829532454,0.04812279240957656,0.05129745958199576,9.774568074586524,SITTING
0.0075426718403416165,-0.01246816856830986,9.77238951578415,0.025459760741274175,0.0948978464203705,0.1456417206592696,9.803267963403854,SITTING
-0.0591260011113816,-0.0047882293216279575,9.817399780477002,0.10188345452809908,0.047715802563167035,0.038094940999755564,9.838206259338993,SITTING
0.05024156285054681,0.009784366872419082,9.874315044276099,0.055687195028576435,0.0401747460274184,0.1135228478791204,9.840143926182602,SITTING
0.025830592928839987,0.027841696443859445,9.85928104566683,0.17987319394132423,0.016341591599615023,0.18180612898373916,9.879146663428337,SITTING
0.03735311250453393,0.03663982252611361,9.790529073335879,0.19983115437496807,0.10956867110761251,0.06260657178404977,9.752258555004067,SITTING
-0.04018663114616411,0.10741221235343539,9.831334742115219,0.0690869678631568,0.028461425833783492,0.170843600097144,9.80606148695382,SITTING
-0.017536356428393296,0.029314599072771123,9.871119671882528,0.21209327853331167,0.11667182826202804,0.30193327912436174,9.883565367242081,SITTING
0.006141615979816835,-0.05503761293661124,9.794196851418128,0.0755658654097274,0.024624823790735516,0.05146606870945887,9.8418541430323,SITTING
-0.09719024234464232,0.003616997118616895,9.835975494405416,0.04094587602516237,0.1493222897070873,0.08705612342041356,9.845707482765311,SITTING
0.010925379302306033,0.08573463930969671,9.769710705151306,0.08949888985806513,0.21890889829330612,0.09308585839323828,9.706673106819988,SITTING
-0.018739189690661597,0.0359799984990864,9.748911445576347,0.1076094728144831,0.11628635611864518,0.0771690141519304,9.842738373495521,SITTING
-0.013074623228801022,0.01661181925015678,9.775736834576477,0.16136956783850248,0.15132600646021394,0.06209059150860547,9.742486925161325,SITTING
-0.01883023719707654,-0.003496068387647126,9.8631313748694,0.14224277506183108,0.05848328883590928,0.1690538984372787,9.770687480323904,SITTING
0.06198472650321213,-0.0005338585907992495,9.710085666173114,0.12301571640314422,0.120954575950078,0.004341994551141794,9.713762242677566,SITTING
-0.11823640865475718,0.05206502552521557,9.768796616629471,0.23552641095763638,0.17704018011389142,0.2067195314269739,9.75592220596935,SITTING
-0.022322736357645583,-0.09492918931402561,9.786228715543793,0.029832197248888928,0.08944209715866946,0.054048509824583243,9.76547549475664,SITTING
0.014612630478813466,0.005473840319514209,9.81234429295092,0.015201412385657698,0.09333795960353827,0.21964519799007398,9.805951681081599,SITTING
-0.008201272113006893,0.019626387229015503,9.718265582477388,0.06146434693531447,0.039777487802837304,0.004543357745823769,9.814179955518007,SITTING
0.06964323448756886,0.09895036628450249,9.746857487992578,0.06473052139684454,0.054552587820697426,0.048580193023533766,9.822238568939191,SITTING
-0.047267503665361824,0.006370878886680309,9.79770251077272,0.06416579031212821,0.055330047043443416,0.06574692423345366,9.877070115252117,SITTING
0.013049192500803528,0.012874815295322287,9.850860325874878,0.0903558344473263,0.21189215737230124,0.055558999261237,9.76503643964761,SITTING
0.050444306838338115,0.019912510656532365,9.904498932220113,0.06933787513412931,0.029145666847740254,0.001476252791820433,9.796601156732883,SITTING
0.013102909127871737,-0.05692412443529863,9.798049389440656,0.10762513920221156,0.10755096754925167,0.13598151761373273,9.80081806306949,SITTING
-0.1182257684927919,0.059742846502315185,9.818839944250564,0.10314604265227072,0.07752015749164665,0.08444784408470245,9.810798055730316,SITTING
-0.03214039001189539,0.023917944559709525,9.770825482916248,0.03929905170802299,0.03322024622200794,0.07258637713038288,9.787951906220346,SITTING
-0.06932975032785826,0.01346368155608246,9.785894874101555,0.1674681132528032,0.03871465955299037,0.10445132224284427,9.822041394501769,SITTING
0.043926627923742474,0.0034739407622158716,9.814864233256314,0.037278342785367485,0.1544204797904136,0.15445465781431839,9.880733608568713,SITTING
-0.05667854105237277,0.024171535654351258,9.782069311343443,0.22780778767516413,0.04634467286653371,0.17603785181400428,9.798488242210666,SITTING
0.01313417289734182,-0.020429267280656537,9.847915371313748,0.02900464321895707,0.16814371617666057,0.10528119791930007,9.887765603786775,SITTING
0.08864058620605451,-0.023019737403712454,9.838889331531593,0.005227449042264465,0.011312702110139686,0.01057754148985527,9.824787310798794,SITTING
-0.033550087265556916,0.04351166845748436,9.78819598914524,0.013721182485901484,0.09265031181081063,0.10426819899725291,9.859581649822225,SITTING
0.0644065262914578,0.02560613769428565,9.769401335363584,0.07508317064844046,0.1034072663335236,0.1602910701701311,9.803427510726406,SITTING
0.054031060447708404,0.03114959141438201,9.831925307785443,0.1137886057426405,0.05801723554969488,0.08021130572964251,9.847674895169348,SITTING
0.01806410531001974,-0.03522860124427832,9.836443719276133,0.07472470663793045,0.10114134689150991,0.03957930863849715,9.846277942274204,SITTING
-0.022823575797525544,-0.0154901621639581,9.840102626160506,0.016822660625525586,0.26057826947481616,0.10664449867790268,9.786021013903392,SITTING
0.04615074096165088,0.0358094086665413,9.872676702888977,0.005919046865142261,0.0822733254137745,0.01101546392025484,9.919984759852124,SITTING
0.017233115232199118,0.0003756243207439713,9.79250460847629,0.1324690350210867,0.25885813919915174,0.2285850891188272,9.851882267791854,SITTING
-0.0023645322854267403,-0.02946192890163183,9.808959295533603,0.09223396021313532,0.1053633898718295,0.03470492706337912,9.782685802716884,SITTING
0.016411016599049373,-0.028000811717423062,9.889884966298046,0.12007569365345856,0.08758403768439668,0.07772576684399325,9.822804326456799,SITTING
0.011463342054770643,0.0060699656390200175,9.777907786906328,0.03359466769111889,0.04316340161789149,0.06953603967588828,9.814713286124903,SITTING
0.010066298381080682,-0.015306093932460692,9.75737790366928,0.06540289307324705,0.16074460439629382,0.09438612307304131,9.793383671544387,SITTING
0.03573269902401437,-0.014751834595846443,9.827665321991368,0.0018497336624346689,0.009305249647033442,0.10662653670957396,9.831366625783637,SITTING
0.013766528056590552,-0.03049000133293213,9.85829496322468,0.149277930009227,0.03882374651705827,0.1032123991349958,9.795313966046688,SITTING
0.0267056704105893,-0.06041319077657205,9.7555741389233,0.04897750078695616,0.13963163648254953,0.15849397741874804,9.851095295206948,SITTING
-0.014679797720663364,-0.0267347049892498,9.821642122536833,0.05018330005944815,0.14035048624164156,0.21285211403979576,9.812655601418214,SITTING
0.037601707959843356,0.010480799049586488,9.803263146837935,0.019771155690649578,0.27250550158755865,0.2034946274031511,9.83693832761521,SITTING
0.0413417358936454,0.01675306742818037,9.772430993830673,0.22845107677245108,0.06462082277540192,0.25139300303898143,9.879216324423853,SITTING
0.015059347903888357,0.005336905380371582,9.749981789717872,0.11602178051358282,0.009331038295590843,0.005220879092602583,9.733277933098028,SITTING
-0.010542267136290362,0.03921115964437512,9.747716556533,0.06728789609345852,0.02313994202708345,0.009630688053436656,9.848850503590146,SITTING
-0.023896413438860634,-0.021106559405826696,9.754421882875587,0.12538996372736358,0.02085953837159837,0.01823305862053478,9.70996954818336,SITTING
-0.024541209148867923,0.03581763563793297,9.734669176794386,0.05899378998563545,0.0026791395398525625,0.022562341863714197,9.790705002236994,SITTING
-0.002399726579966709,0.025957616648318842,9.872239469304981,0.02384528461465603,0.22880602412458256,0.0316095419455476,9.817356915533734,SITTING
-0.06867633107887677,0.003636154288305245,9.779417855589754,0.022556797302754797,0.23849768824952153,0.07227634232238758,9.794691548252839,SITTING
0.03724211676022419,0.012726557738920913,9.798748386551921,0.014980032526462808,0.07160781921536143,0.22076867171533704,9.870373964896459,SITTING
0.06846766837888836,0.012337295237184054,9.868556488775495,0.05088312824506262,0.02680439078485116,0.12658138139203923,9.684882670608419,SITTING
-0.021773702401908557,-0.046962151211930626,9.834676715565575,0.030883147143276432,0.022830054416650473,0.3142910482624304,9.920336472971481,SITTING
0.040109589134155466,-0.03083816037891463,9.765605182415413,0.1464902758754235,0.16593542797751767,0.042222036899043434,9.853302319052785,SITTING
0.013970776730181614,0.037524374358823914,9.908241347082996,0.03564615627379913,0.3207650783278881,0.07126699561701547,9.891109754746719,SITTING
0.05208550992713147,0.0588580521027199,9.812725221088698,0.07554175643832896,0.0860397439625406,0.11970198133235159,9.928878385311451,SITTING
0.01592743059709703,0.00558149876332157,9.806848378798236,0.08420909047650176,0.04858258400130077,0.06028826761367725,9.786156437861607,SITTING
0.0032466489286346574,-0.018302167255258326,9.757456227517425,0.07892722520043055,0.0938866824169229,0.06212977092222351,9.80054244371759,SITTING
-0.059454185367257474,0.04144977420005594,9.827675400963326,0.038070969430426094,0.11710522048347252,0.02448602791352117,9.798138137927097,SITTING
-0.0008167881176809888,0.012819071576462187,9.73514145320868,0.06741762564046003,0.12861054624716797,0.05974287961955114,9.851855741779088,SITTING
-0.01178031216819411,0.018948432196302857,9.83534134556889,0.17699534889551022,0.08082577416210249,0.14190156625197567,9.752549237258112,SITTING
0.030329543077143084,-0.036888980853355416,9.835890329348858,0.24278307729671322,0.13799770403593284,0.18914343251506488,9.752903231195505,SITTING
-0.011674145128730702,0.0696508822487648,9.779607889678676,0.16113561841730933,0.1415646732999715,0.1574741250220838,9.802397292872747,SITTING
0.05442484287645558,-0.06620001598907381,9.82838939445328,0.07263752028400669,0.15901167372489353,0.03854203560949772,9.837929347612693,SITTING
0.009768278782430381,0.006776003223741953,9.758012594553431,0.16204504915105322,0.03811803216386599,0.05337038122575085,9.821619991226074,SITTING
0.021173124580070993,-0.021822726011753925,9.84261866903799,0.09771231706295672,0.029882328772257504,0.03678491098651386,9.813230592617275,SITTING
0.05600947302034234,0.02634103849722333,9.72057680251366,0.09048966975421426,0.15822352190216613,0.025322686852910226,9.809788726337754,SITTING
0.0018633804794674432,-0.03474916931166916,9.828499725361377,0.10865122189668236,0.017788183700285613,0.04220213783058668,9.77669799585654,SITTING
0.035329322264613085,-0.0020317614091156784,9.755711683836894,0.09830535716514452,0.045312096907581874,0.2076458002155634,9.815504740669676,SITTING
0.04516440605490967,0.007438450142431941,9.916105472861679,0.16358675163955244,0.0887607367561122,0.0436985873508484,9.768878469797949,SITTING
0.06467134374814748,-0.03896629367112162,9.778138715097706,0.006229918489488152,0.1143824460633133,0.030493636717077305,9.78829120260455,SITTING
-0.05342538160759685,-0.030194342128101594,9.895838137459219,0.015704369727291084,0.02766318946230985,0.005308163771398408,9.745184765420762,SITTING
0.0477940637840357,0.00403516258454383,9.934133888108716,0.020891072499058888,0.045886024614561934,0.20337597683553282,9.754471003328241,SITTING
0.0872498133863967,-0.0028841263908139193,9.788466243575249,0.16429597369182797,0.03777048787462701,0.06656700856318827,9.659583714869848,SITTING
-0.0440855096075066,-0.021109422834714033,9.752217744535349,0.10752465321140377,0.037744775732878176,0.09784262008344563,9.746438813271595,SITTING
-0.11707652046955366,0.04949050340652909,9.767205309813441,0.22569290581994084,0.096459190120807,0.12902633183812534,9.816342989410849,SITTING
0.06406700120971544,0.004454339827923923,9.77359115766017,0.10857585601622238,0.17136434143849524,0.18195588015602138,9.868332578540345,SITTING
-0.004208766267056157,-0.004267295379720899,9.748517995511458,0.22480412517110476,0.008501817302627786,0.0839885309751881,9.722922381358961,SITTING
0.0002793310433674144,-0.018150244704460358,9.805528157037834,0.15654156302032324,0.062494415053702276,0.12585225407647307,9.75994344336037,SITTING
0.013235893405673422,0.003355704773843651,9.855757816875238,0.034909993027750705,0.010265845488447736,0.027050061621840014,9.867258105295518,SITTING
-0.06065149144790234,0.03215792567890198,9.717749746803381,0.14852892331110223,0.029635045110767554,0.08599005576782515,9.834025287901776,SITTING
-0.035045409169139015,-0.033598514814887945,9.879793084872606,0.2710959211272875,0.13370139368194833,0.05918805717350638,9.795371436825738,SITTING
0.002738888349368661,0.07696151375354995,9.855632956877587,0.0036242305200480246,0.054495627077974985,0.15021926538032543,9.741551535796614,SITTING
0.028462892761210026,0.019547805829899144,9.747918996917091,0.153162311287164,0.09547458082427815,0.12400242527800978,9.813189820189749,SITTING
-0.007408520237711525,0.006820131126633833,9.872822148689819,0.1574950638703927,0.07818606774688566,0.148540181690694,9.835604532961225,SITTING
0.02470008336515089,-0.033998664666972045,9.790902185623585,0.12508102388516074,0.009582223683145118,0.14754995592623077,9.909310649107027,SITTING
-0.004536614114555626,0.007088042958762518,9.826033152388133,0.043960207500926156,0.09421789741016445,0.1211204029011989,9.762029700318902,SITTING
0.03664449055149568,-0.007964649537960803,9.844880723735791,0.027922339639887,0.1506406316391156,0.02609192943786966,9.702053593059528,SITTING
-0.07263604512662038,-0.0353178611599428,9.759614526111491,0.004505080441628527,0.06420678235311059,0.09059526635856728,9.698805941700746,SITTING
-0.018045918650462858,-0.04498924232110215,9.76575161863536,0.12103424813524853,0.004815761878521792,0.06525966012178852,9.836976456645475,SITTING
-0.12267777858252127,-0.04459958009588056,9.81237242653181,0.025570059473598472,0.007272484606080348,0.0482756692840834,9.811935932778885,SITTING
0.03210608944337089,0.00025004694335235985,9.8123174349319,0.04378966001907125,0.07204458590744323,0.10144894580342477,9.856935825586483,SITTING
0.03676804133210133,-0.032340487709986834,9.866629565446095,0.12650271951545172,0.10908415698573351,0.27493267919788084,9.838829354491107,SITTING
0.05408275908848403,-0.02335815078681485,9.781508537120448,0.11734214070919133,0.045647608912757244,0.10927694855232552,9.811356231861994,SITTING
0.06525407960692081,0.0032948180261535,9.814327382380899,0.08289852789045962,0.08591885228916088,0.0169159533918807,9.770152259019607,SITTING
-0.03355745540378115,0.018790507585364328,9.818011641377815,0.0365640422756047,0.10907699895852868,0.08788620827423359,9.769113082223104,SITTING
-0.07334047326964459,0.005622782006033031,9.766893060877317,0.00046770180161292974,0.027240931937113612,0.15439951913306854,9.873384631906712,SITTING
-0.10061742546604305,0.07508882199066051,9.84462498571523,0.060280328501992955,0.04913596807520631,0.006193263386953571,9.843499290447193,SITTING
-0.03642483671832302,-0.03719390852060839,9.819760262217626,0.12698539577714735,0.04031848495048586,0.19814842468851673,9.843528139043768,SITTING
0.06096150687960194,-0.0539702103921818,9.75409941459822,0.018673856225596176,0.35589417845886634,0.02385314374590681,9.85887935219569,SITTING
0.008489255822737794,0.04657389980161025,9.750301440848704,0.026608842474272518,0.15624869505796393,0.05109431147834742,9.769800108333099,SITTING
0.00010627710789581414,0.018695182789071545,9.793547000002793,0.08849991892395191,0.0037066486693615036,0.17239202016169175,9.834836870911152,SITTING
0.019920541207505617,0.005547817050397018,9.842662547267064,0.09788211889798272,0.007105357038489468,0.1816545772622688,9.932177171179289,SITTING
-0.005810668857779996,0.010197753656949972,9.818772017229017,0.03701053890487919,0.08486647050440155,0.0344999909091625,9.745395968916155,SITTING
0.09128622735842577,-0.050247201068871455,9.712002057398157,0.07314161690661876,0.21400572691967343,0.1291861740272715,9.796583751343611,SITTING
-0.021801044909036827,-0.01923026026908134,9.902806689970257,0.06990753176375482,0.02978122202828891,0.08386012463207343,9.790151499497416,SITTING
0.018715453309492803,-0.004319970061026121,9.707473438721685,0.18060987127657413,0.24704583153540718,0.03232458180651865,9.904804097514317,SITTING
-0.00843977057949987,-0.008747224608820587,9.806004445116425,0.1174548889245305,0.010887412130677211,0.2214941887549245,9.834925884246415,SITTING
-0.033359939924705616,-0.0026580849467170774,9.746557560972636,0.05366241611867317,0.11376592548635928,0.06158667794010879,9.779720812531325,SITTING
-0.09405122032442033,0.11640343972483061,9.882630204255102,0.11787271503689052,0.11443373372497034,0.07916019826656566,9.889496240042298,STANDING
0.042427900546897525,-0.026305633788955163,9.780977757479317,0.20411309417668083,0.08495136838498937,0.01011069041701626,9.691570877968777,STANDING
-0.0426490686696567,0.1070582669675764,9.80654265823174,0.14728167322778413,0.20867689645371948,0.16923296533971702,9.892530650819197,STANDING
0.11273633847406783,-0.008805012531494117,9.815716347816606,0.14676836945338512,0.2366900690017293,0.18675661206579564,9.798960340016372,STANDING
-0.026674400842788337,0.1418485032603473,9.80089084870563,0.24534428230776134,0.042930132946891575,0.03091160423392411,9.804482217054536,STANDING
-0.30753214342334373,-0.1564183402338887,9.843836924493157,0.027479602678176812,0.01344371736035875,0.0812341950638257,9.731329274806983,STANDING
-0.17990156614809005,-0.08021844392180603,9.734463285994446,0.1669480217992303,0.2196526786682884,0.04355731483889371,9.731696103295697,STANDING
-0.15464902747436138,-0.16455544528933375,9.713638323334546,0.2831991007112629,0.030957896463654197,0.2141628471763763,9.826298505748163,STANDING
-0.005802438628440576,0.005588563769205454,9.816741913700385,0.08272896953802508,0.04558961215399865,0.07253459280285761,9.803401185693149,STANDING
-0.01555319343404224,0.05004271790888934,9.939459324757768,0.07137033894954528,0.16926513169503377,0.002281926552438862,9.717296523204183,STANDING
-0.06301736664218614,0.09547830966950016,9.869292898441184,0.2235946140314855,0.1848439646454067,0.045889647208329436,9.579188970146221,STANDING
-0.033881564685275936,-0.04691712569993284,9.883619933389383,0.07488146848018694,0.20989699958191377,0.13580993724067078,9.758705385351305,STANDING
0.02217103762244036,-0.07814908672351212,9.825954818440724,0.09276942490095887,0.08477767453201761,0.2850940379798099,9.90325006269016,STANDING
0.12095470821624096,-0.1978940173796826,9.763928030303354,0.1635810556846523,0.1524203261217067,0.07952762365472794,9.628469821394924,STANDING
0.24594087818202437,-0.09686672777067143,9.83412045520516,0.10411520043406637,0.1897197552273546,0.09148972134821586,9.75690716962184,STANDING
0.08935596559187967,0.06546682250719292,9.743867774110623,0.037802858272112216,0.11265793067229306,0.21067740487958148,9.938120354429314,STANDING
0.05846992305181742,0.030733631448125638,9.663986337238049,0.04593327633508834,0.07048314020342239,0.008058625049881113,9.777607721887673,STANDING
-0.04091270166681186,0.07395312866837513,9.706441942511775,0.03597954211611533,0.026227741224315718,0.08555921465517474,9.766949668198217,STANDING
-0.12849963122577057,0.06091429242105775,9.79297567048302,0.1819018980147373,0.011162733048114742,0.013475784225035745,9.880393422314297,STANDING
-0.051661114751083016,0.07467422428108754,9.849995520684775,0.10931473899170509,0.004870120350348034,0.155687526546332,9.816314409275495,STANDING
-0.024851417114073907,-0.03893197229853144,9.754233864403066,0.041693643737007846,0.2403804732840352,0.03082765357427507,9.907669366722741,STANDING
0.2319833065821168,0.015984741958868665,9.807439786523448,0.007654299284058752,0.04435884494127648,0.0973974929644101,9.908972886816642,STANDING
0.05077154927921095,-0.025164051468478024,9.908750718460864,0.0128843922596725,0.018001894463544527,0.11337932803017449,9.822029506915788,STANDING
0.1203091680689613,0.1370850755499421,9.817668291880755,0.15842374362713563,0.009614975395633926,0.24833733430075333,9.787475354984222,STANDING
0.14390987980965075,0.01995939230831895,9.88087476619309,0.1553958139978882,0.07795906167839953,0.1729468561299592,9.741425236334644,STANDING
0.0178592074837961,0.09074579023876277,9.951153643880513,0.0577213457580803,0.10256598490987211,0.12896476621749964,9.873022408868275,STANDING
-0.1182600220296408,-0.10147916886907311,9.844996388492138,0.21905054244225253,0.11434175529526956,0.07779330695682783,9.793158800688795,STANDING
0.01415487638439456,0.10654180391517576,9.723823276190403,0.07857573440980459,0.047712718662605624,0.11554025365278667,9.82111069657835,STANDING
0.1043194924855454,-0.18547864514608356,9.814848604684832,0.0015784440783228049,0.035843309645046714,0.17050345894815222,9.756921033938323,STANDING
0.03939204545485802,-0.10423102326872494,9.729020437689497,0.2710329169813728,0.2808663028326799,0.020793632771751794,9.707803775676812,STANDING
-0.11137582726197419,0.15510997991969355,9.705856397374067,0.3480999338074859,0.04286378240882208,0.23808149062932332,9.931992458516117,STANDING
0.16679445812172114,-0.05843655307929703,9.75140895200807,0.11187879902488648,0.03004796210339783,0.10392641756105586,9.775486869681947,STANDING
-0.20907107633760244,0.1400914776169296,9.83466944026655,0.12291348904200733,0.20943947849462097,0.1671576502298157,9.731496970660245,STANDING
-0.17573424661497783,0.05785925349153895,9.851374744803335,0.19608292115225168,0.22816054414959427,0.15744747949256727,9.798192856340814,STANDING
0.11574917936039844,-0.11682087362052165,9.827333710627022,0.17194644406135062,0.14428534938384868,0.11687963079583,9.703248741021078,STANDING
0.0608346642484192,0.028474656055374404,9.704020123931564,0.2579735211086571,0.15338376997480405,0.05803483209774586,9.775473579418556,STANDING
0.03516602265821303,-0.09763517510582619,9.910250939769755,0.22458034513679914,0.16193173095995897,0.0844241775393851,9.76272803389024,STANDING
0.1428131574743689,0.03175427570190096,9.765275388753489,0.07822576329584208,0.026357201623473214,0.2822174858828605,9.877710136059003,STANDING
-0.1458433179128407,0.10965472662862233,9.771372309536972,0.3030016286115149,0.06873412699854069,0.18376400147631858,9.80179652585987,STANDING
-0.24369395977498692,0.06008844488414042,9.845036650034901,0.02091723501401227,0.09840413701355015,0.1606477229923125,9.797271773018027,STANDING
0.002846835195897073,-0.0058611421601543565,9.891143582834857,0.1677211245655397,0.16966348405710596,0.05898757328043651,9.93702841484063,STANDING
0.02092747648534797,-0.0669053934716029,9.888200102076404,0.17632977958646476,0.017839832735952035,0.045151029723082506,9.837105597852874,STANDING
0.0872138974272206,-0.049327172113008286,9.846784023291155,0.2503360902929658,0.06389232347493526,0.09151548038377762,9.794910100146199,STANDING
-0.1273007170742065,0.13219736775218469,9.75295943838068,0.19867985921172454,0.11868362375314767,0.0830851948510463,9.808530848507157,STANDING
-0.12964564038785303,-0.19614204091330378,9.724421461299386,0.12172375350030708,0.027465287079355458,0.16966135898251486,9.794464974898107,STANDING
-0.01181932873554468,-0.041847853494275306,9.751899704194868,0.21891848839760358,0.03759049496110542,0.041647338365381405,9.748713246163636,STANDING
0.09059783329328959,0.053767033983840466,9.83423798673498,0.07686831494185081,0.059326930947859145,0.059820289699839074,9.89247341486413,STANDING
0.10516454278008282,-0.038085177127645295,9.905126661818043,0.3105904554529445,0.06837924647371726,0.14915147064321685,9.831845415851815,STANDING
-0.12080796750220657,0.20392020447224485,9.867830374983724,0.21658316468581304,0.09709735938394129,0.020320801986365225,9.769198271506696,STANDING
0.08054303900726396,0.07114149692046384,9.820398504315166,0.06256350870169997,0.2714784933665959,0.058732714331048236,9.808810188929257,STANDING
0.05373862517976049,-0.2019285517078612,9.902091392258878,0.3766941237529476,0.1089233473843379,0.05125909901742924,9.988869499075895,STANDING
0.04594585471146776,0.21417918242155276,9.833634598150773,0.165142381879623,0.1328235566160255,0.20202997830050864,9.72201274034199,STANDING
-0.0341404925581691,-0.06367436229388083,9.827036924689436,0.08839202505962182,0.2132133692456975,0.007866809517164244,9.90264348276816,STANDING
-0.11634688119794663,0.039784441552070865,9.796416999740154,0.20242440547532553,0.07692342948833897,0.3564348516117136,9.786531001675186,STANDING
0.3758791380970154,-0.10788509613285897,9.815598116166532,0.12224489197054275,0.09976621021854258,0.09387117205305266,9.935531709994933,STANDING
-0.17471580509215462,0.005946592737547624,9.642710348243849,0.0954383706340724,0.016064804170736732,0.010178991766297177,9.924952015799546,STANDING
-0.04557439136120122,0.06060851828803315,9.761961974646487,0.04065269309013987,0.08208501389178946,0.11357539938512748,9.837550837697718,STANDING
0.2431435172632761,0.017602763667750973,9.89934613714705,0.08758909170008972,0.009152996569861113,0.15176951701866365,9.848592209233935,STANDING
-0.09516159921481875,0.10743378776770285,9.750304803697228,0.18253262632955047,0.2281611111525853,0.041540516158484225,9.889208425466672,STANDING
-0.10041068293231033,0.02143002320537477,9.70735349519804,0.2911300515310464,0.10139983215845069,0.044524818037115,9.97477049745963,STANDING
0.07858981184250308,0.2961283696951351,9.709764785875294,0.010118413252856534,0.010688576838459987,0.0921244695295906,9.870694174283427,STANDING
-0.14870062597365813,-0.11331960129701019,9.788116899760794,0.08955569291606788,0.2010015717221316,0.010063974797812056,9.884660602163727,STANDING
0.17144693605519057,0.04691203548647543,9.830429124796947,0.17750384067461542,0.07325871941114526,0.052523240562452125,9.839625801879397,STANDING
0.09324471196419667,-0.28158104944772944,9.816231863368516,0.034411849362236735,0.25013625048202337,0.1414216915483829,9.851911448439024,STANDING
-0.11138227552537253,-0.009972534768576576,9.773730929041006,0.34664896549816915,0.24699477561908403,0.18630474839828307,9.837018742652873,STANDING
0.14681521674193748,0.03223950951269395,9.819462586716936,0.14337842963365588,0.08056332916225448,0.003259672783220244,9.776727152312803,STANDING
-0.0048968255836720435,-0.16009924446753904,9.9367448650683,0.2313741732233121,0.16521026185671986,0.12068061876308905,9.749059831762,STANDING
0.12738237435077146,0.09943133817081246,9.724520353112869,0.06686401184231337,0.2689093131077389,0.12116673282159038,9.87366375291923,STANDING
-0.17034498549250562,-0.19798213656006852,9.87814591681447,0.26344451696344895,0.07462139242508323,0.02534493181455417,9.81690481340782,STANDING
0.20327486717284027,-0.035358481302821,9.76767779125241,0.20155082241370875,0.028814384562088416,0.06553984618778179,9.826740393172507,STANDING
0.11616243296677727,0.08572565366617309,9.864121440677566,0.15942556927810128,0.09267458862476587,0.14095559689958032,9.91663444276559,STANDING
0.08089925546974963,-0.012698643427991478,9.90596468867568,0.04685025830534727,0.029450746791684954,0.0044137723694167436,9.760164535632684,STANDING
0.03476580278833626,-0.12041510759226111,9.767175167547105,0.10115675771145638,0.16058066494015374,0.011216480665772133,9.788288633971815,STANDING
-0.18961867042697275,0.1942379677148668,9.629220430626482,0.07493808502135099,0.11069069292912549,0.0024620995863445516,9.942761671503982,STANDING
-0.13426524169317322,-0.23512239413483194,9.716120011963735,0.15864947748137123,0.08820756204511357,0.15521329079821167,9.7812655932012,STANDING
-0.046239453078387116,0.1884346083496653,9.87526578517499,0.3091686899178505,0.18407793723418142,0.07364166050784486,9.815913364515001,STANDING
-0.011237674240585667,-0.020909907689924984,9.655802983393903,0.24608398165346554,0.09495465107826827,0.06142531160286417,9.865511871567115,STANDING
0.10579877526149527,0.10196364906693178,9.807126661867615,0.07862222719814828,0.037446163973532995,0.007744391153950314,9.753998378800633,STANDING
-0.13725417045634855,-0.01087560922585825,9.785264190564494,0.005863302671813425,0.18305710134214076,0.2572092750825249,9.816925418379899,STANDING
0.1848514742024953,-0.11736996427774932,9.882607610134817,0.024808320814398988,0.26840376274313293,0.036968547524901016,9.816652142217384,STANDING
-0.08632864477324928,0.019477547189091383,9.805587282668276,0.07984330364144071,0.06581132545782972,0.028544641634541304,9.900336266384953,STANDING
0.08888208047083161,0.03423750896275073,9.751767434628729,0.14054007726019102,0.1792765143644376,0.021376442560026993,9.95301020479436,STANDING
0.10218577623174294,0.06091596117483914,9.682664501282765,0.13728373267675834,0.084498657107543,0.06363428894301272,9.816954227553046,STANDING
0.13372269338285533,-0.05905245698394233,9.788004901831659,0.2981091995286208,0.07031776108321636,0.06712104761464194,9.86667100920478,STANDING
-0.07834513423012066,-0.0030070617039738255,9.855549837153424,0.31425575890353924,0.031777004454624336,0.1664982185066224,9.86871730325322,STANDING
0.197212338155027,-0.07649712092124421,9.839317583770812,0.16048013639397854,0.153417885495355,0.15692917607160128,9.74723776524079,STANDING
0.019680419236746904,-0.047634126568051424,9.721613687587674,0.06908554505630995,0.1269456392198058,0.12357972763701931,9.87959020247973,STANDING
0.0609777711139036,0.08871026620463529,9.929426434174125,0.17378871095905987,0.058519237282912785,0.09148494580819169,9.862935011748934,STANDING
0.06426649665735679,0.07257083669974165,9.82190342766555,0.23638539023426242,0.2008045292732851,0.11543764471488166,9.879837187849832,STANDING
0.025542997827132482,-0.07377677306541011,9.72960637880043,0.18614328493832516,0.0601236321616965,0.1099641187443805,9.789418641465176,STANDING
-0.1499249381369897,0.05870192397951901,9.916041847356274,0.06272666452569592,0.15069082002928594,0.2381515118731809,9.9034312840317,STANDING
-0.08850731689893747,-0.12981920150530232,9.884985695291679,0.07938377365164367,0.06834789859963156,0.017305936444892867,9.954150454614,STANDING
0.2153974363373531,0.10901206211775126,9.857301700781859,0.02322855919331132,0.08124752970996503,0.2956754488623688,9.825708657989644,STANDING
-0.32137708630237755,0.06404855636689628,9.921300375694265,0.11510040313594555,0.22330510044854138,0.08678275144170873,9.859592496259866,STANDING
0.16278946423107343,0.06389244667485608,9.724509672850797,0.1413045622074386,0.16007274452881493,0.1074233998697129,9.76768360473297,STANDING
0.059853246210320676,-0.1149681526557924,9.853350360960292,0.17594911292088944,0.20837633102609737,0.03234192627926048,9.798802963123762,STANDING
0.3483180314992465,0.0458498476242932,9.824652936936335,0.10271720443235845,0.021806184543944895,0.13638815529545972,9.827563175532749,STANDING
0.026545503590069464,-0.17392556459175218,9.886961840509676,0.03535556251840773,0.08619678025313726,0.2085904920665289,9.82621188648048,STANDING
0.03274958221992434,-0.15075300261914465,9.884207309153453,0.13162626774141728,0.11941595956949966,0.011755291834193493,9.830666060079785,STANDING
-0.06167230811556642,-0.043606931804636435,9.837631656570078,0.12487973783806294,0.19048221191193954,0.03197417124758341,9.782956209632268,STANDING
0.09404183388436402,0.0007538630457600675,9.872385056349186,0.01856829532692121,0.11433862632298211,0.010073679261608362,9.77791777761532,STANDING
0.1493633432428622,-0.05709403994926594,9.718276779977742,0.13314774224966688,0.10291806606776747,0.030794698798980197,9.87415801002531,STANDING
0.07010762482484773,-0.11836787845202304,10.050923844937227,0.2251252210274222,0.1517028563190872,0.03643117743972096,9.80524596953103,STANDING
-0.20169351312711395,-0.12414830859405093,9.85508371990617,0.22062346752704898,0.16849044197950352,0.14508189967429488,9.843198702947722,STANDING
0.09856899877203285,0.0004862254933591338,9.916820161593073,0.09849307361839924,0.001972106470394891,0.07896377579589992,9.92246398450605,STANDING
0.09663623768688466,-0.14309409886217098,9.942749361135863,0.15414170608291727,0.3151024372852498,0.05126944864431236,9.850844528544577,STANDING
-3.158415202116661e-05,-0.013339518883726725,9.924713464748494,0.17655960797508496,0.004119614562923868,0.15406739143357245,9.883721593218992,STANDING
-0.01890871214676477,-0.022167347212510066,9.800086950605365,0.12281180569523995,0.04733006670653986,0.1513173242125601,9.898005263106592,STANDING
-0.03583201914520747,-0.12215754906615231,9.996480996933682,0.014682740551224427,0.18794915112857102,0.0030685899145395518,9.721287972225221,STANDING
0.0626643053605691,0.04052905451344006,9.911571955537525,0.1165618069704137,0.32203517941264914,0.10683466674370357,9.772054196753096,STANDING
0.062361564061917264,-0.008422776241358294,9.835014650802771,0.03835062442858063,0.11219469734716216,0.0918545891591736,9.685243900808295,STANDING
0.02210856967172205,0.17655926938255007,9.874444043025527,0.1874299246037104,0.010257332505131514,0.2569062053152861,9.783777597413467,STANDING
0.15055872539120255,0.17961473783167578,9.718825117192777,0.019628923027542322,0.08562132435778307,0.1371094029442515,9.705633650072249,STANDING
0.015252835797010469,-0.058177070499531316,9.951195675900314,0.06302081378669488,0.25189930877485833,0.020254492918877272,9.809407065190035,STANDING
-0.09486342828647706,0.03230954213178931,9.784757179001208,0.05102337751918619,0.24727227413757202,0.13475302274932272,9.805504126854373,STANDING
-0.029829200082133404,0.033723891250097726,9.8713442761474,0.11697486296884282,0.020735500581935892,0.15605704570265488,9.650252936926059,STANDING
0.03574766105525682,-0.0829473798877704,9.854484970351717,0.04243816911360655,0.11331857724950073,0.04215984720379084,9.930464142588464,STANDING
0.0028857322942879063,0.08223609391148812,9.827332006208092,0.2669591367433726,0.09274379347437264,0.05974893403607938,9.862608420834889,STANDING
0.06531082200500901,0.14896478422915818,9.687861204501925,0.0841398784768192,0.07639301703849666,0.1542275233207015,9.724269496259685,STANDING
0.13793016915264242,-0.07425320938031175,9.775838601254256,0.18344981507279046,0.030105459176510016,0.09049484227556419,9.861614637578812,STANDING
-0.024269429262050408,0.043044270380906906,9.69097299791939,0.03453035409681082,0.32539359162942416,0.203278427213668,9.801615915546344,STANDING
-0.00020127805603201902,0.13143461137165238,9.852222621315608,0.17259138012878014,0.08323450648825002,0.1592665066840085,9.760621680459472,STANDING
-0.013628609052195883,-0.10795327037799557,9.816788879521043,0.12889113579648992,0.1404518384606314,0.05696604608994964,9.872107212868261,STANDING
-0.0511607781198381,0.054902208712191584,9.867285354906805,0.09702841605882319,0.2534286975303658,0.007492506299349833,9.754158049912608,STANDING
-0.04218581709652588,-0.10993892277293234,9.882764629391136,0.040276897807527634,0.2389608553768826,0.01358672017464603,9.842177607784455,STANDING
-0.07080520455328365,0.035280800033313235,9.83079794308407,0.02579110681693278,0.0037499997066741952,0.02590878889901936,9.821778079221318,STANDING
-0.09344056171678582,-0.049076982400303955,9.779642953316236,0.09119505279949341,0.007532940471959959,0.0013931110597319024,9.808261924074284,STANDING
0.0003147380778119724,-0.004556075657541058,9.803269511621469,0.1717104838707479,0.1443159985847926,0.07717629732272153,9.872007313627357,STANDING
0.09211998682203403,-0.06107788976416961,9.810659283573223,0.0911440297122246,0.19727898140920266,0.1509673740251402,9.724187085636073,STANDING
0.10656530419661299,0.14793044444184597,9.70043377031766,0.10287887881542863,0.06365980167705756,0.1655461864191498,9.81688166256491,STANDING
0.1099313282420575,-0.006023723769159076,9.859370004078373,0.112141825861615,0.061511762719929,0.16477612113436788,9.826338479001201,STANDING
-0.09824907910338058,-0.0905419251173438,9.698344458134663,0.18187026219071298,0.21130144439356352,0.29201431341628453,9.888533701377208,STANDING
-0.06966056126616099,-0.09175783854093308,9.733140614322647,0.06726467565397848,0.12026215958559498,0.21601120105068128,9.7591311748151,STANDING
0.15595684491713646,-0.07310928325950682,9.815446866927186,0.05052889346140854,0.21530334155129482,0.11127482058513881,9.976106487746227,STANDING
-0.03487333016698978,-0.0046862811862824864,9.89266236478264,0.14894478146973825,0.06267818206233358,0.03145463786143071,9.814475375874164,STANDING
-0.052541541493521686,-0.10018147955623886,9.747957531736526,0.18183769205066996,0.1881663648409047,0.04728838437093832,9.895449914045898,STANDING
0.003719492358708834,0.03679009793272648,9.848677610407478,0.08922983794660631,0.016536009984342154,0.01961331556859193,9.788375823082717,STANDING
-0.1361268642445452,-0.1216066518926407,9.758466800237702,0.2888407184244459,0.1658037391192429,0.02732111285763769,9.929209228677554,STANDING
0.2654076420475456,0.10281617392661913,9.827564076417806,0.18993098735163597,0.10150712192822121,0.10359983639750427,9.766636246512423,STANDING
0.2152405719167333,0.11221497428546585,9.855270784115332,0.2012342950451358,0.0892113485905856,0.15281837130895295,9.884400138215677,STANDING
-0.17088883712005024,-0.1970005356446032,9.926105457348767,0.01929509523876577,0.028405326061562278,0.17896045427573454,9.803918026604377,STANDING
0.04171185251697427,-0.02263344163906761,9.829130085948728,0.0696441874587294,0.1351819589879362,0.11138430319045674,9.80798542551402,STANDING
0.02865891911244496,0.09644356443147199,9.732673187745824,0.1303576521775068,0.1507826036055067,0.05284680832776046,9.835257542669272,STANDING
-0.06346866892603228,-0.08594021977336828,9.897718879861449,0.015474131015434614,0.1292965293863093,0.1108351620766159,9.74575265699407,STANDING
0.06261502498909897,-0.1314945714642894,9.792831559744654,0.09472283403421002,0.211295533821067,0.09400430717118921,9.86468590980939,STANDING
-0.03983198282760814,0.10209058835248866,9.79150636725584,0.052982547993010776,0.07852128315331071,0.12534764046440683,9.723867300438963,STANDING
0.09440605256507563,0.16728626370124958,9.803224067662944,0.17315303630682594,0.15055193658997235,0.23537969464399616,9.793076270445937,STANDING
0.00904406880483155,0.2504316802116809,9.822464889215786,0.034528934739293984,0.015449722689311912,0.2052645007313047,9.7663944686609,STANDING
-0.15200312838998062,0.06051996003018213,9.769540410658918,0.16254256392388935,0.1499282940846044,0.13462652450124685,9.7464909628058,STANDING
-0.29449083012769606,0.07068921731201079,9.833247240386997,0.0589921755986029,0.047115276197504496,0.12365782988353431,9.810303000484097,STANDING
-0.04336024640298545,-0.0024367842495843037,9.994336408952702,0.19519042266531333,0.006642474829961081,0.08281039039021032,9.881376100057443,STANDING
-0.09813705565732246,-0.15109457673400709,9.826090684307182,0.11178441405096447,0.09989780977973055,0.003535538233721214,9.856218332909076,STANDING
-0.11480952918927419,-0.19506968944201075,9.746846687831024,0.13572990721601905,0.03680682816455583,0.00903497948231792,9.883025788047949,STANDING
-5.0304473483149835e-05,0.006193702151765071,9.802011170889374,0.0700643167845261,0.189424087131993,0.15424020678441963,9.783396486911462,STANDING
-0.10855815709322277,0.09529452607116165,9.75480104925519,0.20097366865220712,0.024008600610738604,0.11491583837872804,9.722450822983097,STANDING
0.0327548795408042,-0.01978399342270118,9.828144514978101,0.08041961658383662,0.058074005262900893,0.09547812040097717,9.792573335524791,STANDING
-0.04769641676628089,-0.10053964638043744,9.893937175433173,0.08655265815683952,0.07733377970038886,0.052752832596954666,9.763751439744025,STANDING
0.1471303657402917,-0.009181338373759047,9.948301567425048,0.15362330864003865,0.1099762168767399,0.1699269539618582,9.83645857420206,STANDING
-0.14578004567248615,-0.0728771528676279,9.864275761380066,0.018321072973335767,0.11337297237235394,0.20379535314890554,9.658556915142167,STANDING
-0.09862953317014754,0.20542018335910403,9.772067046596325,0.2464476209547068,0.03891591106437173,0.05221794984905368,9.850720442388912,STANDING
-0.09820683056723845,-0.11362701894687566,9.74913027084876,0.06676818585376332,0.07707186179425887,0.18372753806398207,9.831453098638775,STANDING
-0.13385211042345313,0.0017269526005648968,9.830462568815323,0.19599232213413076,0.006858806964346487,0.12404108651483607,9.80573587387481,STANDING
0.003362508087214928,0.08787723785828049,9.7832955538778,0.09213591578414207,0.1079036444613832,0.04198146791693427,9.95098211299985,STANDING
-0.03577387891541527,0.020001123994446708,9.89348940843118,0.03625152746895717,0.23757403868761662,0.2563870232057278,9.950316375928464,STANDING
0.09547570473217776,0.008196920466383607,9.934147505569257,0.2520992188549319,0.06637430460417773,0.104872985329915,9.70897749744992,STANDING
-0.11259114044378957,-0.13582627854602272,9.859433944241921,0.0015647682876255703,0.11924180708174302,0.26319038262751576,9.720950804476425,STANDING
-0.09318197090158302,-0.11690236892193678,9.687694849814262,0.11891596602747594,0.17051005494165639,0.17540340387228875,9.848656298301146,STANDING
-0.013018267420697895,0.08106067760958019,9.854429189026762,0.08236955764859707,0.08566363116534434,0.22990316054819937,9.667089382613103,STANDING
-0.0013579900062965838,0.0100261960862199,9.831888165803813,0.42137932827179964,0.03688816262065672,0.1620664226956693,9.884885930306229,STANDING
-0.019718512431696287,0.08752432175767189,9.976877009873737,0.13507988906340998,0.07188747709315489,0.18515561838104133,9.785597455724185,STANDING
0.08105079262095143,-0.013203201041471947,9.743653438961058,0.1740694827895395,0.16714897157067726,0.04656142441030246,9.732554577624022,STANDING
-0.05964775279538238,0.007393235017590676,9.701992862282456,0.07759870687478411,0.10878301305927388,0.19946599101248674,9.804090642322691,STANDING
-0.06798831649081082,0.055217855505736324,9.792967573891023,0.15105666215792707,0.4691624501197805,0.09423632915909297,9.704064639840817,STANDING
-0.011033874920763877,0.033617133231164,9.87616913113414,0.14374376573182604,0.01859422031681343,0.17044666090800487,9.719148388451327,STANDING
0.09936698689267508,-0.15755767491799885,9.869357507156527,0.021013797501748144,0.1134088685583331,0.1733974322018622,9.974944951863398,STANDING
0.028461000002358648,0.054138537059027304,9.904856709305323,0.17444263724854894,0.1437243217598544,0.02759305972239122,10.01360189053681,STANDING
0.03869507493660009,-0.024568348139133167,9.921066180729433,0.045054202713817035,0.1583108267413188,0.0877192033560038,9.743038924761317,STANDING
-0.09874452877675705,-0.07838842022602974,9.819762375014228,0.03561351804739432,0.02474286150220928,0.09355242975292022,9.816426905830568,STANDING
0.3022740248265856,0.01267384339908734,9.789673628041019,0.13011317853615095,0.201995504251033,0.0750371610622535,9.797191374856997,STANDING
0.013305095865834227,0.15989221141920762,9.839446263603037,0.021397897582892955,0.06804895728671248,0.13142472497328056,9.713587707250957,STANDING
0.01796792814096589,0.09854318058692867,9.907291090655718,0.24798011722758312,0.08682538313455035,0.130493095461181,9.88784455653132,STANDING
0.018965654622194034,0.07263360742393737,9.745670671615864,0.26736031101628766,0.16883339338410508,0.16892981192934597,9.796265095400155,STANDING
-0.0733471524174469,0.06254635400456617,9.866656941983035,0.03531811522426623,0.30563010101925203,0.2614350576389775,9.846744640711805,STANDING
-0.18599959512224057,0.011280738792146285,9.82796332655166,0.062398831376161874,0.06906508279984157,0.15812923947154728,9.959792818921946,STANDING
-0.11320568223549252,0.01828486549759389,9.907870586351786,0.06797849741052459,0.16762481772346155,0.07662103044198398,9.733527119813031,STANDING
0.03354470027313733,0.00962060999004366,9.815494088280534,0.1775834160204483,0.006935043544226388,0.05694356116214287,9.797560965270838,STANDING
0.1522854853624652,0.07704172467992093,9.862659189532435,0.14219995946293112,0.05658115442844449,0.005394515678344494,9.817863007653798,STANDING
-0.13859810402191997,0.016951975773660914,9.804444949821148,0.08027015884567973,0.21615329012116372,0.16606186222227315,9.84200456742712,STANDING
0.09146178998387114,-0.13511062042138017,9.72215539328869,0.04982998317104559,0.10636419927131678,0.04592117237959725,9.742238954574566,STANDING
0.13582488286752437,0.027234068013162745,9.725226917057793,0.04994531841674983,0.012793122553252434,0.22059279034730617,9.956951510449256,STANDING
0.17424523142390205,-0.023071089414177,9.787154774230096,0.08376360441026513,0.004725340403106931,0.2533974448467163,9.876363602164762,STANDING
-0.03658391738682791,0.18100451036644505,9.695272294313478,0.11203086990211096,0.05109598350594956,0.17605931502708533,9.920752899595714,STANDING
0.05825540675094812,-0.10354918619629308,9.79202567161709,0.009988491497208235,0.082916197438352,0.0950117967359823,9.691168666057232,STANDING
0.040468975380384964,-0.19244545968629528,9.822486361458981,0.059915582403246126,0.10505048904862867,0.07938809954122514,9.904300713143599,STANDING
-0.19320511192511158,-0.005820605313308032,9.980875270764805,0.13191005684977072,0.016865185969868662,0.0720298873560664,9.890335226948352,STANDING
0.07012230699304346,-0.1334509072112128,9.812538033294649,0.06335363508178771,0.060159251452496704,0.061481945747598535,9.784544896012832,STANDING
-0.11510255545150959,-0.03918830296209511,9.879802797747638,0.15566960972720556,0.2001868807621903,0.05716871352807511,9.782838868528483,STANDING
0.011154217162844307,-0.12480759525898173,9.79550518910018,0.1629974230226608,0.16116695080985893,0.03898377771688032,9.691298186361044,STANDING
0.14559206304101974,0.06071273038496771,9.83853510567642,0.0735079108908222,0.13933465160264416,0.24190162459976305,9.544894430237985,STANDING
0.04614714727660626,-0.09859135412601079,9.812022982608337,0.03909223769866006,0.011909101580340198,0.003472586671373276,9.86652923566255,STANDING
-0.1449586587373408,-0.10717347263670085,9.85032975235755,0.22525023654355217,0.20371413599141255,0.020290884078023166,9.806096909263148,STANDING
0.05844317311303833,-0.20788050130416513,9.987428553926836,0.2526695182976616,0.1647003972360589,0.016502820756492134,9.730511545475515,STANDING
-0.021656907748562066,0.09103838498109823,9.700432399858157,0.1532424711020455,0.07547696296211803,0.01438467555786535,9.76425967840913,STANDING
0.01506580695949812,-0.06872281378082329,9.777550658230789,0.2450661507786149,0.01502281782422385,0.1559153973947185,9.722768529504735,STANDING
-0.13754835685189096,-0.07386450247579467,9.80799564742231,0.18035096361564013,0.06997607400776376,0.05666891481177811,9.871704507037569,STANDING
-0.16643585706862174,-0.02820747097433118,9.918192321387833,0.011611995371995448,0.1074312890448959,0.06291559962032194,9.824470222203454,STANDING
0.18133740863331768,0.0005627205244409949,9.856820471145419,0.06227784910730193,0.043390632470224635,0.12093475302488603,9.850449482396472,STANDING
-0.16037051124049018,-0.08063686767124158,9.887995430891896,0.07584653654033377,0.12926072415056034,0.06881199009308188,9.767502508322075,STANDING
-0.0851220045961996,-0.05227834729969192,9.866405043789651,0.11022136795552448,0.11573794443570615,0.008303458722736731,9.687102197810525,STANDING
-0.02722397124007574,0.015557035680024672,9.827036007622013,0.10777990468840351,0.022088751981401172,0.02686280306465419,9.8123043189847,STANDING
-0.006210388715125567,-0.17054934438448943,9.817311776219103,0.18336370719826828,0.08418395745742793,0.026459374125502935,9.749832495063897,STANDING
0.04570906003699235,0.016923956342639174,9.923320352450723,0.11459221506995063,0.13384878021042734,0.024229251835152225,9.9206947447633,STANDING
0.08467868390859035,0.013122812312953253,9.742072515641178,0.23416281734269462,0.1579509315637012,0.2824878609329446,9.865278347219245,STANDING
-0.04104326402976672,0.1363834880203104,9.852187611873964,0.026310697153834606,0.08816609837255905,0.014885880710311272,9.899551779597815,STANDING
0.02654548005472381,-0.07500748765895321,9.85052867363163,0.19233996379576368,0.09721117452397177,0.09164787750309172,9.851343227487154,STANDING
0.05812220417673427,-0.048191096638096224,9.820132137370596,0.21436849698038882,0.09351202670297233,0.0974669555731574,9.660800832317271,STANDING
-0.0619373843229908,0.006351555772689924,9.881362463558766,0.020084005654802395,0.13736841434701022,0.22684934043621285,9.844703137877731,STANDING
-0.14303964078435513,-0.08189985734735199,9.893866955336199,0.3076899275376681,6.901163414851919e-05,0.0062580259984586495,9.974953487696911,STANDING
-0.06366813956253438,-0.0387751914526129,9.949294197853986,0.1776676311539301,0.19858992329492448,0.010611287302239147,9.8848524984104,STANDING
0.14702918493401324,-0.0599774369181513,9.790860694167659,0.0879509934961342,0.054722399327817584,0.012617792224034627,9.828266497947983,STANDING
-0.15696227693569878,-0.01440009111288678,9.774934307633119,0.0021671483783767265,0.17903860961551119,0.1646627361201019,9.824258217026198,STANDING
-0.21777141445534193,-0.13970927263940322,9.922902754909343,0.013487310349742931,0.2258183108251696,0.054541367438333085,9.806706794000046,STANDING
0.22271230962407568,-0.1254186634318682,9.867583855700886,0.1753489663557822,0.43545733891663774,0.02771308202318859,9.804606169161554,STANDING
-0.05556611480780994,0.09575114883231654,9.798674525095702,0.03081409296185822,0.17262101547619813,0.11752880080278606,9.746946364449986,STANDING
0.08701162261384102,-0.036010781725437487,9.758412327714106,0.008555516719185474,0.1392154357908836,0.02914170210870027,9.80502588963011,STANDING
-0.02466451979006013,-0.024354225037065066,9.789379511074596,0.027585372273641134,0.012545147585094882,0.19837769864841015,9.86011371971624,STANDING
0.10857070896785899,-0.11207947374921004,9.822634269340556,0.007973284935303956,0.010291446976527327,0.11680649377469413,9.952587371812072,STANDING
0.025414119245464394,-0.07767855324165115,9.733061715850107,0.2218131484184716,0.11284591157398151,0.14760473781694822,9.784288832118518,STANDING
-0.16725114431002372,-0.006268234294842537,9.907345082692357,0.34662282864197186,0.12421524073225104,0.009085341003847752,9.741163914387878,STANDING
0.07469128554333154,0.029368118995961763,9.834648111350631,0.03681185898807926,0.06430417977736752,0.06581577913576127,9.919159830240872,STANDING
0.025673837938906242,-0.05703405124339853,9.947047946588834,0.06164093662438199,0.013568649180900436,0.14964829679167835,9.828321278328414,STANDING
0.05305919866221277,0.020367884105181634,9.856715116397167,0.06942851384400256,0.15262450442395992,0.08175578375832819,9.812362003386633,STANDING
-0.17344540044735346,-0.06366592465699283,9.825192441247424,0.015099103538885245,0.03800763381854194,0.3184644978371872,9.754319469656481,STANDING
-0.014024400474400416,-0.08149183431349799,9.800540550136606,0.04814529648501069,0.2055127816369825,0.08816370377195468,9.74444475483414,STANDING
-0.18768962266939812,-0.00030424874328074253,9.972581153947198,0.06276641289158877,0.033098792156909695,0.15525256631608444,9.753497435618842,STANDING
0.017035461289101158,0.17444739253854885,9.72443282823825,0.2223760810137304,0.1679706796632087,0.06892442510989087,9.827519073943032,STANDING
0.04038210797420434,-0.035036584441580504,9.825607916715391,0.14414524250402883,0.17460579388855285,0.07271610333780813,9.882819742534695,STANDING
0.009533411912733594,-0.12811563427986977,9.862251637576321,0.025459336080482883,0.206879555515764,0.008916516149875597,9.83733788901668,STANDING
0.10406293509135786,-0.08514718787533673,9.668655157063345,0.2875202424087777,0.09935731878210514,0.12913518941635466,9.83847103909167,STANDING
0.19127431110065335,-0.0032441228879330265,9.895368105313567,0.07912469800306218,0.21237606303192147,0.07220042980059736,9.81315171059379,STANDING
-0.011950586544951576,-0.02527310933573347,9.754346438444514,0.09940237213699536,0.3208059077509089,0.21023067107847299,9.828270574911032,STANDING
-0.017075213161160594,-0.10027775566374793,9.855671838784533,0.20460716299146364,0.01661013149332198,0.27555414172892073,9.723332454663824,STANDING
0.048169035118147456,0.028197800156446517,9.86105242209748,0.2790464272289736,0.08240259453833795,0.2847826579655744,10.012111144273888,STANDING
0.09958702800241077,-0.04547338869574728,9.826737327115715,0.1835233021854534,0.08491389732146583,0.09339078690449504,9.830447291926001,STANDING
0.016803338667106475,0.05271195915578544,9.773904823431504,0.014055429454066515,0.0034675530252651493,0.18556337568398246,9.795433311295131,STANDING
-0.07431314031441484,-0.06932108275328333,9.750310114829295,0.26006565745682,0.168010068334293,0.20478207731502376,9.851814993678508,STANDING
-0.07034143606779827,0.11168096443533485,9.760682303740595,0.014585024363629018,0.043404586065310224,0.04973250890211979,9.724441710560406,STANDING
0.25831909084342686,0.0649538639491568,9.882192809260616,0.2485028827347658,0.06402155886257796,0.011143413858788268,9.798832055554877,STANDING
-0.009328878339756009,-0.12774053886299175,9.79113462542931,0.21145032173518324,0.17294538898178413,0.19130146619674682,9.84696366517124,STANDING
0.03039969121279413,-0.06270471672539608,9.73760442210235,0.05104026538800997,0.0673970683442531,0.014417405525722377,9.844891830443633,STANDING
0.04216896790989355,0.1195663937784533,9.819314168609033,0.22083694338346116,0.15165853579791674,0.19296335366350859,9.830380260210353,STANDING
0.011676938093196972,-0.04701660795618385,9.779698228273915,0.21021171633115351,0.003632970755244422,0.24147726355622262,9.768761336260118,STANDING
0.03002267039764015,-0.03518492702484191,9.75655327267654,0.22638003508787186,0.010555419439780625,0.012392549302576536,9.70918990441357,STANDING
0.06980122622584488,0.012889991341633895,9.746582131371078,0.04111184646644457,0.10334514279484011,0.25174444277975777,9.88550428852189,STANDING
-0.06888268127395998,0.09148105363496999,9.780314114467274,0.08366459048920416,0.07116527322423354,0.0142644658338687,9.830640703843033,STANDING
0.12294817967829721,-0.16270717152454595,9.721723297715918,0.16745547623579626,0.1735536555807889,0.10794075462557516,9.856489576128505,STANDING
0.2911766747089521,0.12179126650584281,9.946184343877663,0.1539725422190299,0.13324909807893773,0.023348546725607613,9.876081803187127,STANDING
0.0036823623457121796,0.027911842475073945,9.81298175069611,0.1424624697822893,0.20000765575452306,0.04662295290692238,9.936952276275132,STANDING
0.2031293540161298,-0.12244102177100719,9.78777009316781,0.027921525444490947,0.044938837361288,0.19228480950493615,9.8636778389343,STANDING
-0.09540625077713653,0.15929783648818574,9.820582797779318,0.07982057570401008,0.15868492347956117,0.17392861602110465,9.90875777130164,STANDING
0.012145393427999654,-0.061138002097369484,9.757855077679661,0.010301655636699575,0.025830600111088606,0.1915706621760084,9.681455872115754,STANDING
-0.1334751786955693,-0.07767362082471486,9.795738743153839,0.23728635230087142,0.045228314110033335,0.24804999601772743,9.884961866512791,STANDING
0.10166463028397203,-0.033571395638839284,9.900140274702736,0.20121964425068828,0.031788534068748944,0.11149284684444222,9.956091272893145,STANDING
-0.10024343359411714,0.014409288329451226,9.72001781468644,0.130336019866256,0.006707321607082206,0.050587085867073736,9.850667267661157,STANDING
0.1304892664364039,-0.0347805164639836,9.91070778935048,0.12392796453948357,0.11131674594287369,0.29140533253519385,9.859310466539753,STANDING
-0.06862858706945796,-0.13156908904634732,9.73735319596356,0.23306747978545111,0.2734399526836957,0.08914399032102259,9.82618610878634,STANDING
0.13196400455643867,0.029162225066318492,9.830843305092195,0.05007871525058816,0.0054732920526717604,0.2359088013545243,9.789099473456483,STANDING
-0.234204875566252,-0.0640112765772352,9.758265083337369,0.040522691276922526,0.13328361431526278,0.09222485531960035,9.718265516483314,STANDING
0.21726313050806123,0.14927226286916298,9.751816080072032,0.07765943199957309,0.11280442430125201,0.08469401162376716,9.856488508654463,STANDING
-0.1339727437800304,0.02940410871640177,9.888305886026853,0.0475998276996627,0.12999564687558587,0.0247219282532192,9.916257512472534,STANDING
-0.2004975313710323,0.1793052685216608,9.728676074606048,0.1389671543989336,0.06291931866968048,0.0549981117021711,9.840275620213063,STANDING
0.0889297998588289,0.10448787426539725,9.765265850896055,0.019896143431681473,0.09862966137972054,0.02227988141027916,9.76573305805592,STANDING
0.08449302515597316,0.06541383759513081,9.877865406311122,0.07922076229894065,0.1779922164828575,0.1320002280675193,9.847950943500052,STANDING
-0.07283546687969607,-0.11104545309994643,9.910234892799506,0.15573076760354482,0.2670021988320225,0.12295521912004699,9.792362928464584,STANDING
-0.09177694081783092,0.08995710138851432,9.869082894182657,0.0057617974960559315,0.11649214379250714,0.15061143306804706,9.797446566722938,STANDING
-0.2705229207725369,0.018671756076823667,9.834450061552406,0.15111864967043542,0.21069790979677014,0.11524632532933067,9.723837430649429,STANDING
-0.008675879947547122,0.07018220302806755,9.844075728388733,0.05124775775042392,0.08545284004562818,0.1729896444629616,9.771100529465855,STANDING
-0.20597809927187968,-0.04294113335823642,9.68113688556492,0.3267069687386115,0.014488184313328989,0.19089808553132176,9.814447941465817,STANDING
-0.15868383072660988,-0.05046001216487757,9.948317203829522,0.1551252629622269,0.10283482074588375,0.21121232091756625,9.83766641818289,STANDING
-0.09216780449175688,-0.056104064636358635,9.803496109659308,0.17574710623736894,0.024736297269004545,0.08762403304227286,9.789767026853674,STANDING
-0.27856839156602664,-0.07575886740283794,9.732041049433924,0.09200839573992357,0.12797898229639332,0.09908927435094692,9.86051424540094,STANDING
-0.06152766676814916,-0.15546211237758736,9.820135305702852,0.1880378376985219,0.03243881256076575,0.03347727236781647,9.842045760947489,STANDING
-0.22866882946365327,-0.21528509018422098,9.8784399064211,0.3685031975996529,0.07190255153992811,0.04591804079414907,9.616937902131626,STANDING
0.12447172671308235,-0.061318212840182955,9.90400942926571,0.043901320968931956,0.11217791274605383,0.16548319474886944,9.83552542425756,STANDING
0.07436474162149338,0.04641695343941523,9.716705557266295,0.007208235430384208,0.11090591030208796,0.15665080008396468,9.852752683593213,STANDING
-0.12029120178851634,-0.012022243353477893,9.783614235866873,0.05907765197364377,0.19152873254932815,0.3310743470547673,9.92166516638258,STANDING
0.2055483180372964,-0.1392370782310297,9.917988380909003,0.19696820187432051,0.21881190566565,0.16132874560169008,9.849303927169286,STANDING
-0.0521192424833104,0.05059780150403742,9.89779167213823,0.1294761075861996,0.13931363835222252,0.08883670821036514,9.70844568420614,STANDING
0.1821624040856094,-0.022341724812966125,9.545793991859577,0.1596533079279509,0.13758271045073026,0.10665676828303956,9.761523011450256,STANDING
0.14553310340442843,-0.01488775480668366,9.785821209214708,0.23223899422205935,0.14953477451837055,0.09409782579765492,9.745622885078278,STANDING
0.24354657461053578,0.011287876365258373,9.759729892833798,0.007705635666395039,0.1927527588035703,0.015213806300604316,9.826396328568142,STANDING
-0.07630630774601535,-0.03153944134750538,9.756297535969164,0.22256262778082705,0.05089960248756738,0.06565428050802978,9.892545188553312,STANDING
0.09488169099335511,-0.15778866230263017,9.767488608991798,0.23886187158289152,0.017093081542164976,0.08840135481217296,9.955751202112712,STANDING
0.08631247698916662,0.09831402277945873,9.882699318413103,0.10607116377704977,0.030840329209610287,0.039790974058250675,9.714742817513596,STANDING
-0.06643937383425533,-0.09129633663053827,9.90452985580164,0.3053788259339097,0.1308786359826396,0.11910158348435844,9.881955326741142,STANDING
0.051076861546418564,0.049883432827829456,9.88203314907951,0.05782781012550675,0.10020089301457255,0.11052090420845176,9.833001776789695,STANDING
-0.0863887685616921,-0.177484473569773,9.898650968104453,0.006562839668049658,0.08395461368862382,0.005087036709799431,9.797017857932431,STANDING
0.08974390424711788,0.21564741676081867,9.852455162164647,0.08225805383681645,0.169659398135469,0.07726790685815656,9.834642936164528,STANDING
0.012933318738917796,0.0020636540357505586,9.788361897565904,0.15144906723648704,0.17752730116603033,0.04681799475092251,9.995228486469358,STANDING
-0.04515136896673568,-0.14711633827566037,9.874193038778598,0.2943832264184003,0.15293735697152355,0.25247000541665104,9.77927920089771,STANDING
0.03424882689038603,-0.00294709567177766,9.814901142354667,0.09461348720489327,0.12256134674585539,0.04963449841367264,9.800855424757245,STANDING
0.03966718716421979,-0.09272734183955121,9.66268295501558,0.08169533223024927,0.043109749258369995,0.15123109326704703,9.82163507328434,STANDING
0.007100903351307514,-0.19806313285446642,9.831589010308042,0.11198200831267467,0.029908903492546962,0.08872683387968086,9.82221053616158,STANDING
-0.056574505578984184,0.024645662694886807,9.813075561411923,0.16727684683865754,0.047132540602800845,0.026491975293395933,9.897894316186804,STANDING
0.1456054959118931,0.12827139581702196,9.782694555426144,0.14958119354084626,0.10758390028479622,0.1459538525591422,9.825847389359692,STANDING
0.06387148798988372,0.0655717221071599,9.827493682587216,0.1323990784065808,0.12258980207487044,0.24465514206230426,9.876552557507896,STANDING
0.032374127860690945,0.02627495501508767,9.87339963989707,0.1413992893123763,0.04407175215507764,0.14288091401082587,9.875330595724659,STANDING
0.07812406299383996,0.021476649160079225,9.957369532319564,0.25268267347702844,0.2001857194053802,0.33663655728087477,9.888953899929591,STANDING
-0.030316115759313724,0.001192771564782261,9.741126402739976,0.18066594577131273,0.047100724553760964,0.07035617788406305,9.679521207639587,STANDING
-0.21175573125293404,-0.07461724066718001,9.863124026300966,0.1488924861441944,0.09835646411688587,0.008458848601747782,9.630043631167888,STANDING
-0.029168586145800562,-0.05460513800970288,9.901053703811797,0.13579837777728343,0.2650735309999851,0.025178493130454033,9.930741415664215,STANDING
-0.02448605365488957,0.0854406780145765,9.733790482838067,0.07847873568679553,0.09159565880725334,0.20634175399628008,9.79428764108653,STANDING
-0.24923682268732564,-0.04640357607468151,9.696746629504696,0.11306634780373925,0.0737687171504677,0.05038548791961418,9.749725354334315,STANDING
0.21490272161351046,-0.0033294008131503324,9.92291443704492,0.04798992414887121,0.016547034990812573,0.14863148050442304,9.67354312536801,STANDING
0.08798444066884377,0.0651602254948855,9.83946565531354,0.07040938092140833,0.011309002762980483,0.07470184601032982,9.922440195173849,STANDING
-0.2221002915757703,0.06775278269003673,9.939535676115934,0.2016259719382653,0.1398212878426484,0.03364271538288759,9.825838480891345,STANDING
-0.04826885384749123,-0.0698034408681907,9.81839351768968,0.12623694802046553,0.03644427026329464,0.24130807834767865,9.81253680524688,STANDING
0.06134828787133712,-0.08957046005985632,9.873300683220025,0.09955973926862606,0.0021983535014325623,0.07772333287807705,9.857631533303906,STANDING
0.18956609609378666,0.11312871063587267,9.823022447983801,0.0756280797069955,0.07402265812003231,0.00709435506647399,9.85043302359169,STANDING
-0.24363301816168037,0.045351484909737345,9.907718524575943,0.057575828980625354,0.13715639063567994,0.2143534653608461,9.88457897372157,STANDING
0.17157477840064983,0.04013813907803787,9.922806207119745,0.11641383466616995,0.1394314143770797,0.017839077353779757,9.764386756893515,STANDING
-0.026830364776890495,0.07608736809468035,9.984204602654088,0.0849438491648574,0.2976576667323617,0.054012823557723244,9.946511474486712,STANDING
-0.0873554237675749,-0.022527130811779837,9.815712312083768,0.08425661575026552,0.23187609748391394,0.07231722989885342,9.69588021748374,STANDING
-0.0274006544032009,0.06725496745679364,9.767641866215705,0.07969670353654229,0.07252347076618057,0.09407424938352449,10.000958918894257,STANDING
0.01481951172000869,0.07357930539797147,9.692995460185738,0.0820817014434466,0.0729583106537927,0.021731488898710405,9.779844342888577,STANDING
0.31222010254057925,0.05122753415777298,9.980081819108747,0.26926511788340046,0.036075386654961406,0.08375604674198114,9.742038484509632,STANDING
-0.052984239500426744,0.03595188815332386,9.846649764555377,0.14534036652162668,0.09403251751164411,0.16607424252369404,9.673242345187818,STANDING
0.07881732287709071,0.048837111224735726,9.766034675419876,0.0844768973144723,0.14647909391090366,0.17159352471487496,9.785841751315514,STANDING
0.13503477291582636,-0.18392752138161772,10.015623917209696,0.03138600669859025,0.24299611867896778,0.07308153802671669,9.902852825701203,STANDING
-0.18632457608937147,0.07015888492870094,9.819025720107433,0.1777044082566334,0.101097535733898,0.0228131161245346,9.874514373143217,STANDING
0.07947266972289697,0.042759631944057325,9.895575909747159,0.26060692797696416,0.08764178474065182,0.15417974438690885,9.73620713949173,STANDING
-0.03451371742499092,-0.16539715787131026,9.78947306421539,0.025189465587733495,0.07666591303029925,0.10798413049071018,9.840804905638935,STANDING
0.12531501575399376,0.1602964346921666,9.802516939679823,0.3024889151923237,0.18767068347612462,0.04320084539731764,9.93688863446508,STANDING
-0.06016407786786439,-0.18923568245062733,9.801689263288983,0.0780571967560407,0.0054985646936871885,0.0212971593707414,9.876078256491404,STANDING
-0.14151897581369827,-0.03717122621656524,9.826110047096206,0.09377928755535006,0.07307047741317058,0.0922743324654272,9.573626145613158,STANDING
0.07687731840118253,-0.13726790997110697,9.874947050661211,0.179891600447091,0.045630695688761574,0.18005483257015378,9.786714363515934,STANDING
0.1316679342797228,0.02320138394076642,9.903575773469452,0.11889740743527372,0.10984850970194622,0.0777409086969373,9.95938750429141,STANDING
-0.11258000741246231,-0.0525704805301983,9.812357367433957,0.02254688985381094,0.19785597287892573,0.07299054546343765,9.814469934919192,STANDING
-0.09810469538110382,-0.006302023829846699,9.751505491238929,0.13079808891164862,0.1996937720801797,0.03749782922723317,9.760309622061307,STANDING
0.003809432929436273,0.03204035206097008,9.648505101685718,0.1889849427658542,0.016966850295524888,0.07776520494353101,9.95598407710272,STANDING
0.038312102495479325,0.0904688402953591,9.83207530833622,0.1820013574654954,0.14173783621434521,0.10544561446868259,10.00370641304534,STANDING
0.11526378873749253,-0.11395406977396899,9.805876023281362,0.15970775994906683,0.1044496835712037,0.1486873418972168,9.923878506961977,STANDING
-0.05961809585832532,-0.05959045058647572,9.772070208583557,0.2008576405990583,0.07329323018522141,0.013644835566229252,9.754410740071727,STANDING
-0.14875002583837194,-0.02691693304958912,9.873135461621887,0.1753875900933227,0.22567504975465832,0.18339758172966208,9.817600615930099,STANDING
-0.25812632192662643,-0.12172595369097444,9.806617065827911,0.10271035648591915,0.1512325054205167,0.1263641629535848,9.836718905717532,STANDING
0.07480478179735549,0.10668655876415895,9.808569362176963,0.24455882369800797,0.011059954610695338,0.014573812037221856,9.841134205329062,STANDING
0.23915785438133896,0.03934950735039757,9.83697356310913,0.03307796213481526,0.06999798066243465,0.07274533847264894,9.853001701236687,STANDING
0.1711796727262299,0.140151631323036,9.854305271008142,0.13701064786573428,0.05186330490030758,0.016980535582305945,9.840303073956843,STANDING
0.2293977820183321,0.15177615926616167,9.839510388946497,0.19794340720248285,0.0271395684643881,0.22640893506688015,9.861851106903142,STANDING
-0.09070312641053092,-0.020878675673793777,9.729259783747516,0.010835995219776781,0.05910540006239301,0.15675139022007117,9.9704578050761,STANDING
-0.001440988396420771,0.02898532048768381,9.702206973153194,0.2520825750164865,0.12002500931668342,0.1938826239771299,9.770148053420693,STANDING
-0.024955440947184538,-0.06117020747295147,9.891607717019303,0.15328892293637408,0.20691448640132382,0.19127388030572323,9.899160890465112,STANDING
-0.0443069859822597,0.03497927665296289,9.810106434273385,0.1816055678631176,0.06286036192951236,0.12789272411691077,9.835309175985104,STANDING
0.3247763488186509,-0.06855366298256818,9.800004512699076,0.053188760036696925,0.043678361447241625,0.1615774353385358,9.902476376309219,STANDING
0.09521319545931721,-0.01623341860262142,9.697290820656464,0.20297830079490026,0.1169664621001975,0.08222234637005921,9.848320024297186,STANDING
-0.028419365136275607,-0.12254545472189116,9.905434328150406,0.1804905223155877,0.12554028999455957,0.18567739951139978,9.770551176171377,STANDING
0.09050823342771411,0.07148600341672774,9.854945977375392,0.22378909147677428,0.0022298514033842476,0.03463459432306933,9.878373441951997,STANDING
-0.06266410177580342,0.12983700044467547,9.745507247859985,0.3331983649500617,0.3029297355602423,0.07052468536846554,9.902099158553735,STANDING
-0.021117399774812494,-0.12854398985084842,9.537374544985688,0.09312865539293896,0.12790625086852928,0.21303164260362167,9.784199683530007,STANDING
-0.04047347634377342,0.10540356825285856,9.622826041226459,0.12129838289029157,0.06000386504441351,0.2160611204852284,9.894059285087115,STANDING
-0.17911151929564922,-0.013937030827390118,9.785469085273125,0.21462932468295942,0.16750818408121937,0.056679796994081794,9.815941546859762,STANDING
-0.19420518788009547,-0.1532380398969924,9.855010674405838,0.007580619276551875,0.28596474936036137,0.013707028435933064,9.761662748335253,STANDING
-0.26877924366935624,0.019089509761622745,9.75974080079182,0.13165384276164432,0.08776689477612912,0.10632912480718035,9.784440156036373,STANDING
-0.1998956763304668,-0.019518395109929466,9.852789599141998,0.0716505122428973,0.1416430500405491,0.06224914745108089,9.804828502755402,STANDING
0.014730938569122963,-0.05669498832104164,9.767567798160728,0.1357410807552965,0.07694000879578652,0.25242782491692656,9.806421408021377,STANDING
-0.2431228138171811,-0.0807594927617679,9.768216523793255,0.0925015613710086,0.09666405006100463,0.14560749654854954,9.795788590621232,STANDING
0.0308595533004194,0.03438442277788009,9.839658102748688,0.24818902479401425,0.18037743227471928,0.05194032195014224,9.992132801771136,STANDING
-0.03957494174945639,-0.0982483903336182,9.855066034358131,0.16969857196237792,0.0926227136270308,0.057973899702911,9.79375772776089,STANDING
-0.0626579834536065,0.10938945976205881,9.842839536262908,0.013500590267872953,0.0035493606737231065,0.2673415123612151,9.822200456938068,STANDING
0.18101678881444908,-0.11034047859782586,9.880237400976359,0.07567264934744367,0.07511066803447704,0.1525789264832387,9.780499162524338,STANDING
-0.23836148946133492,0.07632036192756562,9.739469594176096,0.3058409405659278,0.07123874501850072,0.21094397974459578,9.901734652868132,STANDING
0.15642763612373203,-0.15280387727866135,9.763782509033046,0.17765099527560801,0.11484419788441096,0.10933596425638348,10.029969395629324,STANDING
0.012477590881090697,0.04534212455052518,9.824499499649825,0.24840533990474367,0.18291162842568115,0.02663805706368437,10.036362622680366,STANDING
0.07623741402984827,-0.05956862261097823,9.765955836750013,0.20052312729669103,0.19049201496591336,0.15981077130844104,9.829053452144308,STANDING
-0.11235124469261122,-0.09264938428760218,9.85295720356345,0.13964510810436584,0.15533517108422115,0.15910230386937183,9.87236358687449,STANDING
0.08990385798344222,-0.031213041252544454,9.829749054685541,0.09134414433039262,0.3108590383357175,0.09048526904411061,9.781814908341735,STANDING
-0.15624031940420124,0.1099868624725333,9.881474999791727,0.0898903555560215,0.009963009693605737,0.09799085264201432,9.719124070118472,STANDING
0.026048349677763597,0.023700320198874945,9.907577830739175,0.10492584313673933,0.06664375227961639,0.07567608661172252,9.823593279050272,STANDING
-0.15950772654364467,-0.12145270310881418,9.776231525698858,0.21652257088666632,0.12903376352416374,0.06933571888817754,9.778703386039165,STANDING
0.11660856150260464,0.07655040837808319,9.907447990626034,0.11768664809157878,0.18830245578661872,0.021386373623694284,9.822012030811258,STANDING
-0.1543789303574494,-0.022500490312336162,9.9361325841215,0.010747183818856587,0.032932128191503235,0.044868832766222805,9.80369412606611,STANDING
0.00819844956097638,0.02276393992468176,9.76876400194165,0.06827832512908971,0.084231686779797,0.007524491176509385,9.740408209893072,STANDING
0.3131939305137423,0.07531566108861996,9.718393220918989,0.1277903509100612,0.03124967148622214,0.14843606496072476,9.772068135493248,STANDING
-0.1084957648790316,-0.040258307110950714,9.739009602093793,0.08011222437915505,0.2330950935822822,0.0028760200750600345,9.734207299554903,STANDING
-0.10120462494714043,0.10689434369867896,9.745938876827944,0.11425142507891967,0.3039983822168526,0.1779832257061364,9.815891610956406,STANDING
0.12218781998441686,-0.20462654313464712,9.808858720290004,0.08863399065928221,0.11613551882318289,0.05638221017273014,9.779535375389754,STANDING
-0.048745950789703785,0.03806965302297806,9.774195152595738,0.1167627213615455,0.23166980645148694,0.0029130183530378523,10.072836044980408,STANDING
0.07298911950086005,0.11320683390478421,9.881450056950271,0.20353938659852994,0.14735735373322884,0.11652692000590922,9.812942140262129,STANDING
0.06545482834193943,-0.007085916664044703,9.88105314341824,0.213993257114918,0.1912160024645764,0.03661071818340418,9.798507795843292,STANDING
0.16269941647039265,0.020724466180087723,9.781157601882903,0.21385715398455846,0.06817975421725572,0.030200244410633154,9.889712402325154,STANDING
0.06803171583377714,0.2750948533521664,9.761407197091241,0.04452821630578929,0.11455694804397429,0.23150263841047142,9.7071139062534,STANDING
-0.014546166086541417,0.01734656656686497,9.749389446694568,0.057876563506779916,0.17966304793356655,0.22415557425112337,9.814232867615313,STANDING
0.012887562674874046,-0.03167664756162019,9.716761042435493,0.2742296978044621,0.21593295983306998,0.06960108111031175,9.613519509817095,STANDING
0.04245840895228937,0.07803235903028444,9.831032169288783,0.11136635654002473,0.11333835084865847,0.005322598075757662,9.87593007224915,STANDING
0.1654630047954134,-0.02291478429729563,9.736417156994767,0.12356467907634301,0.3011491112588921,0.015780643513373424,9.792687166755325,STANDING
-0.08408694932628484,0.057495668283325266,9.848257341824333,0.1894774171320887,0.3073709431489805,0.09670465533765638,9.840366865276925,STANDING
0.15206023645058986,-0.019676439542770315,9.78727457330437,0.017119399616659037,0.154741279206413,0.41482071855389757,9.776314331084619,STANDING
-0.15375419039950086,0.04342359392005308,9.822255062674977,0.11855541430658237,0.2610028715740119,0.12159643763371158,9.852517884699369,STANDING
0.0541675142899242,0.04013213737267121,9.90543944356028,0.24952712338333455,0.3005593063618397,0.003684218244872181,9.7579821967915,STANDING
-0.07416180868466647,0.047522958150662986,9.892067388398388,0.24759279527788633,0.08073855862423993,0.12631529635379707,9.754762923956289,STANDING
-0.11318533070430258,0.06666747799559565,9.753374449609264,0.05769188248270268,0.09682386767098122,0.2255240302149749,9.879753434059392,STANDING
-0.21881957198577615,-0.0213332916201082,9.728843420435798,0.01928218859931141,0.05975817922979795,0.03231478901321701,9.999220732117571,STANDING
0.09092919809374274,0.10105327670383552,9.883780995073508,0.05024863873207827,0.13108322291161606,0.18976942609423342,9.862123852433257,STANDING
0.29554487582029826,0.08394432171563458,9.794787251424188,0.11259629937354032,0.005415139659144683,0.31470359479462967,9.996322053444672,STANDING
0.07588800539459728,-0.04308464176158178,9.892516203241584,0.15986434717966513,0.18378567782763994,0.05690918596562171,9.957038476583547,STANDING
0.16981352723616652,0.22186469035868575,9.86618946385711,0.17070833628304308,0.008679309877618752,0.021946855915369483,9.658318867439153,STANDING
0.1297159405036433,0.03883988685504527,9.657906460288313,0.10101363078365179,0.29676556223485,0.06743338491642563,9.681936171842633,STANDING
0.0642695961427202,-0.04338726223247447,9.791920468672044,0.07702533365560307,0.08597600505352564,0.0427162998703048,9.760643239491339,STANDING
0.12129932371981485,0.03762049997251888,9.874854547696112,0.3350388392817886,0.09403459896955027,0.08214602600249778,9.739305324184343,STANDING
0.010087777343502274,0.03550486065961563,9.852861627135432,0.12643638268670782,0.1926170804819982,0.08294366907423871,9.696649488204528,STANDING
0.17524982135237824,-0.06990546254873307,9.745946628537016,0.0782461771673027,0.07216112134662037,0.24385124359027738,9.828703103890128,STANDING
0.24684338987655086,0.08939292814307212,9.848882993587582,0.2777848133237487,0.21222297939402998,0.1434679084186089,9.74450391403392,STANDING
-0.08114768901743447,0.17522731900835548,9.936060801686889,0.06747381005196146,0.13546512875938663,0.05941549636212779,9.736531834246076,STANDING
-0.19314456923748283,0.18832043683309013,9.765306543684527,0.2612667803259167,0.07786290901531429,0.03308042045524441,9.803700233483246,STANDING
0.017388712120772164,-0.08122128357486891,9.690309091670372,0.11487303852656622,0.19639177026338356,0.010159125891175527,9.813991025032905,STANDING
0.010331324615503073,0.005521235360038613,9.765412445928556,0.020664548156662382,0.001073763067892558,0.11681831970072733,9.79047001240288,STANDING
0.13119702491167756,0.030736381951042654,9.825659377743282,0.21393566626035854,0.018259038839361683,0.07210979022372759,9.734536572374315,STANDING
0.03652350701611939,-0.14234923662063476,9.736498952138593,0.04897786691350596,0.15401363218448652,0.2199441679203903,9.824934038135254,STANDING
0.028336579311026774,-0.006380455772744412,9.804214899729114,0.1639300036738925,0.17403211861820447,0.00846113036358534,9.83561795514783,STANDING
0.03440326253149783,0.11672685389674271,9.779900440057228,0.11660393780987481,0.18168448965985798,0.20389022312783422,9.744543423530178,STANDING
-0.014859012407045746,-0.09226727765934681,9.873128439960793,0.1372410341048901,0.18891901693541646,0.1753007957373568,9.828737390265497,STANDING
-0.055304868638376234,-0.1364735313969791,9.896303027767017,0.11159353727307027,0.05026119641246127,0.1336949571087601,9.712323323571166,STANDING
-0.08407333903933155,0.0210512058443886,9.883041598804045,0.19537689306975564,0.16028629549303025,0.07656376283080209,9.840187878405555,STANDING
0.06799057268764323,-0.03990350031556031,9.815420511917203,0.08819540395515618,0.06132523375223978,0.2559888015766774,9.8999100931371,STANDING
0.042939049874685276,-0.07864838042565948,9.821892600975227,0.006478087532148527,0.11836121706202837,0.0037749952403941106,9.754793204958235,STANDING
-0.01353983859737743,0.03653918191297132,9.723413440252813,0.06787334026764133,0.1105162305693403,0.21383685495365273,9.794209872998726,STANDING
-0.059353241627480166,-0.06811269601357584,9.79088835330926,0.18208172009119944,0.04632135288447249,0.24585920158136226,9.807021242741275,STANDING
0.14278250445937227,0.13360196867583152,9.72708942821966,0.049810189460090984,0.16346302063920273,0.17366809444440223,9.82663558382374,STANDING
0.1772032116895181,0.004103426005214217,9.71888473841399,0.13095832275774205,0.17827480712298538,0.0698622688650242,9.816602299214779,STANDING
0.005177282356855401,-0.18417597051832238,9.916818137992973,0.0870482651329689,0.06000432607236512,0.02501463934725829,9.74207419728673,STANDING
-0.006303012203922381,-0.06265133315848681,9.846818685869847,0.061011072063381716,0.2595036264375587,0.14934575067844044,10.012970503535012,STANDING
-0.05268132171291935,-0.07138102772901164,9.876539407756429,0.1395228132940331,0.01816156907588222,0.2995847162088581,10.012773259620992,STANDING
0.09729361731459031,-0.0011900969792893292,10.002515011614154,0.18589847334742066,0.16152452623203697,0.041365237283949766,9.935265513394185,STANDING
-0.19312969721009557,0.13658704330648483,9.749812597704166,0.11420787968364877,0.070478361217577,0.027984751350479314,9.766934871650145,STANDING
0.01847946362133525,-0.06960867266665095,9.776977960079886,0.02972630890388056,0.05496910065152369,0.12942045263945343,10.030668713492574,STANDING
-0.05570620755848678,-0.08333177577042886,9.910385323708716,0.15352082420325455,0.21358742770149733,0.11988307312045093,9.854667805004041,STANDING
-0.02533366748578315,0.12195012431978694,9.715813020839905,0.24141436360610968,0.08734007479160366,0.09451022863612221,9.656470808554465,STANDING
-0.13170176041262022,0.004568432656033935,9.771825269697622,0.015905109882882185,0.23522810829223856,0.043218467792856166,9.730922885107926,STANDING
-0.07246063523074693,0.061991604720411146,9.710282739472154,0.14874552605067015,0.003924000232861352,0.0019233129753948308,9.749660172078007,STANDING
0.08638567003884015,-0.031271237723296,9.782020523616257,0.2271376009750154,0.015647718914010983,0.03541132267947551,9.881440904700078,STANDING
-0.168842085688384,-0.06153330439689178,9.898367859326145,0.27811102179086,0.12287113252744217,0.022082746589220673,9.77353431873968,STANDING
-0.09299190458100395,-0.11950183469888552,10.046686434356529,0.262095786546059,0.03437066839497223,0.2531825926721917,9.762891511164401,STANDING
-0.061695261377513494,-0.0042424034583240745,9.66275608044479,0.07131798566009305,0.1004489631233427,0.2109518906467237,9.655785506122756,STANDING
0.14004362105672818,-0.09003469671117645,9.83042183752598,0.16063431191792188,0.12101795573558596,0.06932202413460348,9.901235111473989,STANDING
-0.07168529505520964,-0.010329559336349221,9.700633099432753,0.20585733615249258,0.031948304014009,0.17159628086021073,9.822167315283224,STANDING
-0.06705088757365085,0.1600401755448124,9.814491600574542,0.08381877067440208,0.19091179275980097,0.0680457111519996,9.758496506529086,STANDING
0.1037546910463799,0.004616237177802067,9.726880842869802,0.18072824196741966,0.05898298097689225,0.027734033630651175,9.854573292071905,STANDING
-0.1122480893334231,-0.0034722127704854954,9.80546220043901,0.025844331882032903,0.052289971413882086,0.33337108291301293,9.91487343054402,STANDING
-0.03853983617884903,0.018096463733980894,9.832153262557371,0.304420068893244,0.18298336916434127,0.0007272746026270871,9.726398566823955,STANDING
0.0592979213766422,0.13454889562051206,9.751402187869989,0.04806814324154905,0.21604725053473395,0.04457636870935074,9.867246505824257,STANDING
0.011327268899529345,0.1124582628448704,9.915650819455564,0.11171770911772201,0.2974326387552704,0.2383389953426998,9.643067387327362,STANDING
-0.0389657993669705,-0.12112181983000635,9.754854528100827,0.22905681467828723,0.07548290597350801,0.09297357410308127,9.830476950031468,STANDING
-0.26787380524989135,-0.0809554515797692,9.94344006922059,0.0003128914490319046,0.26666108135641997,0.06068224117784064,9.912477569957847,STANDING
-0.06553449956992534,0.03454069884391427,9.825890953761377,0.11455378172696803,0.2274118092607574,0.1571517940987039,9.960457572036507,STANDING
0.038347414700152266,-0.150784596409132,9.705036887809857,0.20901453085662236,0.17024373171760637,0.012136557513733173,9.938320759012488,STANDING
0.19251336441869482,0.05554887750628047,9.805787214469609,0.07975199195331639,0.09826131113871568,0.007602330445686603,9.692209047084715,STANDING
-0.1848803670829702,0.08305306044184287,9.791986166025323,0.07256430245583342,0.09386658436595596,0.05958784151863926,9.713724130511041,STANDING
0.0015582497831513672,-0.021097249461243733,9.823026018232937,0.05321861581367204,0.047735111185999136,0.08197691910372276,9.886413512539365,STANDING
0.05533862407600983,0.12714747922803774,9.795694204276542,0.27539281636348556,0.21192727900621156,0.03541222093575379,9.998203427634369,STANDING
0.03638187051399673,-0.05619298595106359,9.758597068531728,0.08442565452670608,0.04287050579703339,0.20713885569586937,9.838364982823038,STANDING
0.015061565173234372,-0.04686076211690107,9.841407361758742,0.11558905668711027,0.16337653673765665,0.13749789386832206,9.990461663653472,STANDING
-0.18671828439987728,-0.012870917681509025,9.732445331892096,0.15963381616601255,0.11384057248073085,0.06312339153797912,9.796151344594698,STANDING
0.09649615702995049,0.1564680257838454,9.908107603163437,0.1063781414532496,0.05903009014295166,0.11246479049198602,9.822432837704936,STANDING
-0.00994653705192305,0.1387710635805243,9.968305294047207,0.23752144703007017,0.09144443168238899,0.1947716246947817,9.98769747636981,STANDING
-0.08856221278590008,0.06039089756095426,9.887164851644314,0.09125011604762666,0.15591381878793417,0.17454972502211452,9.828591904437069,STANDING
0.09570241338320523,-0.022897866919380578,9.795056177328572,0.12205601538491509,0.21836688741983099,0.09473631486709842,9.845250637429038,STANDING
-0.048844325635524224,0.07948518354882873,9.757197839983839,0.09027889121949875,0.1354799947747389,0.006921616595517127,9.831432004832042,STANDING
-0.2050794494534379,0.002628084258740832,9.855568155309152,0.02000592632242451,0.05191735588465338,0.02690245858543966,9.888807317363772,STANDING
0.047046689794827595,-0.02575019505319146,9.701549627007967,0.040353245510878155,0.17819040520106344,0.20567252018433607,9.876305676754969,STANDING
-0.0008204637317741512,-0.07378551296404019,9.7734887982976,0.30229226161543,0.11784418142130577,0.21298683420109088,9.866873644773234,STANDING
0.25894020864958706,-0.06441166604860969,9.893109512275789,0.13905089822876265,0.04495180163723128,0.06718738428399167,9.890479599556153,STANDING
-0.18850956647774814,0.06526975201571371,9.810529579557583,0.12033137815325484,0.15886118460328458,0.2546105320117324,9.806038918713323,STANDING
0.10225608277757776,0.08850433969165468,9.873265949927225,0.06899688446609312,0.03678252976172941,0.13895077558239288,9.876781155240328,STANDING
-0.05612315240772365,-0.011246328998415222,9.835894229369565,0.058518532667889075,0.03816800341100529,0.0760780722953096,9.758392958454897,STANDING
0.12821954085373333,-0.1147069478926436,9.7124318240241,0.08991375552907249,0.005909098939027788,0.05586158073784438,10.007726400144211,STANDING
-0.11936805586782913,-0.17085465666329985,9.923303177514267,0.0473343367739751,0.11388657981988194,0.05556334850128829,9.815046925706495,STANDING
-0.0568719047386176,0.02302677303861036,9.870055309688706,0.14410799991992204,0.1451046542162149,0.0690967324600476,9.811335874056468,STANDING
-0.008797173853697292,0.03977449654468618,9.737342752158199,0.2629611094094433,0.07506434194437371,0.0924181615970071,9.847352324413242,STANDING
-0.005990873624339406,0.1448754116136872,9.563732351263626,0.2442674380466947,0.19202154051909595,0.10358166328024461,9.86613913333553,STANDING
-0.18709049324177016,0.06826527175642255,9.900575748480154,0.06277935052191275,0.14411338559860568,0.04467921044805483,9.774218341622337,STANDING
-0.004715585120366302,-0.13416521204833573,9.808913441341412,0.15620927373582383,0.1869959269366351,0.10489567386381994,9.937300073402797,STANDING
0.013508070632493867,-0.07519416211486549,9.777470565083076,0.09964776022819148,0.127866845619766,0.049551471849026016,9.84165367578208,STANDING
-0.12628464269231382,0.029131045628579044,9.832949666302326,0.048194708805560885,0.21950497596109866,0.09348892064273157,9.855551160555356,STANDING
-0.008662009743612501,-0.008054367303887512,9.90527720546603,0.021840432748726574,0.025155313959496134,0.1576963359991937,9.973736121148741,STANDING
-0.05212459364588736,-0.0637081178337818,9.856522653859685,0.21536489598270303,0.031155090128235502,0.05867816271701669,9.775258524582812,STANDING
0.10116831612710317,0.04696844810908235,9.883876113748757,0.1536874690372774,0.012674332314746184,0.12231030518391714,9.737820276223815,STANDING
-0.07330653504850404,0.009047884735451558,9.783400751640375,0.03168375899755213,0.213779747158208,0.06804082826221405,9.67105365745488,STANDING
-0.026645641647734555,-0.13782187035199714,9.876962916748877,0.12294911945985287,0.2558360779138136,0.10230742732371317,9.886695754506121,STANDING
-0.1558737912642468,-0.04081445226897617,9.953927059724393,0.18109833490487265,0.13898654545349406,0.17443224431201093,9.773710551041734,STANDING
-0.04520209841169181,-0.09223846290616873,9.817384189089282,0.10677672708298057,0.07549522373355741,0.014609924290545362,9.87877165382576,STANDING
-0.014465360142081747,-0.18870935241978418,9.809709126253637,0.2241696557520979,0.018568379124390938,0.1547038926743637,9.865675587346487,STANDING
-0.03745350291232707,0.24724715404533504,9.780544765032912,0.06215837623217978,0.12044920418550045,0.004502686416279114,9.882762265962942,STANDING
-0.03659274706504259,0.17020209505019265,9.784701100394198,0.1910510354732298,0.15108419794618708,0.034384919281997876,9.866333363316844,STANDING
0.14379116790601743,-0.15899306717542344,9.790364405200267,0.053308166980725116,0.1551369150320208,0.04713473120473323,9.722461581765147,STANDING
-0.05625663902529748,-0.03586146001587534,9.862087995639573,0.08264809446345156,0.14400965134003776,0.0009515727910981292,9.752648741224847,STANDING
0.1529800268740815,-0.07151295714592688,9.792191617428179,0.22446044599494297,0.175000139627153,0.24412072166615345,9.98492017369269,STANDING
0.06984968934663219,-0.015469533880166612,9.824597243976042,0.13792815794507146,0.07631881252106754,0.05758556019171672,9.836617079572354,STANDING
0.24937728712733753,-0.06832852632175852,9.87243882597713,0.04077013164300165,0.13210211625454388,0.10015057462513581,9.774845436395665,STANDING
0.17000098088687018,0.14874809385613125,9.800001169224519,0.11934174185968704,0.0505649880050561,0.0494558786156362,9.657369406817276,STANDING
-0.08365138209152234,-0.004616205106956746,9.923983786434235,0.06547554306980934,0.1427851671102578,0.07190158855497693,9.887138596077946,STANDING
-0.06607618981855079,-0.10140248941583359,9.84937026552427,0.0712271980960739,0.10303238718499717,0.11172749402640901,9.766973036962671,STANDING
-0.13740266853090682,0.17073811047544477,9.693387226242052,0.0747497152308949,0.1645244820322117,0.24387612469500325,9.750024753210702,STANDING
0.015193933456224528,-0.11501539793008796,9.759977203742508,0.19638905541384805,0.05664231831380742,0.171724892205307,9.914431328955496,STANDING
-0.1578391302062266,-0.060178750886061484,9.804024073444948,0.22058286206592073,0.04735151773097566,0.0126717162470084,9.782651627750235,STANDING
0.025978242778541466,-0.12035962153931322,9.682252756722745,0.3338730107268257,0.11041860933615774,0.09741808819622698,9.77818356237897,STANDING
-0.3343377225336641,-0.056703334050863155,9.797486953766045,0.10299163956654872,0.08009883372554179,0.015508538302372296,9.688816355003723,STANDING
-0.23491155525726506,0.009805548991963845,9.8291787899412,0.20794005800539972,0.07444346896292281,0.0393627213107529,9.856952174370788,STANDING
0.17297386840907064,0.005408541277151396,9.722912808773112,0.03200793974949301,0.015129407593568234,0.03940113984351893,9.807874771457772,STANDING
0.02196841321363169,-0.07975578928734657,9.683207324451704,0.2988338353462746,0.13224870505935393,0.10358403176645527,9.732314642687427,STANDING
0.08192443573071735,0.0773053306045978,9.71338514838818,0.06671546235304254,0.18762458637057208,0.0016905746370491082,9.629714881637721,STANDING
-0.040949798319451454,0.026163599856748904,9.676636049124527,0.06703886097475317,0.20444986441418134,0.009568485125611037,9.857818208395628,STANDING
-0.008262754980554503,-0.009839182710802216,9.902262597688395,0.14945283250092292,0.16456121462685422,0.010743360519291478,9.910940459461138,STANDING
-0.026947436120698057,0.08877565837935136,9.793182976545847,0.11093008386815276,0.2752428788387273,0.050847994629356935,9.877065789669674,STANDING
-0.08518096385451683,0.014722501101269264,9.794796873005383,0.07542072845080572,0.08822705101383566,0.07591476604405918,9.874236248688735,STANDING
0.15258670961650278,0.08541474707467153,9.859569128154867,0.2655142935293444,0.030847463092532335,0.011553779875076345,9.875409348025766,STANDING
-0.13381241426240978,0.05027991968111058,9.773035126527661,0.08529359468130568,0.12004156634338564,0.24812481390615,9.73412061937725,STANDING
-0.0866337259613666,-0.10873414349244748,9.839582807037326,0.16253087694887788,0.1687049346723827,0.0046350289093658875,9.815575572920048,STANDING
-0.1489707393009252,0.015325349931811526,9.834796529592893,0.1301728444542234,0.14000507572772095,0.14945956590694306,9.862165460283556,STANDING
-0.03220737850500032,0.09594235570618448,9.827214279735406,0.0754922641123551,0.1839428919197694,0.06828967731446699,9.72088357090808,STANDING
0.09037575427129838,-0.0035840980146165276,9.746100370815858,0.201084805696286,0.14585256659962487,0.056423526297464194,9.752912746362389,STANDING
0.08957966439172661,-0.16808972856442272,9.816221214674954,0.09497156092279137,0.20355390177754168,0.10327365576753202,9.72187424531289,STANDING
-0.03905711710517908,0.07771623859264323,9.881991250492142,0.07694124288843035,0.013925619535144207,0.02566791249071866,9.937878226585438,STANDING
0.014799690914264944,0.061376599380713825,9.757562560967664,0.12417010049291241,0.11400784555368658,0.06594694721556217,9.858491372622463,STANDING
0.14029416520965138,-0.22655477916397102,9.909099001131095,0.0510808116317977,0.13087628210367525,0.31556289690884737,9.79519709534763,STANDING
0.08007148167179243,0.036220855263974165,9.765916220417674,0.1085646944815179,0.011843650377721282,0.06810585787676851,9.763346134820713,STANDING
-0.02573180281034396,0.0008772775188144159,9.826273415836534,0.14742837157058422,0.08258323347190137,0.0013306341068303612,9.901992702705991,STANDING
0.13808898010924311,-0.13720804354370217,9.86937236387342,0.20177441610899083,0.03458312958641396,0.1379472818912714,9.802142378242314,STANDING
0.022358392298426597,0.057045806009927806,9.740924847164193,0.23570066978156123,0.1029348130065603,0.21237455489254997,9.889568380857266,STANDING
-0.12573588523225557,0.011493605439387525,9.839080389904687,0.14361348139590144,0.016028244288465374,0.03039228276424228,9.841996297234191,STANDING
-0.07369511618718944,0.10000000260772435,9.945014796045674,0.09025358253427407,0.19202587609701055,0.05876954584234004,9.827580261861998,STANDING
-0.2144349197312486,0.06256567614454965,9.82688166791491,0.22005439574691546,0.16081375537713583,0.09199483171638885,9.99484125807218,STANDING
-0.040697928607177365,0.10422934737025512,9.763460027282775,0.061231404631093965,0.061375504850150114,0.14846826876063496,9.897084245650877,STANDING
0.0793818246514657,-0.029381466600268892,9.88635900718854,0.1717362861303065,0.14409013634924991,0.09601220676627456,9.869950685076455,STANDING
-0.2224479293801014,-0.11867714176520808,9.985151132148076,0.10136464538975337,0.19756260594983874,0.19268019242896753,9.651620785907442,STANDING
-0.0276635294016789,-0.30805987271739277,9.680312506834621,0.06539855030150526,0.0334615561003819,0.08414102891424796,9.833986178617756,STANDING
0.03995072695235651,-0.09590446774119618,9.762016614450896,0.11631219407052472,0.09786570493270765,0.028192736529629864,9.752355691009658,STANDING
-0.02500392155000228,0.20095396507971156,9.832846163026742,0.15956859552000657,0.03910644488688704,0.04868878914716585,9.816007806932824,STANDING
0.0009169303123758845,0.2545382788415184,9.823184600251832,0.03699233007863986,0.03446490983847618,0.1580756002388104,9.76370345854147,STANDING
-0.2230523467742409,-0.09800722169135949,9.822202704774293,0.25951673934928166,0.1913329411946638,0.050630977382924686,9.70344599836753,STANDING
0.002530516275921193,-0.1505933995006785,9.883312664598805,0.20058800890068776,0.012003006046973769,0.09455975068256621,9.720799336666337,STANDING
0.07193850282818164,-0.13167692510055098,9.88217509901383,0.22626974013331458,0.03304086063601075,0.20191288665415397,9.937480215237366,STANDING
0.0414978232981838,-0.019552578102936105,9.844993585607995,0.059624163126887286,0.36246266791627446,0.021346870956570868,9.949276853544847,STANDING
0.24147942981062032,0.03859908110193435,9.842932581485373,0.024342097521542136,0.007566760956828469,0.10979146051656283,9.998315979212384,STANDING
-0.07321751275558055,0.022939194074997078,9.838561317312292,0.10984656247644829,0.104382751632623,0.018092689956910393,9.870929951048682,STANDING
0.09082030943902221,-0.024007846117890988,9.743005570214764,0.2748317705383413,0.03554623305156518,0.02046927765678514,9.926166482339365,STANDING
-0.02084320506131339,0.022977676033491254,9.854301745679132,0.3004004098588861,0.07735734422131776,0.15442218991269285,9.846271643637813,STANDING
0.08889947709959015,0.058316271248280295,9.992680048473304,0.13274815877936852,0.10269051832903266,0.06187012143302251,9.821281429390318,STANDING
0.0021395832007508127,-0.013460856949009309,9.771306175827808,0.1618106538196911,0.07149524349833813,0.1413679502820444,9.945270446646116,STANDING
-0.012277510265637162,0.06228230145618063,9.764001367520633,0.08255393311311798,0.0433000832322953,0.13374487063997936,9.748724961445806,STANDING
-0.2527252629113026,0.15002569910125269,9.78197161893406,0.11842616178313121,0.17882799691310775,0.13231727649891495,9.681148513960377,STANDING
-0.1697217288168023,0.1171169662628841,9.757460868552664,0.05273541550364408,0.026284252216431797,0.039505211065251795,9.73629494839957,STANDING
0.03823957106108471,-0.08076692668884293,9.771495019441739,0.0986278346774081,0.2938200242531025,0.17418240294747006,9.821462126280435,STANDING
-0.0019840307517184873,-0.12759665695146472,9.615957101686211,0.0673924092483331,0.056337453089951334,0.09713799467235418,9.777740960479168,STANDING
0.21156500303737003,0.07751285262709627,9.783819778343288,0.34919593269359794,0.019693741197164466,0.001269472481655487,9.964409806039544,STANDING
0.02197824464511367,-0.07899488568997948,9.855822956112382,0.13460558482978913,0.06953489158741534,0.04085151668214802,9.715771620866349,STANDING
0.20375586232216505,-0.08447591476159558,9.883202605403227,0.16654330900807796,0.1665418700296417,0.15320142722401903,9.712717143465351,STANDING
0.022716127301711662,-0.13233443321242264,9.661516225834143,0.09625226634564253,0.12090790524874459,0.10587381947209566,9.639114770975173,STANDING
0.1980122656570255,-0.1462914886978079,9.790879901236169,0.059173859246124616,0.01643321916192278,0.25518217810242105,9.817597710831304,STANDING
-0.06726708680239336,-0.009242057982758683,9.879509497522637,0.08689020100929606,0.12199914739251047,0.10364954976482552,9.778340593130112,STANDING
0.08390223018420921,0.07824167049754506,9.728976453498523,0.09390106656119915,0.024707813089766523,0.1599952429716141,9.840056004314487,STANDING
0.14183957450678664,-0.1014610826803366,9.82093777192687,0.18161730983702234,0.003330024182180022,0.08203427118105773,9.752731620100002,STANDING
0.21635513465670214,-0.11717453016462986,9.832471250270528,0.04917236616631933,0.006316576114244785,0.15416570827032594,9.639705346927613,STANDING
0.06037437383544722,-0.07205959118163333,9.669691843907339,0.3084739554787176,0.16010135264946274,0.1027277412679598,9.757294270235235,STANDING
-0.02099611325788526,-0.06783662131920525,9.779971768574024,0.0057703665859241415,0.00299794241996805,0.16945855326686754,9.737968902176426,STANDING
-0.04864763745695196,-0.1683849802967069,9.830130447953948,0.21454714819925647,0.33669726600590233,0.03032587225641184,9.730584955283762,STANDING
-0.1354677754627172,0.014073572642696687,9.74553651010454,0.0593154228706515,0.05595986692627381,0.006003216010108933,9.83044179064075,STANDING
0.00812057874701423,-0.07973448497355118,9.84883074163107,0.25969075320656865,0.10235798328342838,0.21302577791562277,9.731939589906174,STANDING
-0.14196756077024042,-0.04444299967257112,9.830297216100787,0.27866519998435807,0.16272412210909548,0.04032871296724999,9.701145783001135,STANDING
0.0016402149049097366,-0.11884355910592455,9.68794230931541,0.025301472053038565,0.14110210548923358,0.12041157109865193,9.89135052091849,STANDING
0.02452576104843329,0.006638185002570449,9.830363736417608,0.10523548200629179,0.1174342726627676,0.19354848448198195,9.935084447253155,STANDING
-0.07079758418553249,-0.010776900265862227,9.90188604764546,0.14201393583895888,0.23353758419158993,0.04478985009572103,9.927788986614207,STANDING
-0.2718131062679277,-0.110019205133415,9.843837291079145,0.07995545738568924,0.0925251380097437,0.08416509201607113,9.840240381931237,STANDING
-0.07995995421861359,0.13410338589611684,9.804644227565378,0.19187512431068304,0.14428516693071072,0.019883894282731393,9.745305757774823,STANDING
-0.048450966657449336,-0.015084244156657396,9.815919074551706,0.21619586625390186,0.1005824057923277,0.06726459097406694,9.762104219549299,STANDING
-0.13765864529745994,-0.08236997751999195,9.816062419984943,0.004605377517042222,0.1090753047162468,0.0670801690209659,9.595022994026456,STANDING
-0.041268367325317114,0.10740136453460006,9.66874736356576,0.012228681979336437,0.08362621327268187,0.02637530288534276,9.781399015591196,STANDING
-0.17840698648775777,-0.20877158900571008,9.996672621605098,0.2328309054562671,0.05483666539379834,0.08878580116639373,9.751972659600343,STANDING
-0.0651807859772188,0.045540084019449666,9.936308728355712,0.19414150946621048,0.22339138775909279,0.04875826624888209,9.827972012498353,STANDING
0.04548564376277283,-0.030000539572720572,9.757863893912022,0.2443403439843132,0.1631804277196654,0.21128254505190114,9.917167287887356,STANDING
-0.0056816495706949015,-0.05691041116785548,9.780038798098973,0.11889194738656961,0.200295181583541,0.06394871479084115,9.750306392907653,STANDING
-0.10549552415845478,-0.045026659193147835,9.71305298762702,0.06858611442006071,0.2513433416731385,0.07686096641726298,9.747867296465191,STANDING
-0.11542595601664656,0.12294856818066993,9.872905444768026,0.10699411474736137,0.18319088999891614,0.11006000012291671,9.77858849796253,STANDING
0.13019098030779352,-0.042847008834661526,9.85680777586794,0.13844854484450672,0.06935002946143995,0.03936043062936835,9.79140806299044,STANDING
0.047009651051653376,0.007262999914297967,9.903752779273978,0.1583670913163479,0.004415000159798316,0.0322453286070464,9.783033837237754,STANDING
-0.20790825628776335,0.04405669034911883,9.759552140132481,0.008530131957496856,0.10188030128258387,0.17728676418083034,9.87491808185617,STANDING
0.09501557923999546,-0.07322723096186017,9.73031343536533,0.02152468950414048,0.17909746721224698,0.1467393154670812,9.736904323137766,STANDING
0.11993569016408713,0.1519665439205211,9.82878060847947,0.0430276156419169,0.025212197255165353,0.053790979963712605,9.674512384222394,STANDING
0.04344659886831643,0.05816127512590803,9.977437555743942,0.018231897526673063,0.08651933880377616,0.1961837432120478,9.883222405487961,STANDING
-0.07192667570479178,0.08514108419541486,9.719714944624778,0.031943170328289694,0.07264119810876697,0.1763289786896567,9.844123657727428,STANDING
0.022255132574033453,-0.006796238616481729,9.854912693403048,0.1404197468614087,0.07069993966687285,0.26310069804771324,9.906259561464285,STANDING
0.08017792548505076,0.20628329189248054,9.833280550785696,0.11930386541639387,0.03504279121933847,0.05437260634400182,9.747644908021751,STANDING
0.008855060387775334,0.055954693430237526,9.832025910927618,0.030408512443007296,0.16989449140059848,0.07146602914640528,9.938557678057782,STANDING
0.1781186209817621,0.052611121006519816,9.882725518156667,0.04217060187421351,0.07398555812609411,0.20353666004596374,9.805190674256492,STANDING
0.14093664014816487,0.11220321535501464,9.8719737400615,0.1266275066082561,0.06432435142332121,0.14930137196847132,9.705225841048149,STANDING
0.14822757335917508,-0.0720666624129345,9.85232062294013,0.10744424792904725,0.3897538990121935,0.12419054540358365,9.792283551343122,STANDING
-0.024111336233886463,-0.06725122630100434,9.835649001491078,0.13825131376748212,0.03545228223513716,0.02918554795135713,9.707515102544736,STANDING
0.20039905153176218,0.032782094432024164,9.778007281060738,0.04960828315368354,0.09436838350535229,0.17851920917811057,9.756022666203798,STANDING
-0.05949594376611485,-0.14714992302366722,9.752667594670084,0.09871568368752481,0.06328630033738561,0.28545673065794314,9.656214426997417,STANDING
0.03970689365852803,-0.134170534067595,9.908210104670623,0.09089741069847083,0.04019842682828928,0.13027017535579583,9.854449944962038,STANDING
-0.05981255774079282,0.0925797043432969,9.729140568568395,0.17270598425085693,0.12825536507424995,0.20900958126833835,9.778531739689384,STANDING
0.08685840188886088,-0.06271061079587707,9.82843078884868,0.04835601041897178,0.00893887574613736,0.00963736514067573,9.92241344702801,STANDING
0.06245048339453038,0.16064652314809427,9.885445455436699,0.19593408302467047,0.0879512101364318,0.38092065764966504,9.843430346014511,STANDING
-0.11787506918849162,0.10170215216016153,9.878065340654475,0.10084863500673484,0.011210698655683915,0.0946425726720804,9.865095936039184,STANDING
0.3523159910992123,-0.04451145386509248,9.795725949721229,0.10452243260632267,0.08890144657289187,0.182707893796148,9.868608975730492,STANDING
-0.05828832575856294,-0.07412456849806712,9.903269775472676,0.12285201518868107,0.10090600537567553,0.020151977357588106,9.929145244835759,STANDING
0.08604721827064771,-0.017476883930077392,9.804842553355781,0.12921741682392174,0.09944597611278672,0.015693617930916767,9.812694260920642,STANDING
-0.0885399837260989,0.08193380303955697,9.80166774912794,0.30735735750286197,0.0438505741770851,0.0940716798701557,9.90541836856608,STANDING
0.07299371507125156,-0.20307962694660586,9.85998892883783,0.0189121857718961,0.06902308215837222,0.1489329186837337,9.793333299927651,STANDING
0.26051248475017375,0.006867782579376211,9.956427419412142,0.23976792245335093,0.038889491794550236,0.05016907276335221,9.946557498520527,STANDING
-0.029623100600714745,-0.030040395851877406,9.708328123141039,0.1619217013079769,0.017422228194683267,0.12424369128807147,9.89705514265345,STANDING
-0.032985052714948594,-0.147124369590422,9.943622987225096,0.02765294259256809,0.150707054126648,0.12257944740472443,9.742567894555982,STANDING
0.2029619521803265,0.09562491502006394,9.858004538500031,0.013297623551562915,0.002163212434456635,0.14574566266891636,9.716540311342158,STANDING
-0.10416381330115353,-0.14110676076675963,9.839688513262585,0.23163614518342973,0.13480175238126849,0.1257833048922247,9.857623858190655,STANDING
-0.3258117832796618,0.09063067376616446,9.884092156956873,0.08376871693415931,0.09742067277326924,0.10424740256344067,9.835112736118518,STANDING
0.12862083095644444,0.2397521718295167,9.83175229383327,0.15339136813532422,0.017621112481460643,0.029860795402342127,9.886231615784668,STANDING
0.23152240128095547,-0.14902261756602092,9.714101202348083,0.23020829352359323,0.24488603763144887,0.08331281216709326,9.861690303290457,STANDING
-0.10792955838932795,0.01851261569377157,9.97188443590976,0.26261328195950007,0.1808892245370139,0.07355507211618426,9.82250323009731,STANDING
0.007164532724684426,-0.15512156128810273,9.76283756942193,0.19518604673168144,0.010106684074858735,0.10657070986024574,9.86505771484122,STANDING
0.07532712637680783,-0.062379309204252935,9.702587634907106,0.03264645876166497,0.17299211969049116,0.04008465937956947,9.673693773562668,STANDING
-0.13764052393581594,0.10003969133236701,9.762658827782756,0.054893815655434636,0.048835614508541736,0.13105472158936673,9.707675981887734,STANDING
-0.047458036678402295,-0.04082651099956171,9.775084791459559,0.11351983015184773,0.17785603539766986,0.07591984186967911,9.836955925783908,STANDING
-0.0803404271912191,0.0042301422084365875,9.759812599743393,0.033426127160305685,0.18058012141499055,0.12469588065691556,9.749667634050796,STANDING
0.12015383160801507,-0.0297607110281922,9.894337425861378,0.10748833900287037,0.13131630878793227,0.11432279289470176,9.695757224708068,STANDING
0.08060530381226115,0.03563624649933631,9.75794850814491,0.15643089090167414,0.04079602101039009,0.406428951086901,9.827507863806067,STANDING
-0.07424736537663564,-0.13101862393458738,9.810894189800846,0.034023936430487525,0.01985581513467541,0.06167566397745432,9.862923278885765,STANDING
0.05485185523857457,0.022946463007966225,10.032755220644335,0.2023705513565544,0.026056601064989804,0.1258736447921469,9.70719857308971,STANDING
0.05438435007354828,0.0697547534878565,9.736299424054039,0.21701670531946443,0.12849143968152835,0.19958591569425194,9.951719612085704,STANDING
-0.134893930814456,0.23902945049506955,9.749697145561129,0.11519972683223195,0.043281170138723714,0.04232090121202606,9.89441851937235,STANDING
-0.028248349354370053,0.09365504295877475,9.776467238530321,0.14561320936591715,0.16286983004727423,0.007818854666351863,9.807743410103154,STANDING
-0.0836681420220831,0.00917230236269819,9.722720159150922,0.29822952638499434,0.14312537724010807,0.07120139325886052,9.728600551427908,STANDING
-0.015615968607448516,0.01275436494695905,9.862446896527421,0.027627791643222682,0.05436831699807681,0.22834647931685553,9.898157458164166,STANDING
-0.13704054423756237,-0.032460454907437576,9.82204849241024,0.22781101388421104,0.252909486651699,0.09530822552230225,9.829755526056266,STANDING
0.24899070017883188,0.1290192549937319,9.833988663700712,0.15033778087001104,0.03114836385479436,0.04428643712234774,9.900887296186822,STANDING
0.11544995192895552,0.05205667802110826,9.740068305744057,0.02385846788181971,0.011210852971541438,0.10355202892066617,9.93566732808818,STANDING
0.08001912416167681,-0.03507276109457836,9.764139566900019,0.20057152847766824,0.13060553660522733,0.05535675474172594,9.796015051358774,STANDING
0.09412554839000575,0.12411690959787168,9.710620013772584,0.0025819572528839735,0.23480561876487316,0.09658189426639553,9.848761941251864,STANDING
0.2643894914309871,-0.02353016772655414,9.908696319765497,0.024883443913276015,0.23960275501635722,0.17441600582111547,9.81459305147984,STANDING
-0.14053518768442302,-0.060205290036403784,9.67910796902415,0.027910096881628987,0.14258613492084327,0.07522471211748137,9.67857022695227,STANDING
0.021849973588469976,0.03791601924686436,9.740674915196262,0.06665597298362799,0.2542133454089429,0.1959497953573634,9.937996617547677,STANDING
-0.025970519676902344,-0.026894318840716303,9.907419010139446,0.2187069244275216,0.19353033453805998,0.053801525082586954,9.817470379953724,STANDING
-0.04840915455764044,0.12300726390896351,9.98363518423177,0.3315004883565822,0.06254885002250499,0.0525959750503108,9.73486105198356,STANDING
-0.06319601300489927,0.07011297981623901,9.851198192811152,0.06107213051670274,0.25702922982743864,0.028699608715173658,9.76856368486696,STANDING
-0.10761676543989931,-0.08724334411889025,9.622858235861484,0.13299273920538138,0.12320651678155599,0.304440673789221,9.724244732351153,STANDING
-0.011553175175911423,0.04487228893925593,9.779732110454477,0.1261016026348572,0.28973540940588205,0.041588987296083686,9.848136211033758,STANDING
-0.2050790413509496,0.04276436772762946,9.74017091606898,0.1641322402364406,0.29072635092042914,0.06230306656567787,9.700095554720658,STANDING
0.24208445668748052,0.030781501355633702,9.870933595292907,0.23520223028453768,0.04721851902020424,0.16251163597626672,9.94221056117314,STANDING
0.15682326191754395,-0.12837172390377283,9.836022915316944,0.09689202630870561,0.24183074699259377,0.061061200611861086,9.888544579165304,STANDING
0.16649979984033636,-0.01959993431701443,9.810804649152377,0.0697169106181372,0.011453437386888213,0.10718591477927208,9.784068944041268,STANDING
0.06914801446717708,-0.07975635293505444,9.800242818528622,0.20986673917891066,0.12472254700692996,0.024955926635860937,9.899238656177726,STANDING
-0.09064544000938807,-0.05585297227011347,9.764387200902384,0.05544798006082115,0.14050047156971152,0.1394489129883649,9.708397530187808,STANDING
0.08033641973489557,0.015914367840758382,9.824797558345281,0.008340348831122224,0.08041641363946592,0.03936547861257185,9.778702781408281,STANDING
-0.18445865797068384,0.10270958696840425,9.799314829501652,0.12869807703377575,0.02645099093074453,0.08505750599666544,9.843697644660752,STANDING
-0.042603889306695855,-0.07183488596972791,9.699732848228614,0.12484534954227483,0.020343980622913274,0.21208065337656984,9.800274670159196,STANDING
0.024153634772149376,-0.08907153157702534,9.725742493946433,0.12151310773485564,0.1570391655201076,0.11458117700615773,9.860241041045853,STANDING
0.18451752404285976,-0.06340449517885847,9.783367538800444,0.21667333203445074,0.16235203553783256,0.07056154239403148,10.02263110790306,STANDING
-0.18862394259561036,0.14036191497494385,9.78253590858741,0.08665313489618502,0.1269639487538334,0.04055232791399972,9.85940427413902,STANDING
0.26804664455558025,-0.06395314891636623,9.806500532936663,0.10805218239272515,0.19864685939910026,0.12055723690518011,9.855434377918492,STANDING
-0.40413668795230295,0.06674625719890295,9.722576583296378,0.08724061185000745,0.1745251108644205,0.07360898326199079,9.937117001097233,STANDING
-0.10834129908429438,-0.18127877243469487,9.817684262772957,0.17870760678472422,0.16709369388102213,0.0335488135927236,9.863291897851969,STANDING
0.05589441385275846,0.1572126336472145,9.790123583886606,0.06448964382246891,0.21966664382842355,0.09951953141107542,9.921445824420779,STANDING
-0.0027623980980242997,0.11765516333280693,9.864170901131343,0.05444176086920009,0.07667615278314888,0.14167440233985057,9.83342215017359,STANDING
0.045794188691978155,0.14405053235501525,9.848525350206096,0.1271411853915313,0.09174115368918777,0.0665343040219258,9.772080812674647,STANDING
-0.08249485664051559,0.12850398951980294,9.774708244811317,0.1416094866352704,0.04082025351841343,0.08794844583564591,9.815697931314109,STANDING
-0.17779902759074737,0.010907058305041538,9.759523888908369,0.14195050832457617,0.09191162782764598,0.13176841938880327,9.874649359410407,STANDING
0.11202808903267127,-0.12845654500780665,9.949746064123701,0.24673601815715507,0.06328845150334768,0.1481660125287843,9.809261078195021,STANDING
-0.08954791652400139,-0.04899983696613438,9.89174367866911,0.07198704101423345,0.19970734392435027,0.1694249006967979,9.71561240991322,STANDING
-0.20518677175143454,-0.06345290834981858,9.848935607949574,0.061424428723279474,0.19001002002420225,0.015405934202029195,9.790297708286227,STANDING
-0.03928199523871155,-0.06434884536488127,9.753684740735773,0.155417735389621,0.14837062946446253,0.10271484375512827,9.947969993717024,STANDING
-0.17053000525194803,0.18858912804286396,9.827977587689404,0.10198736100234959,0.19533783388016773,0.1267266069058368,9.910163776058194,STANDING
-0.252274244269286,0.07641677978004824,9.951679884641495,0.27427487877357554,0.04080892472263936,0.1816356831603006,9.706176247867079,STANDING
0.09943831112699207,0.10538579686517502,9.808863346853927,0.000927654413617543,0.19818720840361637,0.0031191134378241864,9.688666528518821,STANDING
0.10893167975631042,-0.020658203031980057,9.805547737281234,0.17143164345328268,0.02286159685858427,0.03750191369286429,9.793381714608174,STANDING
0.06839284948288392,-0.04850320748816551,9.727059159730004,0.18523126099391396,0.13279625737248224,0.0563100846012574,9.90537991625811,STANDING
0.15508735662413695,0.07593045713369206,9.790241139272506,0.12593467946834092,0.2568836448134763,0.20811662176111773,9.75363052823754,STANDING
0.0161244345098531,0.04068957572963002,9.808616866795235,0.08103155721645941,0.22673951828291294,0.07092679094528602,9.841460070950106,STANDING
0.3603182981894024,-0.09759437437451787,9.794810074506156,0.36048047752660395,0.05157192701615308,0.12554608412714052,9.798307494408864,STANDING
-0.05812391203614486,-0.15178953629671918,9.94554927565509,0.06145956615301343,0.012375432417810792,0.03555661119295782,9.757309861733708,STANDING
0.0490979813898063,0.08125946977485726,9.81809883296778,0.09652390711343403,0.201587593838222,0.06208147534865585,9.759729206532022,STANDING
-0.1084556136101215,-0.02388464566899828,9.820200324909306,0.012563590957281406,0.10967572679141857,0.1365354187285956,9.867103790514074,STANDING
-0.13073031190511045,-0.03159785219134629,9.907054685514703,0.29951827631260186,0.14399152112491273,0.06307467141723863,9.911273607798133,STANDING
-0.13877229565411778,0.09104268159439327,9.771436295861903,0.03404442260477569,0.08463557964495719,0.1791613242562365,9.848305790898804,STANDING
0.05611896224284334,-0.011415121752646498,9.87055110123136,0.05403178040249643,0.16510076509455288,0.1656985347833989,9.857832367304557,STANDING
0.14081314984111368,-0.2271613783978662,9.888299676605213,0.31754575271578755,0.03781045250411417,0.0066270141637496255,9.768321382590639,STANDING
0.020393822363735575,-0.07989512101530609,9.890001960159484,0.040919787774282027,0.13606333477066807,0.10844824629965061,9.780370489208769,STANDING
-0.15173908877666947,0.08379688419774362,9.767728733219734,0.08643232620962486,0.005982769006363603,0.1479011930786833,9.8187468663098,STANDING
0.0220272743896693,0.06616385017196479,9.800574370248462,0.04585724181134575,0.08595446337554466,0.090262962936767,9.825279137419297,STANDING
0.1027179207137863,0.11118880849471793,9.697189006526049,0.0839138698984665,0.19610252123984273,0.23960410345230237,9.713465404910657,STANDING
0.1377941475743934,-0.02817563322053417,9.9450258612515,0.0735968783744706,0.06901092732396612,0.0666607370796152,9.864111888444226,STANDING
0.11861548168240285,0.060757750284110325,9.719681950865718,0.1680188745072042,0.0009796026296295668,0.12076527082236649,9.938477883329622,STANDING
-0.017998496562329405,-0.021664932130436514,9.825388103822462,0.014264108379874185,0.05970489243828824,0.04848668302599351,9.701670625717652,STANDING
-0.13747367806326008,0.11320695966384711,9.659420142074895,0.18163710688728438,0.06264403192023167,0.09601224816634518,9.87181053823306,STANDING
0.007028036121829862,-0.010937616975330473,9.80134597617277,0.19010583485062266,0.02683981338786591,0.033202318855126325,9.674090683699264,STANDING
-0.0012584914332796479,-0.1226876921214511,9.870147448595826,0.06036848558966332,0.2925075829863089,0.04618015833641726,9.865088311708957,STANDING
0.10685641070819243,-0.02743113100248369,9.704904766815025,0.0012297133622180961,0.12863876987407452,0.1787327129510452,9.898306618867382,STANDING
0.2294819061110401,0.11903477127362921,9.89376303211235,0.03934428169077159,0.19626196204280033,0.12612324778887474,9.849801464083708,STANDING
-0.012305559679375576,-0.10698658076609201,9.796278694588374,0.14128522671626842,0.12776193401825287,0.10438762986703239,9.816089734685985,STANDING
-0.10167145289471376,0.038335793677757184,9.999707003809236,0.1521242775279044,0.07040760476267804,0.13358361524671608,9.930259857135114,STANDING
0.04633115483441645,0.13254122354103484,9.838418729099,0.2712498267508874,0.22067351957396042,0.17217994115529006,9.909255178350454,STANDING
-0.10191804055494144,0.02459005514683208,9.79882265854182,0.326447631679795,0.22514375595954575,0.28319510246210855,9.711890787322174,STANDING
-0.19105588009655788,-0.0396956132474094,9.940990010999657,0.0207384959046088,0.09831881531767567,0.19888428682058862,9.823295239169697,STANDING
-0.05299554535568011,-0.10944810810789772,9.790560004790608,0.009640104081409556,0.07964452799096144,0.27633925813420884,9.756301022890733,STANDING
-0.051457033044481175,-0.07753690117571051,9.76873951480058,0.20736037442094435,0.15663239662643746,0.1675409425417762,9.741282090930081,STANDING
-0.0628582276402832,0.012148281007163754,10.118226667581055,0.19724001421313753,0.11066888084067897,0.14732747217457515,9.896672404300404,STANDING
-0.003479482144960936,-0.07565532540471878,9.813770075785625,0.08804233914038165,0.035712741967089706,0.0228447839807392,9.730946039298733,STANDING
0.11441415578710343,0.14891650633595008,9.697113625836941,0.27801836662744894,0.012659417296054618,0.15468800939723582,9.72699787127183,STANDING
-0.21748287392065271,-0.08029084101325713,9.854149491996854,0.31569041754858607,0.002972359768607949,0.07011625133516897,9.665955301808895,STANDING
0.17976520024678816,0.0024036078286305824,9.893373253118886,0.09677979766308922,0.11906280761269433,0.19288724926467465,9.756511933544404,STANDING
-0.06413082740149197,-0.10128156378409355,9.760958592921627,0.24512291104641673,0.28086093100071385,0.04472748846293911,9.931921502931763,STANDING
0.016183226181350333,-0.0007475704740868378,9.76041845502722,0.03317800390924147,0.17609384827494878,0.11529785747514439,9.80862620456755,STANDING
0.09492851833363003,0.09821126297311122,9.725722270726518,0.05666519294986025,0.03898834220721428,0.10012644125933653,9.76758773142152,STANDING
-0.040236222456634954,0.2306313314976487,9.915354247993884,0.1930997172729661,0.13200678955826722,0.07872585353809515,9.775749142339563,STANDING
-0.11445358557624404,-0.06078129620198454,9.811848349910434,0.11746984114370418,0.03796187246155256,0.12952095546402048,9.760482734695282,STANDING
0.0831447065412009,-0.05348461002515841,9.948684338939092,0.09750086459088327,0.09053159385054761,0.1393588486342227,9.96294779951036,STANDING
0.07942626280848405,-0.0066986488844715366,9.777628326767855,0.10661717168003217,0.2484016490428884,0.05869663030223686,9.753934499979664,STANDING
-0.049052638181057796,0.18062345383465112,9.796152556829604,0.16116485651629447,0.06581968499957355,0.03024372693184635,9.83976340191469,STANDING
-0.03672195112675985,0.04961616308888094,9.6122052387025,0.14291213435180428,0.004611060010750137,0.15940929822240418,9.820447392323823,STANDING
-0.09141494195471447,-0.03754844001881422,9.892354748054121,0.1175503985482742,0.006941919503542504,0.17404000660077917,9.74868951851906,STANDING
-0.3057128007194463,-0.09061312333563724,9.739370513757162,0.05867030428192782,0.01581443340076949,0.0912698509046966,9.8881276300119,STANDING
-0.10771499709740455,0.00589007933198389,9.945213267853605,0.038473433297291,0.2348230044425131,0.019610333638967928,9.835342840947414,STANDING
0.2674167473043094,-0.03008319004712926,9.688840970006108,0.15564470675268452,0.08299600152755403,0.13548012082191724,9.855473868417471,STANDING
0.017308551868443642,0.17918874440747118,9.790355059770587,0.051292980199013696,0.18807309031112282,0.012917981534271664,9.812021850282324,STANDING
0.2924765548812203,0.12340867449222342,9.901726362665555,0.17305706404769733,0.030848587855982462,0.10614816867377208,9.827849458115901,STANDING
-0.04769391585472861,0.02734586496812827,9.777954291883718,0.19034231795672604,0.10157712011576367,0.21587435664499421,9.854543449373514,STANDING
0.06479301964255951,0.2078277976404369,9.84370276234473,0.1159545234007166,0.11912993785428241,0.23904877612877778,9.867728719642601,STANDING
-0.008926702139463194,-0.009426634125386558,9.970324049909182,0.027426827613651034,0.13342812088833284,0.11174443590465533,9.861254012494905,STANDING
0.0902872057352272,0.011091107340960563,9.864504609875866,0.17396118986536596,0.09586045972394874,0.09138668937297915,9.782199118015821,STANDING
0.12408135052413938,0.024441275920999747,9.857855427687058,0.10085492820377492,0.2052181262606363,0.07973253405227339,9.786583535976716,STANDING
-0.25749984062050624,0.14526412766138855,9.906154885708784,0.19109694066107327,0.10944060069517025,0.2460747018158697,9.878007698209817,STANDING
0.014735502150129809,-0.03991648710147992,9.718486092602731,0.17020456154663446,0.15853573347956043,0.04502186680926761,9.889724185754732,STANDING
-0.10585287517712626,-0.1055111535008702,9.800753701822508,0.20287853955022866,0.015878546465902338,0.18496870190091955,9.70898633339705,STANDING
-0.31318792370198784,0.03664518047752539,9.805775111309512,0.019709893283048896,0.04833861420152204,0.1241825226929314,9.78824333491993,STANDING
-0.06987625577159515,-0.059533727474307754,9.770024210696342,0.04468571239269259,0.0017294597690802604,0.04202876822821709,9.88216068976753,STANDING
0.14791631663000585,-1.0277460339985705e-05,9.825317839034467,0.05074360341304024,0.20670313567909973,0.253818111507634,9.847475697162182,STANDING
0.015471725284606667,-0.050015547545728956,9.857695666642588,0.21381576073898972,0.021418159867522032,0.33420339797156046,9.840805526513376,STANDING
0.2696247742051859,-0.056259069168062496,9.734740294992353,0.17492414784287455,0.07514055922819289,0.1465255694954432,10.008280751915501,STANDING
-0.3545268718896863,0.1820238750349772,9.894660952338715,0.045441070847278525,0.2872420104833765,0.05714191992442606,9.731310716889821,STANDING
-0.13780341907774526,-0.0750656660428799,9.820926489230294,0.03740236358918421,0.10364109516977887,0.12634507687006785,9.83384021106858,STANDING
0.11450823383821987,-0.0075482353161103275,9.901001650784824,0.04243033518987721,0.02813296206611471,0.21760393953981927,9.750397406791796,STANDING
-0.11635589223549077,0.13280639623612708,9.921813194206253,0.11364206423298749,0.33418849269698536,0.12589000719461393,9.8213750621419,STANDING
0.010367836409893623,0.12500032178517076,9.743496886986852,0.013151229911221696,0.16023236830050955,0.029301549107414622,9.78274691004157,STANDING
0.14554244865410473,0.07304107950830058,9.870695771797063,0.10777560684115073,0.14204508516384656,0.13029579005926645,9.791937116884412,STANDING
-0.19148526638328406,-0.050085114123152336,9.814070618207031,0.0003206466083788412,0.1774477242639241,0.1007065724141058,9.899975319338685,STANDING
0.18052618050682634,-0.19000379245457982,9.783417987881734,0.007638561168880148,0.0193722962021836,0.2502011701146629,9.816841699511565,STANDING
-0.14526631748826524,0.0678115697218706,9.920206029715427,0.1517374216168657,0.14891243617599348,0.04348013863667845,9.853651348140406,STANDING
-0.21561398950522712,0.16356295007752814,9.744414088508499,0.15877868268899115,0.19529762685609184,0.18796183220509943,9.826463156169146,STANDING
0.17268338252718135,0.04587235424106296,9.935849412883597,0.17399175998851535,0.09258337954387828,0.09938594215381594,9.895015728940734,STANDING
-0.07531391894649445,-0.08424790842487033,9.901874109329293,0.03169127449890062,0.1377074716925325,0.031105857784023506,9.83428972541127,STANDING
-0.2292096617297782,-0.0698589541538862,9.675440630663015,0.1931689887296413,0.23879932027100967,0.1649490605046186,9.86460429302001,STANDING
-0.0010882356170592745,0.018531451608881953,9.896594516836362,0.2375487420647236,0.06102436103614843,0.06076448113550488,9.84281794536171,STANDING
0.09995951021569473,-0.19145819654840573,9.766326915904683,0.023611181068255938,0.2250893788691791,0.059162910664761245,9.772901545803746,STANDING
-0.0018233732156219048,0.18140712001120263,9.962903225910932,0.07926156769371809,0.08176381978404225,0.018097149926919458,10.016909760193874,STANDING
-0.053213932518092755,-0.08167937272892717,9.7981722562928,0.12850460478285852,0.013553011020688038,0.034152153901586865,9.922386500160268,STANDING
0.04377214234338021,-0.10889172687729187,9.77391888186242,0.14484120635544814,0.01225892759611076,0.04523197329106067,9.791881841593165,STANDING
0.14189299573115366,-0.08964203829466366,9.623407978563693,0.10692948811967848,0.26475550303938206,0.08345694169486059,9.918529127216088,STANDING
-0.09689241257302936,0.154179532765653,9.872327475908103,0.04304312855953149,0.21671368443116412,0.012389715326326892,9.88340520879954,STANDING
0.13655603868016036,-0.03960272628679116,9.67053509510887,0.03567664611280563,0.00676455718593634,0.04939968792501241,9.885613510397773,STANDING
-0.13538770139888873,-0.06943757656665553,9.780056745656095,0.1589214166993086,0.257125473585201,0.033259962054914605,9.796007919538196,STANDING
-0.04507735452735695,-0.036061936739111664,9.824999198855032,0.08418209032181741,0.1884177461389306,0.0748831280392782,9.889869627943675,STANDING
0.2634342076416889,-0.1289025227630941,9.76783660686502,0.10664065732273373,0.010986900735286437,0.09689252969340427,9.857781276875237,STANDING
-0.03583194363839061,0.04699370804121541,9.829125933367516,0.016667679424981652,0.0686273705840878,0.1383681999896066,9.900055892735615,STANDING
0.17490182543328744,0.04614597040389351,9.844160750847218,0.1311001023791528,0.08941903559791359,0.14070765554291348,9.725974508767962,STANDING
0.056991200287789076,-0.09590975411465015,9.822699599238417,0.17004910936423803,0.15858914313698136,0.15715085378154348,9.781224239136378,STANDING
-0.23650484556122678,0.05303092737415597,9.843879048549132,0.2213323502899136,0.09747112871283987,0.08031633657174116,9.858487579052822,STANDING
-0.017609348747380293,-0.1663559227913183,9.737918643607687,0.1677238861851368,0.06651571520742791,0.048175508524316464,9.869830241601875,STANDING
0.11553734793887566,0.030185332403260934,9.752367121423081,0.058633953209145315,0.006734036075872113,0.13907808419262055,9.822231306441735,STANDING
0.19695749358975354,0.06571339079432308,9.758171726031911,0.1351847657232893,0.2651311760495838,0.14151793284289413,9.742963013065097,STANDING
0.17288757904319618,0.12562812358636558,9.76999704177715,0.05534197801926706,0.10446917826622837,0.087466904609346,9.704430822480976,STANDING
0.1526784845893243,-0.17603305128316796,9.67828484624858,0.163503945451193,0.023687623783405415,0.029903504186546012,9.802548973139324,STANDING
0.21350061567357528,-4.3898865990927546e-05,9.9152635766607,0.14785557803664934,0.31312097580073317,0.18583635039241886,9.799337884697625,STANDING
-0.03250798060261412,-0.13034108280355855,9.75533907180263,0.32609713851557215,0.020403137127857948,0.014450728721636136,9.85070633761673,STANDING
-0.05629448497368755,0.044537636699633745,9.911390835291739,0.24666323439815002,0.07324881993631599,0.14113434289029647,9.727341463415906,STANDING
-0.0054893626511580956,-0.08592192763599443,9.698344515295616,0.08139947774188494,0.07285837757809521,0.21271931036461422,9.781359703652665,STANDING
-0.14339253911407207,0.11755239713559192,9.827096286648619,0.30869092859122965,0.053347707376678474,0.03550697004335672,9.833534218477675,STANDING
0.40023218277697725,-0.028056079232035132,9.718442941042479,0.019744495941928453,0.07252605106407733,0.23187750054916512,9.856023630262413,STANDING
0.13000431556326197,0.03871686266268043,9.850339840529756,0.1952710601106075,0.04332915179142546,0.024428645545251232,9.698773128486259,STANDING
-0.24350227433280328,-0.026374383622861288,9.9024677664395,0.12513760856801812,0.016932984681504504,0.0879093496866388,9.79768045925154,STANDING
-0.009843899945451609,0.04271854705111423,9.83645511339009,0.06587404262688887,0.2033612837646471,0.15969325646390536,9.735932664468738,STANDING
-0.1521669719034507,0.053513362351161914,9.78645909754678,0.10572283510535899,0.03303150662229397,0.11701754528198277,9.808261269606234,STANDING
-0.17381009697306138,-0.050389369043151805,9.887764793710533,0.042735480986969165,0.04821275994549806,0.004818231371192985,9.838202072920204,STANDING
-0.009482673744806382,0.0789705240818797,9.784331213205952,0.17580647685685016,0.050772920597633414,0.0329612361808736,9.96458447716026,STANDING
0.01709996973432026,-0.0795406890330463,9.789788467017436,0.12504639832400696,0.24343532250718175,0.21365480442142337,9.718646931423628,STANDING
-0.14339638743126207,-0.16972961491877323,9.807114553138113,0.22610354048659323,0.06167853712976548,0.1147695830177617,9.969660245416616,STANDING
0.13887844649175207,0.05138927177604261,9.893927562442887,0.21710763032750696,0.12926398865898123,0.22282779528925695,9.925987486355814,STANDING
-0.3229439707271053,0.04379633459741576,9.877968398275469,0.05084413658844428,0.12818200860165838,0.0006294019640361165,9.7444147192804,STANDING
0.13315963963217411,-0.04183650239895053,9.841597103521726,0.2514047623484098,0.008330550561681874,0.08080492479728274,9.992700667161232,STANDING
0.05481310608843354,0.031359267662220615,9.861926986714517,0.1630259627582466,0.08258135389851831,0.30967608205222075,9.872525920467531,STANDING
0.0216934821761366,-0.030548497607664173,10.028412844087464,0.18044895601744262,0.10176880649183993,0.026473729548966,9.745870173017227,STANDING
0.08155812575336951,-0.06456423672363373,9.900396441155666,0.21825873813112867,0.09445643208758078,0.13803022298549772,9.95989629432403,STANDING
-0.03068924571445853,0.06955735134157004,9.877889880884226,0.12895370915354087,0.03430708052505306,0.1640368820426056,9.827633669212487,STANDING
0.1475258152563774,0.011403388844441066,9.933927127742438,0.02199714227879554,0.08723599305210555,0.02066004314179619,9.801789425702381,STANDING
-0.08457196359002961,-0.04607355169285438,9.819177834886666,0.08213451511831729,0.1301763856031177,0.08591459423074826,9.795484053034686,STANDING
0.06504454438330481,-0.06720183790519293,9.945561181543358,0.2048162873230434,0.05122940316515143,0.05156536425256575,9.81772710084123,STANDING
0.1684953091025732,-0.05405956160627782,9.909838395206632,0.029000039738638073,0.18876138501461195,0.2028529316440627,9.732836163210306,STANDING
-0.1216023139796236,0.11504365197361399,9.839456584592341,0.10825439426622402,0.12209266621141641,0.23085055300123009,9.708225428394739,STANDING
0.07056645141933421,-0.09239680106342288,9.7254098449905,0.2515749186874068,0.18724057467581467,0.11856859266804978,9.905040722144518,STANDING
-0.0364542721274873,-0.05152800581608657,9.826279179304715,0.07215813334613488,0.3211853956785108,0.04144716252951351,9.776605474335739,STANDING
0.09437161297400747,0.06753876060860707,9.815315035956395,0.022700323547730383,0.09518170730216095,0.036986110633221894,9.957722679904858,STANDING
-0.1305418939133146,-0.025045860399592775,9.778015113261977,0.1473739377507488,0.05218083763108203,0.012866267712496673,9.770333920900756,STANDING
0.2005059135391065,0.03476004769326332,9.825199669887985,0.25468860040284846,0.13835978811834193,0.12775761113970074,9.715484711871813,STANDING
-0.07213074792496701,-0.028052341409905243,9.847577515801355,0.11632415849552964,0.06349305341323112,0.011167675189674944,9.848545975753995,STANDING
-0.22959265315122435,0.033642116296989426,9.8797525522237,0.1819530859363748,0.08032795746493053,0.17153183154243773,9.805722287368823,STANDING
0.12436796268493043,-0.2020493170524548,9.735349622565817,0.29472508086305155,0.1430566123844962,0.16144239716875008,9.933490748002022,STANDING
0.03518482452945964,0.14345333767610177,9.780612065537056,0.08398237441570924,0.17868422488477254,0.03605695397176684,9.890435215740387,STANDING
-0.18946938785358985,-0.03413807770495219,9.842546598724386,0.09561064603706079,0.10793660133915332,0.109507074426926,9.725741728122298,STANDING
-0.05734101442887858,-0.15266786027658155,9.829319735655416,0.10067777956414502,0.00842047879513709,0.2585259808828847,9.768995763024883,STANDING
-0.04972176248847602,0.0324413470848536,9.793419916015448,0.12033033568882678,0.18068246153534645,0.028197382048114755,9.937533272091446,STANDING
0.11173760406906835,0.06557996671877393,9.785115775530238,0.013308001098783412,0.07176983865038525,0.07066456287139544,9.68364245027137,STANDING
0.0788871825052613,-0.12053583152030144,9.844752825657276,0.08022001465927517,0.15896379087761364,0.1135824511969017,9.811221261848669,STANDING
-0.0738416580759686,0.09800827854578631,9.78615409974064,0.11131498537485202,0.04151250996575062,0.10740446038448129,9.753226922603398,STANDING
-0.014879573746601827,-0.20064726150369935,9.874588561033061,0.11613352253207718,0.05327143987977929,0.07482306657909178,9.92482572144134,STANDING
0.05835827547957386,0.15346556886871235,9.830957603263085,0.22778227611621554,0.1462771045298217,0.03490185877962036,9.985875890011709,STANDING
-0.01210381316464963,0.0026210291518650912,9.851198868930682,0.011305467568327218,0.23213711056665753,0.02253295507680511,9.718830809242906,STANDING
0.18743286434296516,-0.023070326968305514,9.562306600172766,0.1399948518125042,0.15535059868540405,0.037856775160978226,9.782822178247807,STANDING
-0.11706863038308435,-0.10638250700947505,9.832498859914992,0.21030218003896556,0.14615438379970974,0.09279978585883801,9.932070766244308,STANDING
-0.11398653073102735,-0.005660263936462753,9.865401940024308,0.06724463018603888,0.15519098503466283,0.07759736737820923,9.920755231426025,STANDING
-0.11957023948760062,-0.11680002841696138,9.847550309178546,0.11694272156575056,0.031162137742673846,0.02805798259104754,10.022682305832634,STANDING
-0.036309588560883455,-0.08812509441721483,9.981742999263972,0.20882547981923957,0.17248255605854096,0.003309429430136679,9.833145548020028,STANDING
-0.20595637474466963,-0.0019920002477827963,9.958394457133231,0.14203828197420407,0.0623533472918137,0.05715426569113306,9.817044669500289,STANDING
0.17312814354546593,0.13294548789109792,9.759653127174076,0.2475897384550694,0.17611413126527503,0.14333385376116622,9.788133152276078,STANDING
0.09995020837455909,-0.12068703438749476,9.73673799156833,0.15061974247659057,0.02104673393408968,0.16238943537007666,9.846692006002263,STANDING
-0.057851361347697215,-0.02396466296545934,9.765599081596804,0.11813952943477635,0.0038312759912073335,0.05764922485029414,9.782107355929659,STANDING
0.062191489198193874,-0.20776447816806623,9.968446722911947,0.22452579140309337,0.05383355802373202,0.13041957999317516,9.897554089959145,STANDING
0.04728025945580256,0.012337901633727055,9.774379489198113,0.28000076397893525,0.17534521007216852,0.14031658090206459,9.924346949674732,STANDING
-0.03175299556351648,0.03347296966024498,9.807482959226245,0.06778656063735855,0.19573482609722478,0.10244833229074561,9.664512818402763,STANDING
-0.13207471473644494,0.024482009078403144,9.792267904677157,0.09358471262748493,0.008499354901140996,0.08461813237578895,9.805377399184625,STANDING
-0.14902941923017687,0.08976971119425649,9.788679461224111,0.3721524430730786,0.19669025365214524,0.06697308247128314,9.899440696491677,STANDING
-0.09843485965889905,0.008973303704435357,9.761790198972,0.05786816247566377,0.08188679100205747,0.08768327750066181,9.689945923738783,STANDING
0.2798459525116931,0.023198032906801013,9.855005387650971,0.0860008889204939,0.012584530544237832,0.09510357309701746,9.987118230284858,STANDING
0.1772426884788258,-0.1766528923419959,9.783166548735217,0.15358171199543674,0.059971434758756624,0.0756173183254264,9.67382120399375,STANDING
-0.18869874289767996,-0.10146707842916458,9.812197283698497,0.04227253551788593,0.006039223406483038,0.19489450423095447,9.72120660519347,STANDING
-0.00646032294686755,-0.013586660631136858,9.756378362327489,0.11489228958821414,0.08921252928229181,0.12386087443361316,9.888290926046606,STANDING
0.05184401729496111,-0.03183391890611118,9.730673117671037,0.2528661404787591,0.03401220019276857,0.14293669026011513,9.903128868945439,STANDING
-0.22951330118261615,0.044933505268793486,9.84932029181999,0.19030493046860264,0.13652402750183187,0.01623156927902225,9.732833497512411,STANDING
0.03874295500214069,0.11512538739550503,9.740739775291148,0.021678664711581336,0.02661023336511245,0.11949713615763997,9.930888870571126,STANDING
-0.006156974929035725,-0.07778127881608038,9.830032773817072,0.11313271459316745,0.14526576388032425,0.24191445538188522,9.858637162927666,STANDING
-0.09207975512496527,0.22883029942286007,9.810014558612384,0.01451077681089949,0.33237286636299346,0.006688311381952056,9.833761564119929,STANDING
0.11170336769386646,-0.2648791613688187,9.894120038824921,0.06454653976703689,0.058710555683986664,0.2515191810921317,9.81625065947534,STANDING
0.09163711006588025,0.1618010572954878,9.621994777354157,0.2284617990736243,0.2547033063875353,0.13010632479005924,10.009940933062325,STANDING
-0.10859804239474372,0.15176415710562519,9.851240905958061,0.3245830806014821,0.06817398356901344,0.08075809236168878,10.035265787215518,STANDING
0.07553978688970506,0.07781304493544577,9.882301622642085,0.05064103193766731,0.0867969507482945,0.09103646313597716,9.76518552109376,STANDING
-0.04355173274712186,-0.06736466591106412,9.703285883638596,0.15047045204249254,0.08268444656712334,0.18990299325814902,9.773756111394004,STANDING
-0.011800279231091209,0.1613157500958884,9.944217808452594,0.2141972132592274,0.1202417787290419,0.13179694275492407,9.78776570337494,STANDING
0.13468415343613507,-0.12956275488961355,9.938988662179892,0.09245571932521857,0.03140535046976828,0.025449514230338782,9.773216569883523,STANDING
-0.07604337256502675,-0.030795706813983525,9.814818133435114,0.19638596351809678,0.07550473680129002,0.11260208066275942,9.823882803102753,STANDING
-0.0776186130380364,-0.09181996526405864,9.836818367880337,0.24733784899006386,0.07708753729902652,0.009913634617179756,9.766851281083202,STANDING
-0.17323134978003019,-0.02444082862618885,9.838862172307472,0.011809584280194796,0.012166024973214604,0.014806199448821306,9.80604912770036,STANDING
-0.16104693672538065,-0.013754246746483607,9.763722656603168,0.027101794117970493,0.13772088163731327,0.015987439468609754,9.747423021902215,STANDING
0.18790494571108365,-0.034779112905266064,9.729109229370243,0.0646051658937983,0.10687749066223709,0.20545038598407128,9.921261641168874,STANDING
-0.22572444574409825,0.024944153005985417,9.844795178130049,0.1522142467578984,0.061015116598870905,0.021691240167847348,9.973864194894187,STANDING
-0.07973223019001072,-0.1309846791971096,9.88526091491401,0.3814370011300883,0.21069406333011845,0.005136727600597385,9.762999619388108,STANDING
0.2321162599605253,-0.08699918113988403,9.770312918507045,0.1926620822341124,0.09750946821107453,0.0837007132004767,9.634694468794336,STANDING
0.03414166630637641,-0.029020337708051788,9.75980031739755,0.044486358206666576,0.16371096692192197,0.00015818963988056822,9.806265281697815,STANDING
-0.16935068662087874,0.08218697722591285,9.924787872932834,0.22341946707976645,0.0031274445013630137,0.006487868086268708,9.861001024944791,STANDING
-0.21332833764878334,-0.03003153673739155,9.866812032058748,0.11700340428578873,0.15239133210551076,0.042620507565374555,9.87635878876487,STANDING
0.02637754236754351,0.09470577416583126,9.687423364914299,0.07338020496531403,0.28226837732261845,0.20834688289937198,9.903089349458448,STANDING
0.05149698235939282,-0.1517440364607229,9.89966099576449,0.033395658567776695,0.17596882500181776,0.08159727887442987,9.733183511734678,STANDING
-0.08262062796849289,-0.03368490973137053,9.819538422685818,0.25181456363396654,0.10701426164774078,0.13709167977225212,9.835804830714439,STANDING
0.11409481368125816,-0.03083461394938386,9.739631094863451,0.07187177776181963,0.11283260840584017,0.03397636627729328,9.738529692510978,STANDING
0.09705633116427821,0.09320025038449464,9.82239816972308,0.05978563774592723,0.09006588141730162,0.20207215224441102,9.82541710769887,STANDING
-0.02720126190259344,0.16287302412863397,9.736966535763662,0.05799385059800802,0.028327376093602155,0.11101612864422739,9.749574284321106,STANDING
0.17818761964924731,-0.045404510722123675,9.915007195951722,0.4339113997281344,0.012666394618562213,0.11423848998712968,9.799665037923644,STANDING
0.029842977302170334,0.022686831951132667,9.811968098404172,0.1955473767866845,0.10933964004550448,0.1281851738045081,9.798703050211012,STANDING
0.06665074232915522,0.05513603019033462,9.919600723904935,0.3059244147838669,0.04789311227589909,0.09348741582796392,9.8658131344447,STANDING
0.09334045968070266,-0.10769912261865151,9.790040052865974,0.07279104775706563,0.05084247032251682,0.07636226698348772,9.8425020593977,STANDING
0.047162733996567105,0.04413221777298799,9.942475257327803,0.0391353859184409,0.02415181839827632,0.1455163897176142,9.865589644272623,STANDING
0.23017335939514333,-0.009132844977269116,9.701436834241074,0.15406614199791466,0.09283258420859214,0.13344874865145706,9.739750808785796,STANDING
-0.017513202001486348,-0.23811915357744562,9.826453380702898,0.07925619248638363,0.18616750444926808,0.11858485335431153,9.875290144837509,STANDING
0.11768063948254352,0.03397335226299477,9.687077274407947,0.13665291731024776,0.14084893600640044,0.027822454419077394,9.797579908359747,STANDING
-0.05236511313795631,0.1402239355613348,9.771742151789704,0.0933642941404521,0.09207712227231916,0.020967997606962004,9.913304886602543,STANDING
-0.001425374197904315,0.13016471347954262,9.600221428630858,0.12362293206111075,0.07080214404144998,0.13059153880005608,9.898900955944633,STANDING
0.07991994564256417,0.010326850438008114,9.827648227972325,0.058520491361161595,0.09446256757962225,0.022423088723472706,9.783557924064029,STANDING
-0.08850742730031995,0.0449231013184993,9.850391972554434,0.09847004145513887,0.08510645692783624,0.12159478898799071,9.725353184491647,STANDING
-0.026571299131614143,-0.04071498377934169,9.735761111490044,0.1697932765602101,0.15748525793953339,0.152620842170596,9.820230547003613,STANDING
0.036888371201026296,0.012972649149819292,9.818996324406696,0.10672762405254523,0.21068406100255202,0.006181400751928606,9.755736998385887,STANDING
-0.09121055132927841,0.07339409444518094,9.706086892748237,0.18606311230264938,0.05103654207530366,0.12100006155204225,9.724446521830655,STANDING
0.08699404242559847,-0.11754623837759853,9.964664069687124,0.1128618218144871,0.29508570949969837,0.001888748741065982,9.706804756245972,STANDING
-0.08391199870439305,0.04950684296893321,9.738497553864294,0.17218174220190446,0.11704043850217183,0.07136456237421844,9.88319103165123,STANDING
0.01541704778931372,-0.04550124647057421,9.73156779800313,0.15292693254081496,0.012747520652247282,0.20079534760525766,9.844974070933658,STANDING
-0.04851717665980513,-0.029690258067065697,9.79039299337582,0.1448005538329107,0.14366072555886025,0.2031564366016898,9.788412480512546,STANDING
0.18670221360678277,-0.1556578570472014,9.879131996832111,0.08094268864165594,0.011653568960047947,0.1195611049112125,9.80084574813473,STANDING
-0.15552590875276426,-0.009884916110273652,9.713428014376845,0.089007577857977,0.09369423516083963,0.15605414907104748,9.80732056628217,STANDING
0.06405998949750195,0.13085497181791791,9.756627759490174,0.13091852609728954,0.2078663716011287,0.044949488642620966,9.560027910885529,STANDING
-0.19378041258533274,-0.04608112067171354,9.613269766484862,0.013805127625741292,0.11228785601266673,0.07115163479087314,9.685625903338064,STANDING
-0.1541817916095167,0.076136618951205,9.941946419280214,0.023259195113778733,0.1258905594096957,0.16070828933138953,9.768821268371813,STANDING
0.23823230457186495,0.009620904152697465,9.851115362497382,0.1524320080746912,0.01875815929991878,0.08508210233143053,9.845491428621843,STANDING
-0.10987715678824084,-0.12047884208037479,9.860218004832435,0.06683894073713298,0.06549842797232636,0.11287965526766615,9.877460641682578,STANDING
0.04647907444772931,-0.15159569536902645,9.838319917174333,0.05908664976550508,0.0037142894766460655,0.13000482414457212,9.872907448057436,STANDING
-0.0036273791351035946,-0.02155423209189128,9.747639713084542,0.09302668162933234,0.19085239595881445,0.2623139132024937,9.780055976335795,STANDING
0.10847449354453619,0.20722772906590695,9.924803296532545,0.24852852123783778,0.015043964632525969,0.0021389373549008522,9.894626943179757,STANDING
0.1949384624321911,0.03455172712828626,9.799590323199206,0.013327518232657806,0.08874848439867077,0.10031263276505546,9.788095417530702,STANDING
0.10336990093214406,-0.0010919962050984229,9.843777335430985,0.04980507899186924,0.06553847141845506,0.14420421233619568,9.829559680112478,STANDING
0.04628100202060814,0.13728885256720308,9.912204261492757,0.11353644536461317,0.04526648353357546,0.05716986006383093,9.903661975759476,STANDING
0.14878012311529068,-0.041220645249766506,9.77903788804687,0.07796055754413692,0.09320369500861589,0.040281235854691844,9.859367666215165,STANDING
-0.09365933062446416,-0.049111014781935414,9.798439695468844,0.08188741011644407,0.1688017720664664,0.05081741099619287,9.711776869625552,STANDING
-0.22805643347479934,-0.14934771596197546,9.8005828329241,0.18305308163254752,0.1651366534392826,0.23879154325390917,9.800003495371032,STANDING
-0.02421917588832108,0.20805453315952127,9.840908114980403,0.15482742690941215,0.014511430291696631,0.12104222749050682,9.871347350149815,STANDING
-0.015208587370078012,-0.016942331286320878,9.814233545698489,0.13071870435609032,0.22676504408061784,0.18726395492012074,9.610068368622297,STANDING
-0.05520702891912368,-0.0011272619114382884,9.766221642083122,0.02702492753476088,0.07171596403632072,0.04886713879157374,9.760726072801663,STANDING
0.026429409423802376,0.13575998152160915,9.698394636372381,0.10411640196274706,0.12864962908089395,0.08100153400367904,9.741221009458254,STANDING
0.08184496112351945,-0.17022240610950148,9.884941427282662,0.1649818156231913,0.17419197397053607,0.033071034724029606,9.787732888418311,STANDING
0.004360672833303992,-0.08987494245569098,9.83744854944274,0.005579277120673423,0.1268650809835011,0.25418503043872787,9.691736644435146,STANDING
-0.09995448217085007,0.07019491717394459,9.78554971185679,0.19424101387684634,0.13558833586767574,0.07354817286600078,9.845344350411372,STANDING
-0.1833648489611226,-0.09645255932833191,9.59847768947589,0.01656268062837593,0.06866237389796265,0.025585564034769262,9.903784252019289,STANDING
-0.08336018253127224,0.07935376344025157,9.917189828232335,0.18185484915857555,0.12989274830418954,0.18983230777184049,9.806070627123855,STANDING
-0.06624828972714558,0.1152473483927079,9.773566235937166,0.04478150286901561,0.20266820744716396,0.10596710159317702,9.782156255565905,STANDING
0.13463612849133905,-0.12791003712610216,9.925575388634071,0.0007455382184571868,0.1610223563211034,0.1043051026465278,9.975043686659683,STANDING
-0.12859566153546176,-0.08288570089808421,9.86283407650423,0.05990423711032615,0.16999533570192013,0.008910982133421244,9.72310571525412,STANDING
0.04756396376009806,0.08772985198697557,9.864239731199396,0.18432808713782545,0.09248552199653334,0.03383522541409425,9.774615556525156,STANDING
-0.2762081391348195,-0.1003969506996826,9.767104542608976,0.09564821339276541,0.19687025207058748,0.07695800321850586,9.94130304453171,STANDING
-0.03313844373337863,-0.047911165458542744,9.862260355732532,0.01926995154792581,0.15755464738942013,0.03183313751635076,9.73309184565276,STANDING
-0.02290700215040018,0.03394850471226065,9.635300688102578,0.22913075295376,0.1815978130127899,0.10545771745663717,9.88446474902815,STANDING
0.07476417047896723,-0.14269238035023182,9.966291377899479,0.044499913318447215,0.12394765410182497,0.10517790218388372,9.85512923849536,STANDING
-0.009255105294489927,-0.1196599388711698,9.634507152285043,0.12325798747939844,0.04123630905147785,0.11501772153138715,9.735790345927162,STANDING
0.124385289163364,0.04747710972296148,9.725464017354833,0.32685475839222644,0.07892086824151918,0.05342865006588075,9.93031761640166,STANDING
0.12965379921950249,0.07394795747363705,9.864091352148229,0.2448342160816372,0.07580057875780619,0.1222662143479056,9.85649964139202,STANDING
-0.36973713885319043,-0.06197107756347167,9.833198971181934,0.11224839340586258,0.05476036742544696,0.1389151938807478,9.915817896503546,STANDING
0.1251178231124637,-0.059914909760262515,9.814504434425064,0.2045989687357045,0.10440343267307484,0.13302076068713478,9.861490697868266,STANDING
-0.11579323512295414,0.03942743180785552,9.814072187487067,0.08392795680847408,0.024673586946334522,0.09316592609591909,9.692615037514306,STANDING
-0.19733701207577514,-0.025407298955955927,9.844519811153743,0.30499715943009575,0.09548451549494853,0.08253860515784665,9.7662096517461,STANDING
0.13423242928810694,0.017572471303499634,9.87175052436167,0.3058855998204043,0.08372639073682739,0.16965041830082392,9.812414904281882,STANDING
0.2029165131781852,0.1334945979755653,9.659942843104696,0.04301602939841667,0.1942894235569368,0.07782559222169676,9.761622029419113,STANDING
-0.16298468964406967,-0.16533174780814952,9.719380961328199,0.02719022425536602,0.023888653109191124,0.004212972206042484,9.935263623720553,STANDING
-0.05807710531067508,0.04391986597509187,9.85769144651191,0.030215657920720285,0.06719094349922997,0.029705616305964626,9.760238969147526,STANDING
0.014286994639117208,0.033961608312996015,9.968003574283408,0.1268126456095901,0.1010008346808539,0.12283986104600038,9.797213996360743,STANDING
0.12865189175732888,0.12335517131686911,9.669649223541482,0.18660794804934666,0.11847980018276597,0.1259180554832586,9.901620614189952,STANDING
0.20926030815491026,-0.006248033100247624,9.831279989998157,0.26791162029869053,0.012633203408798005,0.03010774576228928,9.823270394171777,STANDING
-0.06639483303363045,-0.030048041145753837,9.77683454120394,0.07081999886193883,0.02314785397214135,0.0039560261525814905,9.666562155763417,STANDING
0.09006709424489058,-0.055991784414515994,9.810447233702694,0.08267903672480434,0.07558862246517727,0.2063374815596718,9.832227763285092,STANDING
-0.059505566848718265,0.03596239213439461,9.877326179179306,0.00936567434348147,0.16033888432648138,0.02219434869195064,9.831353704781996,STANDING
-0.00250527371062809,-0.11029294886061453,9.71132709269218,0.19506385840969886,0.05469995473216183,0.1812030962232346,9.745217056103254,STANDING
0.17672958690134496,0.017437186305806214,9.851983739261497,0.019597538655557287,0.1729215182930787,0.15639281324111726,9.733351223427913,STANDING
-0.13361767936703506,0.044935281754134755,9.78279741283839,0.07543902837277494,0.04336877301385827,0.2269290277821958,9.770470364701225,STANDING
-0.0035566388408635615,-0.09756893427052143,9.847497974204634,0.005344642202696939,0.17442198455991584,0.0065047727228239455,9.822599444780446,STANDING
0.1573938146571467,0.0751448948985419,9.705377436877137,0.13109277775185074,0.1501198705689223,0.13977153154262958,9.820444186067597,STANDING
0.01598113031924225,-0.12236789702990457,9.801103137521705,0.025298135481152867,0.05023723172460241,0.020919444889911147,9.842417961751186,STANDING
-0.03816843668542332,-0.0420426255753,9.707394080440299,0.09021388078030103,0.21455327999159646,0.19608063098603412,9.864864606511718,STANDING
-0.08008243058120297,-0.029925225588338062,9.760598204592233,0.210836642716409,0.17800059609916366,0.07653177409540066,9.850775539461496,STANDING
0.029894429584810575,-0.12622868177332439,9.74845761348741,0.11453620463137895,0.09536165212286993,0.13897627002104362,9.827414151640868,STANDING
0.015383409813134965,0.0016414517053281589,9.70769279851584,0.10612184636577804,0.005823636419274053,0.026887697720109544,9.908219334496435,STANDING
0.08712397985134554,0.046633329541361054,9.898824859093,0.027537695566976994,0.0543203730329076,0.14148468630582223,9.969244560786773,STANDING
0.011453049343598717,0.17636262002007375,9.674136266687778,0.05691336953967055,0.14088165806519276,0.08937325797730793,10.020904022629859,STANDING
0.02962953261961168,0.06044359999987874,9.76848454656599,0.1443284147396341,0.09876718017646788,0.19188144317389083,9.826627551517708,STANDING
-0.20149290430752498,-0.17139554370954935,9.826552873071801,0.20746341114616557,0.2331746056956171,0.008973875037362106,9.756951808058483,STANDING
-0.18924819212073785,-0.049367815811910076,9.77911208266206,0.2520171076307347,0.18656339146815354,0.006261289723666935,9.906295232151422,STANDING
0.15926142097466542,-0.026259290006952825,9.865705565930162,0.07932415355665826,0.19301022619192681,0.08902751438037228,9.865630035344937,STANDING
-0.011215182689022248,-0.00768278765899974,9.58343745992169,0.048720568016865556,0.1932573520335342,0.17698812070148356,9.805268726350015,STANDING
0.08275228544511512,0.22086147633458986,9.876677486240155,0.052982254543008575,0.09215804719093268,0.22019282531027318,9.878435055172611,STANDING
0.15531975038464707,0.06089679022736127,9.771464406782616,0.17365353013263923,0.14142927667365807,0.11508217670229201,9.747408412340722,STANDING
0.2976245069996991,0.015699944067718942,9.863880982484066,0.09820887835716581,0.18453103293794515,0.04984329415621351,9.986522029522302,STANDING
0.14499850014477528,-0.08084464297304404,9.861286992797847,0.056401052216944136,0.14264166874443024,0.13043938762460375,9.72064980226376,STANDING
-0.009068466948595014,-0.10324233356645525,9.731222234401207,0.1471857379222934,0.008396443555363203,0.3057656890388458,9.84404825137559,STANDING
-0.18095464573748962,0.05085045121653451,9.847317411986712,0.08506944846222997,0.12739273075962834,0.12282825128239694,9.739812876252396,STANDING
-0.15568168919298525,0.010274961130801535,9.65368652154565,0.18494152318255042,0.11130807630728573,0.11672865992613769,9.857879460890542,STANDING
0.024002808679990932,-0.13450986154625424,9.833760466176122,0.3053964686049836,0.12408920584798631,0.09370556127681645,9.89322658357521,STANDING
-0.0636188823662609,0.10865833433451362,9.883843852357405,0.07877211366727799,0.0734038873667058,0.17778115414182277,9.87224347804453,STANDING
-0.03697281256739834,0.013486338020692476,9.656707924347169,0.03455219043304539,0.16794526721518088,0.004899262293558665,9.863064586805748,STANDING
-0.1306240023380509,0.013850384443209868,9.735524176421977,0.10475409431243844,0.11759881895254606,0.0008496399200395577,9.841897498896316,STANDING
0.04967785818484815,-0.1452828838368743,9.928974978147483,0.11086750119435308,0.006474363487458418,0.0945835812455925,9.733770693177972,STANDING
0.09091654674209979,-0.006065908179918997,9.86009633459073,0.03984484994187,0.20459115893866522,0.09827155262648218,9.710147756674427,STANDING
-0.028803341596236733,0.14676250199727817,9.977024871813898,0.03115737009252005,0.1053047031611473,0.09551519752806553,9.731632134795117,STANDING
0.007751203226084613,-0.20085179237699202,9.884863302643232,0.08613801316759626,0.02053820793020622,0.1132546809956812,9.74951058531713,STANDING
0.26675462400731215,0.08545555429633496,9.923015553054734,0.017116379845154878,0.27884593771337596,0.0412547445408267,9.861436729647377,STANDING
-0.14869943007551542,0.11354100618426521,9.847196356219403,0.07837997639450663,0.05420092560496209,0.12347505298728276,9.693216333033805,STANDING
-0.05023884700276162,0.04803046215415113,9.970117168904379,0.09947183771493695,0.24432990590681208,0.15873484208498467,9.742928061535006,STANDING
0.07410490448479193,-0.05264955741052129,9.770770982498712,0.10193896609657066,0.08361691696608078,0.1700767976193687,9.855688790974552,STANDING
-0.20087951848344615,0.029450766298330718,9.606579325257831,0.030477673834801322,0.14630768465622485,0.0789356899740625,9.6142794038809,STANDING
-0.16110759084531406,0.05790633493185502,9.775405364913988,0.1369945541726558,0.10136443815394962,0.08325830704995857,9.893636107238958,STANDING
-0.2972812071525003,0.11114259568440468,9.716793752631219,0.012706027692167832,0.029538251050874403,0.18838552208314369,9.743870147741415,STANDING
0.03064737610313253,0.07436083348876679,9.956345961260851,0.35998174997867716,0.16501807531879695,0.11656541868693682,9.84016932231592,STANDING
-0.034687781028916356,0.03875317690535537,9.76909194180841,0.11376715642913546,0.15718029209336018,0.21424738519339037,9.821289149109775,STANDING
0.020673569725954393,0.014165422108858418,9.815143894601556,0.1225342879468851,0.25550127404404643,0.12722732143465332,9.872972069990782,STANDING
0.11351975553238305,-0.07569114118328603,9.781557767508177,0.038644254580574786,0.17667229234936918,0.1517870974407025,9.931031028193209,STANDING
-0.0282399166469384,0.03139732739263047,9.878438856225955,0.012055823939872007,0.11519881589911023,0.20721161897414708,9.822783635508815,STANDING
-0.08094055705604089,-0.009650855081441555,9.777909766073101,0.031168595823713396,0.07456552275468917,0.08684263123861222,9.838135641655699,STANDING
0.0637687169977258,-0.11440952328397398,9.799808330449551,0.07735409099938492,0.08378166409657967,0.09505290460716212,9.864103060190702,STANDING
0.0078269978003133,-0.06755183781824743,9.730725186528824,0.09369972927114702,0.023372379659304304,0.06802808853690301,9.824183108054779,STANDING
0.0536993203508698,0.04423847232745611,9.805626156502687,0.10816636550786794,0.15016044883213614,0.3245938930674125,9.725068604021851,STANDING
-0.002509481946949384,-0.06740609036543742,9.810407487115828,0.13553103339478584,0.05106088875760387,0.09837586761873825,9.811405672935164,STANDING
-0.10736795978526739,0.00850245902830276,9.848879106003313,0.19700118157596086,0.18622221644007858,0.18506763053118463,9.90169887497905,STANDING
-0.11083580431655578,0.1219267577181673,9.964830209211062,0.23912543194591607,0.1661590407103215,0.03524937726371517,9.758498125743497,STANDING
-0.08529641790137645,0.006197257396594715,9.788625818765738,0.14615999566200644,0.18778268248772584,0.009027245712873833,9.835317129218257,STANDING
0.08234071178541831,0.09212357908422122,9.873624329543443,0.1613985628928994,0.04202132730195293,0.028126592954588928,9.717289101977311,STANDING
0.040502679380142896,0.02644692571326487,9.665144871558425,0.011239717823244788,0.20438755748567497,0.1497409148394913,9.625069619545402,STANDING
0.17655572252655774,0.004105436843104512,9.970697924427617,0.10083289130277431,0.12825892988895857,0.1691298471428596,9.822289350348733,STANDING
0.0033549193338436346,-0.10458356022069351,9.789449370650749,0.12512194846150893,0.23818938751017624,0.03699568065186572,9.9203076750883,STANDING
0.08120669927675415,0.06091953628513524,9.898306132799643,0.20331599112859589,0.20638133957038243,0.29317639592405653,9.786694966515212,STANDING
0.043970134762898995,-0.19261957256585227,9.886318929000081,0.013996680542638931,0.21224812759745063,0.2780289033690717,9.736405183646955,STANDING
-0.20739719567237916,-0.010632165120387683,9.870813362967883,0.19544004293190442,0.11539258125653444,0.08642320566135629,9.706999770128187,STANDING
-0.11961838659078715,0.10498111913784201,9.863620427654524,0.15225906978826007,0.013738581916316522,0.041222461644860695,9.998063612021621,STANDING
0.06679180968877509,0.07317542110103611,9.80728318886309,0.041945236365836414,0.015603520937280721,0.0334615451066494,9.824121791061994,STANDING
-0.10202029062384187,0.21677241206196285,9.7107700788003,0.2087309544022551,0.07381452898381125,0.12627980952618487,9.729534073977295,STANDING
-0.03984477004441109,0.016909527219934304,9.82851470682273,0.01768680252179737,0.22912124590415667,0.1693573425917681,9.835050577562665,STANDING
0.12200710272053115,-0.14069690111770783,10.008288418583076,0.1401848636957862,0.13817239900954686,0.06397543353474129,9.8372752096059,STANDING
0.016823468847230055,-0.005185956867838816,9.709759992666926,0.018370867106345362,0.216932712664071,0.1682286705943094,9.808518938333716,STANDING
0.14781602232013735,-0.12286553247596402,9.910390592604262,0.06134804073761071,0.014476669956549532,0.07680837001934879,9.828827176985639,STANDING
0.06411189244576664,0.12152901726375548,9.868557977053719,0.31653971848327056,0.23610749757364832,0.15380787516866148,9.6439067422034,STANDING
-0.057606844951554,-0.18584810469607108,9.873047810590888,0.04572361225891014,0.4019653142338043,0.028207420182921966,9.780984550111029,STANDING
-0.14958262605975584,-0.1280149409940975,9.645640559818162,0.17454623028034383,0.05753532334720192,0.27336282260426464,9.947996745610986,STANDING
0.15324517998005777,0.023479731046551742,9.792943541982448,0.24760676969372847,0.020853685716231793,0.10707075954457207,9.84264882985045,STANDING
0.08902059019116147,-0.09308282094389764,9.856809614969269,0.10290281873998136,0.00491553410602337,0.03426542771220442,9.827103899122546,STANDING
0.011331914689799938,-0.003211638065388496,0.11214244428724895,0.05519090666287085,0.03090206256342559,0.005537987654727197,0.14145390559089716,LAYING
-0.022582321122348006,-0.022511634784518213,0.0839310595369521,0.029892133787759442,0.024825625697431936,0.15402802769283488,0.09670275037021349,LAYING
0.010334928645751989,0.02126402640103021,0.11657310429932645,0.023154580339070852,0.04122538617073229,0.08106037184657246,0.12274100862264649,LAYING
0.023035207395097963,0.02960619201323865,0.058751030569679924,0.06047624334313276,0.06392594893806756,0.022605359158199757,0.08882255610793502,LAYING
-0.04385137718865877,0.0004014457022046867,0.09286408999342724,0.20576972728134696,0.06896939541937504,0.0005262746831232248,0.16661268315287386,LAYING
0.01350967736275688,-0.028143203445480214,0.09266680155697045,0.017636755199949145,0.09075682034642686,0.148295545724709,0.13891353141782456,LAYING
0.00016388865215668597,-0.009485376405234709,0.027497990495632146,0.14223178496279318,0.049352683264530184,0.01481947188173624,0.07729083768451003,LAYING
-0.007372949166053041,0.011394902041141259,0.14352299920070122,0.0016319707037780115,0.053481697423254246,0.019326079144468156,0.06548619333274973,LAYING
0.0022988024075401925,-0.02868530817922798,0.12652651512931817,0.06223839005831529,0.07211856309507295,0.1834145570051164,0.09497042808548219,LAYING
-0.00016075868669313432,-0.007629650028455761,0.07776374511351239,0.14291305876053936,0.029274258966568215,0.02264080377317222,0.1369560564579256,LAYING
-0.007896967391349739,0.024535708511173548,0.10324360511285018,0.06434252680080352,0.027612934800340643,0.1673253869283728,0.09309057852636664,LAYING
-0.002498349353478931,-0.015248883638778412,0.08149709863230252,0.05150477977968192,0.012065625250134288,0.04206810364579268,0.12293021079252896,LAYING
-0.004584178498508933,-0.00330031621267469,0.09470319186921682,0.1743287732951269,0.0291214624825747,0.08962961069415348,0.11755400887970574,LAYING
0.021685185736054775,-0.007685363385851297,0.06658112305524456,0.05839853232605749,0.11645415731366715,0.23817516124866728,0.12765806356797968,LAYING
-0.01887582182043083,-0.006982852342624788,0.10561693230595882,0.055536885547096446,0.026544209467121667,0.03011121470495881,0.139657558375446,LAYING
-0.027187597815793337,0.004310606838888458,0.06321547110305405,0.06340826319926368,0.03130122089334181,0.18206054547309744,0.10578661266312436,LAYING
0.0037611789874268616,0.025329583236627123,0.12103915858620395,0.02180084233707566,0.16866715800162801,0.11145295361635146,0.08416541842246339,LAYING
-0.006723507104005592,0.009139817715239707,0.1250734844779842,0.12442918455510364,0.17465986776512293,0.06514898065921323,0.09500977779830162,LAYING
0.0050954669794378476,0.008358090239753424,0.06929287419486942,0.16598888318782704,0.046480588597991965,0.18597914559662806,0.06706462399234994,LAYING
0.003945705823971613,0.045087647880718784,0.11240764871206009,0.04704368719489045,0.04666036257891583,0.08919837486117801,0.11489397292480229,LAYING
-0.036316919576397856,-0.0020104898479035636,0.06408916464643888,0.02288984983199434,0.05241993756333546,0.035583985056120385,0.08692546742927185,LAYING
-0.012484772472675085,0.03061230142344836,0.11703872298299751,0.18346392380119822,0.15853601717218152,0.1947890641699303,0.07501435963411279,LAYING
-0.000984510146963839,-0.028968906047660795,0.0740195183349379,0.09108867239627265,0.04270304551895192,0.04639538902114629,0.09222349616961513,LAYING
0.02998945359103763,0.04327511004701606,0.0864791146054243,0.0536074202496957,0.06412779625566463,0.10676513048565078,0.16096058503382296,LAYING
-0.027121384859832114,-0.04905654709375948,0.12204490738447003,0.01676284109531413,0.04459965792539221,0.3031659000440644,0.08011318584523838,LAYING
0.008915756976633736,-0.034657052583886995,0.08451695683084597,0.016290103020220457,0.04134918316969355,0.015756866320589064,0.055466263685940424,LAYING
-0.005558477440301881,-0.010358611246419782,0.13035529300128,0.025888309432936466,0.06376635567773105,0.06330467961594125,0.06021451621388399,LAYING
0.007025704369084641,-0.014606430679543385,0.13560008730548193,0.0019231900122038265,0.05700563022042354,0.1499858866194917,0.11673116757696311,LAYING
-0.007308632451992092,-0.026719556110272845,0.1372498762545203,0.07004640573593597,0.05719480207601692,0.05446056845945903,0.10904818930029797,LAYING
0.02064007487608056,0.03074525548606353,0.09641202475114598,0.11374428653284095,0.1102576313576046,0.03909928128398914,0.16013073108486736,LAYING
0.010561985245526668,-0.010475951936699826,0.09902449472824064,0.1586399087503442,0.1357321897908742,0.16496103915437155,0.09553106094184044,LAYING
0.024853777445417835,-0.03267904183283538,0.09553873299344082,0.08277706757271869,0.06641695003443852,0.037018599977836276,0.15876542417829378,LAYING
-0.032212357057836705,0.023241414886575492,0.10568483610350549,0.08171092313643494,0.09945460175837396,0.0855628603463243,0.05901479437815449,LAYING
-0.005969914520228452,0.0064503798961688535,0.11821384826070111,0.05914343449942616,0.15550897414301348,0.026217393242072826,0.08046956902542066,LAYING
2.5583607390191632e-05,0.028275770415568557,0.07140807012373013,0.0928864435005698,0.0399472443644554,0.06374663870861108,0.061710730463172325,LAYING
-0.024661656565601008,0.0037656277731988844,0.1298576318402817,0.20157419248412825,0.09824008349027358,0.04397743812843191,0.07561471850123959,LAYING
-0.0066852232954906846,-0.017645581719449414,0.17436538170800403,0.025967578328567217,0.11877781108594929,0.03595276746347986,0.13301477720696334,LAYING
-0.011821550192118764,0.01952881210204752,0.11004667077453754,0.017897754587520454,0.0879891436429631,0.006245648903042498,0.09486255915661082,LAYING
-0.03843087406568971,0.012923600970063625,0.13879499745814874,0.14660674850284408,0.20047306133960544,0.16966518031533512,0.1340677907409612,LAYING
-0.027392983590761352,-0.01336681156434813,0.06054610775481143,0.02059078094809061,0.1665185143372128,0.06749168343513273,0.10514958059549993,LAYING
-0.024528755292990603,-0.001937718570766309,0.07762089671030373,0.003972970162372819,0.0029012072617969446,0.0014439878014015084,0.15273562731885243,LAYING
0.03590117934994515,0.028386052985557342,0.09932867997669481,0.007509039496081182,0.04354002505205798,0.008931508128458669,0.05725908531768633,LAYING
0.0027528328091271964,-0.019895457701522894,0.09756883388887899,0.03912034425391353,0.015285347140281891,0.1340510862870655,0.08708366576246032,LAYING
0.01121699505568793,0.0001940258326313689,0.09406504326668569,0.054764358812152775,0.04748970718948092,0.07003949180730848,0.08364871507865243,LAYING
-0.007144972601280864,-0.00633813993905109,0.05944403316817391,0.09258125890985261,0.022872408108058292,0.20797782216751343,0.0986694538339885,LAYING
0.01353645159711717,-0.007294131700442289,0.0888131008178024,0.2664701984322165,0.19537457481349232,0.09859654866294451,0.09090420027629885,LAYING
0.004804177496913406,-0.009481564058446475,0.11809601026992664,0.018728645228850642,0.04530991961995719,0.15872463713031806,0.11069649550857694,LAYING
0.048373054966957735,0.011299409380075157,0.10455728964937007,0.11705529527607007,0.09244185306649547,0.11722268801817193,0.18509596516873453,LAYING
0.01710855498248813,0.02480056523685927,0.10200646463265464,0.0068405581961944305,0.08320990777021411,0.0167457137797069,0.08512730881740804,LAYING
0.0044081843011923435,0.001601682930521019,0.129010769123621,0.041131433815207355,0.17999319052774604,0.001063492014267555,0.08191401599440573,LAYING
0.010841997192857795,0.022703087312360645,0.1225375198931647,0.05906351034457483,0.04832263748373683,0.07350034496746449,0.10044603688601707,LAYING
-0.027392349302258326,-0.0072857375964840085,0.07854285538246637,0.022719937418290922,0.13128239929351682,0.002859045439370947,0.07918407127618621,LAYING
-0.011446984752994856,0.0056425305190921675,0.08638853267488227,0.2559452622486324,0.11305151572794224,0.031720657831421833,0.14501444777879088,LAYING
0.010237933395343398,-0.00146315645854845,0.11697549048263263,0.08878492438428068,0.021637251733624904,0.06801620411617507,0.09520764113851413,LAYING
0.005933015233157341,0.027644781272452686,0.12351927823046353,0.09630671542720423,0.07866838142124215,0.07541579051918561,0.09191966190092388,LAYING
-0.027363296289138847,-0.01389188813982575,0.13623836709256884,0.039795648669918034,0.010021218657302355,0.15956237825925557,0.13854801694147573,LAYING
-0.033171620613582746,0.00919089883800846,0.11023925192181602,0.13497819126384555,0.05810116762455067,0.005543980119698963,0.11582050611828211,LAYING
0.011941513838951073,-0.04042323519931042,0.07517929305535957,0.07187680446311247,0.14145225235213912,0.08493988336672512,0.0821153253580574,LAYING
0.030550777162887226,0.006668358429805574,0.07268690866747225,0.09753398523081076,0.1029738344091872,0.008130810080264068,0.1285834548438736,LAYING
-0.013475040664781144,-0.023581037855516435,0.049213980273971135,0.0455514639147548,0.01678109583696349,0.0013563913882328506,0.0962730977228757,LAYING
-0.0009754823317934808,-0.03635183677899149,0.16683914393614122,0.11159074006951113,0.050685470448935635,0.09957220468701651,0.12605922563053368,LAYING
-0.0016256810247572038,0.02088167737688717,0.1348392383760512,0.04601587613821377,0.11630293861642396,0.007773883730158988,0.08864685257652574,LAYING
-0.008691822956520249,0.01969441696497384,0.05413183283949752,0.08616269454591875,0.0874733983110492,0.02271005408408444,0.06358575700166601,LAYING
0.0012566883855517216,0.010690956021784331,0.10702118975599961,0.026827417362744955,0.007394032012020164,0.02600851557607555,0.11847080730712438,LAYING
-0.017429167310578066,0.011511968549041181,0.0821479753764541,0.11131485867149486,0.0207943635224548,0.23943749724180535,0.10587248076298336,LAYING
-0.02810396072332923,0.028979264920463398,0.09256534570528197,0.11105125647186946,0.03122335084433345,0.009375590502580154,0.17975462937741582,LAYING
-0.018743379650172143,0.012239899244620574,0.04078081775765165,0.007630133374070048,0.056723427932211495,0.08195832538226197,0.09570436800481351,LAYING
0.008473550032559509,-0.011866283238735658,0.1375413970722273,0.1215298601822176,0.057339006710748736,0.09116920474979233,0.10557628752293621,LAYING
0.020500912988522028,0.01499684447049394,0.13029144302631615,0.08477629502589543,0.07204993423159112,0.2548274768820571,0.108011140852562,LAYING
0.0008995945465721974,-0.010800361542649498,0.11848236615757816,0.11020834376005005,0.01818323670912008,0.003151014031160325,0.05005328692995392,LAYING
0.006018488740150915,0.015316714274960818,0.09538218165028281,0.20650781819055689,0.03717150453217523,0.12057220718679298,0.09234275578985895,LAYING
-0.00037550301349881785,-0.01371799021567743,0.0659325247114616,0.16342464682703717,0.10158390325714906,0.09447210295020399,0.1299935040793876,LAYING
-0.013278014919608299,0.02755373774558091,0.1386529317861199,0.05804819675179393,0.00879945478850487,0.09235292186497403,0.07351363835898851,LAYING
0.020361502970512122,-0.009428777478131133,0.08841706645554165,0.09754589912628686,0.055249292656697147,0.09467820855611467,0.08649255279549395,LAYING
-0.02207114404464478,0.0012351693362045195,0.08905137087350147,0.041118142243743036,0.012123769982033138,0.000433521331453704,0.13693588260663433,LAYING
-0.006739766681493853,0.010909890341045524,0.15410866177096225,0.07720763242275626,0.1364250993564979,0.03206273392687239,0.09951184854865987,LAYING
0.021416490342318895,-0.014593678983627095,0.0973411626940724,0.12748252470132101,0.04155435833986751,0.02891830296954177,0.06961420606382089,LAYING
-0.031764275032672165,0.004133635747392064,0.1275656424952905,0.09655864846038706,0.1343627992564815,0.17542222190538748,0.14431372623783256,LAYING
-0.014020303933541738,-0.023570652407664962,0.08983361642292695,0.025574330933421565,0.024832674582102095,0.05500196911431196,0.13751761915639946,LAYING
-0.02389131006879414,-0.0027894563210420463,0.08995257125267467,0.043088992267046794,0.11267044828267068,0.0566210906388943,0.1260774285571088,LAYING
0.005383995934086856,0.007751836546129912,0.11939906638886841,0.14439267258492508,0.015080521145645658,0.06762339312086638,0.11154878183447164,LAYING
0.00795289948030861,0.009341187091417727,0.07623329614839083,0.1217803360554182,0.10043867823525099,0.044241550748849945,0.1367013382620381,LAYING
0.004240536241729264,0.006850467967690691,0.12068653549682407,0.01576294695844534,0.12126884626657083,0.0896803155979558,0.11697005553976694,LAYING
0.010128353923973795,-0.009451640734270067,0.09302684953633675,0.1468070600795232,0.049443619595309296,0.05954327912532857,0.12163277115352673,LAYING
-0.027978428520091747,-0.005216020592958918,0.03762979626811239,0.110045558101083,0.2247308950921435,0.18804411200005502,0.10351519920663281,LAYING
-0.008216903436102416,-0.03475240034502268,0.10970340489925387,0.10875138519469789,0.30469854487542314,0.1607287922136821,0.12059307031275858,LAYING
-0.013765228950465927,0.015600240030857795,0.12110133369810805,0.14373597157358328,0.10022427532675196,0.05851436501077589,0.11040322348994018,LAYING
-0.00807668183420702,-0.00614394475346286,0.13365371472158105,0.15689240138058605,0.10353666162533039,0.008956939408481204,0.033756194132201975,LAYING
-0.029216759700855608,-0.0023498986607681134,0.12358345612915947,0.027529073745357405,0.08715070730577021,0.049730837768698646,0.0865586902223947,LAYING
0.017672906795751033,0.010162390969341096,0.17514004435250413,0.0597835019014117,0.00832644689681816,0.07322736333158676,0.10820993310134927,LAYING
0.010829021878163566,0.01039507454898131,0.09293083741526767,0.004253906869816283,0.07707987324719148,0.04011543042845947,0.12139293094044402,LAYING
0.012177213195843471,0.031141535311314656,0.07081935722507293,0.0032585410644069487,0.06853045561977715,0.15772870693620705,0.14577679159371149,LAYING
0.00826873926921564,0.005861176554500604,0.1011593543645374,0.011710603616642262,0.02373847638280655,0.015258327628569227,0.11415279805552062,LAYING
0.014226119283748003,-0.005687516826847122,0.11248247113724737,0.13046018126834402,0.15250431463151798,0.14311487114410903,0.1250468997366243,LAYING
-0.022962389326041256,-0.020092481318192027,0.09839171526793951,0.17180415669880156,0.08405818559353188,0.03469951699892854,0.11268492938380216,LAYING
-0.0014556016317760674,0.03612783360463352,0.09604219331174664,0.20821203741757696,0.020713955817638848,0.0754644578547429,0.09013575727475046,LAYING
-0.03999245769596469,0.0017154151244306776,0.08984131671763113,0.04492498820434594,0.06912892740202907,0.15410683720446408,0.08881267607987674,LAYING
-0.014711864901126144,-0.01650819149432555,0.14334719322604758,0.03484158715382944,0.21723934626280816,0.02969295769752373,0.13379785571043162,LAYING
-0.022677034739210473,0.011157532885277573,0.08929742412542019,0.07298255726647608,0.1586519732148224,0.028856603632002008,0.08636832757229518,LAYING
0.04429971801199737,0.021207145867511594,0.08227922732634511,0.027533711125843154,0.18194482750677388,0.043740365109144475,0.04368413134470765,LAYING
-0.0005351267197788323,0.03397342612466989,0.1016242348369698,0.0574682187050541,0.017953327509017465,0.02357512638139138,0.07777743878266827,LAYING
0.00042916348454876215,0.00391066475678598,0.11686887899062469,0.09557618502313862,0.21555260855097957,0.029566370167253858,0.1262045909920125,LAYING
-0.01774628730878288,0.017835285598292398,0.08525095259242464,0.19259579717603675,0.12335068889800684,0.13229255033526946,0.06969615349071719,LAYING
0.010623016406171078,0.0025374948159341045,0.045092313687620046,0.17582729897346625,0.01456114159169913,0.17812176960243856,0.07678262454543737,LAYING
0.004288699086569676,0.0028788398625535444,0.09029196917822102,0.06692228139146668,0.2866800730839433,0.054575940849358545,0.07153072736545472,LAYING
-0.02869725616729413,0.004177762326211126,0.07319780244720227,0.14203429772001366,0.09346197071192744,0.0500124063950963,0.07884899711570345,LAYING
0.014220530931640267,0.018267840472740837,0.12106787115740639,0.02705826564233987,0.019132207752028365,0.06317567818050292,0.05405906808178183,LAYING
-0.04009718744901689,-0.04285378565388659,0.14071422704494435,0.09868053635702738,0.0998596601683054,0.019406709331255385,0.16634086071166895,LAYING
-0.0022853226818563633,-0.013103178927451305,0.0675667249993866,0.022364465579944516,0.11360643915869675,0.039912503326929,0.11877695755520261,LAYING
-0.0022687299323981554,-0.015331825468901768,0.09236671625404616,0.06727472227569058,0.058034887611509114,0.09336529387674924,0.1412290047659929,LAYING
-0.02320074739725039,0.004534961938656983,0.09167285580078306,0.0027940785922727536,0.17393663028842565,0.03812121373253676,0.12704086373722112,LAYING
-0.020023422238432273,-0.023858734593740896,0.11231559174121211,0.01670310812583776,0.02705827047089276,0.135629850798837,0.1360186801186251,LAYING
-0.006782617202963707,-0.03658197469458449,0.08790796649815454,0.03892837415754383,0.12030059427628076,0.022116069023589868,0.11345266437740222,LAYING
-0.004783260674184099,0.026941817862799585,0.05579058457654175,0.06256347581359233,0.004423163189471099,0.18291409496859903,0.07711523071964842,LAYING
0.0037612435484569826,-0.007387297454615446,0.08844310734227726,0.1787435304770648,0.06145840643580969,0.07822391369518501,0.07831840145173467,LAYING
0.01000959532658372,0.00902346576972818,0.11991132881623687,0.08269808928448108,0.04147816255727238,0.0315383533004121,0.08298194616122684,LAYING
0.020811510706364743,0.010146886812826493,0.05838991519258526,0.1471522181331576,0.11476858205266179,0.19491817165266384,0.08026062006449011,LAYING
-0.023477301105546883,0.01759904962126525,0.1277656993270731,0.07558251736336193,0.08761102937916447,0.05016217753583335,0.09071399149059386,LAYING
0.001892397955695354,0.021212916362985567,0.1117555180887345,0.19578020927003473,0.10912278712918773,0.11146387134625492,0.10368609266158381,LAYING
-0.03958919151953537,-0.00803340618188219,0.08911068766159277,0.004127313114670444,0.03258477638676445,0.0962841769223382,0.12094977879833492,LAYING
0.02720836775603183,0.034675980682741074,0.15221355464246678,0.09856179643680285,0.05441858355951282,0.04177862563134088,0.15734737760100778,LAYING
0.008707390069969775,-0.05270886171406274,0.07649304905151327,0.04855829406863077,0.01901352775636263,0.06595683002534297,0.10719464965219398,LAYING
-0.009717522427713185,0.02762076647404983,0.11776733812241295,0.0016922477596196597,0.04236808238626816,0.1387023037718727,0.07733005123383713,LAYING
0.026284636796725137,0.0054716164535518605,0.08003707209457914,0.040439314624948,0.05659063396404938,0.058817129647396195,0.07245269297938846,LAYING
-0.01496627956332516,-0.003922928615054715,0.0987606681067648,0.004002897426511942,0.008575503892951674,0.218124559792107,0.11761294489089505,LAYING
0.0014480534463249565,0.008199164792284249,0.10677460517846321,0.1007978208611553,0.07751404666484338,0.10247470946164272,0.10880410089133048,LAYING
-0.02612435601778368,-0.010699953467721002,0.09522428020735177,0.13071018688416725,0.014625881709377848,0.03684680770705084,0.10965887394342873,LAYING
-0.0019082549822762149,-0.008365414724032873,0.04988268114578892,0.008839969267050217,0.09445124974025029,0.06337167905851167,0.13315194670753103,LAYING
0.0006021564771208123,0.005761747506261821,0.09974031858809382,0.029230582497347658,0.09344739175575102,0.0014927902595384158,0.1446206300047489,LAYING
0.01891704073234359,0.024811158010429518,0.03903170171046144,0.17793342523839542,0.04668115953271454,0.07089254624218011,0.0702152942921305,LAYING
0.028948152662593447,-0.01536444120247774,0.07042847861552463,0.00343009150058381,0.01860039345465349,0.03038068342281257,0.11694262058829384,LAYING
-0.01715593958265857,-0.0144100851691519,0.08835434057025757,0.018420100477049218,0.03147441368134572,0.08017420180435939,0.07225848190413661,LAYING
0.009709503901853805,0.016956439975465816,0.09263088706599316,0.19814863645185157,0.2415520699031174,0.07968901533612757,0.06418351929025592,LAYING
-0.017437272151306568,-0.03365378276801801,0.08114605052495605,0.10325202501912249,0.0824056731915687,0.04491585255903087,0.13607808994378276,LAYING
-0.007068490826220611,0.006212749978795878,0.11027504501690516,0.14720913815221814,0.09835580790839461,0.16033449887867107,0.13577190640093303,LAYING
0.0116140367379565,-0.0025009109144505993,0.08577850349919963,0.09886845446289293,0.17795770714391226,0.10921911853127349,0.11550204742582065,LAYING
-0.0077209816457023284,0.0005803746945174021,0.09861262597328928,0.0944529923983464,0.03591818211832631,0.16091196511132752,0.11904702572769184,LAYING
0.01113704843045509,0.03340714369508409,0.06956708767097315,0.15092529698878163,0.17378786649767808,0.03177579574911213,0.090973004585957,LAYING
0.0023579118372089774,-0.024704391412705976,0.12595484460389267,0.04497904334534407,0.05622334134818688,0.002098353844591897,0.14821681253202937,LAYING
-0.027872621811984577,-0.028881403495877814,0.10798615937166771,0.013220008635431716,0.03241057716724938,0.027621068540066067,0.06520767962386045,LAYING
-0.01579707922183943,-0.0032090330978899236,0.06235088593385807,0.016314609324901586,0.02607546557145017,0.005780359987114833,0.07847589444367152,LAYING
-0.022853977726072096,0.01759713475894847,0.16918492007741903,0.06808195799722745,0.0035242236967436835,0.03934292426154813,0.10925332008708423,LAYING
0.013300532334431736,-0.02447649875781515,0.10814542946574905,0.15940560232190468,0.005653396444045323,0.0023680425480769596,0.08550350315835797,LAYING
-0.005315643567897702,0.004762753835536998,0.10798771622163247,0.03151993446996325,0.03735974236464758,0.13803366482547827,0.11227015937959002,LAYING
-0.00936283865048985,0.018511961057899987,0.09962217396374477,0.025317794790313625,0.0694967823391444,0.00024610414697441574,0.13266596844833253,LAYING
-0.004411111919282636,-0.0024571132317187413,0.12434874578692015,0.09111822682595858,0.1048668532332627,0.042763259648281905,0.11180068490284144,LAYING
-0.001759884956913913,-0.04493501887911289,0.06067325680083502,0.1174984434192819,0.004438025042233153,0.04896909952424316,0.08755756677592853,LAYING
0.006578989536763347,0.008619922713943592,0.1656522841144095,0.027774217877761232,0.18706391583258916,0.05604148829005365,0.09678435898153742,LAYING
-0.00011316903725411791,-0.01245229983811781,0.1271171366639154,0.06426150405889085,0.05175259203148941,0.105585833357738,0.12195747719656136,LAYING
-0.012754639262999863,-0.01571550304612829,0.0658426334461096,0.10342655694267455,0.019859596185565688,0.04274167023665219,0.1062208370781766,LAYING
-0.0052928753688034355,-0.028077148747683016,0.13268322494740956,0.0895482084644993,0.10105220889230483,0.08949466602489536,0.11552309460840593,LAYING
0.030858391319684025,0.007719577956863981,0.12935400030552918,0.032587233229791346,0.12978509099699817,0.01194683921347748,0.12697706896311683,LAYING
0.018055239785702802,-0.029535621602863382,0.1397589350266654,0.25764091927591937,0.015533268303129021,0.017319842833677768,0.10291951223457543,LAYING
0.03793937467774826,-0.02708594322816054,0.07633110609598814,0.061782299355585824,0.14195445938757006,0.007300918340306363,0.1225462475219805,LAYING
-0.03366454497658644,-0.013862466833690988,0.07929831147719198,0.0016575876750340862,0.08975471896093472,0.0751647941971666,0.10155899988351698,LAYING
-0.01946150278020779,0.027765546054909933,0.14253179902849128,0.04903453152097796,0.003920621284401772,0.07562928133747795,0.08026183807296437,LAYING
-0.013736254673616319,0.00913840928351425,0.06473668757946499,0.042568642374939125,0.08405656649726316,0.07083340096343521,0.052716654825389675,LAYING
0.008669685599579422,0.0051589466562039525,0.12905031292254793,0.045704898713049925,0.017883932466613312,0.0515309725439865,0.08804089742956768,LAYING
0.01817823448333321,-0.008917564304122277,0.09997174403518012,0.040448370854463025,0.07338419044002284,0.06941913501898801,0.10886643060533918,LAYING
0.007769758364820656,-0.02208321854183351,0.11219294166474236,0.1276723383691036,0.23919731714389608,0.02114730692800989,0.10936159247293556,LAYING
-0.023321478516925148,0.01686881718163276,0.10145941395743201,0.06701396886843902,0.010928567715488243,0.0430043062916625,0.08923856033248827,LAYING
-0.014111423955122292,0.0026905147938982637,0.11090160867455548,0.045077200972984656,0.009773920516353434,0.07111090550302551,0.10511428870319842,LAYING
0.02366005979535872,-0.024101471228053006,0.09044211490546321,0.053817460862287225,0.1382735902482666,0.16825844833260706,0.13505291009136378,LAYING
0.00824905857821305,-0.044651874108880996,0.10443082665190631,0.041188691352859796,0.08868667555714045,0.14896734567528172,0.16401965153536263,LAYING
0.005262745636263118,0.02703023435009818,0.10093490198103344,0.09515388279762828,0.025326393122971823,0.13055729303756736,0.12803338366078276,LAYING
-0.0030830331616604196,-0.008183277693295863,0.09102693248470689,0.04827669683819988,0.14140393646559657,0.023418920777751193,0.1343987354968157,LAYING
-0.0078242322808397,0.023776934379940967,0.12801081705445314,0.06922823736698998,0.027705169199449483,0.09673225189843374,0.11423941326413191,LAYING
0.005963514055549377,0.00532153322857745,0.10138550849548532,0.1386073075353902,0.0011316933077163936,0.02972145507110299,0.05886793129263274,LAYING
0.004282600873778658,0.004509127547429163,0.08904504755753652,0.006768508347069784,0.29798702396399807,0.15084060493341345,0.0860144521992804,LAYING
0.02897042722083181,-0.023097013546419045,0.11435376067708403,0.029201673108044463,0.06101419566851658,0.0350138025157065,0.08574946452123926,LAYING
-0.03568465745910949,-0.018554445375074693,0.06856424125357163,0.14041191579208726,0.056940006634770515,0.012723330938949284,0.12333862376572735,LAYING
0.008138434822975629,-0.01959217193588438,0.11738576575752926,0.04218047392077061,0.23901047791248273,0.030791833987300527,0.1017731226050062,LAYING
-0.00037226708166192355,-0.008692471524013043,0.1053206097326475,0.08217604421231091,0.021950667937065866,0.11355732885102264,0.07461722385892192,LAYING
0.008963068002138535,-0.011750715699582932,0.06862868058191521,0.19168974461534027,0.07663275642986851,0.12235954481592395,0.1035051489847795,LAYING
0.03774426860329663,-0.01536785895545529,0.10708469220963769,0.13284888883891496,0.045901584849334834,0.10037242080689715,0.13942439765622988,LAYING
-0.013613499944179432,0.01659635555667432,0.139395486983798,0.10886685838167286,0.039987789897478074,0.16460834138429323,0.10248675847842732,LAYING
0.017829776873316217,0.010258632810960662,0.10318651791766009,0.190169264781732,0.0840010630514942,0.10292409766592112,0.12045891124020112,LAYING
0.003886501362685389,-0.03949587163843321,0.07533934887563268,0.05138430989020347,0.08766768691688683,0.028431921982580197,0.14085112696457186,LAYING
0.003491765550520182,-0.013353765656294932,0.06531095703475547,0.10668873687989687,0.20115547192523306,0.012648815580488405,0.08159794869137779,LAYING
-0.00214020986157153,0.0006985680720993794,0.10045010596426564,0.10625977986764544,0.10924309800481936,0.025295943314056678,0.07108994462070034,LAYING
0.005355953305746251,0.017899639446800005,0.07831032344098561,0.16431257853817718,0.08271145976084238,0.014828594929405234,0.08783261201335579,LAYING
-0.00030980044233854757,-0.029099089325045825,0.11740340118976918,0.18609388186997897,0.16291172054801015,0.028404414729825765,0.10020232336843879,LAYING
0.0035401128235024726,0.013660875937180877,0.12650127413120324,0.0611672263401727,0.09476913899826829,0.19664625234854458,0.04197122818351862,LAYING
0.011914181252561884,0.005285025398164116,0.13081254091670697,0.09256261575784021,0.030614109177171767,0.12005367329806482,0.10183944317900635,LAYING
-0.0039186133373202755,0.011453972841937797,0.06653497637861902,0.05801167816301259,0.0060751204553039905,0.09011823651709142,0.12702653024260166,LAYING
-0.017510066138946307,0.014083944122855028,0.05173453976659314,0.1608615401044508,0.1335133005106634,0.025258350812255255,0.05741053114976441,LAYING
0.0006950417358850229,-0.016151768698356793,0.09237069654166079,0.04438487710736684,0.05983686328937818,0.20047941576245862,0.08096394759102413,LAYING
0.01714898058669825,0.019373736876090158,0.05844751913041462,0.08986048486913037,0.04650291161330222,0.16416699650656022,0.10181115204832893,LAYING
-0.026411655746400458,-0.015260310083694136,0.08131168784054758,0.03356757166597507,0.03189974472528162,0.016736708908551647,0.13116949234561529,LAYING
0.02633726779019506,-0.009615113700473656,0.06988230549271211,0.10014252755473321,0.018378906011523966,0.10303178001295367,0.0972408689878816,LAYING
-0.009218019689365389,-0.007335115313000232,0.11471300251743632,0.09741413163443899,0.016641415772085746,0.06443098284233292,0.13062393139072864,LAYING
0.03622442774545426,-0.009303407730460244,0.14380029698980556,0.03170743750613399,0.0894801205411699,0.035048448604727236,0.07161209773001272,LAYING
-0.015277685132364589,-0.01066233313717826,0.0740989593430581,0.1680084990247487,0.20193137129633057,0.008180711549837162,0.060775725867923756,LAYING
-0.026906782347853965,-0.010558572062087124,0.10010027358665716,0.12087816003967986,0.09177220691902199,0.0067828171147062966,0.10386316581301776,LAYING
-0.0012484658606708669,0.02808604579655976,0.11480665251476374,0.057078504600270266,0.056055482581268176,0.00330915328947997,0.10078097149334932,LAYING
0.009330537579327435,0.012242507042977017,0.10296749228164118,0.14299926866395613,0.10210465311477361,0.030510492359941938,0.09424749483678552,LAYING
0.047194608195337454,0.031231351701313803,0.13719758193555714,0.09006581545926326,0.06585417538417142,0.06855760361110734,0.10225908828834725,LAYING
0.002557449908218154,-0.0024891304568518593,0.10816830343632995,0.19033005497426395,0.07056643028193335,0.03621375558119956,0.07119440840765248,LAYING
-0.004737897052559839,0.005688368227969749,0.07440966074171076,0.18033439780821592,0.0953040110345398,0.023527941275610878,0.08037697486999199,LAYING
-0.026245276651062556,0.002740165164158552,0.09500431016540833,0.08378348827616632,0.05476847829277881,0.17208519908453193,0.11644713553752563,LAYING
-0.0046462504392365996,-0.011303009046424973,0.05225852760525718,0.1689362204707217,0.05672747809945995,0.0072398770210514475,0.07775862437430436,LAYING
0.0009020869901948106,0.005692319069301113,0.09507279603774514,0.15792494261623907,0.03754938958563005,0.15868719215098032,0.12806742234990592,LAYING
-0.012482546949683615,-0.00658406918349925,0.06329375301874426,0.11352125215054033,0.05355054412351294,0.1397793351904618,0.08076094751201644,LAYING
0.019744793139409664,-0.007956298549072805,0.10007595809050732,0.09283555133270138,0.25278412429478603,0.11200528737110482,0.10685297312253184,LAYING
-0.0019173453466973264,0.028153322691072506,0.09562197414386239,0.15285418523493596,0.11016467067193901,0.1698777325049842,0.07794119249647369,LAYING
0.012366945146613389,-0.019251743210345913,0.1310944282426982,0.1045245465937128,0.04006874242654983,0.08780845089895115,0.07388022270775219,LAYING
-0.021426094619377577,-0.024260054007511935,0.06771721461959238,0.11247882091533204,0.07578498212639947,0.13960021871916123,0.12836484876427015,LAYING
-0.008992914723721646,-0.030888548456410998,0.1051049520331174,0.08064921081313654,0.07536984332384353,0.0035084083318580456,0.09232606699412756,LAYING
-0.014436763945248022,-0.0010265098769828538,0.09377352010099277,0.08884933938660035,0.14160472259288878,0.15236232510224998,0.14498498981227959,LAYING
0.030539976167500104,-0.017518123093870713,0.11776735649930034,0.062320557277182706,0.11263875444447,0.15436175678377878,0.12965838906953825,LAYING
0.0029606150969997327,-0.04454482415111629,0.05001152673562602,0.08625731412989784,0.1039110922571653,0.10494877042802642,0.07283459200589561,LAYING
-0.011205917800970475,-0.024454864520976078,0.08152267049856812,0.1668897970888624,0.012616705100188374,0.0887118687927999,0.08050555087546651,LAYING
0.01337601670728477,-0.04628814182597806,0.12135666544146993,0.16177565974530203,0.0009940346223393653,0.040891811648269896,0.1530651305990956,LAYING
-0.02573126155220674,-0.024153072119514514,0.15384461755256554,0.05227016360756641,0.10542565234605984,0.017121232409615453,0.0844356789167447,LAYING
-0.0005276142375060161,0.025328358116751045,0.09433510470321911,0.008635479238599274,0.06151666709601995,0.13958907812082344,0.10609987700186721,LAYING
-0.03197147123807353,0.021733397976860705,0.10171989243813345,0.01085915214863439,0.06484590618926316,0.052418970382801605,0.04834143066119058,LAYING
0.0017205326919791533,0.0266025553460228,0.046131545875945756,0.03286280698114761,0.0868478533794523,0.11163569837244668,0.08658256125959958,LAYING
0.023817420599189038,-0.03419111290647927,0.06352099014844569,0.025876948452578197,0.07756712179121364,0.02583272645859616,0.10257245579272617,LAYING
-0.00016501938800953127,-0.00669172497135922,0.05264725071756336,0.04378255221768902,0.04348363515497958,0.09335039556375781,0.09405232499739463,LAYING
-0.010005104163675128,0.03909390567434493,0.10876939540904867,0.08774384190305351,0.05767979226016508,0.007854539919538939,0.10670357655981347,LAYING
-0.004195304912725289,-0.0027200064838068467,0.09613092320757645,0.1582909897285886,0.013870837835631984,0.027725405579437257,0.12404129206630309,LAYING
0.00026206516556594113,-0.0074225598119157885,0.12190667375946058,0.09623002592070144,0.011270429194281315,0.06521708826740738,0.1348378992465765,LAYING
-0.00198550775207579,0.015489801936541125,0.11199576653112625,0.1259244833995519,0.07351765960285234,0.12056231849466406,0.091548537127766,LAYING
-0.02809082767990074,-0.017870442499866808,0.08078032821162,0.0003448317896133958,0.03248496518491928,0.038002597353965495,0.0933136073629954,LAYING
0.003641924446615136,0.016976945636751256,0.12560989021196137,0.043748399180216495,0.06302530166055986,0.06118669158454754,0.07503186872343806,LAYING
-0.04096290936607691,-0.020829787735087125,0.14209362445312862,0.009543313849767872,0.04741290061837676,0.0026049983429795587,0.0985944704892708,LAYING
0.012275566701008902,-0.00931355877237647,0.11116233348091155,0.002527833892218393,0.009257374678710795,0.05185974993232746,0.13440387218447575,LAYING
-0.03368143327717523,0.01778519782888925,0.047672269579330545,0.07372156376099616,0.06377302342124282,0.08663222641683407,0.1436645982842347,LAYING
0.015532926197112867,0.01006350913997712,0.08078890766836407,0.10110846134524658,0.10832516215982425,0.19276461225073308,0.08544091039515228,LAYING
-0.008696871376921787,-0.0078086646923927455,0.08050485153126904,0.19163147721661766,0.03921233676106482,0.003532524654866479,0.09785464034795537,LAYING
0.001170634649123507,0.01591700303566265,0.055304174733175185,0.017738994633209815,0.0992547854016627,0.02086710973010878,0.10926416618819616,LAYING
-0.04213755780298266,-0.027053219902024882,0.15920610687805328,0.06845902276849122,0.1683470560716281,0.11663177015078825,0.11188554909971127,LAYING
0.02899928381724711,0.01651077846334859,0.10500430914540339,0.002765293080035619,0.06983235874708633,0.023204260729057097,0.09101349412216801,LAYING
-0.020554109324330008,-0.008795260881886565,0.07948817024541263,0.18919153911091072,0.06944957572277884,0.06848352956078903,0.11033880733437268,LAYING
-0.03702207347847402,-0.027954029766444042,0.07135980426286051,0.11032368740485361,0.02840852019455168,0.05425802087548656,0.0898643734445098,LAYING
-0.0019895206713777354,-0.012568465792118328,0.11462970197386438,0.18349292569376774,0.09743342156185784,0.16933908486791174,0.12103205135002823,LAYING
0.030165883497668848,0.013008808538131472,0.0692132774387841,0.023465733481888056,0.0533404436588141,0.013534047836925283,0.10100735358701683,LAYING
-0.021698426109551576,0.019690181450734697,0.08681155532322882,0.012742377368920567,0.12350527037239868,0.01750013338940446,0.11651001831235304,LAYING
0.01678644711427908,-0.01659735996958098,0.09464891222900784,0.0042324415369419735,0.04096392171497065,0.07748016173397684,0.1488641479571447,LAYING
0.02107753583249608,0.015876876904876734,0.09421661206196104,0.23288308247271233,0.12298141885062605,0.03374188679294323,0.11226373796241884,LAYING
0.011861500674538273,0.01405216169094194,0.09457948323428657,0.12736993376276717,0.04417883461798246,0.10067935059306063,0.14161461554006244,LAYING
-0.024069501161400893,-0.005674686995769284,0.1446141744381505,0.035771535411377,0.03260118282402395,0.029296840688959283,0.11914826091981572,LAYING
0.004699803173514904,0.006341568206972798,0.11984624533024399,0.009482808297329285,0.07445107528722869,0.07743956054471049,0.11616806303505334,LAYING
0.02554694162387393,-0.00309156766037569,0.1002534861567433,0.0981767219126379,0.002269460841187166,0.05212904468508495,0.12199115320903406,LAYING
0.0011601535715657979,0.051776062367633,0.10623157794568311,0.2546502852690445,0.0912031608735144,0.08321192792697035,0.06517217911800269,LAYING
-0.009534649413006576,0.003878555117485691,0.1115750714316376,0.08198956514977725,0.10054061133164856,0.08913690898049226,0.07281302094143756,LAYING
-0.021066310521679142,0.007645808812097635,0.08320352444191928,0.0009500654690104519,0.08873358179147911,0.07791371612309775,0.07426144410239718,LAYING
0.017398778999126733,0.030730337285634013,0.07464714054419821,0.01688328960336365,0.11174610113311097,0.0324211008328301,0.06922072653811263,LAYING
0.0023785003435574346,0.02254567278466102,0.10942876209422739,0.1823674283789194,0.15715038590214273,0.06790474496402063,0.1417172363677788,LAYING
-0.005100099553787583,-0.007030905226666024,0.11030727655356654,0.19525184530463013,0.1554865939883669,0.22044303141141353,0.09563278269854528,LAYING
-0.021504246375643642,0.023881276314655277,0.12749024869806613,0.06501162549173856,0.05336288894483421,0.06005924138653067,0.10475048190195957,LAYING
-0.008534083869568778,0.02241212624090299,0.09912382682726957,0.018100548474715962,0.16145693720798038,0.09786152455503763,0.11646635586106154,LAYING
-0.020112158711897542,-0.009099880134898439,0.10526923808688458,0.016379019792441534,0.08542183060287722,0.10706996518416101,0.17380643640368093,LAYING
-0.0004915773755174377,0.0242586670733442,0.024570614566522042,0.006532879976370545,0.12606820976709432,0.05613653699590185,0.13958482688514734,LAYING
0.03537983993946702,-0.01933668425464064,0.0853670450389642,0.08310882382320847,0.13559001794174555,0.04590436047237478,0.09088229458893789,LAYING
-0.017129400516730592,0.0010210950758159367,0.09198974904887693,0.05470240772746815,0.14319785685202235,0.048635858271329144,0.1279335274013695,LAYING
-0.011124955022304065,0.02393441031540361,0.04777712244971197,0.17438288305213864,0.14384940523479142,0.05865896359104615,0.13226786085025033,LAYING
-0.00660821625364395,-0.008075398001176124,0.06631555111784229,0.20119738944354276,0.07727609296498729,0.03241661387252364,0.08247333535258906,LAYING
-0.0073852288874692315,0.011306666655059907,0.08958828534964383,0.1825545687299529,0.057703868580359544,0.10541067526703427,0.08471933776749194,LAYING
-0.02207827066327321,0.005669450145112092,0.09669438419223562,0.20788277178529055,0.21955354392525125,0.0476016194343763,0.13228677833595254,LAYING
-0.005963465877969966,-0.03905026119402335,0.11693156935856397,0.07628461747486527,0.1439264458589424,0.04761636625976927,0.06829060046695598,LAYING
-0.0021815076139781214,-0.004045190569858671,0.08572352159437453,0.225301162400888,0.08036463661199082,0.031024332292625273,0.19837246797271027,LAYING
-0.003759005110440861,-0.01621025046264364,0.10489973964223304,0.12314087326522126,0.06620605442666223,0.1800218963937244,0.09935162578767258,LAYING
-0.010024384637954756,-0.03024634415751585,0.08844286922246346,0.038700921930803475,0.1566554863334274,0.14553747187866778,0.11095453134745749,LAYING
-0.0174881605488874,0.02652231255304263,0.11043368310232711,0.10480303477350521,0.07138681921879121,0.09637451820635495,0.07547554967628964,LAYING
-0.015118905616615011,0.0007767925729553512,0.09436321228338242,0.05134418413281709,0.1718929013061758,0.12266544917523495,0.08694848430854449,LAYING
-0.013304955529370369,-0.02158072062291923,0.11014603559430904,0.04256318746131296,0.031912310867344744,0.02829569213210069,0.1299087224328152,LAYING
0.03136318796273134,0.02222710626059662,0.115172120256879,0.11821761728385331,0.0981935869887245,0.04137702745857608,0.11064872385529728,LAYING
0.01958930382047818,0.016480565688616517,0.0672710946980141,0.021184430609854126,0.07208225818613857,0.04773180386400837,0.05775984378330295,LAYING
0.007882664777043549,0.027168952219655425,0.1159100835694154,0.025188835783576,0.1734448125403096,0.0627445697369561,0.15974508370216373,LAYING
-0.021852776692846354,-0.027602477594694554,0.11844725942024618,0.0024053167963086867,0.03320018754998523,0.09591794202018397,0.1562254449140251,LAYING
-0.00017748486288955597,-0.03924728964106875,0.13552257814956292,0.14348339670139743,0.1429233955682836,0.012253130948399991,0.14215976035192762,LAYING
-0.01109802038177268,-0.015088264891614283,0.12087030605071476,0.14092547338496614,0.01472093057834426,0.09704399078019393,0.07532310506915772,LAYING
-0.023077198028938976,-0.012295321235410273,0.07071822442394432,0.048348253305943,0.14175457674167868,0.05040093513708996,0.11176922462482185,LAYING
0.009896520414235607,-0.010387354221647247,0.13400129716955478,0.1328265698178955,0.0015932855341561254,0.10184518466029241,0.10045122062300792,LAYING
0.0015958271440481315,-0.021956403164915952,0.11324987534663222,0.12225228155994071,0.005611398378215223,0.06398500543522678,0.11457081775553789,LAYING
-0.011396244033393477,-0.011942125981388283,0.11025679784418362,0.04413695673132874,0.0755069839527698,0.03761587496244494,0.1362595171248851,LAYING
0.006767633974889768,0.010098139966733413,0.09103293959487394,0.004081090886207093,0.06924609306714656,0.038765022471585905,0.10145179131261405,LAYING
-0.04018433078234008,0.04068377851581223,0.08042516700786245,0.03951617030986797,0.09274922867269739,0.1708973538843083,0.14060451435937293,LAYING
0.003959598267497292,0.05486407340424752,0.1330133417278012,0.002252591158768427,0.05930728171948958,0.2326589724513952,0.1247468052348008,LAYING
-0.0470682889473842,-0.02516021979378932,0.11442470433690362,0.19855237354807911,0.014444619727729695,0.1391518256591683,0.09415462485910575,LAYING
0.023751789476618136,-0.010796726618727659,0.1503103805159482,0.010771248361998782,0.08698629961521669,0.07363073177379179,0.08297519168132088,LAYING
-0.01640954751301944,0.017796161030688123,0.0036634416868460418,0.02298816364356501,0.1134238147735143,0.056855443834382166,0.09135557626182711,LAYING
0.0237901775792853,-0.00027236319492840547,0.15418170620820737,0.09121917780007652,0.07667097215323089,0.22340919702848544,0.09949605996472709,LAYING
0.005444634948158535,0.00864228330650148,0.09495658677346842,0.1471919995586886,0.2132582008504309,0.19934262786165016,0.03285065916262419,LAYING
0.010340365129283855,0.010385469949997575,0.12040381525185653,0.057102787790352466,0.10750252232836753,0.03030488013442445,0.1413785359717779,LAYING
0.0008769094550426754,-0.004275911305950197,0.09834283316447004,0.09935931054460889,0.09696242857212921,0.11573169067983724,0.05406598938223258,LAYING
-0.02987892203463592,-0.017073829459595246,0.08968174067514192,0.1680479281651414,0.008926483367120088,0.0846486935671916,0.105166902897191,LAYING
-0.014110505510934387,0.009977091193887054,0.07943284544389541,0.20148046525224814,0.10677984994352395,0.050869630408367235,0.08961009781262029,LAYING
0.00997219856479168,-0.0048578380063437464,0.1581006529731267,0.049270340026849505,0.07087974252632415,0.048272649303417736,0.1189492402353437,LAYING
-0.010649318220905177,0.02166779037632638,0.11239886177850562,0.03482246580293004,0.12104987739842464,0.08849053048679345,0.11724535918278184,LAYING
-0.025165852410482217,-0.041822494007380494,0.13891403364409521,0.036073200285599946,0.1544488058462791,0.06625918106764075,0.05694539167016288,LAYING
-0.02677812563498649,0.019608059897714684,0.08650801613264464,0.04279527380113478,0.02909253300678551,0.23205701568219878,0.14747166275043574,LAYING
-0.007499720205465323,-0.015075481108183773,0.12301309092451425,0.12040648102763775,0.05999036849913027,0.1762196593905437,0.14500949837106186,LAYING
0.01537560451576798,-4.9835083634826374e-06,0.07985223680447218,0.2908505650682349,0.05890161780532788,0.06181290939802716,0.16453566560259017,LAYING
0.000951407901778641,-0.0019013187172726858,0.14656834172822625,0.006411585393330848,0.10760243380191019,0.04943898385966392,0.09098002435354982,LAYING
-0.0368802524331674,-0.03347817429088357,0.04478864226712557,0.010880335273874909,0.21526255700543023,0.014000967962561783,0.1164287076960089,LAYING
0.018037701364156243,0.008278102484707844,0.09029375379824756,0.009401705608592346,0.06516439622642528,0.05280865283389582,0.0808853769860084,LAYING
0.0030769064335596885,0.00642956670615176,0.13488168758963132,0.14811633581033237,0.01254592029026878,0.08498478356799932,0.08932585519304334,LAYING
0.04053977512400098,0.016051213437095726,0.14120899815535543,0.10095407276996253,0.0721129104119611,0.07833252609130402,0.12292350721135327,LAYING
-0.009640238362519368,0.02864074457115011,0.08892940652981783,0.006998101390414114,0.01639612250056381,0.005705722334769486,0.08409927997536251,LAYING
-0.023828150937542612,0.037670341459906324,0.09026442038981833,0.05685165669797679,0.008730768786633123,0.1149056101242407,0.08974826645373243,LAYING
-0.029109409021843623,0.002774466423178689,0.1384695230786527,0.03817771620085032,0.08358130304064927,0.028211299448130056,0.1723702386935379,LAYING
0.010868472185752471,-0.008277123737198869,0.0895190212035064,0.210918538943165,0.05069800198361529,0.04659160206199607,0.11416431363826694,LAYING
0.03024077628188064,0.025517969881914234,0.10594716329440051,0.015850478757411624,0.05959857427687619,0.030823349230834948,0.11646038457367379,LAYING
0.034265071407120054,0.011056129410537727,0.10692109498077049,0.031738745715484976,0.012192594248451902,0.08360505978996763,0.1363465803869316,LAYING
0.01463367118632529,0.001963638510264014,0.08400949317358515,0.01837400776497233,0.15740300267403898,0.1123800603264451,0.11584186658249253,LAYING
0.004628675406591365,0.008018962762161394,0.07073468241098446,0.02509938670467188,0.03329489336106668,0.0002564266719909669,0.1021341173245364,LAYING
0.04637484534143806,-0.0065078271001974735,0.07967711563739864,0.004727100807638147,0.17015948984991133,0.18730917201401615,0.12546358325111392,LAYING
-0.021000489493937426,-0.007068815461784679,0.06654745668008735,0.06732587571202923,0.02384127628689147,0.05261896599456284,0.03671693191964342,LAYING
-0.005040563643355672,-0.002132891784239124,0.03935192489625186,0.05841283983675076,0.002673587589565242,0.08611168958119933,0.13538577793610693,LAYING
0.027619061798360586,0.009840541925563714,0.07402373253066391,0.14401673312416816,0.05743780995040737,0.010025782250260046,0.10326515067395152,LAYING
-0.023180213933529984,-0.006876653432836688,0.07171494999697132,0.06515270464257608,0.014718575218303,0.03069179674999989,0.14356630476962942,LAYING
-0.002217859944778797,0.0021150435736489916,0.08711221163030491,0.2824380900465348,0.009113618139919694,0.030375099923485346,0.1435823747537969,LAYING
0.02173919010464295,-0.015126507751320748,0.07657169956158542,0.14462685089482008,0.23013813736010424,0.015499749234224487,0.08379364518126216,LAYING
-0.02019196485183161,0.00824427590295741,0.09463071933884123,0.04380926446779976,0.14191159888502974,0.03531661838118012,0.13755446447924144,LAYING
0.021928274273264017,0.00723776294865588,0.10359808306536133,0.030914793456318496,0.1195549194700143,0.06055419412611747,0.09817319671150125,LAYING
0.00540363236420911,0.022288084328025568,0.13433598636582456,0.042247095677888105,0.007915939325871705,0.022515065275963198,0.107570797005325,LAYING
-0.0014849092546382087,0.004954163249854129,0.10161285895526445,0.0020977373909673164,0.05615573364668129,0.1865280458096932,0.099994658107234,LAYING
0.04315030434872604,-0.016431466086901513,0.12128845656185869,0.004633160491688538,0.0444807248126972,0.12221808849615792,0.1330203671392928,LAYING
0.0019490216816268413,0.004237492809088596,0.12134150851136531,0.06896014909026162,0.12550725378273206,0.11197837246405498,0.13535755295714005,LAYING
-0.011876781174683134,0.013227140369224412,0.15233071707144302,0.08406262494886588,0.0022393227658679855,0.26182056903723655,0.09183934285615518,LAYING
0.021356049958114073,-0.010928500950821549,0.10970152714763656,0.04067401091062843,0.21011559761970447,0.00788686678112805,0.11822358875488824,LAYING
-0.0005320195474468267,-0.016266404570537487,0.13111950421869936,0.14591800292817977,0.14479573488464628,0.05770269538606339,0.11630826543386497,LAYING
0.03678954414242346,-0.007618270190123583,0.1473016660331199,0.12683328563073126,0.06558148125182459,0.029471148675439526,0.07141691488199127,LAYING
0.009506250290202512,-0.0126000181132628,0.0903064718216149,0.2036285174827357,0.03375714691688552,0.12015165142816338,0.10233075326515509,LAYING
-0.029809388066693067,-0.013971792064833491,0.10713262655494195,0.008873910293824927,0.05345193854951219,0.09003183960020816,0.04611832739328803,LAYING
-0.0074104661528576,0.014735119152344614,0.1447383059081946,0.03904818690831706,0.15732288635426903,0.06838270237759844,0.03103575510808813,LAYING
0.024463789744391912,-0.0010644995008319833,0.14164889574401548,0.07496331188556749,0.26288202100723473,0.005121274533372005,0.1061081830597385,LAYING
-0.0013980401215205143,-0.010306608182526081,0.045896723316021536,0.060432757912384005,0.12744356694758707,0.057972270047287194,0.10535649745917917,LAYING
-0.01518442334463493,-0.005596741574183932,0.07604640386062589,0.12097438963954774,0.06908495107985835,0.25179595665285504,0.1358394949715029,LAYING
0.007820167703925062,-0.018830133604048654,0.11669263956470864,0.059652889731301964,0.15937958881257405,0.03513106999128772,0.1244092079297449,LAYING
-0.011280892282639898,-0.014164038090181985,0.12393199731729188,0.2226326396165907,0.060758132353307584,0.170930800237513,0.06598083431289418,LAYING
0.016794693359782953,0.0015562269318601485,0.09343868620824451,0.057398055732219205,0.03645980496468973,0.03879058073787872,0.12695046990496206,LAYING
0.011183028673564743,0.00764239851557299,0.08240462011466242,0.09651899287646475,0.017074481158717746,0.16015334610822735,0.09718754520660544,LAYING
0.016946009611484653,-0.0007015614144001523,0.10113047046048694,0.01915912170470908,0.046809198664110215,0.02292695059059452,0.10572537495016215,LAYING
0.0469960129758785,-0.012220521580406239,0.07481872772293383,0.04790342605936326,0.07928364171711313,0.07730501478738236,0.08409892278653658,LAYING
-0.02566524347348008,-0.005005674726912669,0.029020565568039836,0.06917657813116944,0.035679397851738084,0.010978367749224671,0.08228434558850392,LAYING
0.009035815113163152,0.030977892165441653,0.06963449256620326,0.09537747113564292,0.0913105737694444,0.1475426062346809,0.13605765609119874,LAYING
0.014431498915115294,-0.013581851348265783,0.10382106216319825,0.05099519004865638,0.13927377584740733,0.048928511812748675,0.1406022721149342,LAYING
-0.018240403576693827,0.0028795724976107507,0.13239734711436965,0.005605534853692824,0.05341754507807339,0.05977483044697949,0.15738153448358114,LAYING
-0.009145820299148821,0.003917080110356537,0.06192279051060112,0.08663769995473306,0.038371664269576576,0.012131060120800199,0.10802604368234528,LAYING
-0.019323407755793227,-0.006142391563505945,0.10050034130395803,0.13396201262123375,0.08512973451732637,0.03600045360194176,0.10453627947389312,LAYING
-0.02081127493720973,-0.015528063842951126,0.05676974885356916,0.08703023546736778,0.11255462574350426,0.12070110131446675,0.12855070780752112,LAYING
0.062064025522281935,0.00955051282252785,0.06639818134007627,0.16890176597125867,0.03861114565256342,0.24111234011407182,0.1037248587370073,LAYING
0.05313456698928316,-0.005632015109904739,0.19005005913370945,0.06398260528487691,0.10469647581151632,0.20003324439360645,0.09457534683495228,LAYING
0.003022377586418614,0.0016612251482117622,0.11717232209295428,0.07301843272519987,0.03751949200154678,0.04248541709949024,0.15911622139053375,LAYING
0.0038125609736410007,-0.03212044426945511,0.12228842908681406,0.05637695166002206,0.03823163447279458,0.09855091273963797,0.10716487687795169,LAYING
0.003467232199140673,0.014735807488873202,0.09785822291324088,0.04879024189448028,0.06520184248228876,0.0828862977711883,0.08780708625830559,LAYING
-0.010266817534762742,-0.019684321523516003,0.13301595662335575,0.12179915997989697,0.1514012742779271,0.011215577715767429,0.10544583455929014,LAYING
0.002470349247316606,-0.0508760260123,0.12269543809454438,0.08239749824625656,0.019458357689034467,0.11158477744640603,0.09520359261864106,LAYING
-0.020155703900100633,0.029244779731503162,0.12931541435743282,0.06139173388487111,0.08188755164948908,0.057859233483701575,0.12652211463988453,LAYING
0.018798390549271134,0.04663967392138353,0.10282867459515298,0.003778893411130954,0.07621402638778371,0.011703746093232152,0.02208352622312479,LAYING
0.01469678860415012,-0.03275947464143386,0.07360439670116946,0.04924435911950251,0.012150679457735219,0.24492972491782597,0.15137632280976057,LAYING
0.018181927701966073,0.02878624352955084,0.11213835996148122,0.15032529972148645,0.0714851681115926,0.11806753918570079,0.07344904163908104,LAYING
0.018920889407289452,-0.0042751515399834395,0.112279246930134,0.019058683763963604,0.03261791596734716,0.05868672844268516,0.07486094243619767,LAYING
0.027871114099151453,-0.02752870167583762,0.17011006933132067,0.05020251275272842,0.026932690490054687,0.024026624921992597,0.10987907372787452,LAYING
0.01683646334079577,0.013386189383872942,0.13719583602843105,0.07378410736607817,0.0751267688212614,0.17797893361606346,0.15789873820169764,LAYING
-0.0023168123386189585,0.007489846062284913,0.12331529217297019,0.07134081209875094,0.10439437918172946,0.051820930812585875,0.040277935658350035,LAYING
-0.0007915918053593216,-0.013191661848164234,0.10966640000883204,0.0065068789003238404,0.08154328126346357,0.16108568630090647,0.10692020613155334,LAYING
0.009279902624141028,-0.027219914493028886,0.1383431051186888,0.10786816503762954,0.01811596993275276,0.058800209387326254,0.05669645329740774,LAYING
-0.007065279487666402,0.0030477898430948044,0.099026806237799,0.15175661573287688,0.0759902388919302,0.053329063046678074,0.05883035888082662,LAYING
0.014875127960666226,-0.018657690426189276,0.0768069292073645,0.1970225259991233,0.1432579728695679,0.04192133177569019,0.10567613812283079,LAYING
0.0049516195293644654,0.01823867538222915,0.04111314380380205,0.04400373318316082,0.01319252599662837,0.04307197117114481,0.10452665604598957,LAYING
0.033346352980518565,0.02000581578011414,0.09192232638173986,0.0003930513048663528,0.12144967703228886,0.05836242886504457,0.08630313218846059,LAYING
0.04957939086798827,0.008559098441592868,0.08093676130982189,0.21670326841187762,0.09767644692483657,0.12503105856192012,0.07671666455766239,LAYING
0.014761108241460113,-0.016231992297157757,0.13399448610306708,0.0265822679954805,0.0180936602146445,0.15072883114752209,0.15495961896181587,LAYING
-0.03071652968039047,0.005513941912952486,0.07531405927332108,0.12872247075578652,0.09341810097997216,0.025076048015936922,0.1459948376785785,LAYING
0.00555374294208073,-0.008863865577416166,0.1311705192101377,0.04146414842422548,0.13956145290313496,0.12390115124426715,0.1618534228929668,LAYING
0.01166104637671744,0.008679239559297856,0.08449941703597191,0.12172887682435624,0.1324378127142786,0.003979044557670473,0.1294161143564159,LAYING
0.0068227695318179805,0.016093830103883155,0.09165099973229442,0.11850795519730822,0.027714175631519636,0.017214633397244807,0.1412177282797177,LAYING
0.021018103378695155,0.05854737796436362,0.08996140886028657,0.04667936022751275,0.15014352225909025,0.1259966343799072,0.08020364226804944,LAYING
0.014327311289303507,-0.010440811526906403,0.14031148581842548,0.07362151214922827,0.1355694031007473,0.0168802960322056,0.08085239926364228,LAYING
-0.012818828985285515,-0.005253715680092883,0.10493749285228234,0.03145457007943252,0.017614017059982303,0.06323854280480934,0.14520880240504164,LAYING
-0.003316056537278358,0.009893455311329322,0.11204874135080037,0.10622684306025834,0.04871388997373805,0.11453652286993314,0.11447463592843131,LAYING
-0.02013578695658718,-0.023415286933852086,0.08940317624487212,0.17516405281763492,0.0028346956072681645,0.06095594847586634,0.109932808185955,LAYING
-0.0534663791565281,0.005817778839415759,0.05047058330034303,0.05253491649120763,0.11944720132749437,0.0457451526837732,0.0885653988637791,LAYING
0.0032177790898159754,-0.02401285714791723,0.13373252404439992,0.09475636788775472,0.15270575328396188,0.12911531319470704,0.11996591021026892,LAYING
-0.014388738957891053,0.002742915047068232,0.1194464494476561,0.18432348858749756,0.031105889249879257,0.016294720035883378,0.09663863370490838,LAYING
0.031853799650171724,-0.033648745386231554,0.057347636486264154,0.1470881939755386,0.14016799609999744,0.08147233212204517,0.1029187422422124,LAYING
-0.04418439238407161,0.0037655425589142896,0.06467361813600078,0.09066685468910034,0.09469412457797996,0.05191598205210292,0.11968607135044235,LAYING
-0.0016267115288349312,-0.030002084741736927,0.08682712479101574,0.00260061692729072,0.009782234348325515,0.12335222423196365,0.14853073550495546,LAYING
0.002960423706373894,0.019585252560289052,0.12875779421036027,0.22779316416048315,0.03818810052390528,0.009006124980994186,0.0678058169423721,LAYING
-0.01756249156386364,0.004739835214629269,0.09541607637932513,0.11676444577050074,0.11386932374794216,0.023305399236680107,0.12822118460073859,LAYING
-0.001835685792561712,-0.0026814922169455806,0.07525889628194693,0.016986558278538764,0.0821627588920566,0.11637663853644267,0.11970634321644673,LAYING
-0.006784371866262378,-0.009379264461913743,0.11471944131220958,0.040086355456091384,0.0025791853658121353,0.003792142312419311,0.14260262851635108,LAYING
0.0036427238800041,-0.007357616331652387,0.07644192264072726,0.004547527006725035,0.07033656705515604,0.007701295839399491,0.09811958183116258,LAYING
-0.025733888049829935,0.011189536736087228,0.09198472919291306,0.17788705073358907,0.09048100172682837,0.03844997737276459,0.13278011196808004,LAYING
-0.017247429993145533,0.009223777164822351,0.1150816558180903,0.13447410652212308,0.17066254640896947,0.08603322577047151,0.13025415976752538,LAYING
-0.0328613085382936,-0.01033838972713952,0.12513605162419644,0.03920529096928953,0.042369726061226076,0.12906795108244654,0.12224689671722862,LAYING
0.03573561671815039,-0.013069171466606124,0.06048898918857325,0.05099509788444218,0.0411421228540042,0.02951403872160829,0.08894535353789744,LAYING
0.011141369325901531,0.005679271968025147,0.12895792001758177,0.054518190903246194,0.09360172425833017,0.10647320210107528,0.012752574519911923,LAYING
-0.013131681667242759,-0.012268054521419863,0.09673588815577026,0.07303388346431071,0.11375640137582278,0.05815099646745195,0.0869545108342831,LAYING
-0.013596247061530902,-0.009924680186716198,0.13535913838124783,0.012708462792700947,0.010165579560793767,0.04417966281604467,0.0937893202055729,LAYING
-0.0030058335704137356,0.020320607872090227,0.10820948357623042,0.09508848207385452,0.011473475936740729,0.023835018145004834,0.13432994081045585,LAYING
-0.014800825654499469,-0.0038484032455961964,0.06807657537569042,0.015819706674681175,0.13365810166867934,0.06214845658500596,0.1236879609521802,LAYING
0.004496049785912491,-0.025535550727678307,0.08332381673379116,0.011981842856975627,0.012809947000762514,0.009404196064513249,0.11610658746595702,LAYING
-0.04017602991141362,0.01492009304465735,0.18555885638675207,0.15456541362851223,0.02401901839121973,0.2581057423639216,0.09218266263113992,LAYING
-0.005866377364105558,-0.0449619038554214,0.12362482095659372,0.00969982074725518,0.0011939312126287432,0.05733376441384691,0.136446231385892,LAYING
0.00809626707390034,-0.0030699427368951187,0.09629514688351981,0.04005935790777537,0.0632150297660232,0.05078597012759184,0.08836074357744275,LAYING
-0.005742070396598492,0.01304337680619738,0.0669947138624903,0.06164571438462908,0.14069010137807578,0.03339986993398032,0.14985593765870958,LAYING
-0.013809482843824366,0.0050006193102329986,0.08793062976447893,0.18476439522251198,0.15034463001058052,0.04680714389772607,0.09031682722240968,LAYING
-0.0370458551701522,-0.02892465139808401,0.15636542853735788,0.10950414134117246,0.08609429948383525,0.06205241323160546,0.13984762244239335,LAYING
0.003507908230450515,-0.039688180352000155,0.14597918402948615,0.0601096751340644,0.007828702098476616,0.2060127464344927,0.0899608289080881,LAYING
0.021525825706260108,0.016276458640470705,0.10835856585585701,0.08517675475124797,0.017023359447586022,0.07520842672347341,0.1529200201413283,LAYING
0.025753057547983894,-0.018370577812700514,0.08750547209080421,0.051243040443425314,0.06302337976984197,0.17124482266873245,0.1399399081364476,LAYING
0.023436440689225423,-0.0037766781750778644,0.09971624566231248,0.1741714084646772,0.1258361880246356,0.15247839845092354,0.1218315433804393,LAYING
0.027158749226513203,0.03975641822934011,0.08165818208452416,0.0001858521186627604,0.08185706205470886,0.06427499744111674,0.13651437932007576,LAYING
-0.009066538251416767,-0.010695815076621191,0.13389814759671304,0.04251405582368739,0.12034984772231093,0.10436571099090505,0.12729299400008653,LAYING
-0.03496596721563268,0.026310688467778395,0.15699249858540865,0.12336035092642322,0.1273860423547036,0.005232791909224523,0.1280233725243761,LAYING
0.017894672162392967,-0.008755652952103411,0.08382522704513173,0.12901534463837072,0.08469199253554922,0.008978127404200717,0.1230571738615705,LAYING
0.00645797372338282,0.01660394580951368,0.14261842022327442,0.1417480760165066,0.036562843694844374,0.006786520142330998,0.0571804712599115,LAYING
0.01844358520598088,-0.01035009181468863,0.10602869193658519,0.025130861965719273,0.07574194011240289,0.21608895751718785,0.11270107870927742,LAYING
-0.02358906415476687,0.008273481406796132,0.13895535579172638,0.03897662597991691,0.051724082663195003,0.037353139293331325,0.11187618752429454,LAYING
-0.0007505005998851183,0.0040591995070218285,0.09805272750388863,0.01808810392664274,0.09574769101535811,0.061011684114110634,0.11357523285802892,LAYING
0.011907612663926257,-0.019143745294717622,0.09767231566116255,0.05426628300843045,0.13827360552740484,0.07294220603191373,0.08793275719011351,LAYING
-0.0006101333248131498,-0.02656057114062921,0.12569930423841486,0.03774182393621818,0.21249790305605118,0.060008045551991636,0.06773556936078476,LAYING
0.012383122448343343,-0.021865799310135072,0.11925548456656945,0.19065244722114993,0.11457686862437304,0.08704466162353741,0.09701786728239956,LAYING
-0.011308573474561788,-0.026308084352676148,0.101062820277448,0.13078890615553007,0.10887985140710847,0.16984964328033259,0.11503732376749168,LAYING
-0.003724927990204277,0.0008403320667057171,0.08609243579106209,0.02316380775791727,0.03398261611375075,0.21812440003514055,0.09777971477100106,LAYING
-0.01426516536633829,-0.01096858248237333,0.12732087075228746,0.02939671008306439,0.041753594671460975,0.0292512596030106,0.10768215042397,LAYING
-0.005646292490030171,0.0005856327971341097,0.10651871529174027,0.0547293521076552,0.11895956073642146,0.1638502718138594,0.12931805616663433,LAYING
0.03828728096861855,-0.010708074063123567,0.06639897827592814,0.08615166212776475,0.12668259699385698,0.03379726538731795,0.0867926017495259,LAYING
0.023995395554069647,-0.014937670110624595,0.12117401984116108,0.04664137106614183,0.07484544952248727,0.07146457866943706,0.10677704733409103,LAYING
0.023661543622352964,-0.0005254895985483481,0.08484852219069569,0.037198249456245044,0.0818396655883302,0.16055398876681573,0.0678450289827165,LAYING
0.0107715333365687,0.026770058549589436,0.10649218554438455,0.11554073518530984,0.04705605102890292,0.011826717485911603,0.11493282565082714,LAYING
0.01999945661285867,0.006894891563819097,0.1269424207773431,0.006971031102471027,0.34959044599275513,0.08531805938362538,0.10935728833899731,LAYING
-0.012910166228005723,0.02612868091837878,0.14095428899803783,0.03535063050579148,0.1959627537844203,0.02167141907548769,0.10892691038222732,LAYING
0.009135962196724273,0.0205203022210752,0.08901445275363357,0.06141517155184925,0.15329818101775455,0.06067658346620927,0.11571400028562999,LAYING
-0.03138598676457904,0.014319857951681897,0.11225338611525726,0.18550990811095774,0.0018991317158614483,0.1677117433508258,0.10846793442066345,LAYING
0.041865066508562435,-0.024789811952551814,0.11485225536492605,0.02422314372572281,0.017146483882502762,0.08830107592702893,0.13923625322481464,LAYING
-0.00501922385258415,-0.0009710443738205695,0.06997386542773656,0.21829056900915375,0.0013287530923442072,0.0002785123464804015,0.08316283567645229,LAYING
0.02373374954455934,-0.0060660364439874695,0.14291858662682314,0.03409090036835562,0.09354473247283934,0.03427098199144628,0.08572360728070169,LAYING
0.019851137838276633,-0.03886310391532385,0.11001837919677744,0.044689052251398395,0.1482295631529242,0.04968951440214328,0.14487744723078894,LAYING
0.021499238545956506,-0.007206168968640859,0.07511747532058304,0.13583738322793754,0.01786084835482334,0.059878721945943306,0.0857354773329822,LAYING
-0.00909288360980512,-0.013875896420704565,0.08462561510369201,0.16359153507054133,0.07178080418362866,0.08313502754447155,0.14534893719363015,LAYING
0.011768362190330848,0.004102888814272828,0.08227686106359089,0.062415199178195116,0.10822572617297792,0.01889450223954316,0.17183964663453263,LAYING
-0.019718724473416018,-0.013724774346388703,0.13684233768886966,0.10085746333301841,0.07314100023954796,0.21219768320487606,0.10860618961288557,LAYING
-0.007927677460431735,-0.00035900589372257855,0.1389481470072958,0.11993124742698759,0.08479567960252407,0.010450236691076753,0.09564330267361683,LAYING
-0.002215621034707449,0.017855254868662747,0.12949962981841548,0.22724893097263602,0.10895504961526624,0.19464818922075872,0.1397551459621371,LAYING
0.0044318741874956455,0.016284616197507547,0.10038059492089726,0.014783184839659635,0.04615414275288143,0.04730224469342095,0.12567261771043547,LAYING
0.006419101548982194,0.02949655537991136,0.1498867993064855,0.07242775035535637,0.037421545190630304,0.021958626249663347,0.11112191329742423,LAYING
-0.017027739496883347,-0.014215829886083503,0.0762822906845984,0.06926244926995288,0.013623165832866727,0.005869854482283589,0.15328931728389827,LAYING
-0.005774553756295654,0.054209848885660675,0.12318374172702955,0.2029252833017573,0.11934872795141109,0.04585161576869683,0.13553865490175374,LAYING
0.005300680980813245,0.012330020815669446,0.1244387051484621,0.055597438772579805,0.02718575483014012,0.13127024710156002,0.12159983684746943,LAYING
-0.0011792681369788118,-0.03635695716659718,0.13121762513660643,0.14549288299150515,0.16311160916004436,0.0743291205661538,0.1080800190102247,LAYING
-0.008527668140991406,-0.020614053017132688,0.0941674707308085,0.11744227391657112,0.018432204061900076,0.0910284085893048,0.11524617108502627,LAYING
0.020087871218713554,-0.018658072669331935,0.10534158484197415,0.20723245246263608,0.014025038045981559,0.13683465380037896,0.06218821434366611,LAYING
0.0012991238202056824,-0.0295770939029178,0.07897369551157318,0.05068187852951947,0.006695630713385421,0.088829135069532,0.05484073374399703,LAYING
-0.012698649800589433,0.05081984265526046,0.10987711416597547,0.16177412041817674,0.12004658647597875,0.05259042453728612,0.16622739326014369,LAYING
0.05237457641737307,-0.005287667196994468,0.12618870597780216,0.11231661713210025,0.12558731394775774,0.03400853217739039,0.11915825446672679,LAYING
4.087020456620452e-05,-0.002793723445975173,0.1083521337981358,0.0985885573793517,0.17711530191736494,0.008661952398627333,0.1149002293487369,LAYING
0.0002696003939340411,0.0296314958110877,0.09981316963411091,0.12581508429458965,0.0023644241654415775,0.14709677668550097,0.12318488749275242,LAYING
0.05304484669055567,0.024165152738552118,0.10397849150093458,0.0720759226346947,0.1697695360284926,0.07497221859059625,0.10948684273161176,LAYING
0.0006822930735472217,-0.00010181795163028796,0.10308791945436392,0.08560351842648052,0.002892697234493244,0.09441046314288416,0.09833883169474325,LAYING
0.011916789505616159,0.002305891082251001,0.08845324999320177,0.08085687066084232,0.020005565240935812,0.04831784459805245,0.12007140314661448,LAYING
-0.03040340205119412,0.01733325115167003,0.0661523097789414,0.11835046171580216,0.07024058434128432,0.15701895621449663,0.13994511898943338,LAYING
-0.015371965682120459,0.003588216841410524,0.12083348149146127,0.09363268674120791,0.06095207618629686,0.01266362434566224,0.09940440721954039,LAYING
-0.015671096080821227,-0.014558066783962877,0.14094453145996638,0.11506783849184264,0.017996021727997052,0.01008267924790028,0.07337323790059236,LAYING
0.003179989529835164,0.023704944935228817,0.07058645341082678,0.043858676038803404,0.1197779762009926,0.052029539527225124,0.12914352972337614,LAYING
0.005251557197948838,-6.741165120686072e-05,0.13468429378634877,0.07149178699504233,0.10029024289499468,0.0931412661981995,0.04464380699616064,LAYING
-0.02083865337556703,-0.002049993753672296,0.13029365035143806,0.06909520341831288,0.07551202666544675,0.25923811347818115,0.1632007266393091,LAYING
-0.03784172574465309,-0.0002900296560845784,0.04305335945126767,0.034970773316245055,0.15011549656039605,0.2600788740090828,0.09906371836810476,LAYING
-0.022645535855751683,0.021104774673215518,0.11920582436459028,0.11179383626717808,0.10179618820362898,0.14353152152440513,0.1285640541109913,LAYING
0.005453432465885747,-0.03187999064281951,0.0945158229426388,0.028151003777964746,0.028541928804789434,0.1321126287733308,0.08266290333587303,LAYING
-0.015577826106214132,-0.01646218097667135,0.10204511066441312,0.07231754528373392,0.054832495888952545,0.04856682075591563,0.1151215696501953,LAYING
0.020422768056265476,0.01928366869142374,0.1533338248909185,0.07605188649500721,0.06443161809739344,0.06048819210218785,0.0757442862050534,LAYING
0.025326421479192375,0.00010474298280239926,0.12518137761795195,0.050967315807363286,0.032259077832000216,0.05338564104837705,0.05721649061977944,LAYING
0.0108000589784811,0.0008793559200149402,0.09468680298386187,0.2163278223127534,0.07802076812550175,0.017502936311868625,0.09273425627769585,LAYING
-0.03484786334036316,0.0017636943831625077,0.11740220589100042,0.03492334146807265,0.046171283268512345,0.0408111974560164,0.12580002701207135,LAYING
-0.00626705511637716,0.039346439229903774,0.08689475204080338,0.04849991243323015,0.009950788055606223,0.04280189055105728,0.030022697702127333,LAYING
-0.014350667119987894,-0.02683527829103506,0.10426508200581586,0.19891156697312015,0.07478508449449206,0.09560899268275225,0.12006976970777553,LAYING
0.018806007488323756,-0.02937858673232923,0.051712160724902666,0.17026492216700914,0.06218897053196193,0.02274041750085541,0.09578960133754484,LAYING
0.017834885855061166,-0.028422044346850424,0.08499987011813473,0.09267236199890953,0.05739354188917355,0.1485648580130672,0.11943388733040212,LAYING
0.01009709802468184,-0.013446719521783572,0.1071445151255053,0.10953083901405934,0.07585694899146185,0.02131984535892277,0.0853400795134374,LAYING
0.022926674503837893,0.031142783077874325,0.09902319919137208,0.07821989245448185,0.03634941221447391,0.17656467932195502,0.10592961900701757,LAYING
-0.0020195220983637084,-0.005632912290349336,0.08276100903983531,0.05438625447122651,0.1163891778373639,0.11020627113314885,0.10022110198213385,LAYING
-0.009603514467467596,-0.0112537237821781,0.08589392172333608,0.08072280584247324,0.01577237986095282,0.12870816659614925,0.11157769977002982,LAYING
0.023926937763274415,0.013133919261019906,0.1084167098032164,0.06227425550085926,0.09526848356518203,0.2871696186254963,0.10048812892435732,LAYING
-0.04595136207368905,-0.005306871705281182,0.10227841408183946,0.06228378218861798,0.06315532081341398,0.003925196255928354,0.10918311889064009,LAYING
-0.011347574518018757,-0.007247690802915561,0.10298602006780135,0.04180301243425409,0.06349591861740993,0.01393598839164678,0.08923607446886285,LAYING
-0.03438982044485982,-0.017698733630638796,0.14702785978382207,0.14935715930484897,0.1517522241973222,0.14285809000329147,0.15442808224605017,LAYING
0.0005226191540036138,-0.004280103215233932,0.07193961900318982,0.0721960946755917,0.031271844457097145,0.007099610755643068,0.12390182146822346,LAYING
-0.01780776972328672,-0.012545159828144373,0.07822364123967668,0.038335203775408354,0.11066948524582222,0.049666532609010355,0.0754607077115464,LAYING
-0.014304807809079213,0.003968627301008419,0.09748342428292321,0.10727352006941279,0.04107526322989276,0.06666137828900424,0.12064639052511934,LAYING
0.001742960158448339,0.026519263760057147,0.13434568728415472,0.09884822361427664,0.09779838233485845,0.10832390373078712,0.0800171978658162,LAYING
-0.0034343312776868576,-0.012515075103014311,0.10509262899853215,0.0027056838987996254,0.042053849264506254,0.08532715379880682,0.04285757159587933,LAYING
0.015413074331350045,0.0015753052616097206,0.09471470858765155,0.13719163825273087,0.10885211933853244,0.03562397619114542,0.040585562921257076,LAYING
0.0160803132547173,0.015253203743325467,0.07230962700593771,0.026633970906943756,0.07015233400197253,0.07275964606120691,0.06637780801664218,LAYING
0.021928743014004746,0.038823411830229214,0.11483341169806277,0.0768441488492121,0.013204057915884849,0.0480028005880193,0.14071819191850396,LAYING
0.0035348951206899196,0.006112000202965808,0.09514110848980462,0.01396607245658896,0.14187102711423014,0.04459060310282214,0.0892034195506846,LAYING
-0.028158800313077756,0.03145148294223231,0.13204882035700083,0.1449043652284889,0.08725188690525458,0.1744920254642602,0.15593208501169287,LAYING
0.015956972165195423,-0.016932152067598964,0.11522895611296625,0.08203426997752332,0.039737413849971426,0.061628042858926896,0.04729607304223728,LAYING
-0.003084758935150712,0.010979969953310763,0.12245121017677726,0.10137729805832678,0.04512582610566239,0.007922414997745576,0.12756790769072826,LAYING
0.00854615906588931,-0.0012344429357534746,0.07693014646727447,0.13194754405380896,0.07590494463418603,0.24029696765937233,0.0583117541310456,LAYING
0.00620968759056121,-0.006330565066489189,0.12479296865227332,0.05346844431590822,0.11852731810259229,0.24325951139619456,0.12302675696387005,LAYING
0.03958589575764395,0.01410769140063207,0.11804231184231222,0.1051453231028983,0.11212661089670004,0.17543701522608363,0.1531402533564222,LAYING
-0.039174298907921644,-0.0016945848839625113,0.10448679959152501,0.002308812026216904,0.17809480331403196,0.07759377820015795,0.1094688609504869,LAYING
0.023319080744055327,0.0027681622273515653,0.09596738997226503,0.04952836888446954,0.05740388380893002,0.061857052237092286,0.15325467147984367,LAYING
0.0009799593573075428,0.006042752862253065,0.06685196137857387,0.09371895253737578,0.06641742169274627,0.002610447947899129,0.11838497344274976,LAYING
-0.018353425917614602,0.0171108858483061,0.10688971938423387,0.02588923303270585,0.11785572955377009,0.2312763087981893,0.10634134050650558,LAYING
-0.008535445617573318,-0.02675513976665349,0.10581548047447913,0.05172558056765597,0.16408146419951625,0.06724451751893126,0.13366864350587182,LAYING
0.01782439361038104,0.012428695826434893,0.10823745547937659,0.03813272121504516,0.08327988124951546,0.0891006072377687,0.13343528750610276,LAYING
0.011234637044997232,0.021017428982919167,0.09608360108074243,0.09708424634363197,0.08014705119303524,0.02398141481240748,0.1415660463748302,LAYING
0.0014042130016554601,0.014436499843464484,0.10819555642273965,0.0370425812639361,0.0013352189648761642,0.14796844936508521,0.06136577870622539,LAYING
0.004136931671289469,-0.01163759647539506,0.09467694970710153,0.12544225830944786,0.12407528575112946,0.02030221927328217,0.09318607189300186,LAYING
0.002449195526545361,-0.012265144529540247,0.09352414749799991,0.1586291424553325,0.15500419696353118,0.04845617010613343,0.09953038375602385,LAYING
-0.020943091487830766,-0.004312200753713279,0.11048902773205942,0.29756224575769574,0.19098100313296054,0.08991161349844329,0.10793561620358934,LAYING
-0.009667297580765014,-0.012808480935496774,0.09483422153174538,0.013268272115922266,0.12570616142199167,0.1628294707443032,0.10819395249539772,LAYING
0.016100511334888698,0.0200339661280836,0.11110140540955038,0.1727661552042685,0.04165120539248453,0.14399562957847545,0.10859158832257636,LAYING
0.006028591565946661,-0.002840648807133643,0.09541193500186385,0.13248276316855956,0.04892672130011372,0.006162786781047411,0.1334311422267839,LAYING
-0.0020785017328935943,0.043334834410728655,0.10668242497198789,0.12401551926846967,0.0008122044968267537,0.03616747659219728,0.10085477942989125,LAYING
0.00893556367562386,0.0051512086290478555,0.09705997233220566,0.01531755345887643,0.07984746287202416,0.02889114664967536,0.10649558136219983,LAYING
0.01450022892441725,0.003898698207037664,0.10041747816555462,0.09351604069610317,0.03365996183489678,0.006340470585755795,0.09203505336541593,LAYING
0.0031084445040148773,0.0033418169184146287,0.06689125828195047,0.0533230467300123,0.20465128490851697,0.06796111918085043,0.09416988412179189,LAYING
0.02572780154326001,-0.004574123113814668,0.10180419976929167,0.006883219294650574,0.06257006214806662,0.12797531764989759,0.044993933261727966,LAYING
0.02241778055378444,-0.04215005533323596,0.16445338691178135,0.08169531851542082,0.11609957887777168,0.1638093648017205,0.050371233900686756,LAYING
-0.017279257997861452,-0.014923375437969217,0.12454438256875627,0.13671938661292574,0.10407887786442438,0.057053996935787846,0.16900986249133743,LAYING
-0.035596248576083955,-0.020293330843336666,0.12181825643720864,0.10451944749701611,0.07411167450740054,0.17735817353580957,0.11998268999219523,LAYING
0.0254243010407406,0.007416562525309224,0.11970892313062989,0.09101325265792366,0.13447865426333938,0.02671721998425684,0.08199074543015847,LAYING
-0.012041442156751294,0.03309554479600817,0.11868183672269039,0.07767374822329144,0.12726435424211255,0.09175104927653942,0.08977483801132015,LAYING
-0.014013436963463419,-0.027514329549417946,0.10338768313963878,0.03599326954299652,0.2175336238618879,0.12037891418527061,0.04736010717547133,LAYING
0.0028451045299213696,0.0017757462922394507,0.07293707807905098,0.00011973687289547688,0.049253748927651705,0.0632545318222262,0.11791364523003812,LAYING
-0.008762093388391668,-0.013251071931973706,0.08779000051940705,0.0020007894188692407,0.06720902581917904,0.13538239871760213,0.06012202944759599,LAYING
-0.013766809826559786,0.01718786794305137,0.12620637929252085,0.10025299448088436,0.05030688759974458,0.06293142785518119,0.054926679511184774,LAYING
-0.01853783705941268,0.01197915891312316,0.10088500776100869,0.02814203275853181,0.0024917315214374874,0.08369025815324165,0.10562079212705801,LAYING
-0.007768236808610598,-0.01114032819039313,0.06829460025831127,0.020278982136852117,0.04063843230428307,0.1901578754257833,0.09657622367210422,LAYING
-0.004129459081810183,0.008023761812227845,0.057443873436306775,0.05999750682801448,0.1041138779951285,0.008025830284354302,0.0884918108410744,LAYING
-0.047569916804569116,-0.0066886558119608345,0.12422366265780348,0.18302684514561843,0.0029493220286039325,0.02169000680365496,0.0666530519299782,LAYING
-0.004889007229689697,-0.0009906912737041907,0.10137409767678184,0.005545701530126746,0.07357820054958537,0.0638742658437004,0.06753658309630062,LAYING
0.012803756449806247,-0.018958705790355048,0.14849313702092182,0.09792545698392914,0.09622159435201784,0.16081832745447422,0.056573004922639045,LAYING
0.014594463011615239,-0.00043606918222715717,0.14203091884153457,0.003280660197473327,0.04431502476666105,0.0031805453250921684,0.06672723844556402,LAYING
0.007748371806124136,-0.0061569483320535025,0.09699257230304095,0.30237302742788896,0.020304978885445333,0.061375879193979174,0.10963169331677225,LAYING
-0.00542845422385978,0.04585033147593394,0.07420946064264253,0.0006160826755571037,0.11164824334265004,0.051813398624684176,0.1313456286824631,LAYING
0.019540230456905085,-0.0018016705598304064,0.06998580252391316,0.01914756517642911,0.01851837075395047,0.11882712116950334,0.11118744317200786,LAYING
0.016924380300756835,-0.004008219650423439,0.1049466988172196,0.02283750620663167,0.023795563554725143,0.1311707307880034,0.08316751590422339,LAYING
0.007016183021550607,0.021847340888341865,0.14508689269762706,0.13086315818735753,0.019711381986043726,0.011078377616570358,0.08756760403446212,LAYING
0.028660652401927368,-0.00939439810418884,0.06095620360920894,0.1712037141532155,0.12318146972254372,0.13220360556562483,0.11420602935137149,LAYING
-0.016966181004608557,0.005446701335235829,0.15406134724854958,0.004498610923636497,0.18277873203939815,0.06242917543207615,0.12947116362536848,LAYING
0.009655271709317887,-0.0072013850397151,0.15686592718645767,0.029320838431980096,0.140887422185533,0.1081957043746741,0.14306636959431734,LAYING
0.009969566292000088,-0.004947763640803654,0.08946621265045314,0.14653426286639787,0.10199149768910265,0.10750550727479953,0.10327523604602608,LAYING
-0.0032013080709036345,-0.009607607572290015,0.08046864802260895,0.031777569745939094,0.08794845339933274,0.1910773492265386,0.16150145023391663,LAYING
0.0011427352116685498,0.002190175257097098,0.11503887365915356,0.0013140318182934402,0.21751565889795155,0.079182871762328,0.09637847855419372,LAYING
-0.015542116234950153,0.033789747409427556,0.10371875218463741,0.09705006002286425,0.06052020642307479,0.17390429845792274,0.07164959727837424,LAYING
0.028546445703560717,-0.03248620715616489,0.11112752677758199,0.03685252967929632,0.15136430458699704,0.0754734227797761,0.12549378830098717,LAYING
0.02719193601009264,0.009458542735392322,0.11048453822838018,0.1249116139293884,0.11706092780557896,0.057965139836095164,0.1387038561788022,LAYING
0.028593702307949942,0.011119899287537515,0.11140222421498958,0.028496243840935527,0.025514384597081184,0.19952234317772422,0.1373179025508754,LAYING
0.02458854939064589,0.01300786659491274,0.11162742138348661,0.05532729534882372,0.12820143615690907,0.1270683345640637,0.06427396233588585,LAYING
-0.04150941007378669,-0.009514141234641296,0.1112300853013759,0.06549208133138944,0.10505951075591022,0.009149867319329319,0.11518846741817072,LAYING
-0.011697382120165467,0.0059928995331342836,0.040473057750181944,0.02001230548709343,0.041840201073498756,0.18185767129840577,0.0893305301201032,LAYING
-0.011164501589755247,0.0075466375104297845,0.08745390021085353,0.2051990504651932,0.177459290938598,0.09311707921621125,0.10908150159687809,LAYING
0.019955055009751924,0.0053014610146456375,0.13003989909124058,0.024640203045167897,0.08341097002931197,0.021085608825887024,0.0718161164061808,LAYING
0.012389089807334554,0.006732230416051091,0.0768737893372579,0.0033057642839134337,0.0018329072284803336,0.03063819355855499,0.12190632105286626,LAYING
-0.010669785208618329,0.03332614826094009,0.15063561356293248,0.06564063246409702,0.10255020614858416,0.12782078138323238,0.08127508490389843,LAYING
-0.0026490797231253265,-0.006896683456207739,0.10912602956654424,0.10457200149936964,0.010066555397585802,0.09557784348417822,0.11569985095796076,LAYING
0.01180640503350704,0.01521829634321725,0.05551629811468482,0.1464086396123399,0.04447994524906357,0.027179159817249596,0.11118947405110735,LAYING
0.01094785132013709,-0.015263513263389662,0.09448821843554794,0.004588304422152838,0.11582725823148274,0.016516286720542055,0.07621285919208737,LAYING
-0.027012114867089067,-0.014061276050259782,0.1478069503407614,0.08909073425043566,0.1477346342245219,0.06501507370707678,0.16053451681523545,LAYING
-0.009706714506708593,0.0020363271056466486,0.052913945313302756,0.022820642374015182,0.007501221468614268,0.1793044356410081,0.060802009380305694,LAYING
-0.014497093671201704,0.010175407333295377,0.0810045262530017,0.13484892700483433,0.016275966305241262,0.06262181682959075,0.08488216506083635,LAYING
0.008847190149766452,-0.0189325350511388,0.15166287064283224,0.08396889441409809,0.058367622915664746,0.18594603667315526,0.07513117192625293,LAYING
0.046567289034777595,-0.03782742247323755,0.054480719692872645,0.09215215499493383,0.088931964874204,0.08208699660799637,0.11524722073767872,LAYING
0.00019165791352782045,-0.012127245773404809,0.11173218971606313,0.0008803823249519636,0.038941090600475195,0.04409049314197562,0.10294778017972879,LAYING
-0.011918657247041376,-0.015330201856337843,0.11675218867222409,0.06549481957543749,0.20765501566398223,0.16809298264548594,0.06381529384679868,LAYING
-0.03678471738139054,0.04390978175286775,0.14440889511335464,0.04298039154294808,0.1443376138952611,0.16917203126451083,0.09503848175483744,LAYING
0.007661900567552905,0.060197243915758314,0.14756087216264294,0.0071787870990333135,0.16216735039955732,0.16221111386383222,0.12204543208382723,LAYING
-0.010169734917144107,0.007639475402432323,0.12567918090383293,0.21229618783157725,0.011617677213037633,0.0603312267349522,0.08718117951687084,LAYING
-0.02177387070247592,0.0023432789086862164,0.06540366964620069,0.002643297701376269,0.0131882223724567,0.08801027466016853,0.14927361988163942,LAYING
0.005394590541749232,-0.0083567555222437,0.09114428765690681,0.0564304750425777,0.0818636288664067,0.10893424204851526,0.11272220051273095,LAYING
-0.005997324679081754,-0.0005844799051179618,0.13461403354191764,0.03766564283620494,0.07226747498788312,0.026411253878699067,0.12918757329482808,LAYING
-0.004770028668879137,-0.027920876308288038,0.11519943966073745,0.04528189049419812,0.047900888716046475,0.10817436413087925,0.11426245683424543,LAYING
0.00867588148440292,-0.0008697578246440773,0.12902754155941487,0.1690711656569946,0.05530563726781372,0.09710710299242914,0.1315442774459578,LAYING
-0.01749484514003274,0.01394126707996389,0.15158413499616832,0.08534818781035305,0.011906754152134234,0.10403242623891806,0.09681446927913678,LAYING
0.020429878557035545,0.0073004805846028625,0.10874021645759734,0.011678826178401849,0.12560438306165067,0.012511083766094416,0.10057995889179641,LAYING
0.021663360424497985,0.005627060469989968,0.08486950530582596,0.06148757764833898,0.040337469016936425,0.04607689359928682,0.1321798123583751,LAYING
0.003046227155999927,0.005494389899202139,0.0753212870629184,0.08415977389557872,0.003776401017803979,0.1728215419458702,0.09433861280903758,LAYING
0.008538385965052037,-0.00449270155212141,0.06494876632684496,0.1705700359810788,0.13325820085360288,0.19365451073845644,0.14172918451756164,LAYING
0.007537764087566421,0.005660074516833237,0.0829291509710706,0.06254004514614689,0.017625417242868983,0.05772178815048744,0.11862920150632755,LAYING
0.02010415456262762,-0.017623690800401954,0.11129774255249503,0.06938798151071819,0.002647427616688132,0.015863493645063183,0.06515661380695843,LAYING
0.018584518245516546,-0.021630754034567334,0.06198734333253571,0.005229653561492676,0.017250235401698653,0.06555572062560536,0.13363226822350252,LAYING
-0.005546789130809424,0.004829185972002045,0.1660646565900649,0.1486442279857049,0.04105292632110011,0.10730698337097946,0.09492319241775636,LAYING
-0.0033682971572413997,-0.022909369362706128,0.11337553683606723,0.134141282042628,0.17235501258213287,0.014814981923056594,0.12707885986240733,LAYING
-7.934401187525548e-05,-0.016482521923657182,0.1396047277898277,0.02985391542782287,0.015145975274357956,0.047778013389192575,0.09561857079193951,LAYING
-0.015895898131974225,0.04753798665912919,0.0697812301677445,0.0553283671415523,0.025679653887129762,0.07255972763453397,0.16434345109804277,LAYING
-0.005359152496735691,-0.0036562657154109524,0.15835608993585282,0.06239768544082984,0.14944090225607126,0.08925264789229059,0.12005346557006985,LAYING
0.0007114365635162346,0.0007652012755169574,0.08178505773681967,0.051287249325977655,0.010840672384301173,0.2261309387544953,0.10293875182206955,LAYING
-0.029263073199246002,0.008638964462781179,0.061359861250206,0.08872422116539196,0.0935254184956991,0.13405810393333864,0.13058455509756234,LAYING
0.01662526068758395,-0.0033622038834332786,0.09911437418078503,0.12137125739835317,0.18384291094426766,0.09580906408217826,0.10321237172717933,LAYING
0.0014813658354939838,0.0033180942872768466,0.1589149626021963,0.12119070664923787,0.06128348908575941,0.13354933086972698,0.1155698192968154,LAYING
0.0013510651803792645,-0.016857115956101593,0.13788370719554877,0.014554445687976193,0.09205006708106893,0.06626551295887803,0.11684911335204312,LAYING
0.009724628367034742,-0.016206468696721647,0.10278653649984938,0.013011030963094163,0.0005033820397251365,0.01882077432778083,0.07253960972134901,LAYING
-0.025972559036904794,-0.015704054211596583,0.1265018531807253,0.053915856266473244,0.1583241903996665,0.08972736873011977,0.09312058468093229,LAYING
-0.026672578819174807,0.00346481599874587,0.06197345482207227,0.01500060306041549,0.014871037918893926,0.10699094249540665,0.06566860682383156,LAYING
-0.002156002971808238,0.010606328898481747,0.13726897419399797,0.09391854884452315,0.06409513356637035,0.08052869797032008,0.0743009508554988,LAYING
-0.021808883409398527,0.0026969044076853217,0.11072729885447233,0.0021273597290250787,0.08790706928484017,0.14014152341654723,0.04848116720753342,LAYING
0.02402308811856591,-0.013696203097928003,0.14034053126341536,0.08127375238776731,0.1228739962526789,0.05455267456396644,0.1538363899017265,LAYING
0.007714670873869379,0.026807155078973317,0.10478457292594268,0.0076024076370204505,0.2037162833292089,0.10214019092251293,0.0836187495335749,LAYING
0.0021576781431335095,0.0239124363842058,0.09514439080297814,0.06745211135316283,0.07668826683326863,0.03736180902345777,0.07199568446859687,LAYING
0.02350199407780088,-0.002847448051348481,0.10173291479959189,0.07666092036750413,0.03814940466864068,0.031375464349926135,0.13688483231167783,LAYING
-0.00032850288608699164,0.004041721699240819,0.1274301515219378,0.10377425472282852,0.037508092553246344,0.09044674247610668,0.13251890591367654,LAYING
0.015990643221347897,0.014547392265061751,0.1409584336895873,0.022865945738466325,0.025776889935774764,0.11192035182206336,0.0838285215232146,LAYING
-0.04558993410570792,0.011957479604309904,0.053539589882306206,0.0499116127402459,0.10200117380087736,0.11317625979147561,0.11848695446539029,LAYING
-0.005153704678934869,0.01976431930989288,0.1442907976468183,0.11089149629022634,0.021588264118713212,0.11326321494865513,0.09487317805501015,LAYING
-0.006004034733138007,-0.021466149113058143,0.10461761958000819,0.28181983335623584,0.004776434751856396,0.15689694859254033,0.14016648358104727,LAYING
0.025034057117583657,-0.02711375043356805,0.1519823807519427,0.06324517648460608,0.12487438634907627,0.049186983163149525,0.0955566398721396,LAYING
0.009647558386125249,-0.007840502538056312,0.05437881274942947,0.03317674922588548,0.01182430347853099,0.046791128052357384,0.0902796471801062,LAYING
0.00394882169533883,-0.007968791901117636,0.1686519812800294,0.06917347853854619,0.11269557124399901,0.1481832557152932,0.14563895508072155,LAYING
0.015557767523898113,-0.016917990165398966,0.07827365908348238,0.018965317353043732,0.13592185572164414,0.17734474765665953,0.11363014230290733,LAYING
-0.008004035664191276,-0.0036469135277792213,0.12789636563139178,0.015412098947819815,0.15158576715728156,0.021629844724416203,0.0480915862238308,LAYING
-0.020429369340135492,0.0024825946069304355,0.15764493463904483,0.025958754593626007,0.0030811571100518957,0.07896697587948372,0.10331843406912487,LAYING
-0.008731326724899265,-0.035659858042600606,0.0804948988043779,0.08149196865579772,0.08460030941292587,0.16362337003593017,0.08355995329243847,LAYING
-0.014025621863245154,-0.0030412324103664115,0.08130189652029991,0.0025472966820452025,0.06721969912225234,0.10844054307851994,0.11883828914477335,LAYING
0.014445999412481009,-0.00450244763708987,0.1260696446575909,0.09967876063983584,0.20991387901235184,0.10329261346192721,0.146041659070963,LAYING
0.028415327630117823,-0.0028522747962027306,0.07934378856165225,0.03126758281853452,0.06151241640959908,0.08497070081284133,0.12270655014292994,LAYING
-0.047052780203871325,-0.026652941289727363,0.16476659139122105,0.13795674079317236,0.03829272147243935,0.1188432169828437,0.16157721511451717,LAYING
0.038265150204541826,-0.03151370986978383,0.0911268616923652,0.06570477157712412,0.03369503069692234,0.10310608122405951,0.11750913547752267,LAYING
-0.010297177427258882,-0.007423553895161911,0.1153275540571492,0.18425208381244132,0.23157755047114736,0.07560126753808585,0.13756879727523055,LAYING
0.017636218650177546,-0.03158680862428243,0.1362452620951003,0.05582013586110435,0.06937023102054146,0.037187605747498326,0.10917951402238327,LAYING
-0.013101251183641829,-0.015138818231190471,0.08628420623415377,0.1279400371416769,0.12524800438158737,0.18278948446252574,0.16044127609070333,LAYING
0.000453728769683367,-0.04246665620714108,0.11640463229555864,0.0892576711044446,0.11848890610865022,0.09177226655333587,0.1280632827052675,LAYING
0.0008550831288482812,-0.011793075805407787,0.13197264795417016,0.10304839709253996,0.01636927793275312,0.02685655721790324,0.09132121762574306,LAYING
0.0008782700408499081,0.029754461040302767,0.08402451078510553,0.02008920749293344,0.11482016927030538,0.06829947637575662,0.10178081436318127,LAYING
0.03482429863085967,-0.03344555826341268,0.16953464930469028,0.13782746805547666,0.01257930008742093,0.06912327868511785,0.1651846822995943,LAYING
-0.012925764165040621,-0.004640112164367015,0.07729701338206363,0.03961136116215977,0.020269403133561615,0.07948855886739582,0.08807014488186886,LAYING
-0.045981906984309796,-0.003086354147411236,0.09858185133866527,0.209754169494349,0.022681872018043808,0.12355860725326603,0.07669600667275916,LAYING
0.01009978402237502,0.01680730762163279,0.12080818376503477,0.23641498101805059,0.03843646583598484,0.17137833102813266,0.15689277971652799,LAYING
-0.002931163079357368,0.00044633113118476976,0.09983549085852228,0.10731856911056016,0.09615140342617115,0.09053981418256085,0.09378549574834717,LAYING
-0.034595948292221505,0.0380441194280308,0.1303332792160895,0.08260416624515846,0.013944536691485581,0.06420916010703344,0.07725615954778825,LAYING
0.0052376252742870845,0.018469369170114408,0.06857124441475086,0.09249126807684195,0.03997482603876565,0.09838523816255604,0.08051470002202915,LAYING
-0.033645041930455824,-0.029078640106706927,0.08491701036487721,0.14125234877728798,0.17503725650539564,0.02171688372505859,0.10307451373570507,LAYING
0.07073063309746731,0.058552904717376626,0.1417567743621046,0.07051886057917797,0.16329668626012292,0.14485324414551126,0.10757176383697445,LAYING
0.024182484697246473,0.007703999563683974,0.055642749924966935,0.037029868293509495,0.058562391330746366,0.050478544678487156,0.13567618193374548,LAYING
-0.0030838013602501884,0.030393096679495423,0.09531217816700258,0.02898143552733762,0.15569100274228706,0.16204230229772282,0.1541950570294456,LAYING
-0.0020532392284962797,6.57146883216906e-05,0.09243257687956194,0.15216108372440187,0.23441714975224545,0.03699866292960874,0.10409760083878189,LAYING
0.013461751870403538,-0.016339814595666764,0.11980636958347886,0.03184946799697615,0.13441255800018884,0.1442503021790498,0.060100841753627635,LAYING
0.0035718284499135105,0.003628434401225678,0.09497073802731613,0.07262469818090035,0.044023692415031394,0.015766416164892008,0.10839532406821237,LAYING
-0.02543686166622971,-0.004741479805975151,0.0671476003489401,0.07172792331441255,0.01961538505613914,0.026562629964677925,0.12972288391882678,LAYING
0.015699109217899087,0.00260527808928644,0.13914388080809356,0.009404278417331893,0.23193719364779367,0.06421914864762054,0.07283092776847969,LAYING
-0.032587116643925614,0.00428193050758448,0.12561465657606666,0.023413741111111486,0.11852909087781309,0.01696794827187631,0.07818816341718246,LAYING
-0.030275686605349964,-0.008454874808278693,0.07892312137137025,0.011362684515558549,0.06763794026798399,0.0017528687653993943,0.06391486812156863,LAYING
0.03772082594229885,-0.014828552150344843,0.11549668749117543,0.09359842668802273,0.031014261367498925,0.04467319545727764,0.1429659580089412,LAYING
0.0058091653879455574,0.0370421403642549,0.046597020991590604,0.0682169182343971,0.24728948128447312,0.02419305300759443,0.12718353055136658,LAYING
-0.005811244191035231,0.01090257675182871,0.17549127568952866,0.027537869059273447,0.11610364356240942,0.012935228951503515,0.08636592775200964,LAYING
0.015546122432071803,0.01649567784576679,0.12219828148805026,0.01588540582269872,0.14290922578047288,0.06349253062166539,0.13515969438082587,LAYING
-0.01932950453704007,0.004821902858168708,0.08523000867824329,0.030945266806555027,0.059229335111101775,0.09784263406781873,0.07889390152407502,LAYING
-0.006823584056668564,0.029883929463223536,0.11247552808819464,0.07648797435170246,0.05835050938310893,0.09247919824646136,0.09274822360452357,LAYING
0.016193670419233842,-0.006237818969273897,0.07435925824165279,0.17866145597306166,0.06887961442307232,0.04847909117432134,0.08954440713372779,LAYING
0.004670997548579608,-0.018570553219150136,0.12620920397704782,0.019383882709634568,0.14094543231281145,0.007184779408058006,0.11320642000408362,LAYING
0.020735556894890036,-0.0021562997393756635,0.12124432165371944,0.020849501737667222,0.025637079079203772,0.043160147917678554,0.12596081996604866,LAYING
-0.005565833809349893,-0.040485308264136814,0.11416251859124615,0.07047770798748829,0.03438823734953145,0.1241246922095792,0.02789342751234891,LAYING
0.03235917388872795,-0.006513889624901983,0.09222183753338387,0.07346769711633083,0.01493324018090655,0.06639799866361354,0.04854864188928895,LAYING
-0.0047529433837857505,0.028901357729199967,0.05482040437018622,0.015074828555962618,0.19239314063959195,0.030794678043878664,0.08282850459094881,LAYING
-0.04288339547504532,-0.024831177581103026,0.13769426588016756,0.10789790881042026,0.010866055218966468,0.04622932146245654,0.08508381012893836,LAYING
0.00874551525823181,-0.02655802667872706,0.09465379874971139,0.14484372719810595,0.0746933097519884,0.10493574207036713,0.103628280240287,LAYING
0.019432802246278677,-0.005963712846623736,0.1185572585242423,0.13441352827365866,0.05711485839087646,0.12251655956600732,0.08010796456110754,LAYING
0.020298994772814917,-0.005250010614591836,0.15268636249671763,0.24454220534886215,0.12314625138019991,0.1346602811376552,0.13598313494527892,LAYING
0.010020200113103702,-0.014471858848145438,0.055420429237905064,0.11297909614316463,0.20585984529679488,0.03700558585271363,0.10897967080208132,LAYING
-0.0033897134619622427,0.011194640783568171,0.09146945500778828,0.15392329862391188,0.0204007425814248,0.02689509648991098,0.07564836638528573,LAYING
0.006921279958001282,-0.033284643763764825,0.12939662783705672,0.06711730344207846,0.1984128700195112,0.16707573933854916,0.08745523622199648,LAYING
-0.017925785869351184,-0.01542252860644708,0.14730356607589445,0.004735620896912247,0.04578638183486168,0.04479094802592433,0.05335496659823269,LAYING
0.0019635721987858253,0.008470936659301837,0.0479390601844778,0.12175269251745023,0.015229265668102527,0.17409826473778997,0.14480998333761183,LAYING
-0.006392534009024612,-0.006564137400672218,0.10282046508140763,0.10394649131390268,0.04089981951521142,0.00980492988325754,0.13060054279242855,LAYING
0.019892495466980964,-0.02733160977920334,0.08851310517158376,0.14454679243391994,0.04321691728283249,0.03341047510198229,0.10911637842832655,LAYING
-0.01150771846601826,0.01762119032171806,0.06391344850789682,0.15221244241120005,0.0695954211840626,0.08478899420409752,0.14108776530900538,LAYING
0.01485812222188695,-0.0011790266046402382,0.15235514138973272,0.1179749193049227,0.06054772649344428,0.19603482950797235,0.12153066779488926,LAYING
0.0314792744286691,-0.011966256961078616,0.0964832750833254,0.010705839314681588,0.04412212283106452,0.10674427823560051,0.1578708270032747,LAYING
0.013381622245237978,-0.00684444981094837,0.10677695295324682,0.08552327603336636,0.033506806501231,0.061379431974103185,0.09467098999492557,LAYING
0.00048346364016796335,-0.0015684275690024884,0.07323401946116477,0.002872927270287734,0.025781725757149546,0.039180719407282044,0.12043669298749855,LAYING
0.02241160190385926,-0.027882953846201725,0.1481921138081188,0.04929454889806707,0.09270287240187924,0.010369783345555793,0.15955373666669886,LAYING
-0.01398601887278958,0.010737847686175854,0.09666426678178107,0.02178097269630993,0.05680271391689974,0.1784020635179333,0.08889603415705934,LAYING
0.00936012941327502,-0.01442237593780989,0.10624635910849536,0.0034600872968083077,0.09110101102218916,0.008605370014837393,0.09444106726394175,LAYING
-0.036419944925018405,0.003953125850341255,0.08387668702245717,0.054575663645336975,0.06550526566194236,0.09063835620211405,0.10393266182840272,LAYING
0.008755341753373651,0.016208293330692253,0.09969430899369576,0.10085062884022124,0.049946931811580816,0.13022216812083415,0.1175648641264927,LAYING
-0.004464898602420605,0.02088350430645112,0.14041541741469454,0.10961825527170356,0.1315934421534126,0.2537284384801556,0.08361752175770452,LAYING
-0.010074136743934562,-0.0041901923011781255,0.08792652051266117,0.11118239057848779,0.0027338619141743584,0.11363830504249109,0.10769326056197345,LAYING
-0.006026315242026481,0.00993050882622906,0.1120797775359327,0.017243284698280414,0.12608906193969024,0.0860610426877269,0.0956801270796549,LAYING
-0.004169321055974457,0.02356633754866218,0.09553908900343479,0.01123562118826228,0.21609731230985726,0.10444786055586353,0.09276480790613814,LAYING
-0.019067252584182747,-0.013278387999613249,0.08775727908613865,0.06957405125488371,0.10524411125939317,0.14788094839151625,0.12186430116406101,LAYING
-0.02927319591781388,0.017485774141355066,0.09958085819003357,0.09470719032815629,0.06517371057758171,0.10900237215730305,0.0907592334178262,LAYING
-0.007803946087561381,0.03385778429721089,0.049005804295764704,0.0644874050647851,0.021858369870474233,0.03239850654109066,0.13417865414575006,LAYING
0.009629085676238505,-0.034600416569456886,0.05006896391066281,0.1347289972169712,0.12826265176805662,0.09360210729449657,0.08978163478966382,LAYING
-0.020494626540029228,0.005180972678638507,0.16466408943884903,0.029562715510869825,0.14967742997624442,0.05853397159711461,0.10032347448077135,LAYING
0.025424975122227318,0.02941786906392754,0.09164776106991518,0.1543016236823284,0.06760548875745194,0.05917991318105652,0.10681217600021778,LAYING
0.02499306887816908,0.02633581029227317,0.08701996601952014,0.12092305845283073,0.09229310934596568,0.036736969901859456,0.06913689948698463,LAYING
0.03724553310757238,-0.037549256725693224,0.10162611639865735,0.039590749500472186,0.1546959665244463,0.1624129401790673,0.11085250329465134,LAYING
-0.029085159162969942,-0.02144276571264108,0.1468908348176535,0.013416835755400295,0.249705748478489,0.0001921650063222008,0.04027874095690958,LAYING
-0.0005861724250242279,-0.016653041496651273,0.10663103629037399,0.07063360046354866,0.0599994129559797,0.17039732563113874,0.10135530459274134,LAYING
0.01486123487038536,-0.0025359222835894396,0.018316418634976878,0.0007453289398494933,0.1434146987461962,0.10947414423263113,0.13181841401241548,LAYING
0.004831285623741629,-0.011361675571053872,0.08746151406296031,0.1299068071217384,0.12076320662006533,0.049935079175717365,0.167362845400509,LAYING
0.031193294766619337,0.04147489230959293,0.16571587688674938,0.04345208597427959,0.06841312688649477,0.23261345205956793,0.08311614942661079,LAYING
-0.012084661833586023,0.01659916663603351,0.040903786487062506,0.0983174974539076,0.07244737997823576,0.02301544153499214,0.10717297740938586,LAYING
0.013802861159488438,-0.016299649812136892,0.1809317689328265,0.0005594047999012974,0.006930578773499464,0.2244689268886298,0.11577273519985931,LAYING
-0.010603529125075305,-0.022393046797185234,0.061926948348040516,0.01418235654606893,0.04779832770356103,0.09224965394732129,0.1406569223846234,LAYING
0.053476062149748156,0.029892499720767907,0.08922126726910809,0.070207873341801,0.07661748357484112,0.1903676409089657,0.135566726668938,LAYING
0.008127541899711922,-0.022175226264734796,0.12116720977044787,0.2038255461261754,0.04937595385314686,0.059100158469408956,0.098696784691993,LAYING
0.022688505515958187,0.005214145815490261,0.13034961010686882,0.052082471289628396,0.10277216010718034,0.004003369219356977,0.04850100834683075,LAYING
-0.00905454429305269,-0.005719148808908382,0.06860090558152404,0.010635368884710079,0.020427158070064795,0.1569232793779235,0.11873020765658387,LAYING
-0.0004233710234058201,-0.009960833923887767,0.0658302440630802,0.20985654586840016,0.02726405026484611,0.0015555989887610575,0.18139345027238798,LAYING
-0.028326376911294242,-0.004742777334622913,0.05889942259290817,0.007787671986232918,0.007309207616233444,0.015803192041830297,0.0970406887542724,LAYING
-0.015115844496495105,0.02885642949502942,0.06673751774692319,0.04123637460288493,0.09926451628691768,0.05349450490617927,0.10629826269186501,LAYING
-0.02213454182167377,-0.008270129194520949,0.07026563761252122,0.08353097700046609,0.13335596321608853,0.10919853360924553,0.14036345421975832,LAYING
0.00850717070392174,-0.000325079461110609,0.12209926187095889,0.056939390156869815,0.1622625740342574,0.016628107647840076,0.1582121808935821,LAYING
-0.0032369283004424422,-0.032378698243760384,0.10233115401087674,0.09646018063566358,0.18286812354999427,0.06961514758278538,0.11960669364338436,LAYING
-0.028221438530805255,-0.006591953559000221,0.09145739862176368,0.10231200259464727,0.021370563587167286,0.013551089987581415,0.1594405794252738,LAYING
0.01868136399832241,-0.014035960321945077,0.06647084210754961,0.08401593941484287,0.07867414790267954,0.0710380505213071,0.12115976139721771,LAYING
0.01157498959478678,-0.003691377492557556,0.10580673711968071,0.09957410087995931,0.036667669505602324,0.10808530077866516,0.10861593292065591,LAYING
0.024039698853499897,0.0006074571174664076,0.09707917516551592,0.03571326913998159,0.16912286454833775,0.2056183314269409,0.09504395335149264,LAYING
-0.0065864487821387695,-0.0011171000828567583,0.11435638812147313,0.05950391362488029,0.03350272278332461,0.06507608733261307,0.11284897128984206,LAYING
-0.01597930009844216,-0.023761616196610914,0.07563661367627597,0.033537689703186956,0.012406845764652896,0.1693923413916288,0.12124662644445457,LAYING
-0.019600502409493358,-0.0158166924369858,0.07666764689001038,0.27973532180710325,0.07668666648469721,0.12399809949535581,0.1511432182403757,LAYING
-0.006679333335169588,0.022184807358507194,0.09707079060149705,0.02259697662192166,0.05555777464993007,0.0032376061364266656,0.12606740177824158,LAYING
-0.01542616670164764,-0.020882570810741893,0.11705632171391045,0.11023743627680141,0.14274760735542907,0.0031248869607068963,0.06259088086917938,LAYING
0.00555543036326005,0.0180869454973286,0.11531174336227853,0.011935333164221459,0.2809945167323687,0.2230518667546418,0.12106798449790908,LAYING
-0.0011505766155123394,0.02543084817225178,0.06198239762145603,0.00406996478771858,0.08852460373710547,0.13037482481462473,0.06093148512931514,LAYING
-0.01746356894619852,-0.025544288932665804,0.1161739329388899,0.04290045522906481,0.004617088738574186,0.0326094801463353,0.05269643279969446,LAYING
0.014210237610260579,-0.007819274089205394,0.06944694419909919,0.07540113121563981,0.1767646205081667,0.05575884321518841,0.15485514319937485,LAYING
-0.011463573525244564,-0.015830884262393683,0.1535366117963256,0.08274352503185865,0.258043916047016,0.04608027430273783,0.09991832169412951,LAYING
0.004943920358294987,-0.048425974740795893,0.15213111469568874,0.059087414813768585,0.009262390032880378,0.12073450078788113,0.11948022060685318,LAYING
0.0008805232282304739,0.008932630636815968,0.10747911352522792,0.08305432162630155,0.11208023617895445,0.15781448021721559,0.08255407502793324,LAYING
-0.005748104415059226,0.004581878721241573,0.12205506142169714,0.11012310861943776,0.06325112858277171,0.029579511068775495,0.10215293617731151,LAYING
0.010684466119135125,-0.025515151401656926,0.03919240208887997,0.1389999221488613,0.0068626209883778135,0.0715928508783974,0.11466964408641254,LAYING
-0.003590351949055833,0.0057158343271457345,0.04774898183066761,0.05731289973656975,0.1686827198315742,0.061527928189723455,0.13268673009440704,LAYING
0.024620186211612837,-0.008638880698034439,0.11075940574119349,0.04322144364207184,0.06017711724569505,0.04727253056127029,0.13844058964307077,LAYING
-0.022306877416174077,-0.02113173148853066,0.161781849683783,0.13471292902715273,0.06150876532577805,0.11681526112136911,0.051083094880330006,LAYING
-0.0004397767183070827,0.03121602313660183,0.1456416428885746,0.14601449549685636,0.10300111065493103,0.06173646604121426,0.13772695342537333,LAYING
-0.022420103174011184,-0.01825446104899863,0.12087556478659728,0.11287306868470749,0.04097084255868115,0.0946192960752218,0.10540287413872913,LAYING
0.04161768096046983,-0.0056313605610445305,0.09258724030219329,0.03500071428855393,0.0017046603809545424,0.10905023980843984,0.0800485549552242,LAYING
0.03949815886022011,0.0023961895250776337,0.048864167727960046,0.20622741276968992,0.13261876656545682,0.19013425227117817,0.09147297339489338,LAYING
-0.015912961494093287,-0.009845273601789035,0.08437461380663046,0.0322951182063195,0.028989870365858508,0.08895506021640943,0.13559003140628975,LAYING
-0.011506203853042032,0.01619935638111134,0.06036163228783977,0.2998897679883344,0.006682490267752599,0.03100087314618396,0.08315944908459787,LAYING
-0.019746998630214608,-0.017934720965983506,0.0592345794523503,0.19294006311249837,0.20094074881416288,0.27610891318361075,0.09946924101048588,LAYING
-0.0028855311689286256,0.006133412482648848,0.11920211944434073,0.10466694529200482,0.017977484709821936,0.06047817614862265,0.139863132753471,LAYING
-0.042035527608794275,-0.017580009503235915,0.10314549224781486,0.10418423100043255,0.172612719620729,0.033734137321485336,0.10434658788782679,LAYING
0.011234495078311747,0.006215810333935319,0.10764651624679568,0.21961611416089302,0.04473706085755719,0.06842742800388184,0.12519328932916032,LAYING
-0.031126979222812136,-0.03211050460612878,0.10075163653398712,0.0816488374788182,0.047804764344639816,0.13801702492903611,0.12163019603989483,LAYING
0.020001641267568326,0.023299866352710693,0.08121981376736935,0.01730350002869303,0.0031994614411784313,0.0716684835748071,0.1317421087565386,LAYING
0.016431716833600757,0.03853261773322165,0.09384823712683887,0.13890029658884764,0.07782825101265523,0.09149520506403946,0.11389463641946856,LAYING
0.006981672041275438,-0.011508861468201306,0.09709795480134971,0.06818934575737774,0.06734109981422431,0.018096341329078815,0.12483173070657319,LAYING
0.02912235834666782,0.0415087562278407,0.08799599870491384,0.14001068239616776,0.053617392726047305,0.006264592046237673,0.08822837678079391,LAYING
-0.010426406964766542,-0.0081956006175857,0.08119677857323127,0.1398882514790056,0.056384920507924416,0.028761514630500647,0.0880456588324709,LAYING
0.03367242678152337,-0.01261271625380538,0.09486742128186111,0.172675053841249,0.01049977038389083,0.10229565590850767,0.0850167808741666,LAYING
-0.001501224401511841,-0.004883635432245942,0.08755683884419918,0.012490374948230094,0.030499041261061278,0.02653964702407035,0.09415773679765793,LAYING
-0.00867319387112276,0.015564446338748397,0.11808620438301111,0.01675743082577375,0.13951034247665772,0.03826489922440997,0.10501196929248122,LAYING
-0.018344001255730685,-0.03747255849804313,0.10844413414548461,0.10340358114966351,0.08009584389087913,0.13730727670234985,0.155128206268529,LAYING
0.0071187297174238415,-0.006049550847676713,0.10756857505894686,0.13963431992507594,0.12451599223621966,0.16178597502786896,0.08337253846184757,LAYING
0.03367446643110633,-0.0006232600633217991,0.060135497542814935,0.06700764249550924,0.15012299817937497,0.1488263175372368,0.08886969487199625,LAYING
0.01182075309102026,0.007256258322565556,0.013142019403929242,0.08006055078812624,0.04078446010984746,0.046499473175635006,0.13624299723179317,LAYING
0.007082444372966964,-0.046652523646776495,0.1584312892742272,0.1706546103984421,0.11581426257087239,0.12643188384913667,0.11523868095291348,LAYING
-0.03972319856943953,0.014591263305862807,0.11248906636230012,0.0817323266790651,0.11496166236048276,0.04785088694986345,0.08831091122940177,LAYING
0.02412989239043969,-0.016755792477970308,0.044707126828800445,0.07875329267320844,0.08060426796910358,0.00028522436041003227,0.043100487292297394,LAYING
0.00528217139412995,0.020093857734699964,0.048670143322089694,0.07260432193398259,0.13902635735787103,0.029561645808912913,0.09393563058094949,LAYING
0.016420310820177576,0.038255951711649666,0.08326476573346331,0.01122683329837672,0.07906854547932511,0.045521354444613416,0.1444963461659806,LAYING
0.015759709065741524,0.02093528688762775,0.07885491349963746,0.07549319181002002,0.06368173757245163,0.03200202572612858,0.13091511240449008,LAYING
0.01206101570297884,-0.015239155924994915,0.07097268504990521,0.013926183823890093,0.14415112152476156,0.17573328041351108,0.09744856157392631,LAYING
-0.026217167009242086,-0.021922735110337214,0.08231666734990689,0.14087679408476347,0.3393007285416308,0.04228259641251196,0.11729786852656961,LAYING
0.0068844182367590046,0.0020185160462827317,0.08667088848793367,0.15592046991636915,0.096426102930778,0.10208638198487673,0.07898409588898947,LAYING
0.010398100310870594,0.00846325315209188,0.11701573409856457,0.13644339848308998,0.05392781429709935,0.0008666847341345235,0.10776325997071068,LAYING
0.04708246772787554,0.00968964322198704,0.09108338116251674,0.009171449755610149,0.0971901269632814,0.15308481785197092,0.0686862752107662,LAYING
0.015580023655172538,-0.018707959368669255,0.0833827146647948,0.03254379002632687,0.03809454679620501,0.0492330310525579,0.12845448167378196,LAYING
0.014148310965551114,0.009724796671156097,0.08573307822275908,0.13208725827926224,0.15359025369535037,0.07337892716377478,0.08013835656323186,LAYING
-0.000741180454394248,-0.015151900614295824,0.11542781973049432,0.1145733657992974,0.06466897819686555,0.06871355503226445,0.08008497149247318,LAYING
-0.03075986553254933,0.0055577331450800994,0.12773157093282306,0.13808984483444434,0.026883207634969444,0.1428335679727951,0.143301123530834,LAYING
-0.0036542509351455673,-0.007354794071645099,0.08951992010010258,0.03348549290259085,0.09735034625825964,0.10583710645707486,0.1674476353324516,LAYING
-0.039810358978863106,-0.0036832575494855457,0.09357377797526988,0.004793374947574992,0.14568012493966925,0.05884028757433098,0.0895753334474782,LAYING
-0.04461826016081539,0.004909734590070405,0.064419621183781,0.011690048511019738,0.01628400588181685,0.07740159713896813,0.10333080297092118,LAYING
0.011728125130055568,0.005770032914322859,0.10435000337749534,0.0624191963688774,0.09122452656543464,0.04578475115891774,0.09929970439656535,LAYING
0.012972240499677538,-0.01971544272543892,0.06576405607017477,0.18788731225014374,0.005053130559788666,0.1213216258713615,0.14202163389495503,LAYING
-0.03129245692564028,0.045506308788619776,0.10607616351403171,0.06189348507772521,0.055194872641060086,0.14091357023728557,0.10958706517028056,LAYING
0.009260415960014447,-0.0039687510877984,0.11207019190470165,0.10535492233030146,0.03733077364860838,0.03914751801725121,0.11546510217131159,LAYING
0.024804714065498175,-0.010286776202334263,0.10787922910638634,0.09943150424515458,0.16977576787314083,0.15275887297394927,0.1539680093021811,LAYING
-0.011497889656732332,-0.01788933959476753,0.09926696150314004,0.03794977030830562,0.015006916150811022,0.0886734822377566,0.09139320166318962,LAYING
0.0021825090553072306,-0.029449601941868516,0.05353317694912609,0.023168569993156373,0.10256301846090883,0.048800351304839354,0.13351195525203785,LAYING
0.0038202765092184548,0.003283881312225855,0.12020248682254786,0.2526318857840274,0.1080524198307361,0.05961675598730862,0.1256631248817086,LAYING
-0.002303682474917381,-0.010455710177463001,0.11660937352709404,0.07880575685508731,0.1067963687413573,0.01355634375527398,0.10744695734127313,LAYING
0.011049877166791976,0.008741023972020937,0.06128648305520436,0.032209403251346025,0.033400503984826094,0.006022126890018846,0.19500042079631016,LAYING
0.037128846311676095,-0.019974113717110623,0.10197833008012024,0.011398560343907852,0.03420266569657615,0.12163091065034595,0.13547034038359626,LAYING
-0.024680645049113,0.003786077172408834,0.05541690851285676,0.08260731593738686,0.09447887833642116,0.03793914350499521,0.08519711375585763,LAYING
-0.025247315453981997,0.011001734281508633,0.05359561955314109,0.03879374818766072,0.03334078387635883,0.004278990102277766,0.06556254033346985,LAYING
-0.012735216696441355,0.013151188187424074,0.0869786449727545,0.03669208827713373,0.13171180543597721,0.08998041265058607,0.13418528495597512,LAYING
-0.01164398509537572,-0.031712482793621564,0.08677913252062923,0.03880557122123576,0.07924079940592246,0.02207463051740457,0.12076873377472357,LAYING
0.03981349378242889,-0.0004389282408159416,0.1393863188290087,0.0856955166969322,0.04476387987427918,0.2040284455058154,0.119547972154428,LAYING
-0.010046322020033447,0.04043626010270054,0.15379604939413924,0.21033707323524156,0.07912108179569688,0.04432981522010031,0.14630956839025738,LAYING
0.020613845981947026,-0.028275045797739505,0.09456068137397299,0.036239605925478376,0.09193182829335186,0.028805187759553794,0.11940196029887294,LAYING
-0.02735730268708473,-0.0005198309443672425,0.13450367891153664,0.1611087311506997,0.037303963494567,0.02008648711323526,0.13710868994081896,LAYING
-0.0021328664626974335,0.0007999714650577236,0.06685844880509167,0.1049282557197003,0.1178129457799822,0.20228190754418576,0.13073860785237343,LAYING
0.00674729998295598,-0.04796645171254369,0.1298101703338589,0.11369042632083122,0.01882796663872049,0.014148641481535391,0.12745798131590438,LAYING
0.0006264222602214058,0.028197895201072593,0.14602002634542274,0.17248709712594537,0.014415258718742356,0.01782178689391021,0.13386812239623702,LAYING
-0.0519041535675062,0.006116985479167371,0.02895962651418932,0.018093174123266997,0.03290036805286252,0.053691982850561926,0.10197616969846429,LAYING
-0.01864735704052227,0.0014744378136984768,0.128791912387548,0.0677876687480775,0.08399365138322547,0.03564862442088938,0.12340500820050539,LAYING
0.013418356188758473,-0.0026686967243788524,0.10608034869342667,0.09429761612210899,0.07415192168876364,0.0006636674053747682,0.16589537324478737,LAYING
-0.03139138842174402,0.014039712786323115,0.1345626865075029,0.1205167111592857,0.005271305688125085,0.10631565978153756,0.09667954840665818,LAYING
0.04133097588968923,-0.025462284004504503,0.12456663880855624,0.055378765497104535,0.05757328233539635,0.04676527287243698,0.13448275175439747,LAYING
-0.014131751984416532,-0.022870538810042165,0.08972068308018313,0.05474786580484292,0.0005638142311041976,0.3331538813924594,0.13095038043660748,LAYING
-0.018092934158390445,0.014661422899301313,0.055116890125733585,0.04555685212927414,0.04628520426734156,0.07687389483466597,0.12726141462278517,LAYING
-0.030523174234964194,-0.015418193889811945,0.14175047875479913,0.03698889482166294,0.05687539918164805,0.09247357392366756,0.07390386123256007,LAYING
0.05368115630735229,-0.005852694253909076,0.10993139532912187,0.06401391655124981,0.0332950458237274,0.012568896440516862,0.11718377603589653,LAYING
0.01791707803041449,-0.004282851778327812,0.09718348205676763,0.11569051470359278,0.006265052813303255,0.17772082697477845,0.11233848306852265,LAYING
-0.026355566266683332,-0.010217587065780314,0.08690542310834799,0.03741710942891648,0.0677132269466377,0.2282834634914577,0.10128019901754845,LAYING
0.01994536179315385,-0.042013000389195775,0.07885763497174934,0.032179592252762304,0.03298854990344523,0.08186778375428805,0.09922956908951311,LAYING
0.04881023324140512,0.006491868884024379,0.033243781931270824,0.09701123988840638,0.07594652200729084,0.1459344911644286,0.12854411366548166,LAYING
0.001986119114936355,0.02092328628959086,0.14643697140511389,0.007813373732912833,0.10757969662404303,0.1333653479491662,0.13711612786711666,LAYING
-0.011707760228471184,0.005201587036301155,0.12580506709006165,0.21200894204264595,0.08208565896328861,0.05894601201412662,0.07483528726976822,LAYING
0.014075127164563056,-0.007563365165159565,0.18147306811361252,0.045296993406175934,0.09098689877978293,0.03283250962122064,0.09953248839524367,LAYING
-0.0020104422232756136,-0.025828085999226574,0.09248420138454555,0.07461658002913381,0.1345386239437418,0.13216690239970857,0.0337699658344794,LAYING
0.004499741213147652,-0.020862937645151187,0.08945624905087247,0.1367465542517078,0.06818815631620925,0.01364416852255353,0.0476947726197944,LAYING
-0.0010273859100179987,-0.0019816524686730496,0.08626578808845464,0.07132058870311171,0.1302177082179796,0.23477135659663192,0.07999095147928104,LAYING
-0.005630434027282158,0.025116913464483956,0.11583011416824276,0.004614742706217239,0.021636256162362394,0.0019012653983948094,0.11990315952143062,LAYING
-0.043930825772575205,0.00026281514512392,0.09440392898927039,0.11913036125744032,0.04391065462895205,0.0856738542932394,0.13865090219382634,LAYING
-0.03253982755000365,-0.025923780401761062,0.12287361091357572,0.002760770527175705,0.12287136866310304,0.054182079418764836,0.11206269972637638,LAYING
0.006852637930829098,-0.013777879993185159,0.1300508043032561,0.16953216398168142,0.0407707036595259,0.09940773395031907,0.07277506769767662,LAYING
-0.022842780092542342,0.011606444134213944,0.06667647747934632,0.12182095268905323,0.08446051820286463,0.04776438623672993,0.12216196755295121,LAYING
-0.024924630484913803,-0.010465988257310162,0.08623870200096921,0.1481397318018119,0.030127925851789524,0.022138060226450953,0.07236430182668435,LAYING
0.006174566550618113,-0.0005277790744806216,0.1228754974161858,0.004206344269471699,0.0009658876597503432,0.10657529400777829,0.12890359991747374,LAYING
-0.013542820423950521,0.001337731200535675,0.08120458732006272,0.0772501718348895,0.16987217263414955,0.06391656551315138,0.14977446380818157,LAYING
-0.018190044040409938,0.031765058201355736,0.16182397578802643,0.0073316471206178215,0.06109704405190684,0.04362696345298851,0.10185525547835816,LAYING
0.01838795716121369,0.016270677503908017,0.09871575465335526,0.1592311072969409,0.043347832831080194,0.04137001833825271,0.10246791638650818,LAYING
-0.015745839915978478,0.058668059864221,0.08579761371506237,0.09292444504683357,0.21087238494258026,0.10428198638455477,0.15432748747039524,LAYING
-0.018184222278529397,-0.015045094821218087,0.0985027549737965,0.029351438990958743,0.025927761990784854,0.2328429322825821,0.08971928268834024,LAYING
0.008097831187003652,0.0067473516946225465,0.08268208748751855,0.142803169136032,0.014945974054979359,0.022240507462703004,0.12069267333907242,LAYING
0.00269636729803414,-0.007214225850601458,0.15199085870436133,0.09544728408541799,0.029659606393840018,0.015236808463846563,0.06163440037834335,LAYING
-0.013692200493085858,0.008952887861534288,0.08004560181111545,0.02017760866629911,0.03726447021699407,0.06799254806899371,0.10204198107950077,LAYING
0.0285076763020076,0.014508450241261387,0.09877234803414914,0.012142478233146913,0.19547192396056978,0.03614571037576253,0.11236571617433368,LAYING
0.04510312589026186,0.004933454198177066,0.09033777822026222,0.03886715726734474,0.11128586084520446,0.011221559238092774,0.1417265325315498,LAYING
0.020266928101839846,-0.014175992517406396,0.15735964714592443,0.15760485451267084,0.05324973885616917,0.1759650060768275,0.08835401698623406,LAYING
0.02489771155471031,-0.0434873489089422,0.0973447539843898,0.10159424583578533,0.012852131750021294,0.18483486153175424,0.06411141362931189,LAYING
-0.02413369771548518,0.003201099242665555,0.07582273286410611,0.08579725382621514,0.1875925126683353,0.06826698940239707,0.097007495845174,LAYING
0.0010445495972977292,0.0004316296596378402,0.12693055861891722,0.05929716130968188,0.014128584830788523,0.034091540848459945,0.07971329438593917,LAYING
-0.024061412777284526,0.0028455429711924476,0.08502099333692269,0.07251039194402141,0.02719826803978558,0.0314914449555409,0.1568743514696642,LAYING
-0.04369959062377046,0.029015913905851787,0.1060251099212885,0.03240435723161918,0.12716363687584553,0.029948962903142584,0.14345826658441707,LAYING
0.001468283984299921,0.006393080496895122,0.11050341376946052,0.012753766734251801,0.0007793074124355648,0.01930475495914451,0.08764616005451432,LAYING
0.007126784540895723,-0.02152967011812475,0.10340950561941573,0.034567756356910465,0.07052862299320219,0.1673822982790129,0.10764816915978925,LAYING
-0.00767641102564842,0.00013263459690158335,0.13893870520705134,0.0028180163907465527,0.1509107520853025,0.018003350089145255,0.062158419222347015,LAYING
-0.006354241890100434,-0.007122368020062678,0.15450566973723587,0.18093676409173773,0.028539778307506015,0.15113564314706876,0.11956500263021272,LAYING
0.007227654556029747,-0.018750591159962908,0.07320092171058726,0.11395667638923095,0.1483530002973276,0.0858181075720592,0.13028319283801548,LAYING
-0.0174864762935131,-0.022803449635992075,0.14398859263890226,0.01428136059765134,0.05277478360532159,0.12107707034518424,0.12208513303095364,LAYING
0.02940045730298226,0.02905165958628212,0.10190309600446204,0.09530561766231939,0.02445512046377328,0.04452441555988891,0.051578688972808005,LAYING
-0.0027496092580166515,0.0264008552270313,0.12333787755209132,0.031224813784000157,0.00020448569388931484,0.024031995500859146,0.059296244085699466,LAYING
-0.03116018148224503,0.018087156258800245,0.10623559305142578,0.024482529880322085,0.0407060584029735,0.23100857128000707,0.16185195295792063,LAYING
-0.0012718238529308102,0.034526358865825835,0.0367896369487523,0.09618801633497294,0.046797191808992666,0.08839917869430013,0.13464485979766327,LAYING
0.0447445014887085,0.03129521347050646,0.08788379801885952,0.10685628406910687,0.053940667993117836,0.03594510997069812,0.10451253242512686,LAYING
-0.02756795421835614,-0.03525861973810767,0.09140389321612631,0.05181415619717168,0.09278636815703542,0.08262952543866486,0.12902907537961994,LAYING
0.02687153285918508,0.01206544121741206,0.09114206977162503,0.03888627540922593,0.2529180931171699,0.12854647118321944,0.08212049829438732,LAYING
-0.02374397105180691,0.03416226739800161,0.11435497144045143,0.10688541498513247,0.007466140929503904,0.15704884676940897,0.11225161882475393,LAYING
0.01316300766366836,-0.008913657996271864,0.08201384243774548,0.06605871171140015,0.09248453264248777,0.023820196302457283,0.0884468044531521,LAYING
0.011265738099786211,0.023320700124985067,0.08480685867975186,0.3422928442485553,0.1619578908421003,0.057245330129251044,0.1502931366621487,LAYING
0.0042099941265381045,-0.028776385950533143,0.0486363480300254,0.031244165936058017,0.03344453698164128,0.06169707681837791,0.09177057411548703,LAYING
-0.0072549610988673656,0.013835424708593036,0.09608998123149386,0.12639872285115697,0.08050714960106854,0.08132300608432763,0.09052114948989941,LAYING
0.04802829054696638,-0.0381245418328628,0.09106622385803863,0.0676148662413734,0.16769369758266786,0.045268033168948674,0.09195380420910966,LAYING
0.0042094032472129155,-0.011527173202793364,0.15137564754066793,0.07910270131750297,0.03227921702426667,0.11922217293812792,0.1360424542081654,LAYING
-0.02033462339751364,0.00967257015937163,0.10260181387953718,0.1692504872176085,0.05253006995189047,0.046506189807014056,0.11017728712602815,LAYING
-0.0859078196813601,-0.038165388109575926,0.1218336409581652,0.09820427926063387,0.054224820412942076,0.0327678210785773,0.08890868329004928,LAYING
0.016307368289114048,0.02212219417371532,0.07121150860023948,0.09943726317354319,0.05961142313102315,0.034871801889073975,0.1302961110140886,LAYING
0.007248972176757163,0.004591836523012824,0.14946686521573066,0.02050000385209675,0.07900468298515723,0.06202546466164826,0.1397413730190111,LAYING
-0.0018046061262896036,-0.007053383146775385,0.07788832804235382,0.06225354248550341,0.031213803163550786,0.063179448884949,0.05886495507278161,LAYING
-0.020584486213524565,-0.01743743043571989,0.06987910115609605,0.06552678239191911,0.23291753466738652,0.021099007518292433,0.1265064052156025,LAYING
0.008527137207867616,-0.00033254844310995585,0.06360665597349159,0.07677623402476819,0.0375293575558127,0.052328729042393524,0.06470484295610614,LAYING
0.006071797543199233,0.004959726441934319,0.07126182343989765,0.040489972160245274,0.08931294756894737,0.08385916481500767,0.11050137298596284,LAYING
-0.005043046687431532,0.01576402997283901,0.08765951405210971,0.01703162580110625,0.16525882747837167,0.017155899486543495,0.10887245221145841,LAYING
0.011612288688801087,0.033657910183836376,0.07187953330082177,0.12478742042952128,0.006679060378202931,0.0317113990686085,0.1682751294900371,LAYING
-0.00902970714508888,-0.044208073751058764,0.09286070051476894,0.05505276647232964,0.07696307400604141,0.05336824529146172,0.12387926685659018,LAYING
-0.0016538256867333898,0.010950753130123187,0.0460311655830905,0.07623792917926665,0.014153433092605947,0.07051291400162775,0.08661933676090168,LAYING
0.017676095937859487,0.0016764358262924446,0.06748870292027323,0.0403322384678903,0.09532204169392546,0.04997093562189765,0.0930624151176068,LAYING
0.028710168978163173,0.03035630648398513,0.04643741328046485,0.02317808200919376,0.034983949047602936,0.003952420038245644,0.12945613731978758,LAYING
-0.023361231191335357,0.0018670913348004465,0.0595258873088452,0.14694058119351064,0.0230033854716784,0.10452921846797594,0.10225122040927836,LAYING
0.030146668390395398,-0.01794853321797615,0.023519531726449286,0.05868647145115434,0.10090874636713924,0.12680144644989283,0.10236448256739396,LAYING
0.00017352083651138894,0.003278899066533837,0.1444007285739906,0.03865275744272816,0.13091698497800983,0.1345163868417178,0.08873836574568189,LAYING
0.025663544515568872,-0.01882124033035999,0.07831024815667079,0.007624403517487863,0.09481523301513525,0.029129478370903877,0.0912187984789962,LAYING
0.016056578238383842,0.04163816137355838,0.10939335678585918,0.1620359459433266,0.10515888167970365,0.0005563031514350253,0.07846032981459311,LAYING
-0.05218497310688399,-0.01668151125758079,0.0352557715464379,0.05514534266412563,0.1507444546247452,0.11801087040750351,0.12572334474734143,LAYING
0.01403017547380369,-0.03736672368129142,0.1336793318620658,0.06203383660514723,0.1004265741202434,0.21298762692036846,0.1229457371753261,LAYING
-0.03007233787557937,-0.0012593123767540434,0.08490313600659513,0.0210150540361518,0.13095421717880062,0.10943790763682254,0.08780076583648222,LAYING
0.029009049960384222,0.00847284248915255,0.11188574379278146,0.01823123413620135,0.11918318396805015,0.029587921515902678,0.13827892313958284,LAYING
0.02478781774099048,0.011190825178960256,0.10660821915202108,0.07877314807096718,0.0008447141544773475,0.006089523618759633,0.08876633125162255,LAYING
0.008080317802328152,-0.01404229639198674,0.07253170738648898,0.05914150554805213,0.007240937909901216,0.20806915877657264,0.11235424275751786,LAYING
0.008400771564600406,-0.03655382331827732,0.08757403065832374,0.008412094743872988,0.06643616098129405,0.14108555178954837,0.08609018846857878,LAYING
0.028240319781226663,-0.007201411645738876,0.06752215896738842,0.0007131858003043487,0.15493597892858185,0.0604871176840103,0.1301284852597378,LAYING
0.005757081268993328,0.01851760488720964,0.14695056644665977,0.1312101778977273,0.05591513723595318,0.013352191679288541,0.08586571306207404,LAYING
-0.013838830572430055,0.01913318864443637,0.11638292560974874,0.05158817813492364,0.19457589634478575,0.15066764984690556,0.07557917894658592,LAYING
-0.012658287721113664,-0.017818281791158935,0.04007275375423472,0.06175218009108549,0.13990378970831777,0.023953269878432593,0.05700758385256448,LAYING
0.023894898983958787,0.01673229793219017,0.06801292841148968,0.010573285224689645,0.06543778381951285,0.08785993455076795,0.09029431296562868,LAYING
0.002292692297220587,0.0304452464780578,0.1157281229721505,0.12101127298885982,0.08512285517574313,0.0376258239623754,0.0807550755542839,LAYING
-0.018036099604111514,-0.007026927478892019,0.1029864406635608,0.00920658993686957,0.04158638063185842,0.0964235205713297,0.13521029166288193,LAYING
0.008302971313220622,-0.010890554745806724,0.12840033664418823,0.06826481102242442,0.08188242912507555,0.18351714939530958,0.10159487380597992,LAYING
-0.008628574277200204,0.02297858138446361,0.07042761785332323,0.20884093903045506,0.1501907380846748,0.03876150216199598,0.06715854826871133,LAYING
-0.016325823170708548,0.005714945256322126,0.10478630742337423,0.1508128592853521,0.05020575073274742,0.09687180485683894,0.048927003413023744,LAYING
-0.028227177873828883,-0.007453096929255608,0.12780145831108597,0.0016748091734307968,0.06609326354689074,0.030481495051185643,0.12590727001421836,LAYING
-0.025085357674848634,-0.004673141688197425,0.1343838801408018,0.05642458974731082,0.13563373499590042,0.1816827556786849,0.09183740612156849,LAYING
-0.025420567118207418,-0.002921940785617998,0.1353428340508299,0.10692969162923598,0.12581744196723552,0.13952290066195086,0.13044548791622929,LAYING
0.029432854061062268,0.019835130376269897,0.14656794743064597,0.03820604879296043,0.04215879336540222,0.1484086369123982,0.1228954903442065,LAYING
0.027839433136904054,0.006839423102528922,0.09938406352572385,0.09255214659988234,0.06775796714015687,0.11852911216680753,0.12706420237896557,LAYING
0.004266985520227935,-0.015006026220914365,0.13721872955772835,0.1009657461008429,0.07577057727840447,0.04680228476273869,0.11643221666466642,LAYING
0.03078966485253152,0.03608067199119464,0.09535505975809888,0.15487510541504837,0.08601114271902473,0.07332971222137301,0.12759372863528612,LAYING
-0.003198158024952928,0.010896426782395932,0.1283411890867661,0.038782013528294926,0.2739040318546948,0.016286137589345728,0.05979489741511887,LAYING
0.029859468158581808,0.02147889985957495,0.1034243775631984,0.056887348940749344,0.0692790928387234,0.1675308643403814,0.07501817747561017,LAYING
-0.03520266936333443,0.01186971643532607,0.1377707857382815,0.0020416619250187805,0.20642186390825276,0.11909403095192553,0.13880309517743245,LAYING
0.001458487926524778,-0.014811765845485826,0.10927243372344116,0.1215612059260746,0.1551234430541888,0.018899064174087713,0.07910402831299493,LAYING
0.014735468170033038,-0.004640813626610258,0.09773272887021278,0.020267640525831236,0.0329589893026987,0.22137838801008677,0.14395092302301876,LAYING
0.008893816905895337,0.015351114201317984,0.06909248465255172,0.04464341788141995,0.10103757466311503,0.03743696295696282,0.08171351845522423,LAYING
0.020263828858079744,0.022758262549729884,0.10386186666732079,0.06507043952688842,0.15245890765020928,0.00954870583981169,0.07022172870061984,LAYING
-0.007892956045679925,-0.02249887111068952,0.11276667966075615,0.05721802450624601,0.11970537329926655,0.10427068457256457,0.12203106098732688,LAYING
-0.016121918806247425,-0.00744632873842288,0.11221990432413972,0.12338018213867069,0.018243935720973447,0.029590976893456876,0.10699780233021751,LAYING
0.023622376964465883,0.03894011028956135,0.11097750335584908,0.03898717668656641,0.0697309106537526,0.05199338865528,0.09843191785470726,LAYING
-0.016753528634867742,0.0036434653154173054,0.10652362863805065,0.09426459542336393,0.031964218796099536,0.034626704769302984,0.059609070487718956,LAYING
0.027874018160386194,-0.00188603644920856,0.1492208929481041,0.007897095252259742,0.17021243185703536,0.015039392240747254,0.12031222761566548,LAYING
0.0034776096891214153,-0.006739925269049577,0.07255030892943888,0.020636835926203235,0.08045258436087344,0.11584127091017275,0.11955369097702384,LAYING
-0.01774168402423714,0.004934101011131671,0.11109301188978421,0.08644428012131623,0.11586376273906841,0.07738190454038363,0.1548850773750703,LAYING
0.00943978578203063,0.019034802135422368,0.06928439660309994,0.11318966860585951,0.005858568794070183,0.09865605882590192,0.10704623655440058,LAYING
-0.0034620383630466433,0.012747047443872646,0.10979016341186279,0.020392314110141713,0.11683856650985029,0.046251058785911583,0.12353542564172948,LAYING
0.016855491445739494,-0.01938968066619394,0.11068243314929586,0.046660280578288346,0.0349069713182562,0.06984361297513487,0.09912511701166082,LAYING
-0.03288763466040614,0.03494227417861234,0.10481214961206849,0.020568021613964805,0.08760570554492639,0.09993068207222425,0.10653087569866612,LAYING
-0.01439300160749475,0.012960914196225358,0.10908193861531797,0.07055572726991213,0.058973848024998124,0.038140299985049975,0.09247499979934846,LAYING
-0.004906865946098592,0.012535068666411988,0.11536452709091725,0.05520818009635463,0.05742059388339192,0.16069742988380026,0.12371830826787779,LAYING
-0.0015900333607796158,-0.0030331984433704497,0.09054004352671324,0.03090729994817289,0.034290252717134304,0.15224636600071462,0.11345720726782926,LAYING
0.02822129328651316,0.016748350180177042,0.11224773118048764,0.02286629420205317,0.025653320232626665,0.08032682534784885,0.07464587128690613,LAYING
-0.0010619629084852244,0.023120139268542016,0.10330622139193893,0.02283975086293686,0.062316698689900904,0.07813205689775185,0.08490478232924532,LAYING
0.020097134484220548,-0.008539233249169805,0.14716985763584706,0.035435860598583654,0.025269122508864487,0.10599784198395648,0.10490898843557005,LAYING
0.008217626845691509,-0.013671890077561692,0.07921088760917033,0.1632517586643165,0.02572534419357673,0.020970638418323403,0.10282409781887568,LAYING
0.009994825384613139,0.01131578572483771,0.11951435531132573,0.08922995453980406,0.047531299575852004,0.03552268831137908,0.060186019485748525,LAYING
-0.003455760108805007,-0.03606800903020742,0.045311230406982914,0.030887519542025132,0.007200708072806856,0.012417755235716893,0.08780798631960351,LAYING
0.009787523935423072,-0.013588754677187523,0.08507102936472542,0.06336841392521587,0.014914716433785728,0.04705075803618973,0.11797300215167908,LAYING
-0.018752285713807423,-0.02222126155958109,0.07820193537691952,0.10144879935894928,0.1400369694463449,0.09509978414411176,0.10762505304034146,LAYING
-0.0058020687688222225,0.013645746979590239,0.08720317908299575,0.14248595411650342,0.012277819265424171,0.11013566335352407,0.09976086080940834,LAYING
-0.0032150368039039496,-0.004666185928467842,0.0767106722030356,0.027314627980562587,0.08388851813947991,0.19938785734963668,0.11948739289350276,LAYING
-0.01151311316853789,-0.011281117827193468,0.13091859007964501,0.11311734226510815,0.003672678505123348,0.12572546810178087,0.15493395862940645,LAYING
0.01598590637648034,0.016607374085789366,0.09732071498766028,0.08406270932920325,0.22903888951141713,0.013729399678077264,0.09611414092342509,LAYING
0.00639323861535345,-0.015685535631800106,0.10022125575068998,0.05856849214579882,0.05019724936117542,0.010074308781278296,0.11169664853098034,LAYING
0.005800540265388588,0.002289910786578108,0.11020436245182444,0.10769661024302744,0.05099524706394959,0.039772817162775365,0.07263727746389517,LAYING
-0.004055796763294903,-0.010181471708415496,0.045186909126730616,0.05538128714905599,0.00032617699610314535,0.03318761012095693,0.12738853089286611,LAYING
-0.022025313987783634,0.03530676426526844,0.09279474835287166,0.07875804770776686,0.03803144423953807,0.04057135656220928,0.12658984040686744,LAYING
-0.004866921730566023,-0.0016849777098173946,0.08309519926412672,0.0915191303233154,0.07899018790919088,0.0042117334712602345,0.15842589351662056,LAYING
-0.01579653672798364,-0.0020038079025321725,0.09410473603134209,0.2803712034767443,0.02098425852966283,0.15651719909659206,0.10376393641615447,LAYING
0.010455662870917917,0.025156864711782544,0.09483983394272293,0.03085802895707142,0.11322844001118086,0.08468686512488216,0.11499228026654057,LAYING
-0.011339508570333825,-0.02002467491836555,0.13561220228970822,0.0024334233587935197,0.07014068883180881,0.14388574457086162,0.17741052177035513,LAYING
-0.010810639364316086,0.01568098673247215,0.15959752943462102,0.10882201111828142,0.045917944228925325,0.11322669021054682,0.07265129911545254,LAYING
0.030892534598491703,0.0012230446757111975,0.09167026581814319,0.037210362944062894,0.03711617508237332,0.11079637889814649,0.20167742859030668,LAYING
0.009513992965455322,0.01931816008772185,0.07125192813389339,0.11574029695451103,0.1664532792187814,0.14790684255477793,0.14184256762921427,LAYING
-0.05108527188290184,0.010824417724509379,0.13099079482705545,0.04882918117632572,0.12558338854241188,0.012021089174705134,0.14753883352847144,LAYING
-0.009087280688600182,-0.011533292925117802,0.07428310744947529,0.01685757437461884,0.03950032111590102,0.09385890023671407,0.11954699741558225,LAYING
-0.0186555072892272,0.0012627328755727171,0.0974545458170301,0.0273849692740937,0.03299895172219981,0.016450027516605945,0.10798376015958241,LAYING
0.026768283982402226,0.028282219745932417,0.06043093834445941,0.009118920125385236,0.161617330983385,0.04811084627700393,0.13289558445014213,LAYING
-0.0005874227314144582,-0.005565083788968463,0.029092920641787118,0.024705349779187313,0.01811557454961726,0.07065274309849318,0.10548603243245117,LAYING
-0.005580058693230281,0.008939947502070004,0.10521716968152714,0.1473549347684438,0.033429789865031936,0.2079849033589958,0.11363923451566144,LAYING
-0.005626329414551157,-0.010758950719074439,0.15257169220043254,0.12966614692738818,0.08081163197882292,0.12776153132823448,0.12603212785526155,LAYING
0.02915952230068711,0.00475088845546475,0.09598011754993063,0.024413220571989504,0.12668464622948386,0.10883816955471025,0.04600096638350228,LAYING
0.004506720358484935,-0.023624993307654243,0.08413468240856281,0.0026942178536826823,0.22764854529075568,0.042237250297123614,0.032508982280928626,LAYING
-0.007989820761579083,-0.024400604710362372,0.15181609287014353,0.1619314356044514,0.02208239912706114,0.003927261077562253,0.10070157527099223,LAYING
0.003260912955092472,0.010049826045862072,0.10710456582486938,0.05804762471310193,0.1312211632535258,0.13496648478048295,0.08455999987892245,LAYING
0.002421711868057426,0.008226420328271663,0.11587162120745018,0.07451218452463962,0.18311937569501252,0.011785249252545572,0.06573844894786171,LAYING
-0.02799598269709543,0.006287167503006602,0.11812537267611586,0.0664205021009531,0.09418788166498557,0.0088354445004254,0.0712923056001031,LAYING
-0.003343925431235857,0.03134355107635,0.06415707664070905,0.017087161401060893,0.06999810671196253,0.06678771451273477,0.12262282578898805,LAYING
0.0008671303788468438,-0.02838841527404935,0.12062997003959022,0.06958603839131013,0.00466891782497569,0.0930166889117002,0.1355804637303052,LAYING
-0.04139614549546348,0.028373464648972883,0.05607236823970187,0.049927046718195575,0.048241234692587204,0.09031398506301802,0.08712786339091196,LAYING
0.03122581521241806,0.015459127422920514,0.135268146983803,0.022135729973858115,0.21282119016772952,0.13200303208663028,0.08336466300432625,LAYING
-0.00696237173418209,-0.01198099498213364,0.10135503491848322,0.09356774712281601,0.0962610880498794,0.2336629087021687,0.10273725836073233,LAYING
0.006304466731222088,0.009065077886101875,0.14807531457957085,0.10158029401494002,0.16115819034540715,0.09359734321636823,0.14596278767364965,LAYING
-0.018742653737817354,0.0192141990622014,0.0805197945301995,0.046219318819705604,0.06279258603815795,0.08588595776747464,0.15881117723274285,LAYING
-0.014408724358465564,0.0019593709260121227,0.12537548202792448,0.07497778541533885,0.026228758004588095,0.09640398899151843,0.07957545713878622,LAYING
0.005765167902550688,-0.026298221229117673,0.07826877365896878,0.0025886911518590537,0.1344027583951444,0.082791523606257,0.11598651446823034,LAYING
0.0073804673224995175,-0.011501539105415869,0.07129931206458476,0.0023290361012914887,0.05938611521066621,0.0921278252829211,0.05612726040971307,LAYING
-0.012665017427646943,0.0003629813272607595,0.05695610737883739,0.02311965064387795,0.06693193966985136,0.1708858597595481,0.10584741232720483,LAYING
-0.0020793302641635225,-0.01426017828141794,0.10295945405856749,0.011993033354223028,0.08138028957171008,0.16566139295468585,0.06997484237143022,LAYING
0.04084921746067293,0.018137512165459165,0.11199132702134426,0.0034019287686900997,0.1811878674195377,0.014037581595821275,0.0720454987506128,LAYING
0.005375213639876251,0.026882683064954088,0.04982474058644351,0.06996343144588131,0.10647274184905058,0.01994707414203531,0.12723295819954364,LAYING
-0.0129318330520571,-0.05103658218864841,0.11190593906754272,0.13690037440759367,0.11351765467299627,0.025773608529275717,0.05005352304057391,LAYING
-0.004004137804353742,0.00895748455277331,0.10758531316334607,0.028883045412035586,0.027873366459102492,0.18432420890800497,0.14225651524738256,LAYING
0.01510162033427524,0.009767792834163376,0.11579770419217145,0.09461210979901176,0.17052640110463854,0.12515077265732047,0.09750103978649315,LAYING
-0.011374176864693704,0.010690964936354259,0.07613779642620491,0.03506987041436388,0.02973650630153088,0.06851815712318163,0.12253074064362916,LAYING
-0.0387988516108015,0.009208267671650845,0.10225169840614654,0.05717249470373878,0.03290797423475418,0.14509253420012086,0.08442618853815426,LAYING
0.018055470932942526,-0.0017057825627703935,0.09985850768412723,0.00022874447000824707,0.12111305023133902,0.07823299698227817,0.10474726798209749,LAYING
-0.01286083328177876,-0.04321062574998387,0.07764921315564763,0.007852255845190333,0.020000163237090095,0.10207622445458199,0.13258821115497912,LAYING
-0.013353232729214832,-0.02422781818470635,0.07957899738896668,0.06462072759804356,0.005340356344871556,0.04249590586963149,0.06328389035271384,LAYING
0.001895718920825559,-0.02598970293938569,0.13510273996094957,0.1431197181029195,0.008767350173282826,0.1364961615577209,0.08387857804951612,LAYING
-0.0004937449845531019,0.0013249022871176526,0.09992010808665439,0.010981628763948025,0.0327287488714257,0.15553904794316448,0.10535416108113332,LAYING
-0.001558093872334951,0.026586029857594423,0.11820067063138591,0.07350188686960714,0.14456308541934398,0.013524255615129991,0.11677073657547518,LAYING
0.011236334350601588,0.022920998151323358,0.12123496385603075,0.040448468459011844,0.011760975355778334,0.0028742026831073547,0.15463182279093873,LAYING
0.019973501403667382,0.005090007118552931,0.1244481184807988,0.0953052612363315,0.07929774960024166,0.093675126603035,0.06118438005443369,LAYING
-0.02324085004838808,-0.0019268519768363775,0.06340743522571146,0.0027994848498803515,0.04547149664068813,0.029920089056504083,0.11851681761569458,LAYING
-0.01916117592078182,0.005626771040748574,0.07443242186065666,0.01942478309031525,0.01181443627429324,0.06555796887703658,0.10233182189734871,LAYING
-0.012550073368938442,0.018594516729951938,0.10992952018799525,0.10841474303846414,0.008003152974506614,0.10086989352791798,0.08004222853234459,LAYING
0.01433977524195868,-0.01890301304957174,0.08822789241550476,0.032457335352171365,0.0056680551208015476,0.0063413246247826655,0.07967012030779329,LAYING
0.019539056252110266,-0.014450752114385741,0.09672799246300905,0.07046266969647481,0.04114335054264956,0.033978027260765035,0.12457153215558538,LAYING
0.014061884794292101,-0.02078814533732459,0.07976040210889529,0.11243726172789396,0.058283022132334564,0.07918972846365724,0.09523851325502199,LAYING
0.016300682683864316,-0.0029394774205528267,0.08787474284722724,0.10311147809703038,0.13039057559685388,0.03784097442499991,0.07432391079210121,LAYING
-0.009087590935101822,-0.006690588658911643,0.09133706357604023,0.033450515412339135,0.052561087252368424,0.007968759466524217,0.1025168668797103,LAYING
-0.004423255896560726,-0.0014423730985629944,0.13342484100912985,0.028340651353114327,0.10733914256776543,0.06773647453017133,0.12684619802606628,LAYING
0.03297276685009018,0.014783101440239612,0.07351156111414849,0.00032258751656482135,0.1963660250456189,0.001154035861853621,0.17008599402413918,LAYING
-0.007559674947785103,-0.042144203461780876,0.09177578807289968,0.18507702303111478,0.2107099083645775,0.03583705211332086,0.09859951293909532,LAYING
0.009205676630484567,0.016791801312222323,0.06772191394187452,0.17367673287837035,0.06796884854821221,0.03337916352789867,0.12179714914822497,LAYING
-0.0009879935920640577,0.0056833958198001504,0.1321986920683684,0.020839342745268535,0.06120553670466124,0.030292783901834763,0.05830280358874546,LAYING
-0.00608377362868164,-0.0015069458780738948,0.12581494904684343,0.12577763939752618,0.05464719221220393,0.1451259004733397,0.039100867996511746,LAYING
0.01746327415823606,0.015911927314061877,0.09940066642158586,0.11272811702138445,0.08668832580373693,0.005500206765237645,0.1467472407535178,LAYING
0.026786115677887787,-0.025540057675638585,0.04249618055831734,0.02103851432113735,0.07178645279899933,0.06427907282078164,0.09622144548968214,LAYING
0.012451784618721345,0.0003159338565117207,0.09501684417528308,0.013586401793223665,0.015844537224986372,0.01585424222437877,0.13951528815733885,LAYING
-0.010009586152148434,0.03732199248466538,0.11129733931687205,0.04581745776660065,0.0855018181861367,0.127510791002777,0.1321797808449552,LAYING
-0.007587544739544522,9.47766331185302e-05,0.07698226523910634,0.029304824064379304,0.014969091224718883,0.060419680739857526,0.11303934224705893,LAYING
-0.016169425760028243,-0.012126438693783896,0.1255275140384116,0.040872713376666384,0.10241913590387196,0.04324643866003518,0.026531105843718837,LAYING
0.01736933930657892,0.026081422791959,0.09073256628122091,0.054573839448342654,0.06391224078059876,0.06634805361705626,0.10758409398292865,LAYING
0.015935087310356297,0.02523166588310037,0.05852732893365694,0.043819073256644095,0.03803178884382538,0.03529957981437229,0.09671098300637311,LAYING
-0.018722977937247566,-0.0013770980281253217,0.0788461006899133,0.003096328327410993,0.08364373655760664,0.1252700614292733,0.09584728553861128,LAYING
0.00014464437286803062,4.3851444539533e-05,0.12415415081887951,0.008606689920016165,0.05197935356577019,0.034171528938763136,0.06954442514753961,LAYING
